ISO-10303-21;
HEADER;
FILE_DESCRIPTION(('FreeCAD Model'),'2;1');
FILE_NAME('Open CASCADE Shape Model','2025-11-02T18:37:32',(''),(''),
  'Open CASCADE STEP processor 7.8','FreeCAD','Unknown');
FILE_SCHEMA(('AUTOMOTIVE_DESIGN { 1 0 10303 214 1 1 1 1 }'));
ENDSEC;
DATA;
#1 = APPLICATION_PROTOCOL_DEFINITION('international standard',
  'automotive_design',2000,#2);
#2 = APPLICATION_CONTEXT(
  'core data for automotive mechanical design processes');
#3 = SHAPE_DEFINITION_REPRESENTATION(#4,#10);
#4 = PRODUCT_DEFINITION_SHAPE('','',#5);
#5 = PRODUCT_DEFINITION('design','',#6,#9);
#6 = PRODUCT_DEFINITION_FORMATION('','',#7);
#7 = PRODUCT('Back','Back','',(#8));
#8 = PRODUCT_CONTEXT('',#2,'mechanical');
#9 = PRODUCT_DEFINITION_CONTEXT('part definition',#2,'design');
#10 = ADVANCED_BREP_SHAPE_REPRESENTATION('',(#11,#15),#2922);
#11 = AXIS2_PLACEMENT_3D('',#12,#13,#14);
#12 = CARTESIAN_POINT('',(0.,0.,0.));
#13 = DIRECTION('',(0.,0.,1.));
#14 = DIRECTION('',(1.,0.,-0.));
#15 = MANIFOLD_SOLID_BREP('',#16);
#16 = CLOSED_SHELL('',(#17,#191,#257,#294,#318,#342,#617,#658,#682,#741,
    #765,#789,#805,#909,#926,#943,#955,#990,#1100,#1142,#1179,#1232,
    #1291,#1315,#1332,#1349,#1408,#1432,#1456,#1473,#1490,#1525,#1578,
    #1603,#1628,#1659,#1683,#1707,#1747,#1771,#1795,#1846,#1871,#1896,
    #1931,#1948,#1979,#2003,#2027,#2044,#2069,#2100,#2112,#2136,#2152,
    #2164,#2196,#2220,#2238,#2262,#2286,#2302,#2314,#2338,#2354,#2366,
    #2398,#2456,#2481,#2532,#2557,#2582,#2591,#2600,#2621,#2633,#2664,
    #2688,#2712,#2729,#2738,#2747,#2772,#2796,#2814,#2836,#2853,#2870,
    #2893,#2910));
#17 = ADVANCED_FACE('',(#18),#186,.T.);
#18 = FACE_BOUND('',#19,.T.);
#19 = EDGE_LOOP('',(#20,#31,#39,#48,#56,#65,#74,#83,#91,#100,#108,#117,
    #125,#134,#159,#167));
#20 = ORIENTED_EDGE('',*,*,#21,.T.);
#21 = EDGE_CURVE('',#22,#24,#26,.T.);
#22 = VERTEX_POINT('',#23);
#23 = CARTESIAN_POINT('',(20.993035241349,4.,-7.71937333475));
#24 = VERTEX_POINT('',#25);
#25 = CARTESIAN_POINT('',(21.,4.,-7.33805));
#26 = CIRCLE('',#27,10.44228528025);
#27 = AXIS2_PLACEMENT_3D('',#28,#29,#30);
#28 = CARTESIAN_POINT('',(10.55771471975,4.,-7.33805));
#29 = DIRECTION('',(0.,-1.,0.));
#30 = DIRECTION('',(1.,0.,0.));
#31 = ORIENTED_EDGE('',*,*,#32,.F.);
#32 = EDGE_CURVE('',#33,#24,#35,.T.);
#33 = VERTEX_POINT('',#34);
#34 = CARTESIAN_POINT('',(21.,0.,-7.33805));
#35 = LINE('',#36,#37);
#36 = CARTESIAN_POINT('',(21.,-3.26E-15,-7.33805));
#37 = VECTOR('',#38,1.);
#38 = DIRECTION('',(0.,1.,-4.4E-16));
#39 = ORIENTED_EDGE('',*,*,#40,.F.);
#40 = EDGE_CURVE('',#41,#33,#43,.T.);
#41 = VERTEX_POINT('',#42);
#42 = CARTESIAN_POINT('',(20.569983923577,-5.E-15,-10.30381925336));
#43 = CIRCLE('',#44,10.44228528025);
#44 = AXIS2_PLACEMENT_3D('',#45,#46,#47);
#45 = CARTESIAN_POINT('',(10.55771471975,0.,-7.33805));
#46 = DIRECTION('',(0.,-1.,0.));
#47 = DIRECTION('',(1.,0.,0.));
#48 = ORIENTED_EDGE('',*,*,#49,.T.);
#49 = EDGE_CURVE('',#41,#50,#52,.T.);
#50 = VERTEX_POINT('',#51);
#51 = CARTESIAN_POINT('',(20.569983923577,11.,-10.30381925336));
#52 = LINE('',#53,#54);
#53 = CARTESIAN_POINT('',(20.569983923577,-4.58E-15,-10.30381925336));
#54 = VECTOR('',#55,1.);
#55 = DIRECTION('',(0.,1.,-4.4E-16));
#56 = ORIENTED_EDGE('',*,*,#57,.F.);
#57 = EDGE_CURVE('',#58,#50,#60,.T.);
#58 = VERTEX_POINT('',#59);
#59 = CARTESIAN_POINT('',(19.242435837266,12.,-13.13606181312));
#60 = ELLIPSE('',#61,14.767621465498,10.44228528025);
#61 = AXIS2_PLACEMENT_3D('',#62,#63,#64);
#62 = CARTESIAN_POINT('',(10.55771471975,21.282660401854,-7.33805));
#63 = DIRECTION('',(-0.702604625941,-0.707106781187,7.96664270993E-02));
#64 = DIRECTION('',(0.702604625941,-0.707106781187,-7.966642709929E-02)
  );
#65 = ORIENTED_EDGE('',*,*,#66,.T.);
#66 = EDGE_CURVE('',#58,#67,#69,.T.);
#67 = VERTEX_POINT('',#68);
#68 = CARTESIAN_POINT('',(18.40593529779,12.,-14.22621054056));
#69 = CIRCLE('',#70,10.44228528025);
#70 = AXIS2_PLACEMENT_3D('',#71,#72,#73);
#71 = CARTESIAN_POINT('',(10.55771471975,12.,-7.33805));
#72 = DIRECTION('',(0.,1.,-0.));
#73 = DIRECTION('',(-1.,0.,0.));
#74 = ORIENTED_EDGE('',*,*,#75,.F.);
#75 = EDGE_CURVE('',#76,#67,#78,.T.);
#76 = VERTEX_POINT('',#77);
#77 = CARTESIAN_POINT('',(16.013793791035,11.,-16.24156183758));
#78 = ELLIPSE('',#79,14.767621465498,10.44228528025);
#79 = AXIS2_PLACEMENT_3D('',#80,#81,#82);
#80 = CARTESIAN_POINT('',(10.55771471975,21.282660401854,-7.33805));
#81 = DIRECTION('',(-0.258799317794,-0.707106781187,0.658044765278));
#82 = DIRECTION('',(0.258799317794,-0.707106781187,-0.658044765278));
#83 = ORIENTED_EDGE('',*,*,#84,.F.);
#84 = EDGE_CURVE('',#85,#76,#87,.T.);
#85 = VERTEX_POINT('',#86);
#86 = CARTESIAN_POINT('',(16.013793791035,-7.E-15,-16.24156183758));
#87 = LINE('',#88,#89);
#88 = CARTESIAN_POINT('',(16.013793791035,-7.21E-15,-16.24156183758));
#89 = VECTOR('',#90,1.);
#90 = DIRECTION('',(0.,1.,-4.4E-16));
#91 = ORIENTED_EDGE('',*,*,#92,.F.);
#92 = EDGE_CURVE('',#93,#85,#95,.T.);
#93 = VERTEX_POINT('',#94);
#94 = CARTESIAN_POINT('',(16.,0.,-16.25));
#95 = CIRCLE('',#96,10.44228528025);
#96 = AXIS2_PLACEMENT_3D('',#97,#98,#99);
#97 = CARTESIAN_POINT('',(10.55771471975,0.,-7.33805));
#98 = DIRECTION('',(0.,-1.,0.));
#99 = DIRECTION('',(1.,0.,0.));
#100 = ORIENTED_EDGE('',*,*,#101,.T.);
#101 = EDGE_CURVE('',#93,#102,#104,.T.);
#102 = VERTEX_POINT('',#103);
#103 = CARTESIAN_POINT('',(16.,37.,-16.25));
#104 = LINE('',#105,#106);
#105 = CARTESIAN_POINT('',(16.,-7.22E-15,-16.25));
#106 = VECTOR('',#107,1.);
#107 = DIRECTION('',(0.,1.,-4.4E-16));
#108 = ORIENTED_EDGE('',*,*,#109,.T.);
#109 = EDGE_CURVE('',#102,#110,#112,.T.);
#110 = VERTEX_POINT('',#111);
#111 = CARTESIAN_POINT('',(21.,37.,-7.33805));
#112 = CIRCLE('',#113,10.44228528025);
#113 = AXIS2_PLACEMENT_3D('',#114,#115,#116);
#114 = CARTESIAN_POINT('',(10.55771471975,37.,-7.33805));
#115 = DIRECTION('',(0.,-1.,0.));
#116 = DIRECTION('',(1.,0.,0.));
#117 = ORIENTED_EDGE('',*,*,#118,.F.);
#118 = EDGE_CURVE('',#119,#110,#121,.T.);
#119 = VERTEX_POINT('',#120);
#120 = CARTESIAN_POINT('',(21.,31.,-7.33805));
#121 = LINE('',#122,#123);
#122 = CARTESIAN_POINT('',(21.,-3.26E-15,-7.33805));
#123 = VECTOR('',#124,1.);
#124 = DIRECTION('',(0.,1.,-4.4E-16));
#125 = ORIENTED_EDGE('',*,*,#126,.F.);
#126 = EDGE_CURVE('',#127,#119,#129,.T.);
#127 = VERTEX_POINT('',#128);
#128 = CARTESIAN_POINT('',(20.993035241349,31.,-7.71937333475));
#129 = CIRCLE('',#130,10.44228528025);
#130 = AXIS2_PLACEMENT_3D('',#131,#132,#133);
#131 = CARTESIAN_POINT('',(10.55771471975,31.,-7.33805));
#132 = DIRECTION('',(0.,-1.,0.));
#133 = DIRECTION('',(1.,0.,0.));
#134 = ORIENTED_EDGE('',*,*,#135,.F.);
#135 = EDGE_CURVE('',#136,#127,#138,.T.);
#136 = VERTEX_POINT('',#137);
#137 = CARTESIAN_POINT('',(20.726811308278,29.,-9.710979928868));
#138 = B_SPLINE_CURVE_WITH_KNOTS('',7,(#139,#140,#141,#142,#143,#144,
    #145,#146,#147,#148,#149,#150,#151,#152,#153,#154,#155,#156,#157,
    #158),.UNSPECIFIED.,.F.,.F.,(8,6,6,8),(0.,0.46160118604,
    0.753120904807,1.),.UNSPECIFIED.);
#139 = CARTESIAN_POINT('',(20.726811308278,29.,-9.710979928868));
#140 = CARTESIAN_POINT('',(20.726811308278,29.182912233156,
    -9.710979928868));
#141 = CARTESIAN_POINT('',(20.731246309658,29.36560534331,
    -9.691975064805));
#142 = CARTESIAN_POINT('',(20.740097018164,29.547039352153,
    -9.654039745837));
#143 = CARTESIAN_POINT('',(20.753242593786,29.725802930688,
    -9.596709440818));
#144 = CARTESIAN_POINT('',(20.770366664797,29.90007330436,
    -9.519270806288));
#145 = CARTESIAN_POINT('',(20.790895244775,30.067667964028,
    -9.420935179249));
#146 = CARTESIAN_POINT('',(20.828536158575,30.325689758857,
    -9.224199620105));
#147 = CARTESIAN_POINT('',(20.844103791726,30.421684221644,
    -9.139258957113));
#148 = CARTESIAN_POINT('',(20.860442962476,30.513082172609,
    -9.045248973593));
#149 = CARTESIAN_POINT('',(20.877251006959,30.598875034763,
    -8.941968966385));
#150 = CARTESIAN_POINT('',(20.894129073316,30.677834120797,
    -8.829419822655));
#151 = CARTESIAN_POINT('',(20.910584805465,30.748558568161,
    -8.707891700376));
#152 = CARTESIAN_POINT('',(20.939236088772,30.861394038348,
    -8.468348019453));
#153 = CARTESIAN_POINT('',(20.951707407921,30.906265623665,
    -8.352566001024));
#154 = CARTESIAN_POINT('',(20.963160758212,30.943266574724,
    -8.231605787898));
#155 = CARTESIAN_POINT('',(20.973253734698,30.971574703902,
    -8.106456242933));
#156 = CARTESIAN_POINT('',(20.981698949119,30.990583735937,
    -7.978340830486));
#157 = CARTESIAN_POINT('',(20.988308258883,31.,-7.848732260972));
#158 = CARTESIAN_POINT('',(20.993035241349,31.,-7.71937333475));
#159 = ORIENTED_EDGE('',*,*,#160,.F.);
#160 = EDGE_CURVE('',#161,#136,#163,.T.);
#161 = VERTEX_POINT('',#162);
#162 = CARTESIAN_POINT('',(20.726811308278,6.,-9.710979928868));
#163 = LINE('',#164,#165);
#164 = CARTESIAN_POINT('',(20.726811308278,4.,-9.710979928868));
#165 = VECTOR('',#166,1.);
#166 = DIRECTION('',(0.,1.,-4.4E-16));
#167 = ORIENTED_EDGE('',*,*,#168,.F.);
#168 = EDGE_CURVE('',#22,#161,#169,.T.);
#169 = B_SPLINE_CURVE_WITH_KNOTS('',8,(#170,#171,#172,#173,#174,#175,
    #176,#177,#178,#179,#180,#181,#182,#183,#184,#185),.UNSPECIFIED.,.F.
  ,.F.,(9,7,9),(0.,0.455839293564,1.),.UNSPECIFIED.);
#170 = CARTESIAN_POINT('',(20.993035241349,4.,-7.71937333475));
#171 = CARTESIAN_POINT('',(20.985369570778,4.,-7.92915260114));
#172 = CARTESIAN_POINT('',(20.972860941831,4.024257531874,
    -8.139396275637));
#173 = CARTESIAN_POINT('',(20.955728917517,4.073407559286,-8.34267191783
    ));
#174 = CARTESIAN_POINT('',(20.935045926289,4.144958189756,
    -8.534129214993));
#175 = CARTESIAN_POINT('',(20.912257913482,4.235650277042,
    -8.710561098566));
#176 = CARTESIAN_POINT('',(20.888760468644,4.34171659253,-8.870157945387
    ));
#177 = CARTESIAN_POINT('',(20.865698855354,4.459513669684,
    -9.012200555309));
#178 = CARTESIAN_POINT('',(20.817907066949,4.736525260668,
    -9.285501872662));
#179 = CARTESIAN_POINT('',(20.793584092838,4.900127437973,
    -9.410113227646));
#180 = CARTESIAN_POINT('',(20.77208986022,5.073125781795,-9.512129197985
    ));
#181 = CARTESIAN_POINT('',(20.754251825316,5.252816771356,
    -9.592409594533));
#182 = CARTESIAN_POINT('',(20.740602053357,5.436913771067,
    -9.651882448801));
#183 = CARTESIAN_POINT('',(20.731419199559,5.623634972589,
    -9.691232495701));
#184 = CARTESIAN_POINT('',(20.726811308278,5.811623232007,
    -9.710979928868));
#185 = CARTESIAN_POINT('',(20.726811308278,6.,-9.710979928868));
#186 = CYLINDRICAL_SURFACE('',#187,10.44228528025);
#187 = AXIS2_PLACEMENT_3D('',#188,#189,#190);
#188 = CARTESIAN_POINT('',(10.55771471975,-3.26E-15,-7.33805));
#189 = DIRECTION('',(0.,-1.,4.4E-16));
#190 = DIRECTION('',(1.,0.,0.));
#191 = ADVANCED_FACE('',(#192),#252,.T.);
#192 = FACE_BOUND('',#193,.T.);
#193 = EDGE_LOOP('',(#194,#195,#203,#212,#220,#229,#237,#246));
#194 = ORIENTED_EDGE('',*,*,#21,.F.);
#195 = ORIENTED_EDGE('',*,*,#196,.F.);
#196 = EDGE_CURVE('',#197,#22,#199,.T.);
#197 = VERTEX_POINT('',#198);
#198 = CARTESIAN_POINT('',(20.198011660757,4.,-7.533856830691));
#199 = LINE('',#200,#201);
#200 = CARTESIAN_POINT('',(20.402225518662,4.,-7.581509556879));
#201 = VECTOR('',#202,1.);
#202 = DIRECTION('',(0.973838227515,-1.E-16,-0.227242396198));
#203 = ORIENTED_EDGE('',*,*,#204,.T.);
#204 = EDGE_CURVE('',#197,#205,#207,.T.);
#205 = VERTEX_POINT('',#206);
#206 = CARTESIAN_POINT('',(20.2,4.,-7.33805));
#207 = CIRCLE('',#208,9.64228528025);
#208 = AXIS2_PLACEMENT_3D('',#209,#210,#211);
#209 = CARTESIAN_POINT('',(10.55771471975,4.,-7.33805));
#210 = DIRECTION('',(0.,-1.,0.));
#211 = DIRECTION('',(1.,0.,0.));
#212 = ORIENTED_EDGE('',*,*,#213,.T.);
#213 = EDGE_CURVE('',#205,#214,#216,.T.);
#214 = VERTEX_POINT('',#215);
#215 = CARTESIAN_POINT('',(20.2,4.,2.66195));
#216 = LINE('',#217,#218);
#217 = CARTESIAN_POINT('',(20.2,4.,-7.33805));
#218 = VECTOR('',#219,1.);
#219 = DIRECTION('',(0.,0.,1.));
#220 = ORIENTED_EDGE('',*,*,#221,.T.);
#221 = EDGE_CURVE('',#214,#222,#224,.T.);
#222 = VERTEX_POINT('',#223);
#223 = CARTESIAN_POINT('',(20.198011660757,4.,2.857756830691));
#224 = CIRCLE('',#225,9.64228528025);
#225 = AXIS2_PLACEMENT_3D('',#226,#227,#228);
#226 = CARTESIAN_POINT('',(10.55771471975,4.,2.66195));
#227 = DIRECTION('',(0.,-1.,0.));
#228 = DIRECTION('',(1.,0.,0.));
#229 = ORIENTED_EDGE('',*,*,#230,.T.);
#230 = EDGE_CURVE('',#222,#231,#233,.T.);
#231 = VERTEX_POINT('',#232);
#232 = CARTESIAN_POINT('',(20.993035241349,4.,3.04327333475));
#233 = LINE('',#234,#235);
#234 = CARTESIAN_POINT('',(20.402225518662,4.,2.905409556879));
#235 = VECTOR('',#236,1.);
#236 = DIRECTION('',(0.973838227515,1.E-16,0.227242396198));
#237 = ORIENTED_EDGE('',*,*,#238,.F.);
#238 = EDGE_CURVE('',#239,#231,#241,.T.);
#239 = VERTEX_POINT('',#240);
#240 = CARTESIAN_POINT('',(21.,4.,2.66195));
#241 = CIRCLE('',#242,10.44228528025);
#242 = AXIS2_PLACEMENT_3D('',#243,#244,#245);
#243 = CARTESIAN_POINT('',(10.55771471975,4.,2.66195));
#244 = DIRECTION('',(0.,-1.,0.));
#245 = DIRECTION('',(1.,0.,0.));
#246 = ORIENTED_EDGE('',*,*,#247,.F.);
#247 = EDGE_CURVE('',#24,#239,#248,.T.);
#248 = LINE('',#249,#250);
#249 = CARTESIAN_POINT('',(21.,4.,-7.33805));
#250 = VECTOR('',#251,1.);
#251 = DIRECTION('',(0.,0.,1.));
#252 = PLANE('',#253);
#253 = AXIS2_PLACEMENT_3D('',#254,#255,#256);
#254 = CARTESIAN_POINT('',(20.563407352212,4.,-2.33805));
#255 = DIRECTION('',(0.,1.,-2.4E-16));
#256 = DIRECTION('',(0.,2.4E-16,1.));
#257 = ADVANCED_FACE('',(#258),#289,.F.);
#258 = FACE_BOUND('',#259,.F.);
#259 = EDGE_LOOP('',(#260,#281,#287,#288));
#260 = ORIENTED_EDGE('',*,*,#261,.T.);
#261 = EDGE_CURVE('',#197,#262,#264,.T.);
#262 = VERTEX_POINT('',#263);
#263 = CARTESIAN_POINT('',(19.947740726266,6.,-9.529186011909));
#264 = B_SPLINE_CURVE_WITH_KNOTS('',8,(#265,#266,#267,#268,#269,#270,
    #271,#272,#273,#274,#275,#276,#277,#278,#279,#280),.UNSPECIFIED.,.F.
  ,.F.,(9,7,9),(0.,0.456350458634,1.),.UNSPECIFIED.);
#265 = CARTESIAN_POINT('',(20.198011660757,4.,-7.533856830691));
#266 = CARTESIAN_POINT('',(20.193750059303,4.,-7.743671285651));
#267 = CARTESIAN_POINT('',(20.184253254291,4.024083712369,
    -7.954189220428));
#268 = CARTESIAN_POINT('',(20.169602100535,4.073016468296,
    -8.157933046755));
#269 = CARTESIAN_POINT('',(20.150854299368,4.144422864991,
    -8.349973644911));
#270 = CARTESIAN_POINT('',(20.129514270574,4.235095199019,
    -8.527025711748));
#271 = CARTESIAN_POINT('',(20.107069016372,4.34127761185,-8.687206840018
    ));
#272 = CARTESIAN_POINT('',(20.08475999088,4.459287711747,-8.829738651717
    ));
#273 = CARTESIAN_POINT('',(20.038199174841,4.736484159097,
    -9.103517035447));
#274 = CARTESIAN_POINT('',(20.014252017331,4.900064141127,
    -9.228213833329));
#275 = CARTESIAN_POINT('',(19.992938212328,5.07305752873,-9.330281478838
    ));
#276 = CARTESIAN_POINT('',(19.975168122247,5.252754571706,
    -9.410590718716));
#277 = CARTESIAN_POINT('',(19.961534006401,5.436864196553,
    -9.470077803158));
#278 = CARTESIAN_POINT('',(19.952349485393,5.623600680539,
    -9.509434828695));
#279 = CARTESIAN_POINT('',(19.947740726266,5.811605304108,
    -9.529186011909));
#280 = CARTESIAN_POINT('',(19.947740726266,6.,-9.529186011909));
#281 = ORIENTED_EDGE('',*,*,#282,.T.);
#282 = EDGE_CURVE('',#262,#161,#283,.T.);
#283 = LINE('',#284,#285);
#284 = CARTESIAN_POINT('',(19.947740726266,6.,-9.529186011909));
#285 = VECTOR('',#286,1.);
#286 = DIRECTION('',(0.973838227515,-1.E-16,-0.227242396198));
#287 = ORIENTED_EDGE('',*,*,#168,.F.);
#288 = ORIENTED_EDGE('',*,*,#196,.F.);
#289 = CYLINDRICAL_SURFACE('',#290,2.);
#290 = AXIS2_PLACEMENT_3D('',#291,#292,#293);
#291 = CARTESIAN_POINT('',(20.402225518662,6.,-7.581509556879));
#292 = DIRECTION('',(0.973838227515,-1.E-16,-0.227242396198));
#293 = DIRECTION('',(7.142314509803E-18,-1.,4.706668328271E-16));
#294 = ADVANCED_FACE('',(#295),#313,.T.);
#295 = FACE_BOUND('',#296,.T.);
#296 = EDGE_LOOP('',(#297,#305,#306,#307));
#297 = ORIENTED_EDGE('',*,*,#298,.F.);
#298 = EDGE_CURVE('',#33,#299,#301,.T.);
#299 = VERTEX_POINT('',#300);
#300 = CARTESIAN_POINT('',(21.,0.,2.66195));
#301 = LINE('',#302,#303);
#302 = CARTESIAN_POINT('',(21.,0.,-7.33805));
#303 = VECTOR('',#304,1.);
#304 = DIRECTION('',(0.,0.,1.));
#305 = ORIENTED_EDGE('',*,*,#32,.T.);
#306 = ORIENTED_EDGE('',*,*,#247,.T.);
#307 = ORIENTED_EDGE('',*,*,#308,.F.);
#308 = EDGE_CURVE('',#299,#239,#309,.T.);
#309 = LINE('',#310,#311);
#310 = CARTESIAN_POINT('',(21.,1.18E-15,2.66195));
#311 = VECTOR('',#312,1.);
#312 = DIRECTION('',(0.,1.,-4.4E-16));
#313 = PLANE('',#314);
#314 = AXIS2_PLACEMENT_3D('',#315,#316,#317);
#315 = CARTESIAN_POINT('',(21.,-3.26E-15,-7.33805));
#316 = DIRECTION('',(1.,0.,0.));
#317 = DIRECTION('',(0.,4.4E-16,1.));
#318 = ADVANCED_FACE('',(#319),#337,.F.);
#319 = FACE_BOUND('',#320,.F.);
#320 = EDGE_LOOP('',(#321,#329,#335,#336));
#321 = ORIENTED_EDGE('',*,*,#322,.T.);
#322 = EDGE_CURVE('',#262,#323,#325,.T.);
#323 = VERTEX_POINT('',#324);
#324 = CARTESIAN_POINT('',(19.947740726266,29.,-9.529186011909));
#325 = LINE('',#326,#327);
#326 = CARTESIAN_POINT('',(19.947740726266,4.,-9.529186011909));
#327 = VECTOR('',#328,1.);
#328 = DIRECTION('',(0.,1.,-4.4E-16));
#329 = ORIENTED_EDGE('',*,*,#330,.T.);
#330 = EDGE_CURVE('',#323,#136,#331,.T.);
#331 = LINE('',#332,#333);
#332 = CARTESIAN_POINT('',(19.947740726266,29.,-9.529186011909));
#333 = VECTOR('',#334,1.);
#334 = DIRECTION('',(0.973838227515,-1.E-16,-0.227242396198));
#335 = ORIENTED_EDGE('',*,*,#160,.F.);
#336 = ORIENTED_EDGE('',*,*,#282,.F.);
#337 = PLANE('',#338);
#338 = AXIS2_PLACEMENT_3D('',#339,#340,#341);
#339 = CARTESIAN_POINT('',(19.947740726266,4.,-9.529186011909));
#340 = DIRECTION('',(-0.227242396198,-4.3E-16,-0.973838227515));
#341 = DIRECTION('',(0.973838227515,-1.E-16,-0.227242396198));
#342 = ADVANCED_FACE('',(#343,#502,#513,#524,#590,#601),#612,.T.);
#343 = FACE_BOUND('',#344,.T.);
#344 = EDGE_LOOP('',(#345,#353,#354,#362,#368,#369,#370,#379,#387,#395,
    #404,#412,#420,#428,#437,#445,#453,#462,#470,#479,#487,#495));
#345 = ORIENTED_EDGE('',*,*,#346,.T.);
#346 = EDGE_CURVE('',#347,#93,#349,.T.);
#347 = VERTEX_POINT('',#348);
#348 = CARTESIAN_POINT('',(-16.,0.,-16.25));
#349 = LINE('',#350,#351);
#350 = CARTESIAN_POINT('',(-16.,0.,-16.25));
#351 = VECTOR('',#352,1.);
#352 = DIRECTION('',(1.,0.,0.));
#353 = ORIENTED_EDGE('',*,*,#92,.T.);
#354 = ORIENTED_EDGE('',*,*,#355,.T.);
#355 = EDGE_CURVE('',#85,#356,#358,.T.);
#356 = VERTEX_POINT('',#357);
#357 = CARTESIAN_POINT('',(20.077954803245,-7.E-15,-14.6431871481));
#358 = LINE('',#359,#360);
#359 = CARTESIAN_POINT('',(16.013793791035,0.,-16.24156183758));
#360 = VECTOR('',#361,1.);
#361 = DIRECTION('',(0.930615831704,0.,0.365997505157));
#362 = ORIENTED_EDGE('',*,*,#363,.T.);
#363 = EDGE_CURVE('',#356,#41,#364,.T.);
#364 = LINE('',#365,#366);
#365 = CARTESIAN_POINT('',(20.077954803245,0.,-14.6431871481));
#366 = VECTOR('',#367,1.);
#367 = DIRECTION('',(0.11266534167,0.,0.993632990991));
#368 = ORIENTED_EDGE('',*,*,#40,.T.);
#369 = ORIENTED_EDGE('',*,*,#298,.T.);
#370 = ORIENTED_EDGE('',*,*,#371,.T.);
#371 = EDGE_CURVE('',#299,#372,#374,.T.);
#372 = VERTEX_POINT('',#373);
#373 = CARTESIAN_POINT('',(20.569983923577,2.E-15,5.627719253367));
#374 = CIRCLE('',#375,10.44228528025);
#375 = AXIS2_PLACEMENT_3D('',#376,#377,#378);
#376 = CARTESIAN_POINT('',(10.55771471975,0.,2.66195));
#377 = DIRECTION('',(0.,-1.,0.));
#378 = DIRECTION('',(1.,0.,0.));
#379 = ORIENTED_EDGE('',*,*,#380,.T.);
#380 = EDGE_CURVE('',#372,#381,#383,.T.);
#381 = VERTEX_POINT('',#382);
#382 = CARTESIAN_POINT('',(20.077954803245,4.E-15,9.967087148105));
#383 = LINE('',#384,#385);
#384 = CARTESIAN_POINT('',(20.569983923577,0.,5.627719253367));
#385 = VECTOR('',#386,1.);
#386 = DIRECTION('',(-0.11266534167,0.,0.993632990991));
#387 = ORIENTED_EDGE('',*,*,#388,.T.);
#388 = EDGE_CURVE('',#381,#389,#391,.T.);
#389 = VERTEX_POINT('',#390);
#390 = CARTESIAN_POINT('',(16.013793791035,5.E-15,11.565461837585));
#391 = LINE('',#392,#393);
#392 = CARTESIAN_POINT('',(20.077954803245,0.,9.967087148105));
#393 = VECTOR('',#394,1.);
#394 = DIRECTION('',(-0.930615831704,0.,0.365997505157));
#395 = ORIENTED_EDGE('',*,*,#396,.T.);
#396 = EDGE_CURVE('',#389,#397,#399,.T.);
#397 = VERTEX_POINT('',#398);
#398 = CARTESIAN_POINT('',(16.,0.,11.5739));
#399 = CIRCLE('',#400,10.44228528025);
#400 = AXIS2_PLACEMENT_3D('',#401,#402,#403);
#401 = CARTESIAN_POINT('',(10.55771471975,0.,2.66195));
#402 = DIRECTION('',(0.,-1.,0.));
#403 = DIRECTION('',(1.,0.,0.));
#404 = ORIENTED_EDGE('',*,*,#405,.T.);
#405 = EDGE_CURVE('',#397,#406,#408,.T.);
#406 = VERTEX_POINT('',#407);
#407 = CARTESIAN_POINT('',(12.35185,5.E-15,11.5739));
#408 = LINE('',#409,#410);
#409 = CARTESIAN_POINT('',(16.,0.,11.5739));
#410 = VECTOR('',#411,1.);
#411 = DIRECTION('',(-1.,0.,1.1E-16));
#412 = ORIENTED_EDGE('',*,*,#413,.T.);
#413 = EDGE_CURVE('',#406,#414,#416,.T.);
#414 = VERTEX_POINT('',#415);
#415 = CARTESIAN_POINT('',(-12.35185,5.E-15,11.5739));
#416 = LINE('',#417,#418);
#417 = CARTESIAN_POINT('',(16.,0.,11.5739));
#418 = VECTOR('',#419,1.);
#419 = DIRECTION('',(-1.,0.,1.1E-16));
#420 = ORIENTED_EDGE('',*,*,#421,.T.);
#421 = EDGE_CURVE('',#414,#422,#424,.T.);
#422 = VERTEX_POINT('',#423);
#423 = CARTESIAN_POINT('',(-16.,0.,11.5739));
#424 = LINE('',#425,#426);
#425 = CARTESIAN_POINT('',(16.,0.,11.5739));
#426 = VECTOR('',#427,1.);
#427 = DIRECTION('',(-1.,0.,1.1E-16));
#428 = ORIENTED_EDGE('',*,*,#429,.T.);
#429 = EDGE_CURVE('',#422,#430,#432,.T.);
#430 = VERTEX_POINT('',#431);
#431 = CARTESIAN_POINT('',(-16.01379379103,5.E-15,11.565461837585));
#432 = CIRCLE('',#433,10.44228528025);
#433 = AXIS2_PLACEMENT_3D('',#434,#435,#436);
#434 = CARTESIAN_POINT('',(-10.55771471975,0.,2.66195));
#435 = DIRECTION('',(0.,-1.,0.));
#436 = DIRECTION('',(1.,0.,0.));
#437 = ORIENTED_EDGE('',*,*,#438,.F.);
#438 = EDGE_CURVE('',#439,#430,#441,.T.);
#439 = VERTEX_POINT('',#440);
#440 = CARTESIAN_POINT('',(-20.07795480324,0.,9.967087148105));
#441 = LINE('',#442,#443);
#442 = CARTESIAN_POINT('',(-20.07795480324,0.,9.967087148105));
#443 = VECTOR('',#444,1.);
#444 = DIRECTION('',(0.930615831704,0.,0.365997505157));
#445 = ORIENTED_EDGE('',*,*,#446,.F.);
#446 = EDGE_CURVE('',#447,#439,#449,.T.);
#447 = VERTEX_POINT('',#448);
#448 = CARTESIAN_POINT('',(-20.56998392357,2.E-15,5.627719253367));
#449 = LINE('',#450,#451);
#450 = CARTESIAN_POINT('',(-20.56998392357,0.,5.627719253367));
#451 = VECTOR('',#452,1.);
#452 = DIRECTION('',(0.11266534167,0.,0.993632990991));
#453 = ORIENTED_EDGE('',*,*,#454,.T.);
#454 = EDGE_CURVE('',#447,#455,#457,.T.);
#455 = VERTEX_POINT('',#456);
#456 = CARTESIAN_POINT('',(-21.,0.,2.66195));
#457 = CIRCLE('',#458,10.44228528025);
#458 = AXIS2_PLACEMENT_3D('',#459,#460,#461);
#459 = CARTESIAN_POINT('',(-10.55771471975,0.,2.66195));
#460 = DIRECTION('',(0.,-1.,0.));
#461 = DIRECTION('',(1.,0.,0.));
#462 = ORIENTED_EDGE('',*,*,#463,.T.);
#463 = EDGE_CURVE('',#455,#464,#466,.T.);
#464 = VERTEX_POINT('',#465);
#465 = CARTESIAN_POINT('',(-21.,0.,-7.33805));
#466 = LINE('',#467,#468);
#467 = CARTESIAN_POINT('',(-21.,0.,2.66195));
#468 = VECTOR('',#469,1.);
#469 = DIRECTION('',(0.,0.,-1.));
#470 = ORIENTED_EDGE('',*,*,#471,.T.);
#471 = EDGE_CURVE('',#464,#472,#474,.T.);
#472 = VERTEX_POINT('',#473);
#473 = CARTESIAN_POINT('',(-20.56998392357,-5.E-15,-10.30381925336));
#474 = CIRCLE('',#475,10.44228528025);
#475 = AXIS2_PLACEMENT_3D('',#476,#477,#478);
#476 = CARTESIAN_POINT('',(-10.55771471975,0.,-7.33805));
#477 = DIRECTION('',(0.,-1.,0.));
#478 = DIRECTION('',(1.,0.,0.));
#479 = ORIENTED_EDGE('',*,*,#480,.F.);
#480 = EDGE_CURVE('',#481,#472,#483,.T.);
#481 = VERTEX_POINT('',#482);
#482 = CARTESIAN_POINT('',(-20.07795480324,0.,-14.6431871481));
#483 = LINE('',#484,#485);
#484 = CARTESIAN_POINT('',(-20.07795480324,0.,-14.6431871481));
#485 = VECTOR('',#486,1.);
#486 = DIRECTION('',(-0.11266534167,0.,0.993632990991));
#487 = ORIENTED_EDGE('',*,*,#488,.F.);
#488 = EDGE_CURVE('',#489,#481,#491,.T.);
#489 = VERTEX_POINT('',#490);
#490 = CARTESIAN_POINT('',(-16.01379379103,-7.E-15,-16.24156183758));
#491 = LINE('',#492,#493);
#492 = CARTESIAN_POINT('',(-16.01379379103,0.,-16.24156183758));
#493 = VECTOR('',#494,1.);
#494 = DIRECTION('',(-0.930615831704,0.,0.365997505157));
#495 = ORIENTED_EDGE('',*,*,#496,.T.);
#496 = EDGE_CURVE('',#489,#347,#497,.T.);
#497 = CIRCLE('',#498,10.44228528025);
#498 = AXIS2_PLACEMENT_3D('',#499,#500,#501);
#499 = CARTESIAN_POINT('',(-10.55771471975,0.,-7.33805));
#500 = DIRECTION('',(0.,-1.,0.));
#501 = DIRECTION('',(1.,0.,0.));
#502 = FACE_BOUND('',#503,.T.);
#503 = EDGE_LOOP('',(#504));
#504 = ORIENTED_EDGE('',*,*,#505,.F.);
#505 = EDGE_CURVE('',#506,#506,#508,.T.);
#506 = VERTEX_POINT('',#507);
#507 = CARTESIAN_POINT('',(19.1,-5.E-15,-12.3));
#508 = CIRCLE('',#509,1.6);
#509 = AXIS2_PLACEMENT_3D('',#510,#511,#512);
#510 = CARTESIAN_POINT('',(17.5,0.,-12.3));
#511 = DIRECTION('',(0.,-1.,0.));
#512 = DIRECTION('',(1.,0.,0.));
#513 = FACE_BOUND('',#514,.T.);
#514 = EDGE_LOOP('',(#515));
#515 = ORIENTED_EDGE('',*,*,#516,.F.);
#516 = EDGE_CURVE('',#517,#517,#519,.T.);
#517 = VERTEX_POINT('',#518);
#518 = CARTESIAN_POINT('',(19.1,4.E-15,8.1));
#519 = CIRCLE('',#520,1.6);
#520 = AXIS2_PLACEMENT_3D('',#521,#522,#523);
#521 = CARTESIAN_POINT('',(17.5,0.,8.1));
#522 = DIRECTION('',(0.,-1.,0.));
#523 = DIRECTION('',(1.,0.,0.));
#524 = FACE_BOUND('',#525,.T.);
#525 = EDGE_LOOP('',(#526,#536,#544,#552,#560,#568,#576,#584));
#526 = ORIENTED_EDGE('',*,*,#527,.F.);
#527 = EDGE_CURVE('',#528,#530,#532,.T.);
#528 = VERTEX_POINT('',#529);
#529 = CARTESIAN_POINT('',(-15.,0.,9.840966801903));
#530 = VERTEX_POINT('',#531);
#531 = CARTESIAN_POINT('',(-15.,0.,-14.5170668019));
#532 = LINE('',#533,#534);
#533 = CARTESIAN_POINT('',(-15.,0.,9.840966801903));
#534 = VECTOR('',#535,1.);
#535 = DIRECTION('',(0.,0.,-1.));
#536 = ORIENTED_EDGE('',*,*,#537,.F.);
#537 = EDGE_CURVE('',#538,#528,#540,.T.);
#538 = VERTEX_POINT('',#539);
#539 = CARTESIAN_POINT('',(15.,0.,9.840966801903));
#540 = LINE('',#541,#542);
#541 = CARTESIAN_POINT('',(15.,0.,9.840966801903));
#542 = VECTOR('',#543,1.);
#543 = DIRECTION('',(-1.,0.,0.));
#544 = ORIENTED_EDGE('',*,*,#545,.F.);
#545 = EDGE_CURVE('',#546,#538,#548,.T.);
#546 = VERTEX_POINT('',#547);
#547 = CARTESIAN_POINT('',(15.,2.E-15,5.06195));
#548 = LINE('',#549,#550);
#549 = CARTESIAN_POINT('',(15.,0.,-14.5170668019));
#550 = VECTOR('',#551,1.);
#551 = DIRECTION('',(0.,0.,1.));
#552 = ORIENTED_EDGE('',*,*,#553,.F.);
#553 = EDGE_CURVE('',#554,#546,#556,.T.);
#554 = VERTEX_POINT('',#555);
#555 = CARTESIAN_POINT('',(17.,2.E-15,5.06195));
#556 = LINE('',#557,#558);
#557 = CARTESIAN_POINT('',(17.,0.,5.06195));
#558 = VECTOR('',#559,1.);
#559 = DIRECTION('',(-1.,0.,0.));
#560 = ORIENTED_EDGE('',*,*,#561,.F.);
#561 = EDGE_CURVE('',#562,#554,#564,.T.);
#562 = VERTEX_POINT('',#563);
#563 = CARTESIAN_POINT('',(17.,-4.E-15,-9.73805));
#564 = LINE('',#565,#566);
#565 = CARTESIAN_POINT('',(17.,0.,-9.73805));
#566 = VECTOR('',#567,1.);
#567 = DIRECTION('',(0.,0.,1.));
#568 = ORIENTED_EDGE('',*,*,#569,.F.);
#569 = EDGE_CURVE('',#570,#562,#572,.T.);
#570 = VERTEX_POINT('',#571);
#571 = CARTESIAN_POINT('',(15.,-4.E-15,-9.73805));
#572 = LINE('',#573,#574);
#573 = CARTESIAN_POINT('',(15.,0.,-9.73805));
#574 = VECTOR('',#575,1.);
#575 = DIRECTION('',(1.,0.,0.));
#576 = ORIENTED_EDGE('',*,*,#577,.F.);
#577 = EDGE_CURVE('',#578,#570,#580,.T.);
#578 = VERTEX_POINT('',#579);
#579 = CARTESIAN_POINT('',(15.,0.,-14.5170668019));
#580 = LINE('',#581,#582);
#581 = CARTESIAN_POINT('',(15.,0.,-14.5170668019));
#582 = VECTOR('',#583,1.);
#583 = DIRECTION('',(0.,0.,1.));
#584 = ORIENTED_EDGE('',*,*,#585,.F.);
#585 = EDGE_CURVE('',#530,#578,#586,.T.);
#586 = LINE('',#587,#588);
#587 = CARTESIAN_POINT('',(-15.,0.,-14.5170668019));
#588 = VECTOR('',#589,1.);
#589 = DIRECTION('',(1.,0.,0.));
#590 = FACE_BOUND('',#591,.T.);
#591 = EDGE_LOOP('',(#592));
#592 = ORIENTED_EDGE('',*,*,#593,.F.);
#593 = EDGE_CURVE('',#594,#594,#596,.T.);
#594 = VERTEX_POINT('',#595);
#595 = CARTESIAN_POINT('',(-15.9,-5.E-15,-12.3));
#596 = CIRCLE('',#597,1.6);
#597 = AXIS2_PLACEMENT_3D('',#598,#599,#600);
#598 = CARTESIAN_POINT('',(-17.5,0.,-12.3));
#599 = DIRECTION('',(0.,-1.,0.));
#600 = DIRECTION('',(1.,0.,0.));
#601 = FACE_BOUND('',#602,.T.);
#602 = EDGE_LOOP('',(#603));
#603 = ORIENTED_EDGE('',*,*,#604,.F.);
#604 = EDGE_CURVE('',#605,#605,#607,.T.);
#605 = VERTEX_POINT('',#606);
#606 = CARTESIAN_POINT('',(-15.9,4.E-15,8.1));
#607 = CIRCLE('',#608,1.6);
#608 = AXIS2_PLACEMENT_3D('',#609,#610,#611);
#609 = CARTESIAN_POINT('',(-17.5,0.,8.1));
#610 = DIRECTION('',(0.,-1.,0.));
#611 = DIRECTION('',(1.,0.,0.));
#612 = PLANE('',#613);
#613 = AXIS2_PLACEMENT_3D('',#614,#615,#616);
#614 = CARTESIAN_POINT('',(2.16E-15,-1.04E-15,-2.33805));
#615 = DIRECTION('',(0.,-1.,4.4E-16));
#616 = DIRECTION('',(0.,4.4E-16,1.));
#617 = ADVANCED_FACE('',(#618),#653,.F.);
#618 = FACE_BOUND('',#619,.F.);
#619 = EDGE_LOOP('',(#620,#645,#651,#652));
#620 = ORIENTED_EDGE('',*,*,#621,.T.);
#621 = EDGE_CURVE('',#323,#622,#624,.T.);
#622 = VERTEX_POINT('',#623);
#623 = CARTESIAN_POINT('',(20.198011660757,31.,-7.533856830691));
#624 = B_SPLINE_CURVE_WITH_KNOTS('',7,(#625,#626,#627,#628,#629,#630,
    #631,#632,#633,#634,#635,#636,#637,#638,#639,#640,#641,#642,#643,
    #644),.UNSPECIFIED.,.F.,.F.,(8,6,6,8),(0.,0.461130468362,
    0.743399204913,1.),.UNSPECIFIED.);
#625 = CARTESIAN_POINT('',(19.947740726266,29.,-9.529186011909));
#626 = CARTESIAN_POINT('',(19.947740726266,29.182923248024,
    -9.529186011909));
#627 = CARTESIAN_POINT('',(19.95217628469,29.365626411908,
    -9.510178854322));
#628 = CARTESIAN_POINT('',(19.961027858908,29.547069203793,
    -9.472239340365));
#629 = CARTESIAN_POINT('',(19.9741564776,29.725838323789,-9.414898836399
    ));
#630 = CARTESIAN_POINT('',(19.991207113625,29.900108117541,
    -9.337437579063));
#631 = CARTESIAN_POINT('',(20.011545162285,30.067691909989,
    -9.23905696826));
#632 = CARTESIAN_POINT('',(20.048088689151,30.322604399685,
    -9.044541953954));
#633 = CARTESIAN_POINT('',(20.062822322055,30.41574524895,
    -8.962416425196));
#634 = CARTESIAN_POINT('',(20.078186012753,30.504578830885,
    -8.871768427377));
#635 = CARTESIAN_POINT('',(20.093879881905,30.588192637469,
    -8.772416629902));
#636 = CARTESIAN_POINT('',(20.109516365192,30.665481060952,
    -8.664355081769));
#637 = CARTESIAN_POINT('',(20.124623515017,30.735188075303,
    -8.547830789116));
#638 = CARTESIAN_POINT('',(20.151507526807,30.851387315979,
    -8.310539864176));
#639 = CARTESIAN_POINT('',(20.163474380294,30.89946747431,-8.19101486607
    ));
#640 = CARTESIAN_POINT('',(20.174194169151,30.939159193859,
    -8.065789856669));
#641 = CARTESIAN_POINT('',(20.18326664054,30.969536162584,
    -7.935956379687));
#642 = CARTESIAN_POINT('',(20.190362960364,30.989921657405,
    -7.802874787116));
#643 = CARTESIAN_POINT('',(20.195283175435,31.,-7.668190288874));
#644 = CARTESIAN_POINT('',(20.198011660757,31.,-7.533856830691));
#645 = ORIENTED_EDGE('',*,*,#646,.T.);
#646 = EDGE_CURVE('',#622,#127,#647,.T.);
#647 = LINE('',#648,#649);
#648 = CARTESIAN_POINT('',(20.402225518662,31.,-7.581509556879));
#649 = VECTOR('',#650,1.);
#650 = DIRECTION('',(0.973838227515,-1.E-16,-0.227242396198));
#651 = ORIENTED_EDGE('',*,*,#135,.F.);
#652 = ORIENTED_EDGE('',*,*,#330,.F.);
#653 = CYLINDRICAL_SURFACE('',#654,2.);
#654 = AXIS2_PLACEMENT_3D('',#655,#656,#657);
#655 = CARTESIAN_POINT('',(20.402225518662,29.,-7.581509556879));
#656 = DIRECTION('',(0.973838227515,-1.E-16,-0.227242396198));
#657 = DIRECTION('',(-0.227242396198,-4.3E-16,-0.973838227515));
#658 = ADVANCED_FACE('',(#659),#677,.F.);
#659 = FACE_BOUND('',#660,.T.);
#660 = EDGE_LOOP('',(#661,#669,#675,#676));
#661 = ORIENTED_EDGE('',*,*,#662,.T.);
#662 = EDGE_CURVE('',#356,#663,#665,.T.);
#663 = VERTEX_POINT('',#664);
#664 = CARTESIAN_POINT('',(20.077954803245,11.,-14.6431871481));
#665 = LINE('',#666,#667);
#666 = CARTESIAN_POINT('',(20.077954803245,-6.5E-15,-14.6431871481));
#667 = VECTOR('',#668,1.);
#668 = DIRECTION('',(0.,1.,-4.4E-16));
#669 = ORIENTED_EDGE('',*,*,#670,.T.);
#670 = EDGE_CURVE('',#663,#50,#671,.T.);
#671 = LINE('',#672,#673);
#672 = CARTESIAN_POINT('',(20.077954803245,11.,-14.6431871481));
#673 = VECTOR('',#674,1.);
#674 = DIRECTION('',(0.11266534167,4.4E-16,0.993632990991));
#675 = ORIENTED_EDGE('',*,*,#49,.F.);
#676 = ORIENTED_EDGE('',*,*,#363,.F.);
#677 = PLANE('',#678);
#678 = AXIS2_PLACEMENT_3D('',#679,#680,#681);
#679 = CARTESIAN_POINT('',(20.077954803245,-6.5E-15,-14.6431871481));
#680 = DIRECTION('',(-0.993632990991,5.E-17,0.11266534167));
#681 = DIRECTION('',(-0.11266534167,-4.4E-16,-0.993632990991));
#682 = ADVANCED_FACE('',(#683),#736,.F.);
#683 = FACE_BOUND('',#684,.F.);
#684 = EDGE_LOOP('',(#685,#686,#687,#696,#704,#713,#721,#730));
#685 = ORIENTED_EDGE('',*,*,#126,.F.);
#686 = ORIENTED_EDGE('',*,*,#646,.F.);
#687 = ORIENTED_EDGE('',*,*,#688,.T.);
#688 = EDGE_CURVE('',#622,#689,#691,.T.);
#689 = VERTEX_POINT('',#690);
#690 = CARTESIAN_POINT('',(20.2,31.,-7.33805));
#691 = CIRCLE('',#692,9.64228528025);
#692 = AXIS2_PLACEMENT_3D('',#693,#694,#695);
#693 = CARTESIAN_POINT('',(10.55771471975,31.,-7.33805));
#694 = DIRECTION('',(0.,-1.,0.));
#695 = DIRECTION('',(1.,0.,0.));
#696 = ORIENTED_EDGE('',*,*,#697,.T.);
#697 = EDGE_CURVE('',#689,#698,#700,.T.);
#698 = VERTEX_POINT('',#699);
#699 = CARTESIAN_POINT('',(20.2,31.,2.66195));
#700 = LINE('',#701,#702);
#701 = CARTESIAN_POINT('',(20.2,31.,-7.33805));
#702 = VECTOR('',#703,1.);
#703 = DIRECTION('',(0.,0.,1.));
#704 = ORIENTED_EDGE('',*,*,#705,.T.);
#705 = EDGE_CURVE('',#698,#706,#708,.T.);
#706 = VERTEX_POINT('',#707);
#707 = CARTESIAN_POINT('',(20.198011660757,31.,2.857756830691));
#708 = CIRCLE('',#709,9.64228528025);
#709 = AXIS2_PLACEMENT_3D('',#710,#711,#712);
#710 = CARTESIAN_POINT('',(10.55771471975,31.,2.66195));
#711 = DIRECTION('',(0.,-1.,0.));
#712 = DIRECTION('',(1.,0.,0.));
#713 = ORIENTED_EDGE('',*,*,#714,.T.);
#714 = EDGE_CURVE('',#706,#715,#717,.T.);
#715 = VERTEX_POINT('',#716);
#716 = CARTESIAN_POINT('',(20.993035241349,31.,3.04327333475));
#717 = LINE('',#718,#719);
#718 = CARTESIAN_POINT('',(20.402225518662,31.,2.905409556879));
#719 = VECTOR('',#720,1.);
#720 = DIRECTION('',(0.973838227515,1.E-16,0.227242396198));
#721 = ORIENTED_EDGE('',*,*,#722,.F.);
#722 = EDGE_CURVE('',#723,#715,#725,.T.);
#723 = VERTEX_POINT('',#724);
#724 = CARTESIAN_POINT('',(21.,31.,2.66195));
#725 = CIRCLE('',#726,10.44228528025);
#726 = AXIS2_PLACEMENT_3D('',#727,#728,#729);
#727 = CARTESIAN_POINT('',(10.55771471975,31.,2.66195));
#728 = DIRECTION('',(0.,-1.,0.));
#729 = DIRECTION('',(1.,0.,0.));
#730 = ORIENTED_EDGE('',*,*,#731,.F.);
#731 = EDGE_CURVE('',#119,#723,#732,.T.);
#732 = LINE('',#733,#734);
#733 = CARTESIAN_POINT('',(21.,31.,-7.33805));
#734 = VECTOR('',#735,1.);
#735 = DIRECTION('',(0.,0.,1.));
#736 = PLANE('',#737);
#737 = AXIS2_PLACEMENT_3D('',#738,#739,#740);
#738 = CARTESIAN_POINT('',(20.563407352212,31.,-2.33805));
#739 = DIRECTION('',(0.,1.,-2.4E-16));
#740 = DIRECTION('',(0.,2.4E-16,1.));
#741 = ADVANCED_FACE('',(#742),#760,.F.);
#742 = FACE_BOUND('',#743,.T.);
#743 = EDGE_LOOP('',(#744,#752,#758,#759));
#744 = ORIENTED_EDGE('',*,*,#745,.F.);
#745 = EDGE_CURVE('',#746,#663,#748,.T.);
#746 = VERTEX_POINT('',#747);
#747 = CARTESIAN_POINT('',(19.152101015272,12.,-13.93275454967));
#748 = LINE('',#749,#750);
#749 = CARTESIAN_POINT('',(19.171026008663,11.979559414632,
    -13.94727620784));
#750 = VECTOR('',#751,1.);
#751 = DIRECTION('',(0.602434510171,-0.650679964804,-0.462264258144));
#752 = ORIENTED_EDGE('',*,*,#753,.T.);
#753 = EDGE_CURVE('',#746,#58,#754,.T.);
#754 = LINE('',#755,#756);
#755 = CARTESIAN_POINT('',(19.084321812253,12.,-14.53052180643));
#756 = VECTOR('',#757,1.);
#757 = DIRECTION('',(0.11266534167,4.4E-16,0.993632990991));
#758 = ORIENTED_EDGE('',*,*,#57,.T.);
#759 = ORIENTED_EDGE('',*,*,#670,.F.);
#760 = PLANE('',#761);
#761 = AXIS2_PLACEMENT_3D('',#762,#763,#764);
#762 = CARTESIAN_POINT('',(19.581138307749,11.5,-14.58685447727));
#763 = DIRECTION('',(-0.702604625941,-0.707106781187,7.96664270993E-02)
  );
#764 = DIRECTION('',(-0.11266534167,-3.400058012915E-16,-0.993632990991)
  );
#765 = ADVANCED_FACE('',(#766),#784,.T.);
#766 = FACE_BOUND('',#767,.T.);
#767 = EDGE_LOOP('',(#768,#769,#770,#778));
#768 = ORIENTED_EDGE('',*,*,#731,.F.);
#769 = ORIENTED_EDGE('',*,*,#118,.T.);
#770 = ORIENTED_EDGE('',*,*,#771,.T.);
#771 = EDGE_CURVE('',#110,#772,#774,.T.);
#772 = VERTEX_POINT('',#773);
#773 = CARTESIAN_POINT('',(21.,37.,2.66195));
#774 = LINE('',#775,#776);
#775 = CARTESIAN_POINT('',(21.,37.,-7.33805));
#776 = VECTOR('',#777,1.);
#777 = DIRECTION('',(0.,0.,1.));
#778 = ORIENTED_EDGE('',*,*,#779,.F.);
#779 = EDGE_CURVE('',#723,#772,#780,.T.);
#780 = LINE('',#781,#782);
#781 = CARTESIAN_POINT('',(21.,1.18E-15,2.66195));
#782 = VECTOR('',#783,1.);
#783 = DIRECTION('',(0.,1.,-4.4E-16));
#784 = PLANE('',#785);
#785 = AXIS2_PLACEMENT_3D('',#786,#787,#788);
#786 = CARTESIAN_POINT('',(21.,-3.26E-15,-7.33805));
#787 = DIRECTION('',(1.,0.,0.));
#788 = DIRECTION('',(0.,4.4E-16,1.));
#789 = ADVANCED_FACE('',(#790),#800,.T.);
#790 = FACE_BOUND('',#791,.F.);
#791 = EDGE_LOOP('',(#792,#793,#799));
#792 = ORIENTED_EDGE('',*,*,#66,.T.);
#793 = ORIENTED_EDGE('',*,*,#794,.T.);
#794 = EDGE_CURVE('',#67,#746,#795,.T.);
#795 = LINE('',#796,#797);
#796 = CARTESIAN_POINT('',(15.647796285878,12.,-15.31094600588));
#797 = VECTOR('',#798,1.);
#798 = DIRECTION('',(0.930615831704,1.6E-16,0.365997505157));
#799 = ORIENTED_EDGE('',*,*,#753,.T.);
#800 = PLANE('',#801);
#801 = AXIS2_PLACEMENT_3D('',#802,#803,#804);
#802 = CARTESIAN_POINT('',(18.920279096978,12.,-2.33805));
#803 = DIRECTION('',(0.,1.,0.));
#804 = DIRECTION('',(0.,0.,-1.));
#805 = ADVANCED_FACE('',(#806,#859,#893),#904,.T.);
#806 = FACE_BOUND('',#807,.T.);
#807 = EDGE_LOOP('',(#808,#816,#825,#833,#842,#850,#857,#858));
#808 = ORIENTED_EDGE('',*,*,#809,.F.);
#809 = EDGE_CURVE('',#810,#102,#812,.T.);
#810 = VERTEX_POINT('',#811);
#811 = CARTESIAN_POINT('',(-16.,37.,-16.25));
#812 = LINE('',#813,#814);
#813 = CARTESIAN_POINT('',(-16.,37.,-16.25));
#814 = VECTOR('',#815,1.);
#815 = DIRECTION('',(1.,0.,0.));
#816 = ORIENTED_EDGE('',*,*,#817,.F.);
#817 = EDGE_CURVE('',#818,#810,#820,.T.);
#818 = VERTEX_POINT('',#819);
#819 = CARTESIAN_POINT('',(-21.,37.,-7.33805));
#820 = CIRCLE('',#821,10.44228528025);
#821 = AXIS2_PLACEMENT_3D('',#822,#823,#824);
#822 = CARTESIAN_POINT('',(-10.55771471975,37.,-7.33805));
#823 = DIRECTION('',(0.,-1.,0.));
#824 = DIRECTION('',(1.,0.,0.));
#825 = ORIENTED_EDGE('',*,*,#826,.F.);
#826 = EDGE_CURVE('',#827,#818,#829,.T.);
#827 = VERTEX_POINT('',#828);
#828 = CARTESIAN_POINT('',(-21.,37.,2.66195));
#829 = LINE('',#830,#831);
#830 = CARTESIAN_POINT('',(-21.,37.,2.66195));
#831 = VECTOR('',#832,1.);
#832 = DIRECTION('',(0.,0.,-1.));
#833 = ORIENTED_EDGE('',*,*,#834,.F.);
#834 = EDGE_CURVE('',#835,#827,#837,.T.);
#835 = VERTEX_POINT('',#836);
#836 = CARTESIAN_POINT('',(-16.,37.,11.5739));
#837 = CIRCLE('',#838,10.44228528025);
#838 = AXIS2_PLACEMENT_3D('',#839,#840,#841);
#839 = CARTESIAN_POINT('',(-10.55771471975,37.,2.66195));
#840 = DIRECTION('',(0.,-1.,0.));
#841 = DIRECTION('',(1.,0.,0.));
#842 = ORIENTED_EDGE('',*,*,#843,.F.);
#843 = EDGE_CURVE('',#844,#835,#846,.T.);
#844 = VERTEX_POINT('',#845);
#845 = CARTESIAN_POINT('',(16.,37.,11.5739));
#846 = LINE('',#847,#848);
#847 = CARTESIAN_POINT('',(16.,37.,11.5739));
#848 = VECTOR('',#849,1.);
#849 = DIRECTION('',(-1.,0.,1.1E-16));
#850 = ORIENTED_EDGE('',*,*,#851,.F.);
#851 = EDGE_CURVE('',#772,#844,#852,.T.);
#852 = CIRCLE('',#853,10.44228528025);
#853 = AXIS2_PLACEMENT_3D('',#854,#855,#856);
#854 = CARTESIAN_POINT('',(10.55771471975,37.,2.66195));
#855 = DIRECTION('',(0.,-1.,0.));
#856 = DIRECTION('',(1.,0.,0.));
#857 = ORIENTED_EDGE('',*,*,#771,.F.);
#858 = ORIENTED_EDGE('',*,*,#109,.F.);
#859 = FACE_BOUND('',#860,.T.);
#860 = EDGE_LOOP('',(#861,#871,#879,#887));
#861 = ORIENTED_EDGE('',*,*,#862,.T.);
#862 = EDGE_CURVE('',#863,#865,#867,.T.);
#863 = VERTEX_POINT('',#864);
#864 = CARTESIAN_POINT('',(-8.777126,37.,-14.084385));
#865 = VERTEX_POINT('',#866);
#866 = CARTESIAN_POINT('',(-8.777126,37.,-8.438500000001E-02));
#867 = LINE('',#868,#869);
#868 = CARTESIAN_POINT('',(-8.777126,37.,-14.084385));
#869 = VECTOR('',#870,1.);
#870 = DIRECTION('',(0.,0.,1.));
#871 = ORIENTED_EDGE('',*,*,#872,.T.);
#872 = EDGE_CURVE('',#865,#873,#875,.T.);
#873 = VERTEX_POINT('',#874);
#874 = CARTESIAN_POINT('',(-14.277126,37.,-8.438500000001E-02));
#875 = LINE('',#876,#877);
#876 = CARTESIAN_POINT('',(-8.777126,37.,-8.4385E-02));
#877 = VECTOR('',#878,1.);
#878 = DIRECTION('',(-1.,0.,0.));
#879 = ORIENTED_EDGE('',*,*,#880,.T.);
#880 = EDGE_CURVE('',#873,#881,#883,.T.);
#881 = VERTEX_POINT('',#882);
#882 = CARTESIAN_POINT('',(-14.277126,37.,-14.084385));
#883 = LINE('',#884,#885);
#884 = CARTESIAN_POINT('',(-14.277126,37.,-8.4385E-02));
#885 = VECTOR('',#886,1.);
#886 = DIRECTION('',(0.,0.,-1.));
#887 = ORIENTED_EDGE('',*,*,#888,.T.);
#888 = EDGE_CURVE('',#881,#863,#889,.T.);
#889 = LINE('',#890,#891);
#890 = CARTESIAN_POINT('',(-14.277126,37.,-14.084385));
#891 = VECTOR('',#892,1.);
#892 = DIRECTION('',(1.,0.,0.));
#893 = FACE_BOUND('',#894,.T.);
#894 = EDGE_LOOP('',(#895));
#895 = ORIENTED_EDGE('',*,*,#896,.T.);
#896 = EDGE_CURVE('',#897,#897,#899,.T.);
#897 = VERTEX_POINT('',#898);
#898 = CARTESIAN_POINT('',(12.831215,37.,-9.250642));
#899 = CIRCLE('',#900,3.5);
#900 = AXIS2_PLACEMENT_3D('',#901,#902,#903);
#901 = CARTESIAN_POINT('',(9.331215,37.,-9.250642));
#902 = DIRECTION('',(0.,-1.,0.));
#903 = DIRECTION('',(1.,0.,0.));
#904 = PLANE('',#905);
#905 = AXIS2_PLACEMENT_3D('',#906,#907,#908);
#906 = CARTESIAN_POINT('',(1.8E-15,37.,-2.33805));
#907 = DIRECTION('',(0.,1.,-5.E-16));
#908 = DIRECTION('',(0.,-5.E-16,-1.));
#909 = ADVANCED_FACE('',(#910),#921,.F.);
#910 = FACE_BOUND('',#911,.F.);
#911 = EDGE_LOOP('',(#912,#913,#919,#920));
#912 = ORIENTED_EDGE('',*,*,#75,.F.);
#913 = ORIENTED_EDGE('',*,*,#914,.T.);
#914 = EDGE_CURVE('',#76,#663,#915,.T.);
#915 = LINE('',#916,#917);
#916 = CARTESIAN_POINT('',(16.013793791035,11.,-16.24156183758));
#917 = VECTOR('',#918,1.);
#918 = DIRECTION('',(0.930615831704,1.6E-16,0.365997505157));
#919 = ORIENTED_EDGE('',*,*,#745,.F.);
#920 = ORIENTED_EDGE('',*,*,#794,.F.);
#921 = PLANE('',#922);
#922 = AXIS2_PLACEMENT_3D('',#923,#924,#925);
#923 = CARTESIAN_POINT('',(15.830795038457,11.5,-15.77625392173));
#924 = DIRECTION('',(-0.258799317794,-0.707106781187,0.658044765278));
#925 = DIRECTION('',(0.930615831704,2.775557561563E-16,0.365997505157));
#926 = ADVANCED_FACE('',(#927),#938,.T.);
#927 = FACE_BOUND('',#928,.T.);
#928 = EDGE_LOOP('',(#929,#935,#936,#937));
#929 = ORIENTED_EDGE('',*,*,#930,.T.);
#930 = EDGE_CURVE('',#347,#810,#931,.T.);
#931 = LINE('',#932,#933);
#932 = CARTESIAN_POINT('',(-16.,-7.22E-15,-16.25));
#933 = VECTOR('',#934,1.);
#934 = DIRECTION('',(0.,1.,-4.4E-16));
#935 = ORIENTED_EDGE('',*,*,#809,.T.);
#936 = ORIENTED_EDGE('',*,*,#101,.F.);
#937 = ORIENTED_EDGE('',*,*,#346,.F.);
#938 = PLANE('',#939);
#939 = AXIS2_PLACEMENT_3D('',#940,#941,#942);
#940 = CARTESIAN_POINT('',(-16.,-7.22E-15,-16.25));
#941 = DIRECTION('',(0.,-4.4E-16,-1.));
#942 = DIRECTION('',(1.,0.,0.));
#943 = ADVANCED_FACE('',(#944),#950,.F.);
#944 = FACE_BOUND('',#945,.T.);
#945 = EDGE_LOOP('',(#946,#947,#948,#949));
#946 = ORIENTED_EDGE('',*,*,#84,.T.);
#947 = ORIENTED_EDGE('',*,*,#914,.T.);
#948 = ORIENTED_EDGE('',*,*,#662,.F.);
#949 = ORIENTED_EDGE('',*,*,#355,.F.);
#950 = PLANE('',#951);
#951 = AXIS2_PLACEMENT_3D('',#952,#953,#954);
#952 = CARTESIAN_POINT('',(16.013793791035,-7.21E-15,-16.24156183758));
#953 = DIRECTION('',(-0.365997505157,4.1E-16,0.930615831704));
#954 = DIRECTION('',(-0.930615831704,-1.6E-16,-0.365997505157));
#955 = ADVANCED_FACE('',(#956),#985,.T.);
#956 = FACE_BOUND('',#957,.T.);
#957 = EDGE_LOOP('',(#958,#959,#960,#961,#969,#977,#983,#984));
#958 = ORIENTED_EDGE('',*,*,#322,.T.);
#959 = ORIENTED_EDGE('',*,*,#621,.T.);
#960 = ORIENTED_EDGE('',*,*,#688,.T.);
#961 = ORIENTED_EDGE('',*,*,#962,.F.);
#962 = EDGE_CURVE('',#963,#689,#965,.T.);
#963 = VERTEX_POINT('',#964);
#964 = CARTESIAN_POINT('',(20.2,28.,-7.33805));
#965 = LINE('',#966,#967);
#966 = CARTESIAN_POINT('',(20.2,4.,-7.33805));
#967 = VECTOR('',#968,1.);
#968 = DIRECTION('',(0.,1.,-4.4E-16));
#969 = ORIENTED_EDGE('',*,*,#970,.F.);
#970 = EDGE_CURVE('',#971,#963,#973,.T.);
#971 = VERTEX_POINT('',#972);
#972 = CARTESIAN_POINT('',(20.2,7.,-7.33805));
#973 = LINE('',#974,#975);
#974 = CARTESIAN_POINT('',(20.2,4.,-7.33805));
#975 = VECTOR('',#976,1.);
#976 = DIRECTION('',(0.,1.,-4.4E-16));
#977 = ORIENTED_EDGE('',*,*,#978,.F.);
#978 = EDGE_CURVE('',#205,#971,#979,.T.);
#979 = LINE('',#980,#981);
#980 = CARTESIAN_POINT('',(20.2,4.,-7.33805));
#981 = VECTOR('',#982,1.);
#982 = DIRECTION('',(0.,1.,-4.4E-16));
#983 = ORIENTED_EDGE('',*,*,#204,.F.);
#984 = ORIENTED_EDGE('',*,*,#261,.T.);
#985 = CYLINDRICAL_SURFACE('',#986,9.64228528025);
#986 = AXIS2_PLACEMENT_3D('',#987,#988,#989);
#987 = CARTESIAN_POINT('',(10.55771471975,4.,-7.33805));
#988 = DIRECTION('',(0.,-1.,4.4E-16));
#989 = DIRECTION('',(1.,0.,0.));
#990 = ADVANCED_FACE('',(#991),#1095,.T.);
#991 = FACE_BOUND('',#992,.T.);
#992 = EDGE_LOOP('',(#993,#994,#995,#996,#1002,#1003,#1011,#1020,#1029,
    #1038,#1044,#1045,#1046,#1047,#1068,#1076));
#993 = ORIENTED_EDGE('',*,*,#722,.F.);
#994 = ORIENTED_EDGE('',*,*,#779,.T.);
#995 = ORIENTED_EDGE('',*,*,#851,.T.);
#996 = ORIENTED_EDGE('',*,*,#997,.F.);
#997 = EDGE_CURVE('',#397,#844,#998,.T.);
#998 = LINE('',#999,#1000);
#999 = CARTESIAN_POINT('',(16.,5.14E-15,11.5739));
#1000 = VECTOR('',#1001,1.);
#1001 = DIRECTION('',(0.,1.,-4.4E-16));
#1002 = ORIENTED_EDGE('',*,*,#396,.F.);
#1003 = ORIENTED_EDGE('',*,*,#1004,.T.);
#1004 = EDGE_CURVE('',#389,#1005,#1007,.T.);
#1005 = VERTEX_POINT('',#1006);
#1006 = CARTESIAN_POINT('',(16.013793791035,11.,11.565461837585));
#1007 = LINE('',#1008,#1009);
#1008 = CARTESIAN_POINT('',(16.013793791035,5.14E-15,11.565461837585));
#1009 = VECTOR('',#1010,1.);
#1010 = DIRECTION('',(0.,1.,-4.4E-16));
#1011 = ORIENTED_EDGE('',*,*,#1012,.F.);
#1012 = EDGE_CURVE('',#1013,#1005,#1015,.T.);
#1013 = VERTEX_POINT('',#1014);
#1014 = CARTESIAN_POINT('',(18.40593529779,12.,9.550110540562));
#1015 = ELLIPSE('',#1016,14.767621465498,10.44228528025);
#1016 = AXIS2_PLACEMENT_3D('',#1017,#1018,#1019);
#1017 = CARTESIAN_POINT('',(10.55771471975,21.282660401854,2.66195));
#1018 = DIRECTION('',(-0.258799317794,-0.707106781187,-0.658044765278));
#1019 = DIRECTION('',(0.258799317794,-0.707106781187,0.658044765278));
#1020 = ORIENTED_EDGE('',*,*,#1021,.T.);
#1021 = EDGE_CURVE('',#1013,#1022,#1024,.T.);
#1022 = VERTEX_POINT('',#1023);
#1023 = CARTESIAN_POINT('',(19.242435837266,12.,8.459961813121));
#1024 = CIRCLE('',#1025,10.44228528025);
#1025 = AXIS2_PLACEMENT_3D('',#1026,#1027,#1028);
#1026 = CARTESIAN_POINT('',(10.55771471975,12.,2.66195));
#1027 = DIRECTION('',(0.,1.,-0.));
#1028 = DIRECTION('',(-1.,0.,0.));
#1029 = ORIENTED_EDGE('',*,*,#1030,.F.);
#1030 = EDGE_CURVE('',#1031,#1022,#1033,.T.);
#1031 = VERTEX_POINT('',#1032);
#1032 = CARTESIAN_POINT('',(20.569983923577,11.,5.627719253367));
#1033 = ELLIPSE('',#1034,14.767621465498,10.44228528025);
#1034 = AXIS2_PLACEMENT_3D('',#1035,#1036,#1037);
#1035 = CARTESIAN_POINT('',(10.55771471975,21.282660401854,2.66195));
#1036 = DIRECTION('',(-0.702604625941,-0.707106781187,-7.96664270993E-02
    ));
#1037 = DIRECTION('',(0.702604625941,-0.707106781187,7.96664270993E-02)
  );
#1038 = ORIENTED_EDGE('',*,*,#1039,.F.);
#1039 = EDGE_CURVE('',#372,#1031,#1040,.T.);
#1040 = LINE('',#1041,#1042);
#1041 = CARTESIAN_POINT('',(20.569983923577,2.5E-15,5.627719253367));
#1042 = VECTOR('',#1043,1.);
#1043 = DIRECTION('',(0.,1.,-4.4E-16));
#1044 = ORIENTED_EDGE('',*,*,#371,.F.);
#1045 = ORIENTED_EDGE('',*,*,#308,.T.);
#1046 = ORIENTED_EDGE('',*,*,#238,.T.);
#1047 = ORIENTED_EDGE('',*,*,#1048,.T.);
#1048 = EDGE_CURVE('',#231,#1049,#1051,.T.);
#1049 = VERTEX_POINT('',#1050);
#1050 = CARTESIAN_POINT('',(20.726811308278,6.,5.034879928868));
#1051 = B_SPLINE_CURVE_WITH_KNOTS('',8,(#1052,#1053,#1054,#1055,#1056,
    #1057,#1058,#1059,#1060,#1061,#1062,#1063,#1064,#1065,#1066,#1067),
  .UNSPECIFIED.,.F.,.F.,(9,7,9),(0.,0.455839293564,1.),.UNSPECIFIED.);
#1052 = CARTESIAN_POINT('',(20.993035241349,4.,3.04327333475));
#1053 = CARTESIAN_POINT('',(20.985369570778,4.,3.25305260114));
#1054 = CARTESIAN_POINT('',(20.972860941831,4.024257531874,
    3.463296275638));
#1055 = CARTESIAN_POINT('',(20.955728917517,4.073407559286,
    3.666571917829));
#1056 = CARTESIAN_POINT('',(20.935045926289,4.144958189756,
    3.858029214994));
#1057 = CARTESIAN_POINT('',(20.912257913482,4.235650277042,
    4.034461098566));
#1058 = CARTESIAN_POINT('',(20.888760468645,4.341716592529,
    4.194057945387));
#1059 = CARTESIAN_POINT('',(20.865698855354,4.459513669684,4.33610055531
    ));
#1060 = CARTESIAN_POINT('',(20.817907066949,4.736525260668,
    4.609401872662));
#1061 = CARTESIAN_POINT('',(20.793584092838,4.900127437972,
    4.734013227646));
#1062 = CARTESIAN_POINT('',(20.77208986022,5.073125781796,4.836029197986
    ));
#1063 = CARTESIAN_POINT('',(20.754251825317,5.252816771355,
    4.916309594532));
#1064 = CARTESIAN_POINT('',(20.740602053356,5.436913771068,
    4.975782448802));
#1065 = CARTESIAN_POINT('',(20.731419199559,5.623634972589,
    5.015132495701));
#1066 = CARTESIAN_POINT('',(20.726811308278,5.811623232007,
    5.034879928868));
#1067 = CARTESIAN_POINT('',(20.726811308278,6.,5.034879928868));
#1068 = ORIENTED_EDGE('',*,*,#1069,.T.);
#1069 = EDGE_CURVE('',#1049,#1070,#1072,.T.);
#1070 = VERTEX_POINT('',#1071);
#1071 = CARTESIAN_POINT('',(20.726811308278,29.,5.034879928868));
#1072 = LINE('',#1073,#1074);
#1073 = CARTESIAN_POINT('',(20.726811308278,4.,5.034879928868));
#1074 = VECTOR('',#1075,1.);
#1075 = DIRECTION('',(0.,1.,-4.4E-16));
#1076 = ORIENTED_EDGE('',*,*,#1077,.F.);
#1077 = EDGE_CURVE('',#715,#1070,#1078,.T.);
#1078 = B_SPLINE_CURVE_WITH_KNOTS('',8,(#1079,#1080,#1081,#1082,#1083,
    #1084,#1085,#1086,#1087,#1088,#1089,#1090,#1091,#1092,#1093,#1094),
  .UNSPECIFIED.,.F.,.F.,(9,7,9),(0.,0.455839293564,1.),.UNSPECIFIED.);
#1079 = CARTESIAN_POINT('',(20.993035241349,31.,3.04327333475));
#1080 = CARTESIAN_POINT('',(20.985369570778,31.,3.25305260114));
#1081 = CARTESIAN_POINT('',(20.972860941831,30.975742468126,
    3.463296275637));
#1082 = CARTESIAN_POINT('',(20.955728917517,30.926592440714,
    3.66657191783));
#1083 = CARTESIAN_POINT('',(20.935045926289,30.855041810244,
    3.858029214993));
#1084 = CARTESIAN_POINT('',(20.912257913482,30.764349722958,
    4.034461098566));
#1085 = CARTESIAN_POINT('',(20.888760468645,30.658283407471,
    4.194057945387));
#1086 = CARTESIAN_POINT('',(20.865698855354,30.540486330316,
    4.33610055531));
#1087 = CARTESIAN_POINT('',(20.817907066949,30.263474739332,
    4.609401872662));
#1088 = CARTESIAN_POINT('',(20.793584092838,30.099872562027,
    4.734013227646));
#1089 = CARTESIAN_POINT('',(20.77208986022,29.926874218204,
    4.836029197985));
#1090 = CARTESIAN_POINT('',(20.754251825316,29.747183228645,
    4.916309594533));
#1091 = CARTESIAN_POINT('',(20.740602053356,29.563086228931,
    4.975782448802));
#1092 = CARTESIAN_POINT('',(20.731419199559,29.376365027412,
    5.015132495701));
#1093 = CARTESIAN_POINT('',(20.726811308278,29.188376767993,
    5.034879928868));
#1094 = CARTESIAN_POINT('',(20.726811308278,29.,5.034879928868));
#1095 = CYLINDRICAL_SURFACE('',#1096,10.44228528025);
#1096 = AXIS2_PLACEMENT_3D('',#1097,#1098,#1099);
#1097 = CARTESIAN_POINT('',(10.55771471975,1.18E-15,2.66195));
#1098 = DIRECTION('',(0.,-1.,4.4E-16));
#1099 = DIRECTION('',(1.,0.,0.));
#1100 = ADVANCED_FACE('',(#1101),#1137,.T.);
#1101 = FACE_BOUND('',#1102,.T.);
#1102 = EDGE_LOOP('',(#1103,#1104,#1105,#1114,#1122,#1131));
#1103 = ORIENTED_EDGE('',*,*,#213,.F.);
#1104 = ORIENTED_EDGE('',*,*,#978,.T.);
#1105 = ORIENTED_EDGE('',*,*,#1106,.F.);
#1106 = EDGE_CURVE('',#1107,#971,#1109,.T.);
#1107 = VERTEX_POINT('',#1108);
#1108 = CARTESIAN_POINT('',(20.2,5.5,-5.83805));
#1109 = CIRCLE('',#1110,1.5);
#1110 = AXIS2_PLACEMENT_3D('',#1111,#1112,#1113);
#1111 = CARTESIAN_POINT('',(20.2,7.,-5.83805));
#1112 = DIRECTION('',(1.,0.,-2.2E-16));
#1113 = DIRECTION('',(2.2E-16,4.4E-16,1.));
#1114 = ORIENTED_EDGE('',*,*,#1115,.T.);
#1115 = EDGE_CURVE('',#1107,#1116,#1118,.T.);
#1116 = VERTEX_POINT('',#1117);
#1117 = CARTESIAN_POINT('',(20.2,5.5,1.16195));
#1118 = LINE('',#1119,#1120);
#1119 = CARTESIAN_POINT('',(20.2,5.5,-3.08805));
#1120 = VECTOR('',#1121,1.);
#1121 = DIRECTION('',(0.,4.4E-16,1.));
#1122 = ORIENTED_EDGE('',*,*,#1123,.F.);
#1123 = EDGE_CURVE('',#1124,#1116,#1126,.T.);
#1124 = VERTEX_POINT('',#1125);
#1125 = CARTESIAN_POINT('',(20.2,7.,2.66195));
#1126 = CIRCLE('',#1127,1.5);
#1127 = AXIS2_PLACEMENT_3D('',#1128,#1129,#1130);
#1128 = CARTESIAN_POINT('',(20.2,7.,1.16195));
#1129 = DIRECTION('',(1.,0.,-2.2E-16));
#1130 = DIRECTION('',(2.2E-16,4.4E-16,1.));
#1131 = ORIENTED_EDGE('',*,*,#1132,.F.);
#1132 = EDGE_CURVE('',#214,#1124,#1133,.T.);
#1133 = LINE('',#1134,#1135);
#1134 = CARTESIAN_POINT('',(20.2,4.,2.66195));
#1135 = VECTOR('',#1136,1.);
#1136 = DIRECTION('',(0.,1.,-4.4E-16));
#1137 = PLANE('',#1138);
#1138 = AXIS2_PLACEMENT_3D('',#1139,#1140,#1141);
#1139 = CARTESIAN_POINT('',(20.2,4.,-7.33805));
#1140 = DIRECTION('',(1.,0.,0.));
#1141 = DIRECTION('',(0.,4.4E-16,1.));
#1142 = ADVANCED_FACE('',(#1143),#1174,.F.);
#1143 = FACE_BOUND('',#1144,.T.);
#1144 = EDGE_LOOP('',(#1145,#1166,#1172,#1173));
#1145 = ORIENTED_EDGE('',*,*,#1146,.T.);
#1146 = EDGE_CURVE('',#222,#1147,#1149,.T.);
#1147 = VERTEX_POINT('',#1148);
#1148 = CARTESIAN_POINT('',(19.947740726266,6.,4.853086011909));
#1149 = B_SPLINE_CURVE_WITH_KNOTS('',8,(#1150,#1151,#1152,#1153,#1154,
    #1155,#1156,#1157,#1158,#1159,#1160,#1161,#1162,#1163,#1164,#1165),
  .UNSPECIFIED.,.F.,.F.,(9,7,9),(0.,0.456350458633,1.),.UNSPECIFIED.);
#1150 = CARTESIAN_POINT('',(20.198011660757,4.,2.857756830691));
#1151 = CARTESIAN_POINT('',(20.193750059303,4.,3.067571285651));
#1152 = CARTESIAN_POINT('',(20.184253254291,4.024083712369,
    3.278089220427));
#1153 = CARTESIAN_POINT('',(20.169602100535,4.073016468296,
    3.481833046757));
#1154 = CARTESIAN_POINT('',(20.150854299368,4.144422864991,
    3.673873644908));
#1155 = CARTESIAN_POINT('',(20.129514270574,4.23509519902,3.85092571175)
  );
#1156 = CARTESIAN_POINT('',(20.107069016372,4.34127761185,4.011106840017
    ));
#1157 = CARTESIAN_POINT('',(20.08475999088,4.459287711747,4.153638651717
    ));
#1158 = CARTESIAN_POINT('',(20.038199174841,4.736484159097,
    4.427417035447));
#1159 = CARTESIAN_POINT('',(20.014252017331,4.900064141128,
    4.552113833329));
#1160 = CARTESIAN_POINT('',(19.992938212328,5.073057528728,
    4.654181478837));
#1161 = CARTESIAN_POINT('',(19.975168122247,5.252754571708,
    4.734490718717));
#1162 = CARTESIAN_POINT('',(19.961534006401,5.436864196551,
    4.793977803157));
#1163 = CARTESIAN_POINT('',(19.952349485393,5.62360068054,4.833334828695
    ));
#1164 = CARTESIAN_POINT('',(19.947740726266,5.811605304108,
    4.853086011909));
#1165 = CARTESIAN_POINT('',(19.947740726266,6.,4.853086011909));
#1166 = ORIENTED_EDGE('',*,*,#1167,.T.);
#1167 = EDGE_CURVE('',#1147,#1049,#1168,.T.);
#1168 = LINE('',#1169,#1170);
#1169 = CARTESIAN_POINT('',(19.947740726266,6.,4.853086011909));
#1170 = VECTOR('',#1171,1.);
#1171 = DIRECTION('',(0.973838227515,1.E-16,0.227242396198));
#1172 = ORIENTED_EDGE('',*,*,#1048,.F.);
#1173 = ORIENTED_EDGE('',*,*,#230,.F.);
#1174 = CYLINDRICAL_SURFACE('',#1175,2.);
#1175 = AXIS2_PLACEMENT_3D('',#1176,#1177,#1178);
#1176 = CARTESIAN_POINT('',(20.402225518662,6.,2.905409556879));
#1177 = DIRECTION('',(0.973838227515,1.E-16,0.227242396198));
#1178 = DIRECTION('',(-7.142314509805E-18,-1.,4.706668328271E-16));
#1179 = ADVANCED_FACE('',(#1180),#1227,.T.);
#1180 = FACE_BOUND('',#1181,.T.);
#1181 = EDGE_LOOP('',(#1182,#1190,#1191,#1192,#1193,#1201,#1207,#1208));
#1182 = ORIENTED_EDGE('',*,*,#1183,.F.);
#1183 = EDGE_CURVE('',#1147,#1184,#1186,.T.);
#1184 = VERTEX_POINT('',#1185);
#1185 = CARTESIAN_POINT('',(19.947740726266,29.,4.853086011909));
#1186 = LINE('',#1187,#1188);
#1187 = CARTESIAN_POINT('',(19.947740726266,4.,4.853086011909));
#1188 = VECTOR('',#1189,1.);
#1189 = DIRECTION('',(0.,1.,-4.4E-16));
#1190 = ORIENTED_EDGE('',*,*,#1146,.F.);
#1191 = ORIENTED_EDGE('',*,*,#221,.F.);
#1192 = ORIENTED_EDGE('',*,*,#1132,.T.);
#1193 = ORIENTED_EDGE('',*,*,#1194,.T.);
#1194 = EDGE_CURVE('',#1124,#1195,#1197,.T.);
#1195 = VERTEX_POINT('',#1196);
#1196 = CARTESIAN_POINT('',(20.2,28.,2.66195));
#1197 = LINE('',#1198,#1199);
#1198 = CARTESIAN_POINT('',(20.2,4.,2.66195));
#1199 = VECTOR('',#1200,1.);
#1200 = DIRECTION('',(0.,1.,-4.4E-16));
#1201 = ORIENTED_EDGE('',*,*,#1202,.T.);
#1202 = EDGE_CURVE('',#1195,#698,#1203,.T.);
#1203 = LINE('',#1204,#1205);
#1204 = CARTESIAN_POINT('',(20.2,4.,2.66195));
#1205 = VECTOR('',#1206,1.);
#1206 = DIRECTION('',(0.,1.,-4.4E-16));
#1207 = ORIENTED_EDGE('',*,*,#705,.T.);
#1208 = ORIENTED_EDGE('',*,*,#1209,.T.);
#1209 = EDGE_CURVE('',#706,#1184,#1210,.T.);
#1210 = B_SPLINE_CURVE_WITH_KNOTS('',8,(#1211,#1212,#1213,#1214,#1215,
    #1216,#1217,#1218,#1219,#1220,#1221,#1222,#1223,#1224,#1225,#1226),
  .UNSPECIFIED.,.F.,.F.,(9,7,9),(0.,0.456350458633,1.),.UNSPECIFIED.);
#1211 = CARTESIAN_POINT('',(20.198011660757,31.,2.857756830691));
#1212 = CARTESIAN_POINT('',(20.193750059303,31.,3.067571285651));
#1213 = CARTESIAN_POINT('',(20.184253254291,30.975916287631,
    3.278089220427));
#1214 = CARTESIAN_POINT('',(20.169602100535,30.926983531704,
    3.481833046756));
#1215 = CARTESIAN_POINT('',(20.150854299368,30.855577135009,
    3.67387364491));
#1216 = CARTESIAN_POINT('',(20.129514270574,30.76490480098,
    3.850925711748));
#1217 = CARTESIAN_POINT('',(20.107069016372,30.65872238815,
    4.011106840018));
#1218 = CARTESIAN_POINT('',(20.08475999088,30.540712288253,
    4.153638651717));
#1219 = CARTESIAN_POINT('',(20.038199174841,30.263515840903,
    4.427417035447));
#1220 = CARTESIAN_POINT('',(20.014252017331,30.099935858872,
    4.552113833329));
#1221 = CARTESIAN_POINT('',(19.992938212328,29.926942471271,
    4.654181478838));
#1222 = CARTESIAN_POINT('',(19.975168122247,29.747245428293,
    4.734490718716));
#1223 = CARTESIAN_POINT('',(19.961534006401,29.563135803448,
    4.793977803158));
#1224 = CARTESIAN_POINT('',(19.952349485393,29.37639931946,
    4.833334828695));
#1225 = CARTESIAN_POINT('',(19.947740726266,29.188394695892,
    4.853086011909));
#1226 = CARTESIAN_POINT('',(19.947740726266,29.,4.853086011909));
#1227 = CYLINDRICAL_SURFACE('',#1228,9.64228528025);
#1228 = AXIS2_PLACEMENT_3D('',#1229,#1230,#1231);
#1229 = CARTESIAN_POINT('',(10.55771471975,4.,2.66195));
#1230 = DIRECTION('',(0.,-1.,4.4E-16));
#1231 = DIRECTION('',(1.,0.,0.));
#1232 = ADVANCED_FACE('',(#1233),#1286,.T.);
#1233 = FACE_BOUND('',#1234,.T.);
#1234 = EDGE_LOOP('',(#1235,#1243,#1244,#1250,#1251,#1252,#1253,#1261,
    #1270,#1279));
#1235 = ORIENTED_EDGE('',*,*,#1236,.F.);
#1236 = EDGE_CURVE('',#472,#1237,#1239,.T.);
#1237 = VERTEX_POINT('',#1238);
#1238 = CARTESIAN_POINT('',(-20.56998392357,11.,-10.30381925336));
#1239 = LINE('',#1240,#1241);
#1240 = CARTESIAN_POINT('',(-20.56998392357,-4.58E-15,-10.30381925336));
#1241 = VECTOR('',#1242,1.);
#1242 = DIRECTION('',(0.,1.,-4.4E-16));
#1243 = ORIENTED_EDGE('',*,*,#471,.F.);
#1244 = ORIENTED_EDGE('',*,*,#1245,.T.);
#1245 = EDGE_CURVE('',#464,#818,#1246,.T.);
#1246 = LINE('',#1247,#1248);
#1247 = CARTESIAN_POINT('',(-21.,-3.26E-15,-7.33805));
#1248 = VECTOR('',#1249,1.);
#1249 = DIRECTION('',(0.,1.,-4.4E-16));
#1250 = ORIENTED_EDGE('',*,*,#817,.T.);
#1251 = ORIENTED_EDGE('',*,*,#930,.F.);
#1252 = ORIENTED_EDGE('',*,*,#496,.F.);
#1253 = ORIENTED_EDGE('',*,*,#1254,.T.);
#1254 = EDGE_CURVE('',#489,#1255,#1257,.T.);
#1255 = VERTEX_POINT('',#1256);
#1256 = CARTESIAN_POINT('',(-16.01379379103,11.,-16.24156183758));
#1257 = LINE('',#1258,#1259);
#1258 = CARTESIAN_POINT('',(-16.01379379103,-7.21E-15,-16.24156183758));
#1259 = VECTOR('',#1260,1.);
#1260 = DIRECTION('',(0.,1.,-4.4E-16));
#1261 = ORIENTED_EDGE('',*,*,#1262,.T.);
#1262 = EDGE_CURVE('',#1255,#1263,#1265,.T.);
#1263 = VERTEX_POINT('',#1264);
#1264 = CARTESIAN_POINT('',(-18.40593529779,12.,-14.22621054056));
#1265 = ELLIPSE('',#1266,14.767621465498,10.44228528025);
#1266 = AXIS2_PLACEMENT_3D('',#1267,#1268,#1269);
#1267 = CARTESIAN_POINT('',(-10.55771471975,21.282660401854,-7.33805));
#1268 = DIRECTION('',(-0.258799317794,0.707106781187,-0.658044765278));
#1269 = DIRECTION('',(-0.258799317794,-0.707106781187,-0.658044765278));
#1270 = ORIENTED_EDGE('',*,*,#1271,.F.);
#1271 = EDGE_CURVE('',#1272,#1263,#1274,.T.);
#1272 = VERTEX_POINT('',#1273);
#1273 = CARTESIAN_POINT('',(-19.24243583726,12.,-13.13606181312));
#1274 = CIRCLE('',#1275,10.44228528025);
#1275 = AXIS2_PLACEMENT_3D('',#1276,#1277,#1278);
#1276 = CARTESIAN_POINT('',(-10.55771471975,12.,-7.33805));
#1277 = DIRECTION('',(0.,-1.,0.));
#1278 = DIRECTION('',(1.,0.,0.));
#1279 = ORIENTED_EDGE('',*,*,#1280,.F.);
#1280 = EDGE_CURVE('',#1237,#1272,#1281,.T.);
#1281 = ELLIPSE('',#1282,14.767621465498,10.44228528025);
#1282 = AXIS2_PLACEMENT_3D('',#1283,#1284,#1285);
#1283 = CARTESIAN_POINT('',(-10.55771471975,21.282660401854,-7.33805));
#1284 = DIRECTION('',(0.702604625941,-0.707106781187,7.96664270993E-02)
  );
#1285 = DIRECTION('',(-0.702604625941,-0.707106781187,-7.96664270993E-02
    ));
#1286 = CYLINDRICAL_SURFACE('',#1287,10.44228528025);
#1287 = AXIS2_PLACEMENT_3D('',#1288,#1289,#1290);
#1288 = CARTESIAN_POINT('',(-10.55771471975,-3.26E-15,-7.33805));
#1289 = DIRECTION('',(0.,-1.,4.4E-16));
#1290 = DIRECTION('',(1.,0.,0.));
#1291 = ADVANCED_FACE('',(#1292),#1310,.F.);
#1292 = FACE_BOUND('',#1293,.F.);
#1293 = EDGE_LOOP('',(#1294,#1295,#1303,#1309));
#1294 = ORIENTED_EDGE('',*,*,#1254,.T.);
#1295 = ORIENTED_EDGE('',*,*,#1296,.T.);
#1296 = EDGE_CURVE('',#1255,#1297,#1299,.T.);
#1297 = VERTEX_POINT('',#1298);
#1298 = CARTESIAN_POINT('',(-20.07795480324,11.,-14.6431871481));
#1299 = LINE('',#1300,#1301);
#1300 = CARTESIAN_POINT('',(-16.01379379103,11.,-16.24156183758));
#1301 = VECTOR('',#1302,1.);
#1302 = DIRECTION('',(-0.930615831704,1.6E-16,0.365997505157));
#1303 = ORIENTED_EDGE('',*,*,#1304,.F.);
#1304 = EDGE_CURVE('',#481,#1297,#1305,.T.);
#1305 = LINE('',#1306,#1307);
#1306 = CARTESIAN_POINT('',(-20.07795480324,-6.5E-15,-14.6431871481));
#1307 = VECTOR('',#1308,1.);
#1308 = DIRECTION('',(0.,1.,-4.4E-16));
#1309 = ORIENTED_EDGE('',*,*,#488,.F.);
#1310 = PLANE('',#1311);
#1311 = AXIS2_PLACEMENT_3D('',#1312,#1313,#1314);
#1312 = CARTESIAN_POINT('',(-16.01379379103,-7.21E-15,-16.24156183758));
#1313 = DIRECTION('',(0.365997505157,4.1E-16,0.930615831704));
#1314 = DIRECTION('',(-0.930615831704,1.6E-16,0.365997505157));
#1315 = ADVANCED_FACE('',(#1316),#1327,.F.);
#1316 = FACE_BOUND('',#1317,.F.);
#1317 = EDGE_LOOP('',(#1318,#1319,#1325,#1326));
#1318 = ORIENTED_EDGE('',*,*,#1304,.T.);
#1319 = ORIENTED_EDGE('',*,*,#1320,.T.);
#1320 = EDGE_CURVE('',#1297,#1237,#1321,.T.);
#1321 = LINE('',#1322,#1323);
#1322 = CARTESIAN_POINT('',(-20.07795480324,11.,-14.6431871481));
#1323 = VECTOR('',#1324,1.);
#1324 = DIRECTION('',(-0.11266534167,4.4E-16,0.993632990991));
#1325 = ORIENTED_EDGE('',*,*,#1236,.F.);
#1326 = ORIENTED_EDGE('',*,*,#480,.F.);
#1327 = PLANE('',#1328);
#1328 = AXIS2_PLACEMENT_3D('',#1329,#1330,#1331);
#1329 = CARTESIAN_POINT('',(-20.07795480324,-6.5E-15,-14.6431871481));
#1330 = DIRECTION('',(0.993632990991,5.E-17,0.11266534167));
#1331 = DIRECTION('',(-0.11266534167,4.4E-16,0.993632990991));
#1332 = ADVANCED_FACE('',(#1333),#1344,.T.);
#1333 = FACE_BOUND('',#1334,.T.);
#1334 = EDGE_LOOP('',(#1335,#1341,#1342,#1343));
#1335 = ORIENTED_EDGE('',*,*,#1336,.T.);
#1336 = EDGE_CURVE('',#455,#827,#1337,.T.);
#1337 = LINE('',#1338,#1339);
#1338 = CARTESIAN_POINT('',(-21.,1.18E-15,2.66195));
#1339 = VECTOR('',#1340,1.);
#1340 = DIRECTION('',(0.,1.,-4.4E-16));
#1341 = ORIENTED_EDGE('',*,*,#826,.T.);
#1342 = ORIENTED_EDGE('',*,*,#1245,.F.);
#1343 = ORIENTED_EDGE('',*,*,#463,.F.);
#1344 = PLANE('',#1345);
#1345 = AXIS2_PLACEMENT_3D('',#1346,#1347,#1348);
#1346 = CARTESIAN_POINT('',(-21.,1.18E-15,2.66195));
#1347 = DIRECTION('',(-1.,0.,0.));
#1348 = DIRECTION('',(-0.,-4.4E-16,-1.));
#1349 = ADVANCED_FACE('',(#1350),#1403,.T.);
#1350 = FACE_BOUND('',#1351,.T.);
#1351 = EDGE_LOOP('',(#1352,#1360,#1361,#1367,#1368,#1369,#1370,#1378,
    #1387,#1396));
#1352 = ORIENTED_EDGE('',*,*,#1353,.F.);
#1353 = EDGE_CURVE('',#430,#1354,#1356,.T.);
#1354 = VERTEX_POINT('',#1355);
#1355 = CARTESIAN_POINT('',(-16.01379379103,11.,11.565461837585));
#1356 = LINE('',#1357,#1358);
#1357 = CARTESIAN_POINT('',(-16.01379379103,5.14E-15,11.565461837585));
#1358 = VECTOR('',#1359,1.);
#1359 = DIRECTION('',(0.,1.,-4.4E-16));
#1360 = ORIENTED_EDGE('',*,*,#429,.F.);
#1361 = ORIENTED_EDGE('',*,*,#1362,.T.);
#1362 = EDGE_CURVE('',#422,#835,#1363,.T.);
#1363 = LINE('',#1364,#1365);
#1364 = CARTESIAN_POINT('',(-16.,5.14E-15,11.5739));
#1365 = VECTOR('',#1366,1.);
#1366 = DIRECTION('',(0.,1.,-4.4E-16));
#1367 = ORIENTED_EDGE('',*,*,#834,.T.);
#1368 = ORIENTED_EDGE('',*,*,#1336,.F.);
#1369 = ORIENTED_EDGE('',*,*,#454,.F.);
#1370 = ORIENTED_EDGE('',*,*,#1371,.T.);
#1371 = EDGE_CURVE('',#447,#1372,#1374,.T.);
#1372 = VERTEX_POINT('',#1373);
#1373 = CARTESIAN_POINT('',(-20.56998392357,11.,5.627719253367));
#1374 = LINE('',#1375,#1376);
#1375 = CARTESIAN_POINT('',(-20.56998392357,2.5E-15,5.627719253367));
#1376 = VECTOR('',#1377,1.);
#1377 = DIRECTION('',(0.,1.,-4.4E-16));
#1378 = ORIENTED_EDGE('',*,*,#1379,.T.);
#1379 = EDGE_CURVE('',#1372,#1380,#1382,.T.);
#1380 = VERTEX_POINT('',#1381);
#1381 = CARTESIAN_POINT('',(-19.24243583726,12.,8.459961813121));
#1382 = ELLIPSE('',#1383,14.767621465498,10.44228528025);
#1383 = AXIS2_PLACEMENT_3D('',#1384,#1385,#1386);
#1384 = CARTESIAN_POINT('',(-10.55771471975,21.282660401854,2.66195));
#1385 = DIRECTION('',(-0.702604625941,0.707106781187,7.96664270993E-02)
  );
#1386 = DIRECTION('',(-0.702604625941,-0.707106781187,7.96664270993E-02)
  );
#1387 = ORIENTED_EDGE('',*,*,#1388,.F.);
#1388 = EDGE_CURVE('',#1389,#1380,#1391,.T.);
#1389 = VERTEX_POINT('',#1390);
#1390 = CARTESIAN_POINT('',(-18.40593529779,12.,9.550110540562));
#1391 = CIRCLE('',#1392,10.44228528025);
#1392 = AXIS2_PLACEMENT_3D('',#1393,#1394,#1395);
#1393 = CARTESIAN_POINT('',(-10.55771471975,12.,2.66195));
#1394 = DIRECTION('',(0.,-1.,0.));
#1395 = DIRECTION('',(1.,0.,0.));
#1396 = ORIENTED_EDGE('',*,*,#1397,.F.);
#1397 = EDGE_CURVE('',#1354,#1389,#1398,.T.);
#1398 = ELLIPSE('',#1399,14.767621465498,10.44228528025);
#1399 = AXIS2_PLACEMENT_3D('',#1400,#1401,#1402);
#1400 = CARTESIAN_POINT('',(-10.55771471975,21.282660401854,2.66195));
#1401 = DIRECTION('',(0.258799317794,-0.707106781187,-0.658044765278));
#1402 = DIRECTION('',(-0.258799317794,-0.707106781187,0.658044765278));
#1403 = CYLINDRICAL_SURFACE('',#1404,10.44228528025);
#1404 = AXIS2_PLACEMENT_3D('',#1405,#1406,#1407);
#1405 = CARTESIAN_POINT('',(-10.55771471975,1.18E-15,2.66195));
#1406 = DIRECTION('',(0.,-1.,4.4E-16));
#1407 = DIRECTION('',(1.,0.,0.));
#1408 = ADVANCED_FACE('',(#1409),#1427,.F.);
#1409 = FACE_BOUND('',#1410,.F.);
#1410 = EDGE_LOOP('',(#1411,#1412,#1420,#1426));
#1411 = ORIENTED_EDGE('',*,*,#1371,.T.);
#1412 = ORIENTED_EDGE('',*,*,#1413,.T.);
#1413 = EDGE_CURVE('',#1372,#1414,#1416,.T.);
#1414 = VERTEX_POINT('',#1415);
#1415 = CARTESIAN_POINT('',(-20.07795480324,11.,9.967087148105));
#1416 = LINE('',#1417,#1418);
#1417 = CARTESIAN_POINT('',(-20.56998392357,11.,5.627719253367));
#1418 = VECTOR('',#1419,1.);
#1419 = DIRECTION('',(0.11266534167,4.4E-16,0.993632990991));
#1420 = ORIENTED_EDGE('',*,*,#1421,.F.);
#1421 = EDGE_CURVE('',#439,#1414,#1422,.T.);
#1422 = LINE('',#1423,#1424);
#1423 = CARTESIAN_POINT('',(-20.07795480324,4.43E-15,9.967087148105));
#1424 = VECTOR('',#1425,1.);
#1425 = DIRECTION('',(0.,1.,-4.4E-16));
#1426 = ORIENTED_EDGE('',*,*,#446,.F.);
#1427 = PLANE('',#1428);
#1428 = AXIS2_PLACEMENT_3D('',#1429,#1430,#1431);
#1429 = CARTESIAN_POINT('',(-20.56998392357,2.5E-15,5.627719253367));
#1430 = DIRECTION('',(0.993632990991,-5.E-17,-0.11266534167));
#1431 = DIRECTION('',(0.11266534167,4.4E-16,0.993632990991));
#1432 = ADVANCED_FACE('',(#1433),#1451,.F.);
#1433 = FACE_BOUND('',#1434,.T.);
#1434 = EDGE_LOOP('',(#1435,#1436,#1444,#1450));
#1435 = ORIENTED_EDGE('',*,*,#1039,.T.);
#1436 = ORIENTED_EDGE('',*,*,#1437,.T.);
#1437 = EDGE_CURVE('',#1031,#1438,#1440,.T.);
#1438 = VERTEX_POINT('',#1439);
#1439 = CARTESIAN_POINT('',(20.077954803245,11.,9.967087148105));
#1440 = LINE('',#1441,#1442);
#1441 = CARTESIAN_POINT('',(20.569983923577,11.,5.627719253367));
#1442 = VECTOR('',#1443,1.);
#1443 = DIRECTION('',(-0.11266534167,4.4E-16,0.993632990991));
#1444 = ORIENTED_EDGE('',*,*,#1445,.F.);
#1445 = EDGE_CURVE('',#381,#1438,#1446,.T.);
#1446 = LINE('',#1447,#1448);
#1447 = CARTESIAN_POINT('',(20.077954803245,4.43E-15,9.967087148105));
#1448 = VECTOR('',#1449,1.);
#1449 = DIRECTION('',(0.,1.,-4.4E-16));
#1450 = ORIENTED_EDGE('',*,*,#380,.F.);
#1451 = PLANE('',#1452);
#1452 = AXIS2_PLACEMENT_3D('',#1453,#1454,#1455);
#1453 = CARTESIAN_POINT('',(20.569983923577,2.5E-15,5.627719253367));
#1454 = DIRECTION('',(-0.993632990991,-5.E-17,-0.11266534167));
#1455 = DIRECTION('',(0.11266534167,-4.4E-16,-0.993632990991));
#1456 = ADVANCED_FACE('',(#1457),#1468,.F.);
#1457 = FACE_BOUND('',#1458,.F.);
#1458 = EDGE_LOOP('',(#1459,#1460,#1466,#1467));
#1459 = ORIENTED_EDGE('',*,*,#1421,.T.);
#1460 = ORIENTED_EDGE('',*,*,#1461,.T.);
#1461 = EDGE_CURVE('',#1414,#1354,#1462,.T.);
#1462 = LINE('',#1463,#1464);
#1463 = CARTESIAN_POINT('',(-20.07795480324,11.,9.967087148105));
#1464 = VECTOR('',#1465,1.);
#1465 = DIRECTION('',(0.930615831704,1.6E-16,0.365997505157));
#1466 = ORIENTED_EDGE('',*,*,#1353,.F.);
#1467 = ORIENTED_EDGE('',*,*,#438,.F.);
#1468 = PLANE('',#1469);
#1469 = AXIS2_PLACEMENT_3D('',#1470,#1471,#1472);
#1470 = CARTESIAN_POINT('',(-20.07795480324,4.43E-15,9.967087148105));
#1471 = DIRECTION('',(0.365997505157,-4.1E-16,-0.930615831704));
#1472 = DIRECTION('',(0.930615831704,1.6E-16,0.365997505157));
#1473 = ADVANCED_FACE('',(#1474),#1485,.F.);
#1474 = FACE_BOUND('',#1475,.T.);
#1475 = EDGE_LOOP('',(#1476,#1477,#1483,#1484));
#1476 = ORIENTED_EDGE('',*,*,#1445,.T.);
#1477 = ORIENTED_EDGE('',*,*,#1478,.T.);
#1478 = EDGE_CURVE('',#1438,#1005,#1479,.T.);
#1479 = LINE('',#1480,#1481);
#1480 = CARTESIAN_POINT('',(20.077954803245,11.,9.967087148105));
#1481 = VECTOR('',#1482,1.);
#1482 = DIRECTION('',(-0.930615831704,1.6E-16,0.365997505157));
#1483 = ORIENTED_EDGE('',*,*,#1004,.F.);
#1484 = ORIENTED_EDGE('',*,*,#388,.F.);
#1485 = PLANE('',#1486);
#1486 = AXIS2_PLACEMENT_3D('',#1487,#1488,#1489);
#1487 = CARTESIAN_POINT('',(20.077954803245,4.43E-15,9.967087148105));
#1488 = DIRECTION('',(-0.365997505157,-4.1E-16,-0.930615831704));
#1489 = DIRECTION('',(0.930615831704,-1.6E-16,-0.365997505157));
#1490 = ADVANCED_FACE('',(#1491),#1520,.T.);
#1491 = FACE_BOUND('',#1492,.T.);
#1492 = EDGE_LOOP('',(#1493,#1494,#1495,#1496,#1497,#1498,#1506,#1514));
#1493 = ORIENTED_EDGE('',*,*,#405,.F.);
#1494 = ORIENTED_EDGE('',*,*,#997,.T.);
#1495 = ORIENTED_EDGE('',*,*,#843,.T.);
#1496 = ORIENTED_EDGE('',*,*,#1362,.F.);
#1497 = ORIENTED_EDGE('',*,*,#421,.F.);
#1498 = ORIENTED_EDGE('',*,*,#1499,.T.);
#1499 = EDGE_CURVE('',#414,#1500,#1502,.T.);
#1500 = VERTEX_POINT('',#1501);
#1501 = CARTESIAN_POINT('',(-12.35185,6.75,11.5739));
#1502 = LINE('',#1503,#1504);
#1503 = CARTESIAN_POINT('',(-12.35185,-8.25,11.5739));
#1504 = VECTOR('',#1505,1.);
#1505 = DIRECTION('',(0.,1.,-4.4E-16));
#1506 = ORIENTED_EDGE('',*,*,#1507,.F.);
#1507 = EDGE_CURVE('',#1508,#1500,#1510,.T.);
#1508 = VERTEX_POINT('',#1509);
#1509 = CARTESIAN_POINT('',(12.35185,6.75,11.5739));
#1510 = LINE('',#1511,#1512);
#1511 = CARTESIAN_POINT('',(12.35185,6.75,11.5739));
#1512 = VECTOR('',#1513,1.);
#1513 = DIRECTION('',(-1.,0.,0.));
#1514 = ORIENTED_EDGE('',*,*,#1515,.F.);
#1515 = EDGE_CURVE('',#406,#1508,#1516,.T.);
#1516 = LINE('',#1517,#1518);
#1517 = CARTESIAN_POINT('',(12.35185,-8.25,11.5739));
#1518 = VECTOR('',#1519,1.);
#1519 = DIRECTION('',(0.,1.,-4.4E-16));
#1520 = PLANE('',#1521);
#1521 = AXIS2_PLACEMENT_3D('',#1522,#1523,#1524);
#1522 = CARTESIAN_POINT('',(16.,5.14E-15,11.5739));
#1523 = DIRECTION('',(1.1E-16,4.4E-16,1.));
#1524 = DIRECTION('',(-1.,0.,1.1E-16));
#1525 = ADVANCED_FACE('',(#1526,#1551,#1562),#1573,.F.);
#1526 = FACE_BOUND('',#1527,.F.);
#1527 = EDGE_LOOP('',(#1528,#1538,#1544,#1545));
#1528 = ORIENTED_EDGE('',*,*,#1529,.F.);
#1529 = EDGE_CURVE('',#1530,#1532,#1534,.T.);
#1530 = VERTEX_POINT('',#1531);
#1531 = CARTESIAN_POINT('',(12.35185,-8.25,11.5739));
#1532 = VERTEX_POINT('',#1533);
#1533 = CARTESIAN_POINT('',(-12.35185,-8.25,11.5739));
#1534 = LINE('',#1535,#1536);
#1535 = CARTESIAN_POINT('',(12.35185,-8.25,11.5739));
#1536 = VECTOR('',#1537,1.);
#1537 = DIRECTION('',(-1.,0.,0.));
#1538 = ORIENTED_EDGE('',*,*,#1539,.T.);
#1539 = EDGE_CURVE('',#1530,#406,#1540,.T.);
#1540 = LINE('',#1541,#1542);
#1541 = CARTESIAN_POINT('',(12.35185,-8.25,11.5739));
#1542 = VECTOR('',#1543,1.);
#1543 = DIRECTION('',(0.,1.,-4.4E-16));
#1544 = ORIENTED_EDGE('',*,*,#413,.T.);
#1545 = ORIENTED_EDGE('',*,*,#1546,.F.);
#1546 = EDGE_CURVE('',#1532,#414,#1547,.T.);
#1547 = LINE('',#1548,#1549);
#1548 = CARTESIAN_POINT('',(-12.35185,-8.25,11.5739));
#1549 = VECTOR('',#1550,1.);
#1550 = DIRECTION('',(0.,1.,-4.4E-16));
#1551 = FACE_BOUND('',#1552,.F.);
#1552 = EDGE_LOOP('',(#1553));
#1553 = ORIENTED_EDGE('',*,*,#1554,.F.);
#1554 = EDGE_CURVE('',#1555,#1555,#1557,.T.);
#1555 = VERTEX_POINT('',#1556);
#1556 = CARTESIAN_POINT('',(7.85185,-5.35,11.5739));
#1557 = CIRCLE('',#1558,1.6);
#1558 = AXIS2_PLACEMENT_3D('',#1559,#1560,#1561);
#1559 = CARTESIAN_POINT('',(9.45185,-5.35,11.5739));
#1560 = DIRECTION('',(0.,2.2E-16,1.));
#1561 = DIRECTION('',(-1.,0.,0.));
#1562 = FACE_BOUND('',#1563,.F.);
#1563 = EDGE_LOOP('',(#1564));
#1564 = ORIENTED_EDGE('',*,*,#1565,.F.);
#1565 = EDGE_CURVE('',#1566,#1566,#1568,.T.);
#1566 = VERTEX_POINT('',#1567);
#1567 = CARTESIAN_POINT('',(-11.05185,-5.35,11.5739));
#1568 = CIRCLE('',#1569,1.6);
#1569 = AXIS2_PLACEMENT_3D('',#1570,#1571,#1572);
#1570 = CARTESIAN_POINT('',(-9.45185,-5.35,11.5739));
#1571 = DIRECTION('',(0.,2.2E-16,1.));
#1572 = DIRECTION('',(-1.,0.,0.));
#1573 = PLANE('',#1574);
#1574 = AXIS2_PLACEMENT_3D('',#1575,#1576,#1577);
#1575 = CARTESIAN_POINT('',(12.35185,-8.25,11.5739));
#1576 = DIRECTION('',(0.,4.4E-16,1.));
#1577 = DIRECTION('',(-1.,0.,0.));
#1578 = ADVANCED_FACE('',(#1579),#1598,.F.);
#1579 = FACE_BOUND('',#1580,.F.);
#1580 = EDGE_LOOP('',(#1581,#1589,#1596,#1597));
#1581 = ORIENTED_EDGE('',*,*,#1582,.T.);
#1582 = EDGE_CURVE('',#506,#1583,#1585,.T.);
#1583 = VERTEX_POINT('',#1584);
#1584 = CARTESIAN_POINT('',(19.1,4.,-12.3));
#1585 = LINE('',#1586,#1587);
#1586 = CARTESIAN_POINT('',(19.1,-5.46E-15,-12.3));
#1587 = VECTOR('',#1588,1.);
#1588 = DIRECTION('',(0.,1.,-4.4E-16));
#1589 = ORIENTED_EDGE('',*,*,#1590,.T.);
#1590 = EDGE_CURVE('',#1583,#1583,#1591,.T.);
#1591 = CIRCLE('',#1592,1.6);
#1592 = AXIS2_PLACEMENT_3D('',#1593,#1594,#1595);
#1593 = CARTESIAN_POINT('',(17.5,4.,-12.3));
#1594 = DIRECTION('',(0.,-1.,0.));
#1595 = DIRECTION('',(1.,0.,0.));
#1596 = ORIENTED_EDGE('',*,*,#1582,.F.);
#1597 = ORIENTED_EDGE('',*,*,#505,.F.);
#1598 = CYLINDRICAL_SURFACE('',#1599,1.6);
#1599 = AXIS2_PLACEMENT_3D('',#1600,#1601,#1602);
#1600 = CARTESIAN_POINT('',(17.5,-5.46E-15,-12.3));
#1601 = DIRECTION('',(0.,-1.,4.4E-16));
#1602 = DIRECTION('',(1.,0.,0.));
#1603 = ADVANCED_FACE('',(#1604),#1623,.F.);
#1604 = FACE_BOUND('',#1605,.F.);
#1605 = EDGE_LOOP('',(#1606,#1614,#1621,#1622));
#1606 = ORIENTED_EDGE('',*,*,#1607,.T.);
#1607 = EDGE_CURVE('',#517,#1608,#1610,.T.);
#1608 = VERTEX_POINT('',#1609);
#1609 = CARTESIAN_POINT('',(19.1,4.,8.1));
#1610 = LINE('',#1611,#1612);
#1611 = CARTESIAN_POINT('',(19.1,3.6E-15,8.1));
#1612 = VECTOR('',#1613,1.);
#1613 = DIRECTION('',(0.,1.,-4.4E-16));
#1614 = ORIENTED_EDGE('',*,*,#1615,.T.);
#1615 = EDGE_CURVE('',#1608,#1608,#1616,.T.);
#1616 = CIRCLE('',#1617,1.6);
#1617 = AXIS2_PLACEMENT_3D('',#1618,#1619,#1620);
#1618 = CARTESIAN_POINT('',(17.5,4.,8.1));
#1619 = DIRECTION('',(0.,-1.,0.));
#1620 = DIRECTION('',(1.,0.,0.));
#1621 = ORIENTED_EDGE('',*,*,#1607,.F.);
#1622 = ORIENTED_EDGE('',*,*,#516,.F.);
#1623 = CYLINDRICAL_SURFACE('',#1624,1.6);
#1624 = AXIS2_PLACEMENT_3D('',#1625,#1626,#1627);
#1625 = CARTESIAN_POINT('',(17.5,3.6E-15,8.1));
#1626 = DIRECTION('',(0.,-1.,4.4E-16));
#1627 = DIRECTION('',(1.,0.,0.));
#1628 = ADVANCED_FACE('',(#1629),#1654,.F.);
#1629 = FACE_BOUND('',#1630,.F.);
#1630 = EDGE_LOOP('',(#1631,#1632,#1640,#1648));
#1631 = ORIENTED_EDGE('',*,*,#527,.F.);
#1632 = ORIENTED_EDGE('',*,*,#1633,.T.);
#1633 = EDGE_CURVE('',#528,#1634,#1636,.T.);
#1634 = VERTEX_POINT('',#1635);
#1635 = CARTESIAN_POINT('',(-15.,35.5,9.840966801903));
#1636 = LINE('',#1637,#1638);
#1637 = CARTESIAN_POINT('',(-15.,4.37E-15,9.840966801903));
#1638 = VECTOR('',#1639,1.);
#1639 = DIRECTION('',(0.,1.,-4.4E-16));
#1640 = ORIENTED_EDGE('',*,*,#1641,.T.);
#1641 = EDGE_CURVE('',#1634,#1642,#1644,.T.);
#1642 = VERTEX_POINT('',#1643);
#1643 = CARTESIAN_POINT('',(-15.,35.5,-14.5170668019));
#1644 = LINE('',#1645,#1646);
#1645 = CARTESIAN_POINT('',(-15.,35.5,9.840966801903));
#1646 = VECTOR('',#1647,1.);
#1647 = DIRECTION('',(0.,0.,-1.));
#1648 = ORIENTED_EDGE('',*,*,#1649,.F.);
#1649 = EDGE_CURVE('',#530,#1642,#1650,.T.);
#1650 = LINE('',#1651,#1652);
#1651 = CARTESIAN_POINT('',(-15.,-6.45E-15,-14.5170668019));
#1652 = VECTOR('',#1653,1.);
#1653 = DIRECTION('',(0.,1.,-4.4E-16));
#1654 = PLANE('',#1655);
#1655 = AXIS2_PLACEMENT_3D('',#1656,#1657,#1658);
#1656 = CARTESIAN_POINT('',(-15.,4.37E-15,9.840966801903));
#1657 = DIRECTION('',(-1.,0.,0.));
#1658 = DIRECTION('',(-0.,-4.4E-16,-1.));
#1659 = ADVANCED_FACE('',(#1660),#1678,.F.);
#1660 = FACE_BOUND('',#1661,.F.);
#1661 = EDGE_LOOP('',(#1662,#1663,#1671,#1677));
#1662 = ORIENTED_EDGE('',*,*,#537,.F.);
#1663 = ORIENTED_EDGE('',*,*,#1664,.T.);
#1664 = EDGE_CURVE('',#538,#1665,#1667,.T.);
#1665 = VERTEX_POINT('',#1666);
#1666 = CARTESIAN_POINT('',(15.,35.5,9.840966801903));
#1667 = LINE('',#1668,#1669);
#1668 = CARTESIAN_POINT('',(15.,4.37E-15,9.840966801903));
#1669 = VECTOR('',#1670,1.);
#1670 = DIRECTION('',(0.,1.,-4.4E-16));
#1671 = ORIENTED_EDGE('',*,*,#1672,.T.);
#1672 = EDGE_CURVE('',#1665,#1634,#1673,.T.);
#1673 = LINE('',#1674,#1675);
#1674 = CARTESIAN_POINT('',(15.,35.5,9.840966801903));
#1675 = VECTOR('',#1676,1.);
#1676 = DIRECTION('',(-1.,0.,0.));
#1677 = ORIENTED_EDGE('',*,*,#1633,.F.);
#1678 = PLANE('',#1679);
#1679 = AXIS2_PLACEMENT_3D('',#1680,#1681,#1682);
#1680 = CARTESIAN_POINT('',(15.,4.37E-15,9.840966801903));
#1681 = DIRECTION('',(0.,4.4E-16,1.));
#1682 = DIRECTION('',(-1.,0.,0.));
#1683 = ADVANCED_FACE('',(#1684),#1702,.F.);
#1684 = FACE_BOUND('',#1685,.F.);
#1685 = EDGE_LOOP('',(#1686,#1687,#1688,#1696));
#1686 = ORIENTED_EDGE('',*,*,#585,.F.);
#1687 = ORIENTED_EDGE('',*,*,#1649,.T.);
#1688 = ORIENTED_EDGE('',*,*,#1689,.T.);
#1689 = EDGE_CURVE('',#1642,#1690,#1692,.T.);
#1690 = VERTEX_POINT('',#1691);
#1691 = CARTESIAN_POINT('',(15.,35.5,-14.5170668019));
#1692 = LINE('',#1693,#1694);
#1693 = CARTESIAN_POINT('',(-15.,35.5,-14.5170668019));
#1694 = VECTOR('',#1695,1.);
#1695 = DIRECTION('',(1.,0.,0.));
#1696 = ORIENTED_EDGE('',*,*,#1697,.F.);
#1697 = EDGE_CURVE('',#578,#1690,#1698,.T.);
#1698 = LINE('',#1699,#1700);
#1699 = CARTESIAN_POINT('',(15.,-6.45E-15,-14.5170668019));
#1700 = VECTOR('',#1701,1.);
#1701 = DIRECTION('',(0.,1.,-4.4E-16));
#1702 = PLANE('',#1703);
#1703 = AXIS2_PLACEMENT_3D('',#1704,#1705,#1706);
#1704 = CARTESIAN_POINT('',(-15.,-6.45E-15,-14.5170668019));
#1705 = DIRECTION('',(0.,-4.4E-16,-1.));
#1706 = DIRECTION('',(1.,0.,0.));
#1707 = ADVANCED_FACE('',(#1708),#1742,.F.);
#1708 = FACE_BOUND('',#1709,.F.);
#1709 = EDGE_LOOP('',(#1710,#1711,#1712,#1718,#1719,#1720,#1728,#1736));
#1710 = ORIENTED_EDGE('',*,*,#577,.F.);
#1711 = ORIENTED_EDGE('',*,*,#1697,.T.);
#1712 = ORIENTED_EDGE('',*,*,#1713,.T.);
#1713 = EDGE_CURVE('',#1690,#1665,#1714,.T.);
#1714 = LINE('',#1715,#1716);
#1715 = CARTESIAN_POINT('',(15.,35.5,-14.5170668019));
#1716 = VECTOR('',#1717,1.);
#1717 = DIRECTION('',(0.,0.,1.));
#1718 = ORIENTED_EDGE('',*,*,#1664,.F.);
#1719 = ORIENTED_EDGE('',*,*,#545,.F.);
#1720 = ORIENTED_EDGE('',*,*,#1721,.T.);
#1721 = EDGE_CURVE('',#546,#1722,#1724,.T.);
#1722 = VERTEX_POINT('',#1723);
#1723 = CARTESIAN_POINT('',(15.,35.,5.06195));
#1724 = LINE('',#1725,#1726);
#1725 = CARTESIAN_POINT('',(15.,2.25E-15,5.06195));
#1726 = VECTOR('',#1727,1.);
#1727 = DIRECTION('',(0.,1.,-4.4E-16));
#1728 = ORIENTED_EDGE('',*,*,#1729,.T.);
#1729 = EDGE_CURVE('',#1722,#1730,#1732,.T.);
#1730 = VERTEX_POINT('',#1731);
#1731 = CARTESIAN_POINT('',(15.,35.,-9.73805));
#1732 = LINE('',#1733,#1734);
#1733 = CARTESIAN_POINT('',(15.,35.,5.06195));
#1734 = VECTOR('',#1735,1.);
#1735 = DIRECTION('',(0.,0.,-1.));
#1736 = ORIENTED_EDGE('',*,*,#1737,.F.);
#1737 = EDGE_CURVE('',#570,#1730,#1738,.T.);
#1738 = LINE('',#1739,#1740);
#1739 = CARTESIAN_POINT('',(15.,-4.32E-15,-9.73805));
#1740 = VECTOR('',#1741,1.);
#1741 = DIRECTION('',(0.,1.,-4.4E-16));
#1742 = PLANE('',#1743);
#1743 = AXIS2_PLACEMENT_3D('',#1744,#1745,#1746);
#1744 = CARTESIAN_POINT('',(15.,-6.45E-15,-14.5170668019));
#1745 = DIRECTION('',(1.,0.,0.));
#1746 = DIRECTION('',(0.,4.4E-16,1.));
#1747 = ADVANCED_FACE('',(#1748),#1766,.F.);
#1748 = FACE_BOUND('',#1749,.F.);
#1749 = EDGE_LOOP('',(#1750,#1758,#1764,#1765));
#1750 = ORIENTED_EDGE('',*,*,#1751,.T.);
#1751 = EDGE_CURVE('',#554,#1752,#1754,.T.);
#1752 = VERTEX_POINT('',#1753);
#1753 = CARTESIAN_POINT('',(17.,35.,5.06195));
#1754 = LINE('',#1755,#1756);
#1755 = CARTESIAN_POINT('',(17.,2.25E-15,5.06195));
#1756 = VECTOR('',#1757,1.);
#1757 = DIRECTION('',(0.,1.,-4.4E-16));
#1758 = ORIENTED_EDGE('',*,*,#1759,.T.);
#1759 = EDGE_CURVE('',#1752,#1722,#1760,.T.);
#1760 = LINE('',#1761,#1762);
#1761 = CARTESIAN_POINT('',(17.,35.,5.06195));
#1762 = VECTOR('',#1763,1.);
#1763 = DIRECTION('',(-1.,0.,0.));
#1764 = ORIENTED_EDGE('',*,*,#1721,.F.);
#1765 = ORIENTED_EDGE('',*,*,#553,.F.);
#1766 = PLANE('',#1767);
#1767 = AXIS2_PLACEMENT_3D('',#1768,#1769,#1770);
#1768 = CARTESIAN_POINT('',(17.,2.25E-15,5.06195));
#1769 = DIRECTION('',(0.,4.4E-16,1.));
#1770 = DIRECTION('',(-1.,0.,0.));
#1771 = ADVANCED_FACE('',(#1772),#1790,.F.);
#1772 = FACE_BOUND('',#1773,.F.);
#1773 = EDGE_LOOP('',(#1774,#1775,#1783,#1789));
#1774 = ORIENTED_EDGE('',*,*,#1737,.T.);
#1775 = ORIENTED_EDGE('',*,*,#1776,.T.);
#1776 = EDGE_CURVE('',#1730,#1777,#1779,.T.);
#1777 = VERTEX_POINT('',#1778);
#1778 = CARTESIAN_POINT('',(17.,35.,-9.73805));
#1779 = LINE('',#1780,#1781);
#1780 = CARTESIAN_POINT('',(15.,35.,-9.73805));
#1781 = VECTOR('',#1782,1.);
#1782 = DIRECTION('',(1.,0.,0.));
#1783 = ORIENTED_EDGE('',*,*,#1784,.F.);
#1784 = EDGE_CURVE('',#562,#1777,#1785,.T.);
#1785 = LINE('',#1786,#1787);
#1786 = CARTESIAN_POINT('',(17.,-4.32E-15,-9.73805));
#1787 = VECTOR('',#1788,1.);
#1788 = DIRECTION('',(0.,1.,-4.4E-16));
#1789 = ORIENTED_EDGE('',*,*,#569,.F.);
#1790 = PLANE('',#1791);
#1791 = AXIS2_PLACEMENT_3D('',#1792,#1793,#1794);
#1792 = CARTESIAN_POINT('',(15.,-4.32E-15,-9.73805));
#1793 = DIRECTION('',(0.,-4.4E-16,-1.));
#1794 = DIRECTION('',(1.,0.,0.));
#1795 = ADVANCED_FACE('',(#1796,#1807),#1841,.F.);
#1796 = FACE_BOUND('',#1797,.F.);
#1797 = EDGE_LOOP('',(#1798,#1799,#1805,#1806));
#1798 = ORIENTED_EDGE('',*,*,#1784,.T.);
#1799 = ORIENTED_EDGE('',*,*,#1800,.T.);
#1800 = EDGE_CURVE('',#1777,#1752,#1801,.T.);
#1801 = LINE('',#1802,#1803);
#1802 = CARTESIAN_POINT('',(17.,35.,-9.73805));
#1803 = VECTOR('',#1804,1.);
#1804 = DIRECTION('',(0.,0.,1.));
#1805 = ORIENTED_EDGE('',*,*,#1751,.F.);
#1806 = ORIENTED_EDGE('',*,*,#561,.F.);
#1807 = FACE_BOUND('',#1808,.F.);
#1808 = EDGE_LOOP('',(#1809,#1819,#1827,#1835));
#1809 = ORIENTED_EDGE('',*,*,#1810,.T.);
#1810 = EDGE_CURVE('',#1811,#1813,#1815,.T.);
#1811 = VERTEX_POINT('',#1812);
#1812 = CARTESIAN_POINT('',(17.,27.75,1.26195));
#1813 = VERTEX_POINT('',#1814);
#1814 = CARTESIAN_POINT('',(17.,27.75,-5.93805));
#1815 = LINE('',#1816,#1817);
#1816 = CARTESIAN_POINT('',(17.,27.75,-7.83805));
#1817 = VECTOR('',#1818,1.);
#1818 = DIRECTION('',(0.,-2.2E-16,-1.));
#1819 = ORIENTED_EDGE('',*,*,#1820,.T.);
#1820 = EDGE_CURVE('',#1813,#1821,#1823,.T.);
#1821 = VERTEX_POINT('',#1822);
#1822 = CARTESIAN_POINT('',(17.,7.25,-5.93805));
#1823 = LINE('',#1824,#1825);
#1824 = CARTESIAN_POINT('',(17.,3.625,-5.93805));
#1825 = VECTOR('',#1826,1.);
#1826 = DIRECTION('',(0.,-1.,2.2E-16));
#1827 = ORIENTED_EDGE('',*,*,#1828,.T.);
#1828 = EDGE_CURVE('',#1821,#1829,#1831,.T.);
#1829 = VERTEX_POINT('',#1830);
#1830 = CARTESIAN_POINT('',(17.,7.25,1.26195));
#1831 = LINE('',#1832,#1833);
#1832 = CARTESIAN_POINT('',(17.,7.25,-4.23805));
#1833 = VECTOR('',#1834,1.);
#1834 = DIRECTION('',(0.,2.2E-16,1.));
#1835 = ORIENTED_EDGE('',*,*,#1836,.T.);
#1836 = EDGE_CURVE('',#1829,#1811,#1837,.T.);
#1837 = LINE('',#1838,#1839);
#1838 = CARTESIAN_POINT('',(17.,13.875,1.26195));
#1839 = VECTOR('',#1840,1.);
#1840 = DIRECTION('',(0.,1.,-2.2E-16));
#1841 = PLANE('',#1842);
#1842 = AXIS2_PLACEMENT_3D('',#1843,#1844,#1845);
#1843 = CARTESIAN_POINT('',(17.,-4.32E-15,-9.73805));
#1844 = DIRECTION('',(1.,0.,0.));
#1845 = DIRECTION('',(0.,4.4E-16,1.));
#1846 = ADVANCED_FACE('',(#1847),#1866,.F.);
#1847 = FACE_BOUND('',#1848,.F.);
#1848 = EDGE_LOOP('',(#1849,#1857,#1864,#1865));
#1849 = ORIENTED_EDGE('',*,*,#1850,.T.);
#1850 = EDGE_CURVE('',#594,#1851,#1853,.T.);
#1851 = VERTEX_POINT('',#1852);
#1852 = CARTESIAN_POINT('',(-15.9,4.,-12.3));
#1853 = LINE('',#1854,#1855);
#1854 = CARTESIAN_POINT('',(-15.9,-5.46E-15,-12.3));
#1855 = VECTOR('',#1856,1.);
#1856 = DIRECTION('',(0.,1.,-4.4E-16));
#1857 = ORIENTED_EDGE('',*,*,#1858,.T.);
#1858 = EDGE_CURVE('',#1851,#1851,#1859,.T.);
#1859 = CIRCLE('',#1860,1.6);
#1860 = AXIS2_PLACEMENT_3D('',#1861,#1862,#1863);
#1861 = CARTESIAN_POINT('',(-17.5,4.,-12.3));
#1862 = DIRECTION('',(0.,-1.,0.));
#1863 = DIRECTION('',(1.,0.,0.));
#1864 = ORIENTED_EDGE('',*,*,#1850,.F.);
#1865 = ORIENTED_EDGE('',*,*,#593,.F.);
#1866 = CYLINDRICAL_SURFACE('',#1867,1.6);
#1867 = AXIS2_PLACEMENT_3D('',#1868,#1869,#1870);
#1868 = CARTESIAN_POINT('',(-17.5,-5.46E-15,-12.3));
#1869 = DIRECTION('',(0.,-1.,4.4E-16));
#1870 = DIRECTION('',(1.,0.,0.));
#1871 = ADVANCED_FACE('',(#1872),#1891,.F.);
#1872 = FACE_BOUND('',#1873,.F.);
#1873 = EDGE_LOOP('',(#1874,#1882,#1889,#1890));
#1874 = ORIENTED_EDGE('',*,*,#1875,.T.);
#1875 = EDGE_CURVE('',#605,#1876,#1878,.T.);
#1876 = VERTEX_POINT('',#1877);
#1877 = CARTESIAN_POINT('',(-15.9,4.,8.1));
#1878 = LINE('',#1879,#1880);
#1879 = CARTESIAN_POINT('',(-15.9,3.6E-15,8.1));
#1880 = VECTOR('',#1881,1.);
#1881 = DIRECTION('',(0.,1.,-4.4E-16));
#1882 = ORIENTED_EDGE('',*,*,#1883,.T.);
#1883 = EDGE_CURVE('',#1876,#1876,#1884,.T.);
#1884 = CIRCLE('',#1885,1.6);
#1885 = AXIS2_PLACEMENT_3D('',#1886,#1887,#1888);
#1886 = CARTESIAN_POINT('',(-17.5,4.,8.1));
#1887 = DIRECTION('',(0.,-1.,0.));
#1888 = DIRECTION('',(1.,0.,0.));
#1889 = ORIENTED_EDGE('',*,*,#1875,.F.);
#1890 = ORIENTED_EDGE('',*,*,#604,.F.);
#1891 = CYLINDRICAL_SURFACE('',#1892,1.6);
#1892 = AXIS2_PLACEMENT_3D('',#1893,#1894,#1895);
#1893 = CARTESIAN_POINT('',(-17.5,3.6E-15,8.1));
#1894 = DIRECTION('',(0.,-1.,4.4E-16));
#1895 = DIRECTION('',(1.,0.,0.));
#1896 = ADVANCED_FACE('',(#1897),#1926,.T.);
#1897 = FACE_BOUND('',#1898,.T.);
#1898 = EDGE_LOOP('',(#1899,#1908,#1909,#1910,#1911,#1920));
#1899 = ORIENTED_EDGE('',*,*,#1900,.F.);
#1900 = EDGE_CURVE('',#963,#1901,#1903,.T.);
#1901 = VERTEX_POINT('',#1902);
#1902 = CARTESIAN_POINT('',(20.2,29.5,-5.83805));
#1903 = CIRCLE('',#1904,1.5);
#1904 = AXIS2_PLACEMENT_3D('',#1905,#1906,#1907);
#1905 = CARTESIAN_POINT('',(20.2,28.,-5.83805));
#1906 = DIRECTION('',(1.,0.,-2.2E-16));
#1907 = DIRECTION('',(2.2E-16,4.4E-16,1.));
#1908 = ORIENTED_EDGE('',*,*,#962,.T.);
#1909 = ORIENTED_EDGE('',*,*,#697,.T.);
#1910 = ORIENTED_EDGE('',*,*,#1202,.F.);
#1911 = ORIENTED_EDGE('',*,*,#1912,.F.);
#1912 = EDGE_CURVE('',#1913,#1195,#1915,.T.);
#1913 = VERTEX_POINT('',#1914);
#1914 = CARTESIAN_POINT('',(20.2,29.5,1.16195));
#1915 = CIRCLE('',#1916,1.5);
#1916 = AXIS2_PLACEMENT_3D('',#1917,#1918,#1919);
#1917 = CARTESIAN_POINT('',(20.2,28.,1.16195));
#1918 = DIRECTION('',(1.,0.,-2.2E-16));
#1919 = DIRECTION('',(2.2E-16,4.4E-16,1.));
#1920 = ORIENTED_EDGE('',*,*,#1921,.T.);
#1921 = EDGE_CURVE('',#1913,#1901,#1922,.T.);
#1922 = LINE('',#1923,#1924);
#1923 = CARTESIAN_POINT('',(20.2,29.5,-6.58805));
#1924 = VECTOR('',#1925,1.);
#1925 = DIRECTION('',(0.,-4.4E-16,-1.));
#1926 = PLANE('',#1927);
#1927 = AXIS2_PLACEMENT_3D('',#1928,#1929,#1930);
#1928 = CARTESIAN_POINT('',(20.2,4.,-7.33805));
#1929 = DIRECTION('',(1.,0.,0.));
#1930 = DIRECTION('',(0.,4.4E-16,1.));
#1931 = ADVANCED_FACE('',(#1932),#1943,.F.);
#1932 = FACE_BOUND('',#1933,.F.);
#1933 = EDGE_LOOP('',(#1934,#1935,#1941,#1942));
#1934 = ORIENTED_EDGE('',*,*,#1209,.T.);
#1935 = ORIENTED_EDGE('',*,*,#1936,.T.);
#1936 = EDGE_CURVE('',#1184,#1070,#1937,.T.);
#1937 = LINE('',#1938,#1939);
#1938 = CARTESIAN_POINT('',(19.947740726266,29.,4.853086011909));
#1939 = VECTOR('',#1940,1.);
#1940 = DIRECTION('',(0.973838227515,1.E-16,0.227242396198));
#1941 = ORIENTED_EDGE('',*,*,#1077,.F.);
#1942 = ORIENTED_EDGE('',*,*,#714,.F.);
#1943 = CYLINDRICAL_SURFACE('',#1944,2.);
#1944 = AXIS2_PLACEMENT_3D('',#1945,#1946,#1947);
#1945 = CARTESIAN_POINT('',(20.402225518662,29.,2.905409556879));
#1946 = DIRECTION('',(0.973838227515,1.E-16,0.227242396198));
#1947 = DIRECTION('',(7.142314509805E-18,1.,-4.706668328271E-16));
#1948 = ADVANCED_FACE('',(#1949),#1974,.T.);
#1949 = FACE_BOUND('',#1950,.T.);
#1950 = EDGE_LOOP('',(#1951,#1959,#1967,#1973));
#1951 = ORIENTED_EDGE('',*,*,#1952,.T.);
#1952 = EDGE_CURVE('',#863,#1953,#1955,.T.);
#1953 = VERTEX_POINT('',#1954);
#1954 = CARTESIAN_POINT('',(-8.777126,35.5,-14.084385));
#1955 = LINE('',#1956,#1957);
#1956 = CARTESIAN_POINT('',(-8.777126,37.,-14.084385));
#1957 = VECTOR('',#1958,1.);
#1958 = DIRECTION('',(0.,-1.,4.4E-16));
#1959 = ORIENTED_EDGE('',*,*,#1960,.T.);
#1960 = EDGE_CURVE('',#1953,#1961,#1963,.T.);
#1961 = VERTEX_POINT('',#1962);
#1962 = CARTESIAN_POINT('',(-8.777126,35.5,-8.438500000001E-02));
#1963 = LINE('',#1964,#1965);
#1964 = CARTESIAN_POINT('',(-8.777126,35.5,-14.084385));
#1965 = VECTOR('',#1966,1.);
#1966 = DIRECTION('',(0.,0.,1.));
#1967 = ORIENTED_EDGE('',*,*,#1968,.F.);
#1968 = EDGE_CURVE('',#865,#1961,#1969,.T.);
#1969 = LINE('',#1970,#1971);
#1970 = CARTESIAN_POINT('',(-8.777126,37.,-8.438500000002E-02));
#1971 = VECTOR('',#1972,1.);
#1972 = DIRECTION('',(0.,-1.,4.4E-16));
#1973 = ORIENTED_EDGE('',*,*,#862,.F.);
#1974 = PLANE('',#1975);
#1975 = AXIS2_PLACEMENT_3D('',#1976,#1977,#1978);
#1976 = CARTESIAN_POINT('',(-8.777126,37.,-14.084385));
#1977 = DIRECTION('',(-1.,0.,0.));
#1978 = DIRECTION('',(0.,4.4E-16,1.));
#1979 = ADVANCED_FACE('',(#1980),#1998,.T.);
#1980 = FACE_BOUND('',#1981,.T.);
#1981 = EDGE_LOOP('',(#1982,#1983,#1991,#1997));
#1982 = ORIENTED_EDGE('',*,*,#1968,.T.);
#1983 = ORIENTED_EDGE('',*,*,#1984,.T.);
#1984 = EDGE_CURVE('',#1961,#1985,#1987,.T.);
#1985 = VERTEX_POINT('',#1986);
#1986 = CARTESIAN_POINT('',(-14.277126,35.5,-8.438500000001E-02));
#1987 = LINE('',#1988,#1989);
#1988 = CARTESIAN_POINT('',(-8.777126,35.5,-8.4385E-02));
#1989 = VECTOR('',#1990,1.);
#1990 = DIRECTION('',(-1.,0.,0.));
#1991 = ORIENTED_EDGE('',*,*,#1992,.F.);
#1992 = EDGE_CURVE('',#873,#1985,#1993,.T.);
#1993 = LINE('',#1994,#1995);
#1994 = CARTESIAN_POINT('',(-14.277126,37.,-8.438500000002E-02));
#1995 = VECTOR('',#1996,1.);
#1996 = DIRECTION('',(0.,-1.,4.4E-16));
#1997 = ORIENTED_EDGE('',*,*,#872,.F.);
#1998 = PLANE('',#1999);
#1999 = AXIS2_PLACEMENT_3D('',#2000,#2001,#2002);
#2000 = CARTESIAN_POINT('',(-8.777126,37.,-8.438500000002E-02));
#2001 = DIRECTION('',(0.,-4.4E-16,-1.));
#2002 = DIRECTION('',(-1.,0.,0.));
#2003 = ADVANCED_FACE('',(#2004),#2022,.T.);
#2004 = FACE_BOUND('',#2005,.T.);
#2005 = EDGE_LOOP('',(#2006,#2007,#2015,#2021));
#2006 = ORIENTED_EDGE('',*,*,#1992,.T.);
#2007 = ORIENTED_EDGE('',*,*,#2008,.T.);
#2008 = EDGE_CURVE('',#1985,#2009,#2011,.T.);
#2009 = VERTEX_POINT('',#2010);
#2010 = CARTESIAN_POINT('',(-14.277126,35.5,-14.084385));
#2011 = LINE('',#2012,#2013);
#2012 = CARTESIAN_POINT('',(-14.277126,35.5,-8.4385E-02));
#2013 = VECTOR('',#2014,1.);
#2014 = DIRECTION('',(0.,0.,-1.));
#2015 = ORIENTED_EDGE('',*,*,#2016,.F.);
#2016 = EDGE_CURVE('',#881,#2009,#2017,.T.);
#2017 = LINE('',#2018,#2019);
#2018 = CARTESIAN_POINT('',(-14.277126,37.,-14.084385));
#2019 = VECTOR('',#2020,1.);
#2020 = DIRECTION('',(0.,-1.,4.4E-16));
#2021 = ORIENTED_EDGE('',*,*,#880,.F.);
#2022 = PLANE('',#2023);
#2023 = AXIS2_PLACEMENT_3D('',#2024,#2025,#2026);
#2024 = CARTESIAN_POINT('',(-14.277126,37.,-8.438500000002E-02));
#2025 = DIRECTION('',(1.,0.,0.));
#2026 = DIRECTION('',(0.,-4.4E-16,-1.));
#2027 = ADVANCED_FACE('',(#2028),#2039,.T.);
#2028 = FACE_BOUND('',#2029,.T.);
#2029 = EDGE_LOOP('',(#2030,#2031,#2037,#2038));
#2030 = ORIENTED_EDGE('',*,*,#2016,.T.);
#2031 = ORIENTED_EDGE('',*,*,#2032,.T.);
#2032 = EDGE_CURVE('',#2009,#1953,#2033,.T.);
#2033 = LINE('',#2034,#2035);
#2034 = CARTESIAN_POINT('',(-14.277126,35.5,-14.084385));
#2035 = VECTOR('',#2036,1.);
#2036 = DIRECTION('',(1.,0.,0.));
#2037 = ORIENTED_EDGE('',*,*,#1952,.F.);
#2038 = ORIENTED_EDGE('',*,*,#888,.F.);
#2039 = PLANE('',#2040);
#2040 = AXIS2_PLACEMENT_3D('',#2041,#2042,#2043);
#2041 = CARTESIAN_POINT('',(-14.277126,37.,-14.084385));
#2042 = DIRECTION('',(0.,4.4E-16,1.));
#2043 = DIRECTION('',(1.,0.,0.));
#2044 = ADVANCED_FACE('',(#2045),#2064,.F.);
#2045 = FACE_BOUND('',#2046,.T.);
#2046 = EDGE_LOOP('',(#2047,#2055,#2062,#2063));
#2047 = ORIENTED_EDGE('',*,*,#2048,.T.);
#2048 = EDGE_CURVE('',#897,#2049,#2051,.T.);
#2049 = VERTEX_POINT('',#2050);
#2050 = CARTESIAN_POINT('',(12.831215,35.5,-9.250642));
#2051 = LINE('',#2052,#2053);
#2052 = CARTESIAN_POINT('',(12.831215,37.,-9.250642));
#2053 = VECTOR('',#2054,1.);
#2054 = DIRECTION('',(0.,-1.,4.4E-16));
#2055 = ORIENTED_EDGE('',*,*,#2056,.T.);
#2056 = EDGE_CURVE('',#2049,#2049,#2057,.T.);
#2057 = CIRCLE('',#2058,3.5);
#2058 = AXIS2_PLACEMENT_3D('',#2059,#2060,#2061);
#2059 = CARTESIAN_POINT('',(9.331215,35.5,-9.250642));
#2060 = DIRECTION('',(0.,-1.,0.));
#2061 = DIRECTION('',(1.,0.,0.));
#2062 = ORIENTED_EDGE('',*,*,#2048,.F.);
#2063 = ORIENTED_EDGE('',*,*,#896,.F.);
#2064 = CYLINDRICAL_SURFACE('',#2065,3.5);
#2065 = AXIS2_PLACEMENT_3D('',#2066,#2067,#2068);
#2066 = CARTESIAN_POINT('',(9.331215,37.,-9.250642));
#2067 = DIRECTION('',(0.,1.,-4.4E-16));
#2068 = DIRECTION('',(1.,0.,0.));
#2069 = ADVANCED_FACE('',(#2070),#2095,.F.);
#2070 = FACE_BOUND('',#2071,.F.);
#2071 = EDGE_LOOP('',(#2072,#2073,#2081,#2089));
#2072 = ORIENTED_EDGE('',*,*,#970,.F.);
#2073 = ORIENTED_EDGE('',*,*,#2074,.T.);
#2074 = EDGE_CURVE('',#971,#2075,#2077,.T.);
#2075 = VERTEX_POINT('',#2076);
#2076 = CARTESIAN_POINT('',(19.75,7.,-7.33805));
#2077 = LINE('',#2078,#2079);
#2078 = CARTESIAN_POINT('',(21.,7.,-7.33805));
#2079 = VECTOR('',#2080,1.);
#2080 = DIRECTION('',(-1.,0.,2.2E-16));
#2081 = ORIENTED_EDGE('',*,*,#2082,.T.);
#2082 = EDGE_CURVE('',#2075,#2083,#2085,.T.);
#2083 = VERTEX_POINT('',#2084);
#2084 = CARTESIAN_POINT('',(19.75,28.,-7.33805));
#2085 = LINE('',#2086,#2087);
#2086 = CARTESIAN_POINT('',(19.75,7.,-7.33805));
#2087 = VECTOR('',#2088,1.);
#2088 = DIRECTION('',(0.,1.,0.));
#2089 = ORIENTED_EDGE('',*,*,#2090,.F.);
#2090 = EDGE_CURVE('',#963,#2083,#2091,.T.);
#2091 = LINE('',#2092,#2093);
#2092 = CARTESIAN_POINT('',(21.,28.,-7.33805));
#2093 = VECTOR('',#2094,1.);
#2094 = DIRECTION('',(-1.,0.,2.2E-16));
#2095 = PLANE('',#2096);
#2096 = AXIS2_PLACEMENT_3D('',#2097,#2098,#2099);
#2097 = CARTESIAN_POINT('',(21.,7.,-7.33805));
#2098 = DIRECTION('',(-2.2E-16,-2.2E-16,-1.));
#2099 = DIRECTION('',(0.,1.,-2.2E-16));
#2100 = ADVANCED_FACE('',(#2101),#2107,.T.);
#2101 = FACE_BOUND('',#2102,.T.);
#2102 = EDGE_LOOP('',(#2103,#2104,#2105,#2106));
#2103 = ORIENTED_EDGE('',*,*,#1183,.T.);
#2104 = ORIENTED_EDGE('',*,*,#1936,.T.);
#2105 = ORIENTED_EDGE('',*,*,#1069,.F.);
#2106 = ORIENTED_EDGE('',*,*,#1167,.F.);
#2107 = PLANE('',#2108);
#2108 = AXIS2_PLACEMENT_3D('',#2109,#2110,#2111);
#2109 = CARTESIAN_POINT('',(19.947740726266,4.,4.853086011909));
#2110 = DIRECTION('',(0.227242396198,-4.3E-16,-0.973838227515));
#2111 = DIRECTION('',(0.973838227515,1.E-16,0.227242396198));
#2112 = ADVANCED_FACE('',(#2113),#2131,.F.);
#2113 = FACE_BOUND('',#2114,.T.);
#2114 = EDGE_LOOP('',(#2115,#2123,#2129,#2130));
#2115 = ORIENTED_EDGE('',*,*,#2116,.F.);
#2116 = EDGE_CURVE('',#2117,#1438,#2119,.T.);
#2117 = VERTEX_POINT('',#2118);
#2118 = CARTESIAN_POINT('',(19.152101015272,12.,9.256654549671));
#2119 = LINE('',#2120,#2121);
#2120 = CARTESIAN_POINT('',(19.171026008663,11.979559414632,
    9.271176207847));
#2121 = VECTOR('',#2122,1.);
#2122 = DIRECTION('',(0.602434510171,-0.650679964804,0.462264258144));
#2123 = ORIENTED_EDGE('',*,*,#2124,.T.);
#2124 = EDGE_CURVE('',#2117,#1013,#2125,.T.);
#2125 = LINE('',#2126,#2127);
#2126 = CARTESIAN_POINT('',(19.711957298088,12.,9.0364713164));
#2127 = VECTOR('',#2128,1.);
#2128 = DIRECTION('',(-0.930615831704,1.6E-16,0.365997505157));
#2129 = ORIENTED_EDGE('',*,*,#1012,.T.);
#2130 = ORIENTED_EDGE('',*,*,#1478,.F.);
#2131 = PLANE('',#2132);
#2132 = AXIS2_PLACEMENT_3D('',#2133,#2134,#2135);
#2133 = CARTESIAN_POINT('',(19.894956050666,11.5,9.501779232252));
#2134 = DIRECTION('',(-0.258799317794,-0.707106781187,-0.658044765278));
#2135 = DIRECTION('',(0.930615831704,-1.665334536938E-16,-0.365997505157
    ));
#2136 = ADVANCED_FACE('',(#2137),#2147,.T.);
#2137 = FACE_BOUND('',#2138,.F.);
#2138 = EDGE_LOOP('',(#2139,#2140,#2146));
#2139 = ORIENTED_EDGE('',*,*,#1021,.T.);
#2140 = ORIENTED_EDGE('',*,*,#2141,.T.);
#2141 = EDGE_CURVE('',#1022,#2117,#2142,.T.);
#2142 = LINE('',#2143,#2144);
#2143 = CARTESIAN_POINT('',(19.576350932586,12.,5.515053911697));
#2144 = VECTOR('',#2145,1.);
#2145 = DIRECTION('',(-0.11266534167,4.4E-16,0.993632990991));
#2146 = ORIENTED_EDGE('',*,*,#2124,.T.);
#2147 = PLANE('',#2148);
#2148 = AXIS2_PLACEMENT_3D('',#2149,#2150,#2151);
#2149 = CARTESIAN_POINT('',(18.920279096978,12.,-2.33805));
#2150 = DIRECTION('',(0.,1.,0.));
#2151 = DIRECTION('',(0.,0.,-1.));
#2152 = ADVANCED_FACE('',(#2153),#2159,.F.);
#2153 = FACE_BOUND('',#2154,.F.);
#2154 = EDGE_LOOP('',(#2155,#2156,#2157,#2158));
#2155 = ORIENTED_EDGE('',*,*,#1030,.F.);
#2156 = ORIENTED_EDGE('',*,*,#1437,.T.);
#2157 = ORIENTED_EDGE('',*,*,#2116,.F.);
#2158 = ORIENTED_EDGE('',*,*,#2141,.F.);
#2159 = PLANE('',#2160);
#2160 = AXIS2_PLACEMENT_3D('',#2161,#2162,#2163);
#2161 = CARTESIAN_POINT('',(20.073167428082,11.5,5.571386582532));
#2162 = DIRECTION('',(-0.702604625941,-0.707106781187,-7.96664270993E-02
    ));
#2163 = DIRECTION('',(-0.11266534167,2.428612866368E-16,0.993632990991)
  );
#2164 = ADVANCED_FACE('',(#2165),#2191,.F.);
#2165 = FACE_BOUND('',#2166,.F.);
#2166 = EDGE_LOOP('',(#2167,#2168,#2176,#2185));
#2167 = ORIENTED_EDGE('',*,*,#1123,.F.);
#2168 = ORIENTED_EDGE('',*,*,#2169,.T.);
#2169 = EDGE_CURVE('',#1124,#2170,#2172,.T.);
#2170 = VERTEX_POINT('',#2171);
#2171 = CARTESIAN_POINT('',(19.75,7.,2.66195));
#2172 = LINE('',#2173,#2174);
#2173 = CARTESIAN_POINT('',(21.,7.,2.66195));
#2174 = VECTOR('',#2175,1.);
#2175 = DIRECTION('',(-1.,0.,2.2E-16));
#2176 = ORIENTED_EDGE('',*,*,#2177,.T.);
#2177 = EDGE_CURVE('',#2170,#2178,#2180,.T.);
#2178 = VERTEX_POINT('',#2179);
#2179 = CARTESIAN_POINT('',(19.75,5.5,1.16195));
#2180 = CIRCLE('',#2181,1.5);
#2181 = AXIS2_PLACEMENT_3D('',#2182,#2183,#2184);
#2182 = CARTESIAN_POINT('',(19.75,7.,1.16195));
#2183 = DIRECTION('',(1.,0.,-0.));
#2184 = DIRECTION('',(0.,0.,1.));
#2185 = ORIENTED_EDGE('',*,*,#2186,.F.);
#2186 = EDGE_CURVE('',#1116,#2178,#2187,.T.);
#2187 = LINE('',#2188,#2189);
#2188 = CARTESIAN_POINT('',(21.,5.5,1.16195));
#2189 = VECTOR('',#2190,1.);
#2190 = DIRECTION('',(-1.,0.,2.2E-16));
#2191 = CYLINDRICAL_SURFACE('',#2192,1.5);
#2192 = AXIS2_PLACEMENT_3D('',#2193,#2194,#2195);
#2193 = CARTESIAN_POINT('',(21.,7.,1.16195));
#2194 = DIRECTION('',(1.,0.,-2.2E-16));
#2195 = DIRECTION('',(2.2E-16,2.2E-16,1.));
#2196 = ADVANCED_FACE('',(#2197),#2215,.F.);
#2197 = FACE_BOUND('',#2198,.F.);
#2198 = EDGE_LOOP('',(#2199,#2200,#2201,#2209));
#2199 = ORIENTED_EDGE('',*,*,#1115,.T.);
#2200 = ORIENTED_EDGE('',*,*,#2186,.T.);
#2201 = ORIENTED_EDGE('',*,*,#2202,.T.);
#2202 = EDGE_CURVE('',#2178,#2203,#2205,.T.);
#2203 = VERTEX_POINT('',#2204);
#2204 = CARTESIAN_POINT('',(19.75,5.5,-5.83805));
#2205 = LINE('',#2206,#2207);
#2206 = CARTESIAN_POINT('',(19.75,5.5,1.16195));
#2207 = VECTOR('',#2208,1.);
#2208 = DIRECTION('',(0.,0.,-1.));
#2209 = ORIENTED_EDGE('',*,*,#2210,.F.);
#2210 = EDGE_CURVE('',#1107,#2203,#2211,.T.);
#2211 = LINE('',#2212,#2213);
#2212 = CARTESIAN_POINT('',(21.,5.5,-5.83805));
#2213 = VECTOR('',#2214,1.);
#2214 = DIRECTION('',(-1.,0.,2.2E-16));
#2215 = PLANE('',#2216);
#2216 = AXIS2_PLACEMENT_3D('',#2217,#2218,#2219);
#2217 = CARTESIAN_POINT('',(21.,5.5,1.16195));
#2218 = DIRECTION('',(0.,-1.,2.2E-16));
#2219 = DIRECTION('',(-2.2E-16,-2.2E-16,-1.));
#2220 = ADVANCED_FACE('',(#2221),#2233,.F.);
#2221 = FACE_BOUND('',#2222,.F.);
#2222 = EDGE_LOOP('',(#2223,#2224,#2225,#2232));
#2223 = ORIENTED_EDGE('',*,*,#1106,.F.);
#2224 = ORIENTED_EDGE('',*,*,#2210,.T.);
#2225 = ORIENTED_EDGE('',*,*,#2226,.T.);
#2226 = EDGE_CURVE('',#2203,#2075,#2227,.T.);
#2227 = CIRCLE('',#2228,1.5);
#2228 = AXIS2_PLACEMENT_3D('',#2229,#2230,#2231);
#2229 = CARTESIAN_POINT('',(19.75,7.,-5.83805));
#2230 = DIRECTION('',(1.,0.,-0.));
#2231 = DIRECTION('',(0.,0.,1.));
#2232 = ORIENTED_EDGE('',*,*,#2074,.F.);
#2233 = CYLINDRICAL_SURFACE('',#2234,1.5);
#2234 = AXIS2_PLACEMENT_3D('',#2235,#2236,#2237);
#2235 = CARTESIAN_POINT('',(21.,7.,-5.83805));
#2236 = DIRECTION('',(1.,0.,-2.2E-16));
#2237 = DIRECTION('',(2.2E-16,2.2E-16,1.));
#2238 = ADVANCED_FACE('',(#2239),#2257,.F.);
#2239 = FACE_BOUND('',#2240,.F.);
#2240 = EDGE_LOOP('',(#2241,#2242,#2250,#2256));
#2241 = ORIENTED_EDGE('',*,*,#1194,.T.);
#2242 = ORIENTED_EDGE('',*,*,#2243,.T.);
#2243 = EDGE_CURVE('',#1195,#2244,#2246,.T.);
#2244 = VERTEX_POINT('',#2245);
#2245 = CARTESIAN_POINT('',(19.75,28.,2.66195));
#2246 = LINE('',#2247,#2248);
#2247 = CARTESIAN_POINT('',(21.,28.,2.66195));
#2248 = VECTOR('',#2249,1.);
#2249 = DIRECTION('',(-1.,0.,2.2E-16));
#2250 = ORIENTED_EDGE('',*,*,#2251,.T.);
#2251 = EDGE_CURVE('',#2244,#2170,#2252,.T.);
#2252 = LINE('',#2253,#2254);
#2253 = CARTESIAN_POINT('',(19.75,28.,2.66195));
#2254 = VECTOR('',#2255,1.);
#2255 = DIRECTION('',(0.,-1.,0.));
#2256 = ORIENTED_EDGE('',*,*,#2169,.F.);
#2257 = PLANE('',#2258);
#2258 = AXIS2_PLACEMENT_3D('',#2259,#2260,#2261);
#2259 = CARTESIAN_POINT('',(21.,28.,2.66195));
#2260 = DIRECTION('',(2.2E-16,2.2E-16,1.));
#2261 = DIRECTION('',(0.,-1.,2.2E-16));
#2262 = ADVANCED_FACE('',(#2263),#2281,.F.);
#2263 = FACE_BOUND('',#2264,.T.);
#2264 = EDGE_LOOP('',(#2265,#2273,#2274,#2275));
#2265 = ORIENTED_EDGE('',*,*,#2266,.F.);
#2266 = EDGE_CURVE('',#1297,#2267,#2269,.T.);
#2267 = VERTEX_POINT('',#2268);
#2268 = CARTESIAN_POINT('',(-19.15210101527,12.,-13.93275454967));
#2269 = LINE('',#2270,#2271);
#2270 = CARTESIAN_POINT('',(-19.17102600866,11.979559414632,
    -13.94727620784));
#2271 = VECTOR('',#2272,1.);
#2272 = DIRECTION('',(0.602434510171,0.650679964804,0.462264258144));
#2273 = ORIENTED_EDGE('',*,*,#1320,.T.);
#2274 = ORIENTED_EDGE('',*,*,#1280,.T.);
#2275 = ORIENTED_EDGE('',*,*,#2276,.F.);
#2276 = EDGE_CURVE('',#2267,#1272,#2277,.T.);
#2277 = LINE('',#2278,#2279);
#2278 = CARTESIAN_POINT('',(-19.08432181225,12.,-14.53052180643));
#2279 = VECTOR('',#2280,1.);
#2280 = DIRECTION('',(-0.11266534167,4.4E-16,0.993632990991));
#2281 = PLANE('',#2282);
#2282 = AXIS2_PLACEMENT_3D('',#2283,#2284,#2285);
#2283 = CARTESIAN_POINT('',(-19.58113830774,11.5,-14.58685447727));
#2284 = DIRECTION('',(0.702604625941,-0.707106781187,7.96664270993E-02)
  );
#2285 = DIRECTION('',(0.11266534167,-3.74700270811E-16,-0.993632990991)
  );
#2286 = ADVANCED_FACE('',(#2287),#2297,.T.);
#2287 = FACE_BOUND('',#2288,.T.);
#2288 = EDGE_LOOP('',(#2289,#2290,#2296));
#2289 = ORIENTED_EDGE('',*,*,#1271,.T.);
#2290 = ORIENTED_EDGE('',*,*,#2291,.T.);
#2291 = EDGE_CURVE('',#1263,#2267,#2292,.T.);
#2292 = LINE('',#2293,#2294);
#2293 = CARTESIAN_POINT('',(-15.64779628587,12.,-15.31094600588));
#2294 = VECTOR('',#2295,1.);
#2295 = DIRECTION('',(-0.930615831704,1.6E-16,0.365997505157));
#2296 = ORIENTED_EDGE('',*,*,#2276,.T.);
#2297 = PLANE('',#2298);
#2298 = AXIS2_PLACEMENT_3D('',#2299,#2300,#2301);
#2299 = CARTESIAN_POINT('',(-18.92027909697,12.,-2.33805));
#2300 = DIRECTION('',(0.,1.,0.));
#2301 = DIRECTION('',(0.,0.,1.));
#2302 = ADVANCED_FACE('',(#2303),#2309,.F.);
#2303 = FACE_BOUND('',#2304,.T.);
#2304 = EDGE_LOOP('',(#2305,#2306,#2307,#2308));
#2305 = ORIENTED_EDGE('',*,*,#1262,.F.);
#2306 = ORIENTED_EDGE('',*,*,#1296,.T.);
#2307 = ORIENTED_EDGE('',*,*,#2266,.T.);
#2308 = ORIENTED_EDGE('',*,*,#2291,.F.);
#2309 = PLANE('',#2310);
#2310 = AXIS2_PLACEMENT_3D('',#2311,#2312,#2313);
#2311 = CARTESIAN_POINT('',(-15.83079503845,11.5,-15.77625392173));
#2312 = DIRECTION('',(0.258799317794,-0.707106781187,0.658044765278));
#2313 = DIRECTION('',(0.930615831704,-8.326672684689E-17,-0.365997505157
    ));
#2314 = ADVANCED_FACE('',(#2315),#2333,.F.);
#2315 = FACE_BOUND('',#2316,.T.);
#2316 = EDGE_LOOP('',(#2317,#2325,#2326,#2327));
#2317 = ORIENTED_EDGE('',*,*,#2318,.F.);
#2318 = EDGE_CURVE('',#1414,#2319,#2321,.T.);
#2319 = VERTEX_POINT('',#2320);
#2320 = CARTESIAN_POINT('',(-19.15210101527,12.,9.256654549671));
#2321 = LINE('',#2322,#2323);
#2322 = CARTESIAN_POINT('',(-19.17102600866,11.979559414632,
    9.271176207847));
#2323 = VECTOR('',#2324,1.);
#2324 = DIRECTION('',(0.602434510171,0.650679964804,-0.462264258144));
#2325 = ORIENTED_EDGE('',*,*,#1461,.T.);
#2326 = ORIENTED_EDGE('',*,*,#1397,.T.);
#2327 = ORIENTED_EDGE('',*,*,#2328,.F.);
#2328 = EDGE_CURVE('',#2319,#1389,#2329,.T.);
#2329 = LINE('',#2330,#2331);
#2330 = CARTESIAN_POINT('',(-19.71195729808,12.,9.0364713164));
#2331 = VECTOR('',#2332,1.);
#2332 = DIRECTION('',(0.930615831704,1.6E-16,0.365997505157));
#2333 = PLANE('',#2334);
#2334 = AXIS2_PLACEMENT_3D('',#2335,#2336,#2337);
#2335 = CARTESIAN_POINT('',(-19.89495605066,11.5,9.501779232252));
#2336 = DIRECTION('',(0.258799317794,-0.707106781187,-0.658044765278));
#2337 = DIRECTION('',(-0.930615831704,-1.665334536938E-16,
    -0.365997505157));
#2338 = ADVANCED_FACE('',(#2339),#2349,.T.);
#2339 = FACE_BOUND('',#2340,.T.);
#2340 = EDGE_LOOP('',(#2341,#2342,#2348));
#2341 = ORIENTED_EDGE('',*,*,#1388,.T.);
#2342 = ORIENTED_EDGE('',*,*,#2343,.T.);
#2343 = EDGE_CURVE('',#1380,#2319,#2344,.T.);
#2344 = LINE('',#2345,#2346);
#2345 = CARTESIAN_POINT('',(-19.57635093258,12.,5.515053911697));
#2346 = VECTOR('',#2347,1.);
#2347 = DIRECTION('',(0.11266534167,4.4E-16,0.993632990991));
#2348 = ORIENTED_EDGE('',*,*,#2328,.T.);
#2349 = PLANE('',#2350);
#2350 = AXIS2_PLACEMENT_3D('',#2351,#2352,#2353);
#2351 = CARTESIAN_POINT('',(-18.92027909697,12.,-2.33805));
#2352 = DIRECTION('',(0.,1.,0.));
#2353 = DIRECTION('',(0.,0.,1.));
#2354 = ADVANCED_FACE('',(#2355),#2361,.F.);
#2355 = FACE_BOUND('',#2356,.T.);
#2356 = EDGE_LOOP('',(#2357,#2358,#2359,#2360));
#2357 = ORIENTED_EDGE('',*,*,#1379,.F.);
#2358 = ORIENTED_EDGE('',*,*,#1413,.T.);
#2359 = ORIENTED_EDGE('',*,*,#2318,.T.);
#2360 = ORIENTED_EDGE('',*,*,#2343,.F.);
#2361 = PLANE('',#2362);
#2362 = AXIS2_PLACEMENT_3D('',#2363,#2364,#2365);
#2363 = CARTESIAN_POINT('',(-20.07316742808,11.5,5.571386582532));
#2364 = DIRECTION('',(0.702604625941,-0.707106781187,-7.96664270993E-02)
  );
#2365 = DIRECTION('',(-0.11266534167,-3.122502256758E-16,-0.993632990991
    ));
#2366 = ADVANCED_FACE('',(#2367),#2393,.T.);
#2367 = FACE_BOUND('',#2368,.T.);
#2368 = EDGE_LOOP('',(#2369,#2370,#2371,#2379,#2387));
#2369 = ORIENTED_EDGE('',*,*,#1539,.T.);
#2370 = ORIENTED_EDGE('',*,*,#1515,.T.);
#2371 = ORIENTED_EDGE('',*,*,#2372,.T.);
#2372 = EDGE_CURVE('',#1508,#2373,#2375,.T.);
#2373 = VERTEX_POINT('',#2374);
#2374 = CARTESIAN_POINT('',(12.35185,6.75,13.7739));
#2375 = LINE('',#2376,#2377);
#2376 = CARTESIAN_POINT('',(12.35185,6.75,11.5739));
#2377 = VECTOR('',#2378,1.);
#2378 = DIRECTION('',(0.,0.,1.));
#2379 = ORIENTED_EDGE('',*,*,#2380,.F.);
#2380 = EDGE_CURVE('',#2381,#2373,#2383,.T.);
#2381 = VERTEX_POINT('',#2382);
#2382 = CARTESIAN_POINT('',(12.35185,-8.25,13.7739));
#2383 = LINE('',#2384,#2385);
#2384 = CARTESIAN_POINT('',(12.35185,-8.25,13.7739));
#2385 = VECTOR('',#2386,1.);
#2386 = DIRECTION('',(0.,1.,-4.4E-16));
#2387 = ORIENTED_EDGE('',*,*,#2388,.F.);
#2388 = EDGE_CURVE('',#1530,#2381,#2389,.T.);
#2389 = LINE('',#2390,#2391);
#2390 = CARTESIAN_POINT('',(12.35185,-8.25,11.5739));
#2391 = VECTOR('',#2392,1.);
#2392 = DIRECTION('',(0.,0.,1.));
#2393 = PLANE('',#2394);
#2394 = AXIS2_PLACEMENT_3D('',#2395,#2396,#2397);
#2395 = CARTESIAN_POINT('',(12.35185,-8.25,11.5739));
#2396 = DIRECTION('',(1.,0.,0.));
#2397 = DIRECTION('',(0.,4.4E-16,1.));
#2398 = ADVANCED_FACE('',(#2399),#2451,.T.);
#2399 = FACE_BOUND('',#2400,.F.);
#2400 = EDGE_LOOP('',(#2401,#2402,#2403,#2411,#2420,#2428,#2437,#2445));
#2401 = ORIENTED_EDGE('',*,*,#1507,.F.);
#2402 = ORIENTED_EDGE('',*,*,#2372,.T.);
#2403 = ORIENTED_EDGE('',*,*,#2404,.T.);
#2404 = EDGE_CURVE('',#2373,#2405,#2407,.T.);
#2405 = VERTEX_POINT('',#2406);
#2406 = CARTESIAN_POINT('',(15.851803644696,6.75,13.7739));
#2407 = LINE('',#2408,#2409);
#2408 = CARTESIAN_POINT('',(12.35185,6.75,13.7739));
#2409 = VECTOR('',#2410,1.);
#2410 = DIRECTION('',(1.,0.,0.));
#2411 = ORIENTED_EDGE('',*,*,#2412,.T.);
#2412 = EDGE_CURVE('',#2405,#2413,#2415,.T.);
#2413 = VERTEX_POINT('',#2414);
#2414 = CARTESIAN_POINT('',(14.621133293627,6.75,15.0739));
#2415 = CIRCLE('',#2416,21.);
#2416 = AXIS2_PLACEMENT_3D('',#2417,#2418,#2419);
#2417 = CARTESIAN_POINT('',(0.,6.75,-5.329070518201E-15));
#2418 = DIRECTION('',(0.,-1.,0.));
#2419 = DIRECTION('',(1.,0.,0.));
#2420 = ORIENTED_EDGE('',*,*,#2421,.T.);
#2421 = EDGE_CURVE('',#2413,#2422,#2424,.T.);
#2422 = VERTEX_POINT('',#2423);
#2423 = CARTESIAN_POINT('',(-14.62113329362,6.75,15.0739));
#2424 = LINE('',#2425,#2426);
#2425 = CARTESIAN_POINT('',(14.621133293627,6.75,15.0739));
#2426 = VECTOR('',#2427,1.);
#2427 = DIRECTION('',(-1.,0.,0.));
#2428 = ORIENTED_EDGE('',*,*,#2429,.T.);
#2429 = EDGE_CURVE('',#2422,#2430,#2432,.T.);
#2430 = VERTEX_POINT('',#2431);
#2431 = CARTESIAN_POINT('',(-15.85180364469,6.75,13.7739));
#2432 = CIRCLE('',#2433,21.);
#2433 = AXIS2_PLACEMENT_3D('',#2434,#2435,#2436);
#2434 = CARTESIAN_POINT('',(0.,6.75,-5.329070518201E-15));
#2435 = DIRECTION('',(0.,-1.,0.));
#2436 = DIRECTION('',(1.,0.,0.));
#2437 = ORIENTED_EDGE('',*,*,#2438,.F.);
#2438 = EDGE_CURVE('',#2439,#2430,#2441,.T.);
#2439 = VERTEX_POINT('',#2440);
#2440 = CARTESIAN_POINT('',(-12.35185,6.75,13.7739));
#2441 = LINE('',#2442,#2443);
#2442 = CARTESIAN_POINT('',(-12.35185,6.75,13.7739));
#2443 = VECTOR('',#2444,1.);
#2444 = DIRECTION('',(-1.,0.,0.));
#2445 = ORIENTED_EDGE('',*,*,#2446,.F.);
#2446 = EDGE_CURVE('',#1500,#2439,#2447,.T.);
#2447 = LINE('',#2448,#2449);
#2448 = CARTESIAN_POINT('',(-12.35185,6.75,11.5739));
#2449 = VECTOR('',#2450,1.);
#2450 = DIRECTION('',(0.,0.,1.));
#2451 = PLANE('',#2452);
#2452 = AXIS2_PLACEMENT_3D('',#2453,#2454,#2455);
#2453 = CARTESIAN_POINT('',(6.65E-15,6.75,13.500893231954));
#2454 = DIRECTION('',(0.,1.,-5.2E-16));
#2455 = DIRECTION('',(0.,5.2E-16,1.));
#2456 = ADVANCED_FACE('',(#2457),#2476,.F.);
#2457 = FACE_BOUND('',#2458,.F.);
#2458 = EDGE_LOOP('',(#2459,#2460,#2461,#2462,#2470));
#2459 = ORIENTED_EDGE('',*,*,#1546,.T.);
#2460 = ORIENTED_EDGE('',*,*,#1499,.T.);
#2461 = ORIENTED_EDGE('',*,*,#2446,.T.);
#2462 = ORIENTED_EDGE('',*,*,#2463,.F.);
#2463 = EDGE_CURVE('',#2464,#2439,#2466,.T.);
#2464 = VERTEX_POINT('',#2465);
#2465 = CARTESIAN_POINT('',(-12.35185,-8.25,13.7739));
#2466 = LINE('',#2467,#2468);
#2467 = CARTESIAN_POINT('',(-12.35185,-8.25,13.7739));
#2468 = VECTOR('',#2469,1.);
#2469 = DIRECTION('',(0.,1.,-4.4E-16));
#2470 = ORIENTED_EDGE('',*,*,#2471,.F.);
#2471 = EDGE_CURVE('',#1532,#2464,#2472,.T.);
#2472 = LINE('',#2473,#2474);
#2473 = CARTESIAN_POINT('',(-12.35185,-8.25,11.5739));
#2474 = VECTOR('',#2475,1.);
#2475 = DIRECTION('',(0.,0.,1.));
#2476 = PLANE('',#2477);
#2477 = AXIS2_PLACEMENT_3D('',#2478,#2479,#2480);
#2478 = CARTESIAN_POINT('',(-12.35185,-8.25,11.5739));
#2479 = DIRECTION('',(1.,0.,0.));
#2480 = DIRECTION('',(0.,4.4E-16,1.));
#2481 = ADVANCED_FACE('',(#2482),#2527,.F.);
#2482 = FACE_BOUND('',#2483,.T.);
#2483 = EDGE_LOOP('',(#2484,#2485,#2486,#2494,#2503,#2511,#2520,#2526));
#2484 = ORIENTED_EDGE('',*,*,#1529,.F.);
#2485 = ORIENTED_EDGE('',*,*,#2388,.T.);
#2486 = ORIENTED_EDGE('',*,*,#2487,.T.);
#2487 = EDGE_CURVE('',#2381,#2488,#2490,.T.);
#2488 = VERTEX_POINT('',#2489);
#2489 = CARTESIAN_POINT('',(15.851803644696,-8.25,13.7739));
#2490 = LINE('',#2491,#2492);
#2491 = CARTESIAN_POINT('',(12.35185,-8.25,13.7739));
#2492 = VECTOR('',#2493,1.);
#2493 = DIRECTION('',(1.,0.,0.));
#2494 = ORIENTED_EDGE('',*,*,#2495,.T.);
#2495 = EDGE_CURVE('',#2488,#2496,#2498,.T.);
#2496 = VERTEX_POINT('',#2497);
#2497 = CARTESIAN_POINT('',(14.621133293627,-8.25,15.0739));
#2498 = CIRCLE('',#2499,21.);
#2499 = AXIS2_PLACEMENT_3D('',#2500,#2501,#2502);
#2500 = CARTESIAN_POINT('',(0.,-8.25,1.7763568394E-15));
#2501 = DIRECTION('',(0.,-1.,0.));
#2502 = DIRECTION('',(1.,0.,0.));
#2503 = ORIENTED_EDGE('',*,*,#2504,.T.);
#2504 = EDGE_CURVE('',#2496,#2505,#2507,.T.);
#2505 = VERTEX_POINT('',#2506);
#2506 = CARTESIAN_POINT('',(-14.62113329362,-8.25,15.0739));
#2507 = LINE('',#2508,#2509);
#2508 = CARTESIAN_POINT('',(14.621133293627,-8.25,15.0739));
#2509 = VECTOR('',#2510,1.);
#2510 = DIRECTION('',(-1.,0.,0.));
#2511 = ORIENTED_EDGE('',*,*,#2512,.T.);
#2512 = EDGE_CURVE('',#2505,#2513,#2515,.T.);
#2513 = VERTEX_POINT('',#2514);
#2514 = CARTESIAN_POINT('',(-15.85180364469,-8.25,13.7739));
#2515 = CIRCLE('',#2516,21.);
#2516 = AXIS2_PLACEMENT_3D('',#2517,#2518,#2519);
#2517 = CARTESIAN_POINT('',(0.,-8.25,1.7763568394E-15));
#2518 = DIRECTION('',(0.,-1.,0.));
#2519 = DIRECTION('',(1.,0.,0.));
#2520 = ORIENTED_EDGE('',*,*,#2521,.F.);
#2521 = EDGE_CURVE('',#2464,#2513,#2522,.T.);
#2522 = LINE('',#2523,#2524);
#2523 = CARTESIAN_POINT('',(-12.35185,-8.25,13.7739));
#2524 = VECTOR('',#2525,1.);
#2525 = DIRECTION('',(-1.,0.,0.));
#2526 = ORIENTED_EDGE('',*,*,#2471,.F.);
#2527 = PLANE('',#2528);
#2528 = AXIS2_PLACEMENT_3D('',#2529,#2530,#2531);
#2529 = CARTESIAN_POINT('',(6.65E-15,-8.25,13.500893231954));
#2530 = DIRECTION('',(0.,1.,-5.2E-16));
#2531 = DIRECTION('',(0.,5.2E-16,1.));
#2532 = ADVANCED_FACE('',(#2533),#2552,.F.);
#2533 = FACE_BOUND('',#2534,.F.);
#2534 = EDGE_LOOP('',(#2535,#2544,#2550,#2551));
#2535 = ORIENTED_EDGE('',*,*,#2536,.F.);
#2536 = EDGE_CURVE('',#2537,#2537,#2539,.T.);
#2537 = VERTEX_POINT('',#2538);
#2538 = CARTESIAN_POINT('',(7.85185,-5.35,15.0739));
#2539 = CIRCLE('',#2540,1.6);
#2540 = AXIS2_PLACEMENT_3D('',#2541,#2542,#2543);
#2541 = CARTESIAN_POINT('',(9.45185,-5.35,15.0739));
#2542 = DIRECTION('',(0.,0.,1.));
#2543 = DIRECTION('',(-1.,0.,0.));
#2544 = ORIENTED_EDGE('',*,*,#2545,.T.);
#2545 = EDGE_CURVE('',#2537,#1555,#2546,.T.);
#2546 = LINE('',#2547,#2548);
#2547 = CARTESIAN_POINT('',(7.85185,-5.35,15.0739));
#2548 = VECTOR('',#2549,1.);
#2549 = DIRECTION('',(0.,-2.2E-16,-1.));
#2550 = ORIENTED_EDGE('',*,*,#1554,.T.);
#2551 = ORIENTED_EDGE('',*,*,#2545,.F.);
#2552 = CYLINDRICAL_SURFACE('',#2553,1.6);
#2553 = AXIS2_PLACEMENT_3D('',#2554,#2555,#2556);
#2554 = CARTESIAN_POINT('',(9.45185,-5.35,15.0739));
#2555 = DIRECTION('',(0.,2.2E-16,1.));
#2556 = DIRECTION('',(-1.,0.,0.));
#2557 = ADVANCED_FACE('',(#2558),#2577,.F.);
#2558 = FACE_BOUND('',#2559,.F.);
#2559 = EDGE_LOOP('',(#2560,#2569,#2575,#2576));
#2560 = ORIENTED_EDGE('',*,*,#2561,.F.);
#2561 = EDGE_CURVE('',#2562,#2562,#2564,.T.);
#2562 = VERTEX_POINT('',#2563);
#2563 = CARTESIAN_POINT('',(-11.05185,-5.35,15.0739));
#2564 = CIRCLE('',#2565,1.6);
#2565 = AXIS2_PLACEMENT_3D('',#2566,#2567,#2568);
#2566 = CARTESIAN_POINT('',(-9.45185,-5.35,15.0739));
#2567 = DIRECTION('',(0.,0.,1.));
#2568 = DIRECTION('',(-1.,0.,0.));
#2569 = ORIENTED_EDGE('',*,*,#2570,.T.);
#2570 = EDGE_CURVE('',#2562,#1566,#2571,.T.);
#2571 = LINE('',#2572,#2573);
#2572 = CARTESIAN_POINT('',(-11.05185,-5.35,15.0739));
#2573 = VECTOR('',#2574,1.);
#2574 = DIRECTION('',(0.,-2.2E-16,-1.));
#2575 = ORIENTED_EDGE('',*,*,#1565,.T.);
#2576 = ORIENTED_EDGE('',*,*,#2570,.F.);
#2577 = CYLINDRICAL_SURFACE('',#2578,1.6);
#2578 = AXIS2_PLACEMENT_3D('',#2579,#2580,#2581);
#2579 = CARTESIAN_POINT('',(-9.45185,-5.35,15.0739));
#2580 = DIRECTION('',(0.,2.2E-16,1.));
#2581 = DIRECTION('',(-1.,0.,0.));
#2582 = ADVANCED_FACE('',(#2583),#2586,.F.);
#2583 = FACE_BOUND('',#2584,.T.);
#2584 = EDGE_LOOP('',(#2585));
#2585 = ORIENTED_EDGE('',*,*,#1590,.T.);
#2586 = PLANE('',#2587);
#2587 = AXIS2_PLACEMENT_3D('',#2588,#2589,#2590);
#2588 = CARTESIAN_POINT('',(4.06E-15,4.,-2.1));
#2589 = DIRECTION('',(0.,1.,0.));
#2590 = DIRECTION('',(0.,0.,1.));
#2591 = ADVANCED_FACE('',(#2592),#2595,.F.);
#2592 = FACE_BOUND('',#2593,.T.);
#2593 = EDGE_LOOP('',(#2594));
#2594 = ORIENTED_EDGE('',*,*,#1615,.T.);
#2595 = PLANE('',#2596);
#2596 = AXIS2_PLACEMENT_3D('',#2597,#2598,#2599);
#2597 = CARTESIAN_POINT('',(4.06E-15,4.,-2.1));
#2598 = DIRECTION('',(0.,1.,0.));
#2599 = DIRECTION('',(0.,0.,1.));
#2600 = ADVANCED_FACE('',(#2601,#2607,#2613),#2616,.F.);
#2601 = FACE_BOUND('',#2602,.T.);
#2602 = EDGE_LOOP('',(#2603,#2604,#2605,#2606));
#2603 = ORIENTED_EDGE('',*,*,#1713,.T.);
#2604 = ORIENTED_EDGE('',*,*,#1672,.T.);
#2605 = ORIENTED_EDGE('',*,*,#1641,.T.);
#2606 = ORIENTED_EDGE('',*,*,#1689,.T.);
#2607 = FACE_BOUND('',#2608,.F.);
#2608 = EDGE_LOOP('',(#2609,#2610,#2611,#2612));
#2609 = ORIENTED_EDGE('',*,*,#1960,.T.);
#2610 = ORIENTED_EDGE('',*,*,#1984,.T.);
#2611 = ORIENTED_EDGE('',*,*,#2008,.T.);
#2612 = ORIENTED_EDGE('',*,*,#2032,.T.);
#2613 = FACE_BOUND('',#2614,.F.);
#2614 = EDGE_LOOP('',(#2615));
#2615 = ORIENTED_EDGE('',*,*,#2056,.T.);
#2616 = PLANE('',#2617);
#2617 = AXIS2_PLACEMENT_3D('',#2618,#2619,#2620);
#2618 = CARTESIAN_POINT('',(-1.686866021625,35.5,-4.211577898602));
#2619 = DIRECTION('',(0.,1.,0.));
#2620 = DIRECTION('',(0.,0.,1.));
#2621 = ADVANCED_FACE('',(#2622),#2628,.F.);
#2622 = FACE_BOUND('',#2623,.T.);
#2623 = EDGE_LOOP('',(#2624,#2625,#2626,#2627));
#2624 = ORIENTED_EDGE('',*,*,#1729,.T.);
#2625 = ORIENTED_EDGE('',*,*,#1776,.T.);
#2626 = ORIENTED_EDGE('',*,*,#1800,.T.);
#2627 = ORIENTED_EDGE('',*,*,#1759,.T.);
#2628 = PLANE('',#2629);
#2629 = AXIS2_PLACEMENT_3D('',#2630,#2631,#2632);
#2630 = CARTESIAN_POINT('',(16.,35.,-2.33805));
#2631 = DIRECTION('',(0.,1.,0.));
#2632 = DIRECTION('',(0.,0.,1.));
#2633 = ADVANCED_FACE('',(#2634),#2659,.T.);
#2634 = FACE_BOUND('',#2635,.T.);
#2635 = EDGE_LOOP('',(#2636,#2644,#2645,#2653));
#2636 = ORIENTED_EDGE('',*,*,#2637,.F.);
#2637 = EDGE_CURVE('',#1811,#2638,#2640,.T.);
#2638 = VERTEX_POINT('',#2639);
#2639 = CARTESIAN_POINT('',(19.75,27.75,1.26195));
#2640 = LINE('',#2641,#2642);
#2641 = CARTESIAN_POINT('',(0.,27.75,1.26195));
#2642 = VECTOR('',#2643,1.);
#2643 = DIRECTION('',(1.,0.,0.));
#2644 = ORIENTED_EDGE('',*,*,#1810,.T.);
#2645 = ORIENTED_EDGE('',*,*,#2646,.T.);
#2646 = EDGE_CURVE('',#1813,#2647,#2649,.T.);
#2647 = VERTEX_POINT('',#2648);
#2648 = CARTESIAN_POINT('',(19.75,27.75,-5.93805));
#2649 = LINE('',#2650,#2651);
#2650 = CARTESIAN_POINT('',(0.,27.75,-5.93805));
#2651 = VECTOR('',#2652,1.);
#2652 = DIRECTION('',(1.,0.,0.));
#2653 = ORIENTED_EDGE('',*,*,#2654,.T.);
#2654 = EDGE_CURVE('',#2647,#2638,#2655,.T.);
#2655 = LINE('',#2656,#2657);
#2656 = CARTESIAN_POINT('',(19.75,27.75,-4.13805));
#2657 = VECTOR('',#2658,1.);
#2658 = DIRECTION('',(0.,2.2E-16,1.));
#2659 = PLANE('',#2660);
#2660 = AXIS2_PLACEMENT_3D('',#2661,#2662,#2663);
#2661 = CARTESIAN_POINT('',(0.,27.75,-5.93805));
#2662 = DIRECTION('',(0.,-1.,2.2E-16));
#2663 = DIRECTION('',(0.,2.2E-16,1.));
#2664 = ADVANCED_FACE('',(#2665),#2683,.T.);
#2665 = FACE_BOUND('',#2666,.T.);
#2666 = EDGE_LOOP('',(#2667,#2675,#2676,#2677));
#2667 = ORIENTED_EDGE('',*,*,#2668,.F.);
#2668 = EDGE_CURVE('',#1829,#2669,#2671,.T.);
#2669 = VERTEX_POINT('',#2670);
#2670 = CARTESIAN_POINT('',(19.75,7.25,1.26195));
#2671 = LINE('',#2672,#2673);
#2672 = CARTESIAN_POINT('',(0.,7.25,1.26195));
#2673 = VECTOR('',#2674,1.);
#2674 = DIRECTION('',(1.,0.,0.));
#2675 = ORIENTED_EDGE('',*,*,#1836,.T.);
#2676 = ORIENTED_EDGE('',*,*,#2637,.T.);
#2677 = ORIENTED_EDGE('',*,*,#2678,.T.);
#2678 = EDGE_CURVE('',#2638,#2669,#2679,.T.);
#2679 = LINE('',#2680,#2681);
#2680 = CARTESIAN_POINT('',(19.75,22.625,1.26195));
#2681 = VECTOR('',#2682,1.);
#2682 = DIRECTION('',(0.,-1.,2.2E-16));
#2683 = PLANE('',#2684);
#2684 = AXIS2_PLACEMENT_3D('',#2685,#2686,#2687);
#2685 = CARTESIAN_POINT('',(0.,27.75,1.26195));
#2686 = DIRECTION('',(0.,-2.2E-16,-1.));
#2687 = DIRECTION('',(0.,-1.,2.2E-16));
#2688 = ADVANCED_FACE('',(#2689),#2707,.T.);
#2689 = FACE_BOUND('',#2690,.T.);
#2690 = EDGE_LOOP('',(#2691,#2699,#2700,#2701));
#2691 = ORIENTED_EDGE('',*,*,#2692,.F.);
#2692 = EDGE_CURVE('',#1821,#2693,#2695,.T.);
#2693 = VERTEX_POINT('',#2694);
#2694 = CARTESIAN_POINT('',(19.75,7.25,-5.93805));
#2695 = LINE('',#2696,#2697);
#2696 = CARTESIAN_POINT('',(0.,7.25,-5.93805));
#2697 = VECTOR('',#2698,1.);
#2698 = DIRECTION('',(1.,0.,0.));
#2699 = ORIENTED_EDGE('',*,*,#1828,.T.);
#2700 = ORIENTED_EDGE('',*,*,#2668,.T.);
#2701 = ORIENTED_EDGE('',*,*,#2702,.T.);
#2702 = EDGE_CURVE('',#2669,#2693,#2703,.T.);
#2703 = LINE('',#2704,#2705);
#2704 = CARTESIAN_POINT('',(19.75,7.25,-0.53805));
#2705 = VECTOR('',#2706,1.);
#2706 = DIRECTION('',(0.,-2.2E-16,-1.));
#2707 = PLANE('',#2708);
#2708 = AXIS2_PLACEMENT_3D('',#2709,#2710,#2711);
#2709 = CARTESIAN_POINT('',(0.,7.25,1.26195));
#2710 = DIRECTION('',(0.,1.,-2.2E-16));
#2711 = DIRECTION('',(0.,-2.2E-16,-1.));
#2712 = ADVANCED_FACE('',(#2713),#2724,.T.);
#2713 = FACE_BOUND('',#2714,.T.);
#2714 = EDGE_LOOP('',(#2715,#2716,#2717,#2718));
#2715 = ORIENTED_EDGE('',*,*,#2646,.F.);
#2716 = ORIENTED_EDGE('',*,*,#1820,.T.);
#2717 = ORIENTED_EDGE('',*,*,#2692,.T.);
#2718 = ORIENTED_EDGE('',*,*,#2719,.T.);
#2719 = EDGE_CURVE('',#2693,#2647,#2720,.T.);
#2720 = LINE('',#2721,#2722);
#2721 = CARTESIAN_POINT('',(19.75,12.375,-5.93805));
#2722 = VECTOR('',#2723,1.);
#2723 = DIRECTION('',(0.,1.,-2.2E-16));
#2724 = PLANE('',#2725);
#2725 = AXIS2_PLACEMENT_3D('',#2726,#2727,#2728);
#2726 = CARTESIAN_POINT('',(0.,7.25,-5.93805));
#2727 = DIRECTION('',(0.,2.2E-16,1.));
#2728 = DIRECTION('',(0.,1.,-2.2E-16));
#2729 = ADVANCED_FACE('',(#2730),#2733,.F.);
#2730 = FACE_BOUND('',#2731,.T.);
#2731 = EDGE_LOOP('',(#2732));
#2732 = ORIENTED_EDGE('',*,*,#1858,.T.);
#2733 = PLANE('',#2734);
#2734 = AXIS2_PLACEMENT_3D('',#2735,#2736,#2737);
#2735 = CARTESIAN_POINT('',(4.06E-15,4.,-2.1));
#2736 = DIRECTION('',(0.,1.,0.));
#2737 = DIRECTION('',(0.,0.,1.));
#2738 = ADVANCED_FACE('',(#2739),#2742,.F.);
#2739 = FACE_BOUND('',#2740,.T.);
#2740 = EDGE_LOOP('',(#2741));
#2741 = ORIENTED_EDGE('',*,*,#1883,.T.);
#2742 = PLANE('',#2743);
#2743 = AXIS2_PLACEMENT_3D('',#2744,#2745,#2746);
#2744 = CARTESIAN_POINT('',(4.06E-15,4.,-2.1));
#2745 = DIRECTION('',(0.,1.,0.));
#2746 = DIRECTION('',(0.,0.,1.));
#2747 = ADVANCED_FACE('',(#2748),#2767,.F.);
#2748 = FACE_BOUND('',#2749,.F.);
#2749 = EDGE_LOOP('',(#2750,#2751,#2752,#2761));
#2750 = ORIENTED_EDGE('',*,*,#1900,.F.);
#2751 = ORIENTED_EDGE('',*,*,#2090,.T.);
#2752 = ORIENTED_EDGE('',*,*,#2753,.T.);
#2753 = EDGE_CURVE('',#2083,#2754,#2756,.T.);
#2754 = VERTEX_POINT('',#2755);
#2755 = CARTESIAN_POINT('',(19.75,29.5,-5.83805));
#2756 = CIRCLE('',#2757,1.5);
#2757 = AXIS2_PLACEMENT_3D('',#2758,#2759,#2760);
#2758 = CARTESIAN_POINT('',(19.75,28.,-5.83805));
#2759 = DIRECTION('',(1.,0.,-0.));
#2760 = DIRECTION('',(0.,0.,1.));
#2761 = ORIENTED_EDGE('',*,*,#2762,.F.);
#2762 = EDGE_CURVE('',#1901,#2754,#2763,.T.);
#2763 = LINE('',#2764,#2765);
#2764 = CARTESIAN_POINT('',(21.,29.5,-5.83805));
#2765 = VECTOR('',#2766,1.);
#2766 = DIRECTION('',(-1.,0.,2.2E-16));
#2767 = CYLINDRICAL_SURFACE('',#2768,1.5);
#2768 = AXIS2_PLACEMENT_3D('',#2769,#2770,#2771);
#2769 = CARTESIAN_POINT('',(21.,28.,-5.83805));
#2770 = DIRECTION('',(1.,0.,-2.2E-16));
#2771 = DIRECTION('',(2.2E-16,2.2E-16,1.));
#2772 = ADVANCED_FACE('',(#2773),#2791,.F.);
#2773 = FACE_BOUND('',#2774,.F.);
#2774 = EDGE_LOOP('',(#2775,#2776,#2777,#2785));
#2775 = ORIENTED_EDGE('',*,*,#1921,.T.);
#2776 = ORIENTED_EDGE('',*,*,#2762,.T.);
#2777 = ORIENTED_EDGE('',*,*,#2778,.T.);
#2778 = EDGE_CURVE('',#2754,#2779,#2781,.T.);
#2779 = VERTEX_POINT('',#2780);
#2780 = CARTESIAN_POINT('',(19.75,29.5,1.16195));
#2781 = LINE('',#2782,#2783);
#2782 = CARTESIAN_POINT('',(19.75,29.5,-5.83805));
#2783 = VECTOR('',#2784,1.);
#2784 = DIRECTION('',(0.,0.,1.));
#2785 = ORIENTED_EDGE('',*,*,#2786,.F.);
#2786 = EDGE_CURVE('',#1913,#2779,#2787,.T.);
#2787 = LINE('',#2788,#2789);
#2788 = CARTESIAN_POINT('',(21.,29.5,1.16195));
#2789 = VECTOR('',#2790,1.);
#2790 = DIRECTION('',(-1.,0.,2.2E-16));
#2791 = PLANE('',#2792);
#2792 = AXIS2_PLACEMENT_3D('',#2793,#2794,#2795);
#2793 = CARTESIAN_POINT('',(21.,29.5,-5.83805));
#2794 = DIRECTION('',(0.,1.,-2.2E-16));
#2795 = DIRECTION('',(2.2E-16,2.2E-16,1.));
#2796 = ADVANCED_FACE('',(#2797),#2809,.F.);
#2797 = FACE_BOUND('',#2798,.F.);
#2798 = EDGE_LOOP('',(#2799,#2800,#2801,#2808));
#2799 = ORIENTED_EDGE('',*,*,#1912,.F.);
#2800 = ORIENTED_EDGE('',*,*,#2786,.T.);
#2801 = ORIENTED_EDGE('',*,*,#2802,.T.);
#2802 = EDGE_CURVE('',#2779,#2244,#2803,.T.);
#2803 = CIRCLE('',#2804,1.5);
#2804 = AXIS2_PLACEMENT_3D('',#2805,#2806,#2807);
#2805 = CARTESIAN_POINT('',(19.75,28.,1.16195));
#2806 = DIRECTION('',(1.,0.,-0.));
#2807 = DIRECTION('',(0.,0.,1.));
#2808 = ORIENTED_EDGE('',*,*,#2243,.F.);
#2809 = CYLINDRICAL_SURFACE('',#2810,1.5);
#2810 = AXIS2_PLACEMENT_3D('',#2811,#2812,#2813);
#2811 = CARTESIAN_POINT('',(21.,28.,1.16195));
#2812 = DIRECTION('',(1.,0.,-2.2E-16));
#2813 = DIRECTION('',(2.2E-16,2.2E-16,1.));
#2814 = ADVANCED_FACE('',(#2815,#2825),#2831,.T.);
#2815 = FACE_BOUND('',#2816,.T.);
#2816 = EDGE_LOOP('',(#2817,#2818,#2819,#2820,#2821,#2822,#2823,#2824));
#2817 = ORIENTED_EDGE('',*,*,#2778,.T.);
#2818 = ORIENTED_EDGE('',*,*,#2802,.T.);
#2819 = ORIENTED_EDGE('',*,*,#2251,.T.);
#2820 = ORIENTED_EDGE('',*,*,#2177,.T.);
#2821 = ORIENTED_EDGE('',*,*,#2202,.T.);
#2822 = ORIENTED_EDGE('',*,*,#2226,.T.);
#2823 = ORIENTED_EDGE('',*,*,#2082,.T.);
#2824 = ORIENTED_EDGE('',*,*,#2753,.T.);
#2825 = FACE_BOUND('',#2826,.T.);
#2826 = EDGE_LOOP('',(#2827,#2828,#2829,#2830));
#2827 = ORIENTED_EDGE('',*,*,#2654,.F.);
#2828 = ORIENTED_EDGE('',*,*,#2719,.F.);
#2829 = ORIENTED_EDGE('',*,*,#2702,.F.);
#2830 = ORIENTED_EDGE('',*,*,#2678,.F.);
#2831 = PLANE('',#2832);
#2832 = AXIS2_PLACEMENT_3D('',#2833,#2834,#2835);
#2833 = CARTESIAN_POINT('',(19.75,17.5,-2.33805));
#2834 = DIRECTION('',(1.,0.,0.));
#2835 = DIRECTION('',(0.,0.,1.));
#2836 = ADVANCED_FACE('',(#2837),#2848,.T.);
#2837 = FACE_BOUND('',#2838,.T.);
#2838 = EDGE_LOOP('',(#2839,#2840,#2841,#2847));
#2839 = ORIENTED_EDGE('',*,*,#2380,.T.);
#2840 = ORIENTED_EDGE('',*,*,#2404,.T.);
#2841 = ORIENTED_EDGE('',*,*,#2842,.F.);
#2842 = EDGE_CURVE('',#2488,#2405,#2843,.T.);
#2843 = LINE('',#2844,#2845);
#2844 = CARTESIAN_POINT('',(15.851803644696,-8.25,13.7739));
#2845 = VECTOR('',#2846,1.);
#2846 = DIRECTION('',(0.,1.,-4.4E-16));
#2847 = ORIENTED_EDGE('',*,*,#2487,.F.);
#2848 = PLANE('',#2849);
#2849 = AXIS2_PLACEMENT_3D('',#2850,#2851,#2852);
#2850 = CARTESIAN_POINT('',(12.35185,-8.25,13.7739));
#2851 = DIRECTION('',(0.,-4.4E-16,-1.));
#2852 = DIRECTION('',(1.,0.,0.));
#2853 = ADVANCED_FACE('',(#2854),#2865,.T.);
#2854 = FACE_BOUND('',#2855,.T.);
#2855 = EDGE_LOOP('',(#2856,#2857,#2858,#2864));
#2856 = ORIENTED_EDGE('',*,*,#2842,.T.);
#2857 = ORIENTED_EDGE('',*,*,#2412,.T.);
#2858 = ORIENTED_EDGE('',*,*,#2859,.F.);
#2859 = EDGE_CURVE('',#2496,#2413,#2860,.T.);
#2860 = LINE('',#2861,#2862);
#2861 = CARTESIAN_POINT('',(14.621133293627,-8.25,15.0739));
#2862 = VECTOR('',#2863,1.);
#2863 = DIRECTION('',(0.,1.,-4.4E-16));
#2864 = ORIENTED_EDGE('',*,*,#2495,.F.);
#2865 = CYLINDRICAL_SURFACE('',#2866,21.);
#2866 = AXIS2_PLACEMENT_3D('',#2867,#2868,#2869);
#2867 = CARTESIAN_POINT('',(0.,-8.25,3.66E-15));
#2868 = DIRECTION('',(0.,-1.,4.4E-16));
#2869 = DIRECTION('',(1.,0.,0.));
#2870 = ADVANCED_FACE('',(#2871,#2882,#2885),#2888,.T.);
#2871 = FACE_BOUND('',#2872,.T.);
#2872 = EDGE_LOOP('',(#2873,#2874,#2875,#2881));
#2873 = ORIENTED_EDGE('',*,*,#2859,.T.);
#2874 = ORIENTED_EDGE('',*,*,#2421,.T.);
#2875 = ORIENTED_EDGE('',*,*,#2876,.F.);
#2876 = EDGE_CURVE('',#2505,#2422,#2877,.T.);
#2877 = LINE('',#2878,#2879);
#2878 = CARTESIAN_POINT('',(-14.62113329362,-8.25,15.0739));
#2879 = VECTOR('',#2880,1.);
#2880 = DIRECTION('',(0.,1.,-4.4E-16));
#2881 = ORIENTED_EDGE('',*,*,#2504,.F.);
#2882 = FACE_BOUND('',#2883,.T.);
#2883 = EDGE_LOOP('',(#2884));
#2884 = ORIENTED_EDGE('',*,*,#2536,.F.);
#2885 = FACE_BOUND('',#2886,.T.);
#2886 = EDGE_LOOP('',(#2887));
#2887 = ORIENTED_EDGE('',*,*,#2561,.F.);
#2888 = PLANE('',#2889);
#2889 = AXIS2_PLACEMENT_3D('',#2890,#2891,#2892);
#2890 = CARTESIAN_POINT('',(14.621133293627,-8.25,15.0739));
#2891 = DIRECTION('',(0.,4.4E-16,1.));
#2892 = DIRECTION('',(-1.,0.,0.));
#2893 = ADVANCED_FACE('',(#2894),#2905,.T.);
#2894 = FACE_BOUND('',#2895,.T.);
#2895 = EDGE_LOOP('',(#2896,#2897,#2898,#2904));
#2896 = ORIENTED_EDGE('',*,*,#2876,.T.);
#2897 = ORIENTED_EDGE('',*,*,#2429,.T.);
#2898 = ORIENTED_EDGE('',*,*,#2899,.F.);
#2899 = EDGE_CURVE('',#2513,#2430,#2900,.T.);
#2900 = LINE('',#2901,#2902);
#2901 = CARTESIAN_POINT('',(-15.85180364469,-8.25,13.7739));
#2902 = VECTOR('',#2903,1.);
#2903 = DIRECTION('',(0.,1.,-4.4E-16));
#2904 = ORIENTED_EDGE('',*,*,#2512,.F.);
#2905 = CYLINDRICAL_SURFACE('',#2906,21.);
#2906 = AXIS2_PLACEMENT_3D('',#2907,#2908,#2909);
#2907 = CARTESIAN_POINT('',(0.,-8.25,3.66E-15));
#2908 = DIRECTION('',(0.,-1.,4.4E-16));
#2909 = DIRECTION('',(1.,0.,0.));
#2910 = ADVANCED_FACE('',(#2911),#2917,.F.);
#2911 = FACE_BOUND('',#2912,.F.);
#2912 = EDGE_LOOP('',(#2913,#2914,#2915,#2916));
#2913 = ORIENTED_EDGE('',*,*,#2463,.T.);
#2914 = ORIENTED_EDGE('',*,*,#2438,.T.);
#2915 = ORIENTED_EDGE('',*,*,#2899,.F.);
#2916 = ORIENTED_EDGE('',*,*,#2521,.F.);
#2917 = PLANE('',#2918);
#2918 = AXIS2_PLACEMENT_3D('',#2919,#2920,#2921);
#2919 = CARTESIAN_POINT('',(-12.35185,-8.25,13.7739));
#2920 = DIRECTION('',(0.,4.4E-16,1.));
#2921 = DIRECTION('',(-1.,0.,0.));
#2922 = ( GEOMETRIC_REPRESENTATION_CONTEXT(3) 
GLOBAL_UNCERTAINTY_ASSIGNED_CONTEXT((#2926)) 
GLOBAL_UNIT_ASSIGNED_CONTEXT((#2923,#2924,#2925)) REPRESENTATION_CONTEXT
('Context #1','3D Context with UNIT and UNCERTAINTY') );
#2923 = ( LENGTH_UNIT() NAMED_UNIT(*) SI_UNIT(.MILLI.,.METRE.) );
#2924 = ( NAMED_UNIT(*) PLANE_ANGLE_UNIT() SI_UNIT($,.RADIAN.) );
#2925 = ( NAMED_UNIT(*) SI_UNIT($,.STERADIAN.) SOLID_ANGLE_UNIT() );
#2926 = UNCERTAINTY_MEASURE_WITH_UNIT(LENGTH_MEASURE(2.E-06),#2923,
  'distance_accuracy_value','confusion accuracy');
#2927 = PRODUCT_RELATED_PRODUCT_CATEGORY('part',$,(#7));
#2928 = MECHANICAL_DESIGN_GEOMETRIC_PRESENTATION_REPRESENTATION('',(
    #2929),#2922);
#2929 = STYLED_ITEM('color',(#2930),#15);
#2930 = PRESENTATION_STYLE_ASSIGNMENT((#2931,#2937));
#2931 = SURFACE_STYLE_USAGE(.BOTH.,#2932);
#2932 = SURFACE_SIDE_STYLE('',(#2933));
#2933 = SURFACE_STYLE_FILL_AREA(#2934);
#2934 = FILL_AREA_STYLE('',(#2935));
#2935 = FILL_AREA_STYLE_COLOUR('',#2936);
#2936 = COLOUR_RGB('',0.447058818107,0.474509808674,0.501960817233);
#2937 = CURVE_STYLE('',#2938,POSITIVE_LENGTH_MEASURE(0.1),#2939);
#2938 = DRAUGHTING_PRE_DEFINED_CURVE_FONT('continuous');
#2939 = COLOUR_RGB('',9.803921802644E-02,9.803921802644E-02,
  9.803921802644E-02);
ENDSEC;
END-ISO-10303-21;
