ISO-10303-21;
HEADER;
FILE_DESCRIPTION(('FreeCAD Model'),'2;1');
FILE_NAME('Open CASCADE Shape Model','2025-11-02T18:37:48',(''),(''),
  'Open CASCADE STEP processor 7.8','FreeCAD','Unknown');
FILE_SCHEMA(('AUTOMOTIVE_DESIGN { 1 0 10303 214 1 1 1 1 }'));
ENDSEC;
DATA;
#1 = APPLICATION_PROTOCOL_DEFINITION('international standard',
  'automotive_design',2000,#2);
#2 = APPLICATION_CONTEXT(
  'core data for automotive mechanical design processes');
#3 = SHAPE_DEFINITION_REPRESENTATION(#4,#10);
#4 = PRODUCT_DEFINITION_SHAPE('','',#5);
#5 = PRODUCT_DEFINITION('design','',#6,#9);
#6 = PRODUCT_DEFINITION_FORMATION('','',#7);
#7 = PRODUCT('FrontPart','FrontPart','',(#8));
#8 = PRODUCT_CONTEXT('',#2,'mechanical');
#9 = PRODUCT_DEFINITION_CONTEXT('part definition',#2,'design');
#10 = ADVANCED_BREP_SHAPE_REPRESENTATION('',(#11,#15),#4284);
#11 = AXIS2_PLACEMENT_3D('',#12,#13,#14);
#12 = CARTESIAN_POINT('',(0.,0.,0.));
#13 = DIRECTION('',(0.,0.,1.));
#14 = DIRECTION('',(1.,0.,-0.));
#15 = MANIFOLD_SOLID_BREP('',#16);
#16 = CLOSED_SHELL('',(#17,#57,#120,#183,#342,#359,#408,#432,#479,#496,
    #508,#525,#701,#725,#749,#773,#797,#844,#891,#915,#939,#963,#987,
    #1020,#1045,#1070,#1095,#1120,#1209,#1298,#1315,#1332,#1356,#1380,
    #1405,#1430,#1454,#1478,#1503,#1528,#1552,#1576,#1594,#1619,#1712,
    #1737,#1762,#1773,#1784,#1859,#1876,#1893,#1925,#1957,#2006,#2015,
    #2024,#2033,#2042,#2071,#2083,#2100,#2117,#2435,#2459,#2483,#2516,
    #2540,#2564,#2597,#2606,#2630,#2661,#2701,#2732,#2750,#2759,#2768,
    #2849,#2873,#2897,#2921,#2995,#3214,#3231,#3248,#3270,#3287,#3304,
    #3316,#3333,#3350,#3367,#3384,#3401,#3418,#3435,#3452,#3469,#3486,
    #3503,#3520,#3532,#3549,#3566,#3578,#3612,#3629,#3646,#3658,#3692,
    #3704,#3721,#3738,#3769,#3805,#3841,#3858,#3883,#3908,#3951,#3975,
    #3999,#4028,#4053,#4078,#4103,#4128,#4153,#4178,#4190,#4207,#4219,
    #4231,#4243,#4260,#4272));
#17 = ADVANCED_FACE('',(#18),#52,.F.);
#18 = FACE_BOUND('',#19,.F.);
#19 = EDGE_LOOP('',(#20,#30,#38,#46));
#20 = ORIENTED_EDGE('',*,*,#21,.T.);
#21 = EDGE_CURVE('',#22,#24,#26,.T.);
#22 = VERTEX_POINT('',#23);
#23 = CARTESIAN_POINT('',(-7.95,-24.975,18.5739));
#24 = VERTEX_POINT('',#25);
#25 = CARTESIAN_POINT('',(-7.95,-24.975,15.3739));
#26 = LINE('',#27,#28);
#27 = CARTESIAN_POINT('',(-7.95,-24.975,18.5739));
#28 = VECTOR('',#29,1.);
#29 = DIRECTION('',(0.,0.,-1.));
#30 = ORIENTED_EDGE('',*,*,#31,.T.);
#31 = EDGE_CURVE('',#24,#32,#34,.T.);
#32 = VERTEX_POINT('',#33);
#33 = CARTESIAN_POINT('',(7.95,-24.975,15.3739));
#34 = LINE('',#35,#36);
#35 = CARTESIAN_POINT('',(-7.95,-24.975,15.3739));
#36 = VECTOR('',#37,1.);
#37 = DIRECTION('',(1.,0.,0.));
#38 = ORIENTED_EDGE('',*,*,#39,.F.);
#39 = EDGE_CURVE('',#40,#32,#42,.T.);
#40 = VERTEX_POINT('',#41);
#41 = CARTESIAN_POINT('',(7.95,-24.975,18.5739));
#42 = LINE('',#43,#44);
#43 = CARTESIAN_POINT('',(7.95,-24.975,18.5739));
#44 = VECTOR('',#45,1.);
#45 = DIRECTION('',(0.,0.,-1.));
#46 = ORIENTED_EDGE('',*,*,#47,.F.);
#47 = EDGE_CURVE('',#22,#40,#48,.T.);
#48 = LINE('',#49,#50);
#49 = CARTESIAN_POINT('',(-7.95,-24.975,18.5739));
#50 = VECTOR('',#51,1.);
#51 = DIRECTION('',(1.,0.,0.));
#52 = PLANE('',#53);
#53 = AXIS2_PLACEMENT_3D('',#54,#55,#56);
#54 = CARTESIAN_POINT('',(-7.95,-24.975,18.5739));
#55 = DIRECTION('',(0.,-1.,0.));
#56 = DIRECTION('',(1.,0.,0.));
#57 = ADVANCED_FACE('',(#58),#115,.F.);
#58 = FACE_BOUND('',#59,.F.);
#59 = EDGE_LOOP('',(#60,#68,#76,#84,#92,#100,#108,#114));
#60 = ORIENTED_EDGE('',*,*,#61,.F.);
#61 = EDGE_CURVE('',#62,#22,#64,.T.);
#62 = VERTEX_POINT('',#63);
#63 = CARTESIAN_POINT('',(-7.95,-11.125,18.5739));
#64 = LINE('',#65,#66);
#65 = CARTESIAN_POINT('',(-7.95,-11.125,18.5739));
#66 = VECTOR('',#67,1.);
#67 = DIRECTION('',(0.,-1.,-2.2E-16));
#68 = ORIENTED_EDGE('',*,*,#69,.T.);
#69 = EDGE_CURVE('',#62,#70,#72,.T.);
#70 = VERTEX_POINT('',#71);
#71 = CARTESIAN_POINT('',(-7.95,-11.125,15.3739));
#72 = LINE('',#73,#74);
#73 = CARTESIAN_POINT('',(-7.95,-11.125,18.5739));
#74 = VECTOR('',#75,1.);
#75 = DIRECTION('',(0.,0.,-1.));
#76 = ORIENTED_EDGE('',*,*,#77,.T.);
#77 = EDGE_CURVE('',#70,#78,#80,.T.);
#78 = VERTEX_POINT('',#79);
#79 = CARTESIAN_POINT('',(-7.95,-16.40858956048,15.3739));
#80 = LINE('',#81,#82);
#81 = CARTESIAN_POINT('',(-7.95,-11.125,15.3739));
#82 = VECTOR('',#83,1.);
#83 = DIRECTION('',(0.,-1.,-2.2E-16));
#84 = ORIENTED_EDGE('',*,*,#85,.T.);
#85 = EDGE_CURVE('',#78,#86,#88,.T.);
#86 = VERTEX_POINT('',#87);
#87 = CARTESIAN_POINT('',(-7.95,-16.626776,15.766041));
#88 = LINE('',#89,#90);
#89 = CARTESIAN_POINT('',(-7.95,-16.5729627078,15.669323723429));
#90 = VECTOR('',#91,1.);
#91 = DIRECTION('',(0.,-0.48620532352,0.873844599102));
#92 = ORIENTED_EDGE('',*,*,#93,.T.);
#93 = EDGE_CURVE('',#86,#94,#96,.T.);
#94 = VERTEX_POINT('',#95);
#95 = CARTESIAN_POINT('',(-7.95,-23.726341,15.766041));
#96 = LINE('',#97,#98);
#97 = CARTESIAN_POINT('',(-7.95,-17.4256705,15.766041));
#98 = VECTOR('',#99,1.);
#99 = DIRECTION('',(0.,-1.,0.));
#100 = ORIENTED_EDGE('',*,*,#101,.T.);
#101 = EDGE_CURVE('',#94,#102,#104,.T.);
#102 = VERTEX_POINT('',#103);
#103 = CARTESIAN_POINT('',(-7.95,-23.451346005,15.3739));
#104 = LINE('',#105,#106);
#105 = CARTESIAN_POINT('',(-7.95,-21.32182601092,12.33721891419));
#106 = VECTOR('',#107,1.);
#107 = DIRECTION('',(0.,0.574157578176,-0.818744817036));
#108 = ORIENTED_EDGE('',*,*,#109,.T.);
#109 = EDGE_CURVE('',#102,#24,#110,.T.);
#110 = LINE('',#111,#112);
#111 = CARTESIAN_POINT('',(-7.95,-11.125,15.3739));
#112 = VECTOR('',#113,1.);
#113 = DIRECTION('',(0.,-1.,-2.2E-16));
#114 = ORIENTED_EDGE('',*,*,#21,.F.);
#115 = PLANE('',#116);
#116 = AXIS2_PLACEMENT_3D('',#117,#118,#119);
#117 = CARTESIAN_POINT('',(-7.95,-11.125,18.5739));
#118 = DIRECTION('',(-1.,0.,0.));
#119 = DIRECTION('',(0.,-1.,0.));
#120 = ADVANCED_FACE('',(#121),#178,.F.);
#121 = FACE_BOUND('',#122,.F.);
#122 = EDGE_LOOP('',(#123,#131,#132,#140,#148,#156,#164,#172));
#123 = ORIENTED_EDGE('',*,*,#124,.F.);
#124 = EDGE_CURVE('',#40,#125,#127,.T.);
#125 = VERTEX_POINT('',#126);
#126 = CARTESIAN_POINT('',(7.95,-11.125,18.5739));
#127 = LINE('',#128,#129);
#128 = CARTESIAN_POINT('',(7.95,-24.975,18.5739));
#129 = VECTOR('',#130,1.);
#130 = DIRECTION('',(0.,1.,2.2E-16));
#131 = ORIENTED_EDGE('',*,*,#39,.T.);
#132 = ORIENTED_EDGE('',*,*,#133,.T.);
#133 = EDGE_CURVE('',#32,#134,#136,.T.);
#134 = VERTEX_POINT('',#135);
#135 = CARTESIAN_POINT('',(7.95,-23.451346005,15.3739));
#136 = LINE('',#137,#138);
#137 = CARTESIAN_POINT('',(7.95,-24.975,15.3739));
#138 = VECTOR('',#139,1.);
#139 = DIRECTION('',(0.,1.,2.2E-16));
#140 = ORIENTED_EDGE('',*,*,#141,.T.);
#141 = EDGE_CURVE('',#134,#142,#144,.T.);
#142 = VERTEX_POINT('',#143);
#143 = CARTESIAN_POINT('',(7.95,-23.726341,15.766041));
#144 = LINE('',#145,#146);
#145 = CARTESIAN_POINT('',(7.95,-23.60470021362,15.592582062648));
#146 = VECTOR('',#147,1.);
#147 = DIRECTION('',(0.,-0.574157578176,0.818744817036));
#148 = ORIENTED_EDGE('',*,*,#149,.T.);
#149 = EDGE_CURVE('',#142,#150,#152,.T.);
#150 = VERTEX_POINT('',#151);
#151 = CARTESIAN_POINT('',(7.95,-16.626776,15.766041));
#152 = LINE('',#153,#154);
#153 = CARTESIAN_POINT('',(7.95,-24.3506705,15.766041));
#154 = VECTOR('',#155,1.);
#155 = DIRECTION('',(0.,1.,0.));
#156 = ORIENTED_EDGE('',*,*,#157,.T.);
#157 = EDGE_CURVE('',#150,#158,#160,.T.);
#158 = VERTEX_POINT('',#159);
#159 = CARTESIAN_POINT('',(7.95,-16.40858956048,15.3739));
#160 = LINE('',#161,#162);
#161 = CARTESIAN_POINT('',(7.95,-18.21000235289,18.61153390332));
#162 = VECTOR('',#163,1.);
#163 = DIRECTION('',(0.,0.48620532352,-0.873844599102));
#164 = ORIENTED_EDGE('',*,*,#165,.T.);
#165 = EDGE_CURVE('',#158,#166,#168,.T.);
#166 = VERTEX_POINT('',#167);
#167 = CARTESIAN_POINT('',(7.95,-11.125,15.3739));
#168 = LINE('',#169,#170);
#169 = CARTESIAN_POINT('',(7.95,-24.975,15.3739));
#170 = VECTOR('',#171,1.);
#171 = DIRECTION('',(0.,1.,2.2E-16));
#172 = ORIENTED_EDGE('',*,*,#173,.F.);
#173 = EDGE_CURVE('',#125,#166,#174,.T.);
#174 = LINE('',#175,#176);
#175 = CARTESIAN_POINT('',(7.95,-11.125,18.5739));
#176 = VECTOR('',#177,1.);
#177 = DIRECTION('',(0.,0.,-1.));
#178 = PLANE('',#179);
#179 = AXIS2_PLACEMENT_3D('',#180,#181,#182);
#180 = CARTESIAN_POINT('',(7.95,-24.975,18.5739));
#181 = DIRECTION('',(1.,0.,0.));
#182 = DIRECTION('',(0.,1.,0.));
#183 = ADVANCED_FACE('',(#184,#282,#293,#304,#315,#326),#337,.T.);
#184 = FACE_BOUND('',#185,.T.);
#185 = EDGE_LOOP('',(#186,#196,#204,#212,#220,#228,#236,#244,#252,#260,
    #268,#276));
#186 = ORIENTED_EDGE('',*,*,#187,.T.);
#187 = EDGE_CURVE('',#188,#190,#192,.T.);
#188 = VERTEX_POINT('',#189);
#189 = CARTESIAN_POINT('',(-12.5,-29.,18.5739));
#190 = VERTEX_POINT('',#191);
#191 = CARTESIAN_POINT('',(12.5,-29.,18.5739));
#192 = LINE('',#193,#194);
#193 = CARTESIAN_POINT('',(-12.5,-29.,18.5739));
#194 = VECTOR('',#195,1.);
#195 = DIRECTION('',(1.,0.,0.));
#196 = ORIENTED_EDGE('',*,*,#197,.T.);
#197 = EDGE_CURVE('',#190,#198,#200,.T.);
#198 = VERTEX_POINT('',#199);
#199 = CARTESIAN_POINT('',(13.8239,-26.125,18.5739));
#200 = LINE('',#201,#202);
#201 = CARTESIAN_POINT('',(12.5,-29.,18.5739));
#202 = VECTOR('',#203,1.);
#203 = DIRECTION('',(0.418270640141,0.908322449131,2.E-16));
#204 = ORIENTED_EDGE('',*,*,#205,.T.);
#205 = EDGE_CURVE('',#198,#206,#208,.T.);
#206 = VERTEX_POINT('',#207);
#207 = CARTESIAN_POINT('',(12.5,-23.25,18.5739));
#208 = LINE('',#209,#210);
#209 = CARTESIAN_POINT('',(13.8239,-26.125,18.5739));
#210 = VECTOR('',#211,1.);
#211 = DIRECTION('',(-0.418270640141,0.908322449131,2.E-16));
#212 = ORIENTED_EDGE('',*,*,#213,.T.);
#213 = EDGE_CURVE('',#206,#214,#216,.T.);
#214 = VERTEX_POINT('',#215);
#215 = CARTESIAN_POINT('',(12.5,-14.,18.5739));
#216 = LINE('',#217,#218);
#217 = CARTESIAN_POINT('',(12.5,-29.,18.5739));
#218 = VECTOR('',#219,1.);
#219 = DIRECTION('',(0.,1.,2.2E-16));
#220 = ORIENTED_EDGE('',*,*,#221,.F.);
#221 = EDGE_CURVE('',#222,#214,#224,.T.);
#222 = VERTEX_POINT('',#223);
#223 = CARTESIAN_POINT('',(13.8239,-11.125,18.5739));
#224 = LINE('',#225,#226);
#225 = CARTESIAN_POINT('',(13.8239,-11.125,18.5739));
#226 = VECTOR('',#227,1.);
#227 = DIRECTION('',(-0.418270640141,-0.908322449131,-2.E-16));
#228 = ORIENTED_EDGE('',*,*,#229,.F.);
#229 = EDGE_CURVE('',#230,#222,#232,.T.);
#230 = VERTEX_POINT('',#231);
#231 = CARTESIAN_POINT('',(12.5,-8.25,18.5739));
#232 = LINE('',#233,#234);
#233 = CARTESIAN_POINT('',(12.5,-8.25,18.5739));
#234 = VECTOR('',#235,1.);
#235 = DIRECTION('',(0.418270640141,-0.908322449131,-2.E-16));
#236 = ORIENTED_EDGE('',*,*,#237,.T.);
#237 = EDGE_CURVE('',#230,#238,#240,.T.);
#238 = VERTEX_POINT('',#239);
#239 = CARTESIAN_POINT('',(-12.5,-8.25,18.5739));
#240 = LINE('',#241,#242);
#241 = CARTESIAN_POINT('',(12.5,-8.25,18.5739));
#242 = VECTOR('',#243,1.);
#243 = DIRECTION('',(-1.,0.,0.));
#244 = ORIENTED_EDGE('',*,*,#245,.F.);
#245 = EDGE_CURVE('',#246,#238,#248,.T.);
#246 = VERTEX_POINT('',#247);
#247 = CARTESIAN_POINT('',(-13.8239,-11.125,18.5739));
#248 = LINE('',#249,#250);
#249 = CARTESIAN_POINT('',(-13.8239,-11.125,18.5739));
#250 = VECTOR('',#251,1.);
#251 = DIRECTION('',(0.418270640141,0.908322449131,2.E-16));
#252 = ORIENTED_EDGE('',*,*,#253,.F.);
#253 = EDGE_CURVE('',#254,#246,#256,.T.);
#254 = VERTEX_POINT('',#255);
#255 = CARTESIAN_POINT('',(-12.5,-14.,18.5739));
#256 = LINE('',#257,#258);
#257 = CARTESIAN_POINT('',(-12.5,-14.,18.5739));
#258 = VECTOR('',#259,1.);
#259 = DIRECTION('',(-0.418270640141,0.908322449131,2.E-16));
#260 = ORIENTED_EDGE('',*,*,#261,.T.);
#261 = EDGE_CURVE('',#254,#262,#264,.T.);
#262 = VERTEX_POINT('',#263);
#263 = CARTESIAN_POINT('',(-12.5,-23.25,18.5739));
#264 = LINE('',#265,#266);
#265 = CARTESIAN_POINT('',(-12.5,-8.25,18.5739));
#266 = VECTOR('',#267,1.);
#267 = DIRECTION('',(0.,-1.,-2.2E-16));
#268 = ORIENTED_EDGE('',*,*,#269,.F.);
#269 = EDGE_CURVE('',#270,#262,#272,.T.);
#270 = VERTEX_POINT('',#271);
#271 = CARTESIAN_POINT('',(-13.8239,-26.125,18.5739));
#272 = LINE('',#273,#274);
#273 = CARTESIAN_POINT('',(-13.8239,-26.125,18.5739));
#274 = VECTOR('',#275,1.);
#275 = DIRECTION('',(0.418270640141,0.908322449131,2.E-16));
#276 = ORIENTED_EDGE('',*,*,#277,.F.);
#277 = EDGE_CURVE('',#188,#270,#278,.T.);
#278 = LINE('',#279,#280);
#279 = CARTESIAN_POINT('',(-12.5,-29.,18.5739));
#280 = VECTOR('',#281,1.);
#281 = DIRECTION('',(-0.418270640141,0.908322449131,2.E-16));
#282 = FACE_BOUND('',#283,.T.);
#283 = EDGE_LOOP('',(#284));
#284 = ORIENTED_EDGE('',*,*,#285,.F.);
#285 = EDGE_CURVE('',#286,#286,#288,.T.);
#286 = VERTEX_POINT('',#287);
#287 = CARTESIAN_POINT('',(-8.9,-11.125,18.5739));
#288 = CIRCLE('',#289,1.6);
#289 = AXIS2_PLACEMENT_3D('',#290,#291,#292);
#290 = CARTESIAN_POINT('',(-10.5,-11.125,18.5739));
#291 = DIRECTION('',(0.,-2.2E-16,1.));
#292 = DIRECTION('',(1.,0.,0.));
#293 = FACE_BOUND('',#294,.T.);
#294 = EDGE_LOOP('',(#295));
#295 = ORIENTED_EDGE('',*,*,#296,.F.);
#296 = EDGE_CURVE('',#297,#297,#299,.T.);
#297 = VERTEX_POINT('',#298);
#298 = CARTESIAN_POINT('',(-8.9,-26.125,18.5739));
#299 = CIRCLE('',#300,1.6);
#300 = AXIS2_PLACEMENT_3D('',#301,#302,#303);
#301 = CARTESIAN_POINT('',(-10.5,-26.125,18.5739));
#302 = DIRECTION('',(0.,-2.2E-16,1.));
#303 = DIRECTION('',(1.,0.,0.));
#304 = FACE_BOUND('',#305,.T.);
#305 = EDGE_LOOP('',(#306,#307,#308,#314));
#306 = ORIENTED_EDGE('',*,*,#47,.F.);
#307 = ORIENTED_EDGE('',*,*,#61,.F.);
#308 = ORIENTED_EDGE('',*,*,#309,.F.);
#309 = EDGE_CURVE('',#125,#62,#310,.T.);
#310 = LINE('',#311,#312);
#311 = CARTESIAN_POINT('',(7.95,-11.125,18.5739));
#312 = VECTOR('',#313,1.);
#313 = DIRECTION('',(-1.,0.,0.));
#314 = ORIENTED_EDGE('',*,*,#124,.F.);
#315 = FACE_BOUND('',#316,.T.);
#316 = EDGE_LOOP('',(#317));
#317 = ORIENTED_EDGE('',*,*,#318,.F.);
#318 = EDGE_CURVE('',#319,#319,#321,.T.);
#319 = VERTEX_POINT('',#320);
#320 = CARTESIAN_POINT('',(12.1,-11.125,18.5739));
#321 = CIRCLE('',#322,1.6);
#322 = AXIS2_PLACEMENT_3D('',#323,#324,#325);
#323 = CARTESIAN_POINT('',(10.5,-11.125,18.5739));
#324 = DIRECTION('',(0.,-2.2E-16,1.));
#325 = DIRECTION('',(1.,0.,0.));
#326 = FACE_BOUND('',#327,.T.);
#327 = EDGE_LOOP('',(#328));
#328 = ORIENTED_EDGE('',*,*,#329,.F.);
#329 = EDGE_CURVE('',#330,#330,#332,.T.);
#330 = VERTEX_POINT('',#331);
#331 = CARTESIAN_POINT('',(12.1,-26.125,18.5739));
#332 = CIRCLE('',#333,1.6);
#333 = AXIS2_PLACEMENT_3D('',#334,#335,#336);
#334 = CARTESIAN_POINT('',(10.5,-26.125,18.5739));
#335 = DIRECTION('',(0.,-2.2E-16,1.));
#336 = DIRECTION('',(1.,0.,0.));
#337 = PLANE('',#338);
#338 = AXIS2_PLACEMENT_3D('',#339,#340,#341);
#339 = CARTESIAN_POINT('',(-8.E-17,-18.625,18.5739));
#340 = DIRECTION('',(0.,-2.2E-16,1.));
#341 = DIRECTION('',(0.,-1.,-2.2E-16));
#342 = ADVANCED_FACE('',(#343),#354,.T.);
#343 = FACE_BOUND('',#344,.T.);
#344 = EDGE_LOOP('',(#345,#346,#347,#348));
#345 = ORIENTED_EDGE('',*,*,#109,.T.);
#346 = ORIENTED_EDGE('',*,*,#31,.T.);
#347 = ORIENTED_EDGE('',*,*,#133,.T.);
#348 = ORIENTED_EDGE('',*,*,#349,.T.);
#349 = EDGE_CURVE('',#134,#102,#350,.T.);
#350 = LINE('',#351,#352);
#351 = CARTESIAN_POINT('',(4.,-23.451346005,15.3739));
#352 = VECTOR('',#353,1.);
#353 = DIRECTION('',(-1.,0.,0.));
#354 = PLANE('',#355);
#355 = AXIS2_PLACEMENT_3D('',#356,#357,#358);
#356 = CARTESIAN_POINT('',(-2.4E-16,-18.05,15.3739));
#357 = DIRECTION('',(0.,-2.2E-16,1.));
#358 = DIRECTION('',(1.,0.,0.));
#359 = ADVANCED_FACE('',(#360),#403,.T.);
#360 = FACE_BOUND('',#361,.T.);
#361 = EDGE_LOOP('',(#362,#372,#380,#388,#394,#395,#396,#397));
#362 = ORIENTED_EDGE('',*,*,#363,.F.);
#363 = EDGE_CURVE('',#364,#366,#368,.T.);
#364 = VERTEX_POINT('',#365);
#365 = CARTESIAN_POINT('',(8.,-21.751488,12.949914));
#366 = VERTEX_POINT('',#367);
#367 = CARTESIAN_POINT('',(8.,-23.726341,15.766041));
#368 = LINE('',#369,#370);
#369 = CARTESIAN_POINT('',(8.,-21.751488,12.949914));
#370 = VECTOR('',#371,1.);
#371 = DIRECTION('',(0.,-0.574157578176,0.818744817036));
#372 = ORIENTED_EDGE('',*,*,#373,.T.);
#373 = EDGE_CURVE('',#364,#374,#376,.T.);
#374 = VERTEX_POINT('',#375);
#375 = CARTESIAN_POINT('',(-8.,-21.751488,12.949914));
#376 = LINE('',#377,#378);
#377 = CARTESIAN_POINT('',(8.,-21.751488,12.949914));
#378 = VECTOR('',#379,1.);
#379 = DIRECTION('',(-1.,0.,0.));
#380 = ORIENTED_EDGE('',*,*,#381,.T.);
#381 = EDGE_CURVE('',#374,#382,#384,.T.);
#382 = VERTEX_POINT('',#383);
#383 = CARTESIAN_POINT('',(-8.,-23.726341,15.766041));
#384 = LINE('',#385,#386);
#385 = CARTESIAN_POINT('',(-8.,-21.751488,12.949914));
#386 = VECTOR('',#387,1.);
#387 = DIRECTION('',(0.,-0.574157578176,0.818744817036));
#388 = ORIENTED_EDGE('',*,*,#389,.F.);
#389 = EDGE_CURVE('',#94,#382,#390,.T.);
#390 = LINE('',#391,#392);
#391 = CARTESIAN_POINT('',(8.,-23.726341,15.766041));
#392 = VECTOR('',#393,1.);
#393 = DIRECTION('',(-1.,0.,0.));
#394 = ORIENTED_EDGE('',*,*,#101,.T.);
#395 = ORIENTED_EDGE('',*,*,#349,.F.);
#396 = ORIENTED_EDGE('',*,*,#141,.T.);
#397 = ORIENTED_EDGE('',*,*,#398,.F.);
#398 = EDGE_CURVE('',#366,#142,#399,.T.);
#399 = LINE('',#400,#401);
#400 = CARTESIAN_POINT('',(8.,-23.726341,15.766041));
#401 = VECTOR('',#402,1.);
#402 = DIRECTION('',(-1.,0.,0.));
#403 = PLANE('',#404);
#404 = AXIS2_PLACEMENT_3D('',#405,#406,#407);
#405 = CARTESIAN_POINT('',(8.,-21.751488,12.949914));
#406 = DIRECTION('',(0.,0.818744817036,0.574157578176));
#407 = DIRECTION('',(0.,-0.574157578176,0.818744817036));
#408 = ADVANCED_FACE('',(#409),#427,.T.);
#409 = FACE_BOUND('',#410,.T.);
#410 = EDGE_LOOP('',(#411,#412,#413,#421));
#411 = ORIENTED_EDGE('',*,*,#93,.T.);
#412 = ORIENTED_EDGE('',*,*,#389,.T.);
#413 = ORIENTED_EDGE('',*,*,#414,.T.);
#414 = EDGE_CURVE('',#382,#415,#417,.T.);
#415 = VERTEX_POINT('',#416);
#416 = CARTESIAN_POINT('',(-8.,-16.626776,15.766041));
#417 = LINE('',#418,#419);
#418 = CARTESIAN_POINT('',(-8.,-23.726341,15.766041));
#419 = VECTOR('',#420,1.);
#420 = DIRECTION('',(0.,1.,2.2E-16));
#421 = ORIENTED_EDGE('',*,*,#422,.F.);
#422 = EDGE_CURVE('',#86,#415,#423,.T.);
#423 = LINE('',#424,#425);
#424 = CARTESIAN_POINT('',(8.,-16.626776,15.766041));
#425 = VECTOR('',#426,1.);
#426 = DIRECTION('',(-1.,0.,0.));
#427 = PLANE('',#428);
#428 = AXIS2_PLACEMENT_3D('',#429,#430,#431);
#429 = CARTESIAN_POINT('',(8.,-23.726341,15.766041));
#430 = DIRECTION('',(0.,0.,-1.));
#431 = DIRECTION('',(0.,1.,0.));
#432 = ADVANCED_FACE('',(#433),#474,.T.);
#433 = FACE_BOUND('',#434,.T.);
#434 = EDGE_LOOP('',(#435,#445,#451,#452,#458,#459,#460,#468));
#435 = ORIENTED_EDGE('',*,*,#436,.F.);
#436 = EDGE_CURVE('',#437,#439,#441,.T.);
#437 = VERTEX_POINT('',#438);
#438 = CARTESIAN_POINT('',(8.,-16.626776,15.766041));
#439 = VERTEX_POINT('',#440);
#440 = CARTESIAN_POINT('',(8.,-15.558285,13.845669));
#441 = LINE('',#442,#443);
#442 = CARTESIAN_POINT('',(8.,-16.626776,15.766041));
#443 = VECTOR('',#444,1.);
#444 = DIRECTION('',(0.,0.48620532352,-0.873844599102));
#445 = ORIENTED_EDGE('',*,*,#446,.T.);
#446 = EDGE_CURVE('',#437,#150,#447,.T.);
#447 = LINE('',#448,#449);
#448 = CARTESIAN_POINT('',(8.,-16.626776,15.766041));
#449 = VECTOR('',#450,1.);
#450 = DIRECTION('',(-1.,0.,0.));
#451 = ORIENTED_EDGE('',*,*,#157,.T.);
#452 = ORIENTED_EDGE('',*,*,#453,.F.);
#453 = EDGE_CURVE('',#78,#158,#454,.T.);
#454 = LINE('',#455,#456);
#455 = CARTESIAN_POINT('',(4.,-16.40858956048,15.3739));
#456 = VECTOR('',#457,1.);
#457 = DIRECTION('',(1.,0.,0.));
#458 = ORIENTED_EDGE('',*,*,#85,.T.);
#459 = ORIENTED_EDGE('',*,*,#422,.T.);
#460 = ORIENTED_EDGE('',*,*,#461,.T.);
#461 = EDGE_CURVE('',#415,#462,#464,.T.);
#462 = VERTEX_POINT('',#463);
#463 = CARTESIAN_POINT('',(-8.,-15.558285,13.845669));
#464 = LINE('',#465,#466);
#465 = CARTESIAN_POINT('',(-8.,-16.626776,15.766041));
#466 = VECTOR('',#467,1.);
#467 = DIRECTION('',(0.,0.48620532352,-0.873844599102));
#468 = ORIENTED_EDGE('',*,*,#469,.F.);
#469 = EDGE_CURVE('',#439,#462,#470,.T.);
#470 = LINE('',#471,#472);
#471 = CARTESIAN_POINT('',(8.,-15.558285,13.845669));
#472 = VECTOR('',#473,1.);
#473 = DIRECTION('',(-1.,0.,0.));
#474 = PLANE('',#475);
#475 = AXIS2_PLACEMENT_3D('',#476,#477,#478);
#476 = CARTESIAN_POINT('',(8.,-16.626776,15.766041));
#477 = DIRECTION('',(0.,-0.873844599102,-0.48620532352));
#478 = DIRECTION('',(0.,0.48620532352,-0.873844599102));
#479 = ADVANCED_FACE('',(#480),#491,.T.);
#480 = FACE_BOUND('',#481,.T.);
#481 = EDGE_LOOP('',(#482,#483,#484,#485));
#482 = ORIENTED_EDGE('',*,*,#77,.T.);
#483 = ORIENTED_EDGE('',*,*,#453,.T.);
#484 = ORIENTED_EDGE('',*,*,#165,.T.);
#485 = ORIENTED_EDGE('',*,*,#486,.T.);
#486 = EDGE_CURVE('',#166,#70,#487,.T.);
#487 = LINE('',#488,#489);
#488 = CARTESIAN_POINT('',(7.95,-11.125,15.3739));
#489 = VECTOR('',#490,1.);
#490 = DIRECTION('',(-1.,0.,0.));
#491 = PLANE('',#492);
#492 = AXIS2_PLACEMENT_3D('',#493,#494,#495);
#493 = CARTESIAN_POINT('',(-2.4E-16,-18.05,15.3739));
#494 = DIRECTION('',(0.,-2.2E-16,1.));
#495 = DIRECTION('',(1.,0.,0.));
#496 = ADVANCED_FACE('',(#497),#503,.F.);
#497 = FACE_BOUND('',#498,.F.);
#498 = EDGE_LOOP('',(#499,#500,#501,#502));
#499 = ORIENTED_EDGE('',*,*,#173,.T.);
#500 = ORIENTED_EDGE('',*,*,#486,.T.);
#501 = ORIENTED_EDGE('',*,*,#69,.F.);
#502 = ORIENTED_EDGE('',*,*,#309,.F.);
#503 = PLANE('',#504);
#504 = AXIS2_PLACEMENT_3D('',#505,#506,#507);
#505 = CARTESIAN_POINT('',(7.95,-11.125,18.5739));
#506 = DIRECTION('',(0.,1.,0.));
#507 = DIRECTION('',(-1.,0.,0.));
#508 = ADVANCED_FACE('',(#509),#520,.T.);
#509 = FACE_BOUND('',#510,.T.);
#510 = EDGE_LOOP('',(#511,#517,#518,#519));
#511 = ORIENTED_EDGE('',*,*,#512,.F.);
#512 = EDGE_CURVE('',#366,#437,#513,.T.);
#513 = LINE('',#514,#515);
#514 = CARTESIAN_POINT('',(8.,-23.726341,15.766041));
#515 = VECTOR('',#516,1.);
#516 = DIRECTION('',(0.,1.,2.2E-16));
#517 = ORIENTED_EDGE('',*,*,#398,.T.);
#518 = ORIENTED_EDGE('',*,*,#149,.T.);
#519 = ORIENTED_EDGE('',*,*,#446,.F.);
#520 = PLANE('',#521);
#521 = AXIS2_PLACEMENT_3D('',#522,#523,#524);
#522 = CARTESIAN_POINT('',(8.,-23.726341,15.766041));
#523 = DIRECTION('',(0.,0.,-1.));
#524 = DIRECTION('',(0.,1.,0.));
#525 = ADVANCED_FACE('',(#526,#652,#663,#674,#685),#696,.T.);
#526 = FACE_BOUND('',#527,.T.);
#527 = EDGE_LOOP('',(#528,#529,#537,#545,#553,#562,#570,#579,#587,#596,
    #604,#613,#621,#630,#638,#646));
#528 = ORIENTED_EDGE('',*,*,#187,.F.);
#529 = ORIENTED_EDGE('',*,*,#530,.T.);
#530 = EDGE_CURVE('',#188,#531,#533,.T.);
#531 = VERTEX_POINT('',#532);
#532 = CARTESIAN_POINT('',(-12.5,-29.,6.5739));
#533 = LINE('',#534,#535);
#534 = CARTESIAN_POINT('',(-12.5,-29.,18.5739));
#535 = VECTOR('',#536,1.);
#536 = DIRECTION('',(0.,0.,-1.));
#537 = ORIENTED_EDGE('',*,*,#538,.T.);
#538 = EDGE_CURVE('',#531,#539,#541,.T.);
#539 = VERTEX_POINT('',#540);
#540 = CARTESIAN_POINT('',(-12.5,-29.,-2.4261));
#541 = LINE('',#542,#543);
#542 = CARTESIAN_POINT('',(-12.5,-29.,18.5739));
#543 = VECTOR('',#544,1.);
#544 = DIRECTION('',(0.,0.,-1.));
#545 = ORIENTED_EDGE('',*,*,#546,.T.);
#546 = EDGE_CURVE('',#539,#547,#549,.T.);
#547 = VERTEX_POINT('',#548);
#548 = CARTESIAN_POINT('',(-12.49875949004,-29.,-2.4261));
#549 = LINE('',#550,#551);
#550 = CARTESIAN_POINT('',(-12.5,-29.,-2.4261));
#551 = VECTOR('',#552,1.);
#552 = DIRECTION('',(1.,0.,0.));
#553 = ORIENTED_EDGE('',*,*,#554,.T.);
#554 = EDGE_CURVE('',#547,#555,#557,.T.);
#555 = VERTEX_POINT('',#556);
#556 = CARTESIAN_POINT('',(-10.80441758203,-29.,-8.536060826393));
#557 = CIRCLE('',#558,12.5);
#558 = AXIS2_PLACEMENT_3D('',#559,#560,#561);
#559 = CARTESIAN_POINT('',(0.,-29.,-2.25));
#560 = DIRECTION('',(0.,-1.,-2.2E-16));
#561 = DIRECTION('',(1.,0.,0.));
#562 = ORIENTED_EDGE('',*,*,#563,.F.);
#563 = EDGE_CURVE('',#564,#555,#566,.T.);
#564 = VERTEX_POINT('',#565);
#565 = CARTESIAN_POINT('',(-12.20487908898,-29.,-11.08896363973));
#566 = LINE('',#567,#568);
#567 = CARTESIAN_POINT('',(-12.20487908898,-29.,-11.08896363973));
#568 = VECTOR('',#569,1.);
#569 = DIRECTION('',(0.480960011816,-1.9E-16,0.876742531781));
#570 = ORIENTED_EDGE('',*,*,#571,.T.);
#571 = EDGE_CURVE('',#564,#572,#574,.T.);
#572 = VERTEX_POINT('',#573);
#573 = CARTESIAN_POINT('',(-8.297356362262,-29.,-14.82935726493));
#574 = CIRCLE('',#575,2.8);
#575 = AXIS2_PLACEMENT_3D('',#576,#577,#578);
#576 = CARTESIAN_POINT('',(-9.75,-29.,-12.43565167281));
#577 = DIRECTION('',(0.,-1.,-2.2E-16));
#578 = DIRECTION('',(1.,0.,0.));
#579 = ORIENTED_EDGE('',*,*,#580,.T.);
#580 = EDGE_CURVE('',#572,#581,#583,.T.);
#581 = VERTEX_POINT('',#582);
#582 = CARTESIAN_POINT('',(-5.808069713546,-29.,-13.31870932867));
#583 = LINE('',#584,#585);
#584 = CARTESIAN_POINT('',(-8.297356362262,-29.,-14.82935726493));
#585 = VECTOR('',#586,1.);
#586 = DIRECTION('',(0.854894854328,-1.2E-16,0.518801299192));
#587 = ORIENTED_EDGE('',*,*,#588,.T.);
#588 = EDGE_CURVE('',#581,#589,#591,.T.);
#589 = VERTEX_POINT('',#590);
#590 = CARTESIAN_POINT('',(5.808069713546,-29.,-13.31870932867));
#591 = CIRCLE('',#592,12.5);
#592 = AXIS2_PLACEMENT_3D('',#593,#594,#595);
#593 = CARTESIAN_POINT('',(0.,-29.,-2.25));
#594 = DIRECTION('',(0.,-1.,-2.2E-16));
#595 = DIRECTION('',(1.,0.,0.));
#596 = ORIENTED_EDGE('',*,*,#597,.F.);
#597 = EDGE_CURVE('',#598,#589,#600,.T.);
#598 = VERTEX_POINT('',#599);
#599 = CARTESIAN_POINT('',(8.297356362262,-29.,-14.82935726493));
#600 = LINE('',#601,#602);
#601 = CARTESIAN_POINT('',(8.297356362262,-29.,-14.82935726493));
#602 = VECTOR('',#603,1.);
#603 = DIRECTION('',(-0.854894854328,-1.2E-16,0.518801299192));
#604 = ORIENTED_EDGE('',*,*,#605,.T.);
#605 = EDGE_CURVE('',#598,#606,#608,.T.);
#606 = VERTEX_POINT('',#607);
#607 = CARTESIAN_POINT('',(12.204879088986,-29.,-11.08896363973));
#608 = CIRCLE('',#609,2.8);
#609 = AXIS2_PLACEMENT_3D('',#610,#611,#612);
#610 = CARTESIAN_POINT('',(9.75,-29.,-12.43565167281));
#611 = DIRECTION('',(0.,-1.,-2.2E-16));
#612 = DIRECTION('',(1.,0.,0.));
#613 = ORIENTED_EDGE('',*,*,#614,.T.);
#614 = EDGE_CURVE('',#606,#615,#617,.T.);
#615 = VERTEX_POINT('',#616);
#616 = CARTESIAN_POINT('',(10.80441758203,-29.,-8.536060826393));
#617 = LINE('',#618,#619);
#618 = CARTESIAN_POINT('',(12.204879088986,-29.,-11.08896363973));
#619 = VECTOR('',#620,1.);
#620 = DIRECTION('',(-0.480960011816,-1.9E-16,0.876742531781));
#621 = ORIENTED_EDGE('',*,*,#622,.T.);
#622 = EDGE_CURVE('',#615,#623,#625,.T.);
#623 = VERTEX_POINT('',#624);
#624 = CARTESIAN_POINT('',(12.498759490045,-29.,-2.4261));
#625 = CIRCLE('',#626,12.5);
#626 = AXIS2_PLACEMENT_3D('',#627,#628,#629);
#627 = CARTESIAN_POINT('',(0.,-29.,-2.25));
#628 = DIRECTION('',(0.,-1.,-2.2E-16));
#629 = DIRECTION('',(1.,0.,0.));
#630 = ORIENTED_EDGE('',*,*,#631,.T.);
#631 = EDGE_CURVE('',#623,#632,#634,.T.);
#632 = VERTEX_POINT('',#633);
#633 = CARTESIAN_POINT('',(12.5,-29.,-2.4261));
#634 = LINE('',#635,#636);
#635 = CARTESIAN_POINT('',(-12.5,-29.,-2.4261));
#636 = VECTOR('',#637,1.);
#637 = DIRECTION('',(1.,0.,0.));
#638 = ORIENTED_EDGE('',*,*,#639,.F.);
#639 = EDGE_CURVE('',#640,#632,#642,.T.);
#640 = VERTEX_POINT('',#641);
#641 = CARTESIAN_POINT('',(12.5,-29.,6.5739));
#642 = LINE('',#643,#644);
#643 = CARTESIAN_POINT('',(12.5,-29.,18.5739));
#644 = VECTOR('',#645,1.);
#645 = DIRECTION('',(0.,0.,-1.));
#646 = ORIENTED_EDGE('',*,*,#647,.F.);
#647 = EDGE_CURVE('',#190,#640,#648,.T.);
#648 = LINE('',#649,#650);
#649 = CARTESIAN_POINT('',(12.5,-29.,18.5739));
#650 = VECTOR('',#651,1.);
#651 = DIRECTION('',(0.,0.,-1.));
#652 = FACE_BOUND('',#653,.T.);
#653 = EDGE_LOOP('',(#654));
#654 = ORIENTED_EDGE('',*,*,#655,.F.);
#655 = EDGE_CURVE('',#656,#656,#658,.T.);
#656 = VERTEX_POINT('',#657);
#657 = CARTESIAN_POINT('',(11.35,-29.,-12.43565167281));
#658 = CIRCLE('',#659,1.6);
#659 = AXIS2_PLACEMENT_3D('',#660,#661,#662);
#660 = CARTESIAN_POINT('',(9.75,-29.,-12.43565167281));
#661 = DIRECTION('',(0.,-1.,-2.2E-16));
#662 = DIRECTION('',(1.,0.,0.));
#663 = FACE_BOUND('',#664,.T.);
#664 = EDGE_LOOP('',(#665));
#665 = ORIENTED_EDGE('',*,*,#666,.T.);
#666 = EDGE_CURVE('',#667,#667,#669,.T.);
#667 = VERTEX_POINT('',#668);
#668 = CARTESIAN_POINT('',(10.65,-29.,-2.25));
#669 = CIRCLE('',#670,10.65);
#670 = AXIS2_PLACEMENT_3D('',#671,#672,#673);
#671 = CARTESIAN_POINT('',(0.,-29.,-2.25));
#672 = DIRECTION('',(0.,1.,-2.2E-16));
#673 = DIRECTION('',(1.,0.,0.));
#674 = FACE_BOUND('',#675,.T.);
#675 = EDGE_LOOP('',(#676));
#676 = ORIENTED_EDGE('',*,*,#677,.F.);
#677 = EDGE_CURVE('',#678,#678,#680,.T.);
#678 = VERTEX_POINT('',#679);
#679 = CARTESIAN_POINT('',(-8.15,-29.,-12.43565167281));
#680 = CIRCLE('',#681,1.6);
#681 = AXIS2_PLACEMENT_3D('',#682,#683,#684);
#682 = CARTESIAN_POINT('',(-9.75,-29.,-12.43565167281));
#683 = DIRECTION('',(0.,-1.,-2.2E-16));
#684 = DIRECTION('',(1.,0.,0.));
#685 = FACE_BOUND('',#686,.T.);
#686 = EDGE_LOOP('',(#687));
#687 = ORIENTED_EDGE('',*,*,#688,.F.);
#688 = EDGE_CURVE('',#689,#689,#691,.T.);
#689 = VERTEX_POINT('',#690);
#690 = CARTESIAN_POINT('',(1.6,-29.,12.));
#691 = CIRCLE('',#692,1.6);
#692 = AXIS2_PLACEMENT_3D('',#693,#694,#695);
#693 = CARTESIAN_POINT('',(0.,-29.,12.));
#694 = DIRECTION('',(0.,-1.,-2.2E-16));
#695 = DIRECTION('',(1.,0.,0.));
#696 = PLANE('',#697);
#697 = AXIS2_PLACEMENT_3D('',#698,#699,#700);
#698 = CARTESIAN_POINT('',(-1.304E-14,-29.,1.924805594915));
#699 = DIRECTION('',(0.,-1.,7.E-17));
#700 = DIRECTION('',(0.,7.E-17,1.));
#701 = ADVANCED_FACE('',(#702),#720,.F.);
#702 = FACE_BOUND('',#703,.F.);
#703 = EDGE_LOOP('',(#704,#705,#713,#719));
#704 = ORIENTED_EDGE('',*,*,#530,.T.);
#705 = ORIENTED_EDGE('',*,*,#706,.T.);
#706 = EDGE_CURVE('',#531,#707,#709,.T.);
#707 = VERTEX_POINT('',#708);
#708 = CARTESIAN_POINT('',(-13.8239,-26.125,6.5739));
#709 = LINE('',#710,#711);
#710 = CARTESIAN_POINT('',(-12.5,-29.,6.5739));
#711 = VECTOR('',#712,1.);
#712 = DIRECTION('',(-0.418270640141,0.908322449131,2.E-16));
#713 = ORIENTED_EDGE('',*,*,#714,.F.);
#714 = EDGE_CURVE('',#270,#707,#715,.T.);
#715 = LINE('',#716,#717);
#716 = CARTESIAN_POINT('',(-13.8239,-26.125,18.5739));
#717 = VECTOR('',#718,1.);
#718 = DIRECTION('',(0.,0.,-1.));
#719 = ORIENTED_EDGE('',*,*,#277,.F.);
#720 = PLANE('',#721);
#721 = AXIS2_PLACEMENT_3D('',#722,#723,#724);
#722 = CARTESIAN_POINT('',(-12.5,-29.,18.5739));
#723 = DIRECTION('',(0.908322449131,0.418270640141,0.));
#724 = DIRECTION('',(-0.418270640141,0.908322449131,0.));
#725 = ADVANCED_FACE('',(#726),#744,.T.);
#726 = FACE_BOUND('',#727,.T.);
#727 = EDGE_LOOP('',(#728,#729,#737,#743));
#728 = ORIENTED_EDGE('',*,*,#647,.T.);
#729 = ORIENTED_EDGE('',*,*,#730,.T.);
#730 = EDGE_CURVE('',#640,#731,#733,.T.);
#731 = VERTEX_POINT('',#732);
#732 = CARTESIAN_POINT('',(13.8239,-26.125,6.5739));
#733 = LINE('',#734,#735);
#734 = CARTESIAN_POINT('',(12.5,-29.,6.5739));
#735 = VECTOR('',#736,1.);
#736 = DIRECTION('',(0.418270640141,0.908322449131,2.E-16));
#737 = ORIENTED_EDGE('',*,*,#738,.F.);
#738 = EDGE_CURVE('',#198,#731,#739,.T.);
#739 = LINE('',#740,#741);
#740 = CARTESIAN_POINT('',(13.8239,-26.125,18.5739));
#741 = VECTOR('',#742,1.);
#742 = DIRECTION('',(0.,0.,-1.));
#743 = ORIENTED_EDGE('',*,*,#197,.F.);
#744 = PLANE('',#745);
#745 = AXIS2_PLACEMENT_3D('',#746,#747,#748);
#746 = CARTESIAN_POINT('',(12.5,-29.,18.5739));
#747 = DIRECTION('',(0.908322449131,-0.418270640141,0.));
#748 = DIRECTION('',(0.418270640141,0.908322449131,0.));
#749 = ADVANCED_FACE('',(#750),#768,.F.);
#750 = FACE_BOUND('',#751,.F.);
#751 = EDGE_LOOP('',(#752,#753,#761,#767));
#752 = ORIENTED_EDGE('',*,*,#714,.T.);
#753 = ORIENTED_EDGE('',*,*,#754,.T.);
#754 = EDGE_CURVE('',#707,#755,#757,.T.);
#755 = VERTEX_POINT('',#756);
#756 = CARTESIAN_POINT('',(-12.5,-23.25,6.5739));
#757 = LINE('',#758,#759);
#758 = CARTESIAN_POINT('',(-13.8239,-26.125,6.5739));
#759 = VECTOR('',#760,1.);
#760 = DIRECTION('',(0.418270640141,0.908322449131,2.E-16));
#761 = ORIENTED_EDGE('',*,*,#762,.F.);
#762 = EDGE_CURVE('',#262,#755,#763,.T.);
#763 = LINE('',#764,#765);
#764 = CARTESIAN_POINT('',(-12.5,-23.25,18.5739));
#765 = VECTOR('',#766,1.);
#766 = DIRECTION('',(0.,0.,-1.));
#767 = ORIENTED_EDGE('',*,*,#269,.F.);
#768 = PLANE('',#769);
#769 = AXIS2_PLACEMENT_3D('',#770,#771,#772);
#770 = CARTESIAN_POINT('',(-13.8239,-26.125,18.5739));
#771 = DIRECTION('',(0.908322449131,-0.418270640141,0.));
#772 = DIRECTION('',(0.418270640141,0.908322449131,0.));
#773 = ADVANCED_FACE('',(#774),#792,.T.);
#774 = FACE_BOUND('',#775,.T.);
#775 = EDGE_LOOP('',(#776,#777,#785,#791));
#776 = ORIENTED_EDGE('',*,*,#738,.T.);
#777 = ORIENTED_EDGE('',*,*,#778,.T.);
#778 = EDGE_CURVE('',#731,#779,#781,.T.);
#779 = VERTEX_POINT('',#780);
#780 = CARTESIAN_POINT('',(12.5,-23.25,6.5739));
#781 = LINE('',#782,#783);
#782 = CARTESIAN_POINT('',(13.8239,-26.125,6.5739));
#783 = VECTOR('',#784,1.);
#784 = DIRECTION('',(-0.418270640141,0.908322449131,2.E-16));
#785 = ORIENTED_EDGE('',*,*,#786,.F.);
#786 = EDGE_CURVE('',#206,#779,#787,.T.);
#787 = LINE('',#788,#789);
#788 = CARTESIAN_POINT('',(12.5,-23.25,18.5739));
#789 = VECTOR('',#790,1.);
#790 = DIRECTION('',(0.,0.,-1.));
#791 = ORIENTED_EDGE('',*,*,#205,.F.);
#792 = PLANE('',#793);
#793 = AXIS2_PLACEMENT_3D('',#794,#795,#796);
#794 = CARTESIAN_POINT('',(13.8239,-26.125,18.5739));
#795 = DIRECTION('',(0.908322449131,0.418270640141,0.));
#796 = DIRECTION('',(-0.418270640141,0.908322449131,0.));
#797 = ADVANCED_FACE('',(#798),#839,.T.);
#798 = FACE_BOUND('',#799,.T.);
#799 = EDGE_LOOP('',(#800,#801,#809,#817,#825,#831,#832,#838));
#800 = ORIENTED_EDGE('',*,*,#261,.F.);
#801 = ORIENTED_EDGE('',*,*,#802,.T.);
#802 = EDGE_CURVE('',#254,#803,#805,.T.);
#803 = VERTEX_POINT('',#804);
#804 = CARTESIAN_POINT('',(-12.5,-14.,9.397799999996));
#805 = LINE('',#806,#807);
#806 = CARTESIAN_POINT('',(-12.5,-14.,18.5739));
#807 = VECTOR('',#808,1.);
#808 = DIRECTION('',(0.,0.,-1.));
#809 = ORIENTED_EDGE('',*,*,#810,.T.);
#810 = EDGE_CURVE('',#803,#811,#813,.T.);
#811 = VERTEX_POINT('',#812);
#812 = CARTESIAN_POINT('',(-12.5,-22.,9.397799999996));
#813 = LINE('',#814,#815);
#814 = CARTESIAN_POINT('',(-12.5,-15.125,9.397799999996));
#815 = VECTOR('',#816,1.);
#816 = DIRECTION('',(0.,-1.,2.2E-16));
#817 = ORIENTED_EDGE('',*,*,#818,.F.);
#818 = EDGE_CURVE('',#819,#811,#821,.T.);
#819 = VERTEX_POINT('',#820);
#820 = CARTESIAN_POINT('',(-12.5,-22.,-2.4261));
#821 = LINE('',#822,#823);
#822 = CARTESIAN_POINT('',(-12.5,-22.,8.071757504484));
#823 = VECTOR('',#824,1.);
#824 = DIRECTION('',(0.,2.8E-16,1.));
#825 = ORIENTED_EDGE('',*,*,#826,.T.);
#826 = EDGE_CURVE('',#819,#539,#827,.T.);
#827 = LINE('',#828,#829);
#828 = CARTESIAN_POINT('',(-12.5,-8.25,-2.4261));
#829 = VECTOR('',#830,1.);
#830 = DIRECTION('',(0.,-1.,-2.2E-16));
#831 = ORIENTED_EDGE('',*,*,#538,.F.);
#832 = ORIENTED_EDGE('',*,*,#833,.T.);
#833 = EDGE_CURVE('',#531,#755,#834,.T.);
#834 = LINE('',#835,#836);
#835 = CARTESIAN_POINT('',(-12.5,-29.,6.5739));
#836 = VECTOR('',#837,1.);
#837 = DIRECTION('',(0.,1.,2.2E-16));
#838 = ORIENTED_EDGE('',*,*,#762,.F.);
#839 = PLANE('',#840);
#840 = AXIS2_PLACEMENT_3D('',#841,#842,#843);
#841 = CARTESIAN_POINT('',(-12.5,-20.57204940119,10.020949401197));
#842 = DIRECTION('',(-1.,0.,0.));
#843 = DIRECTION('',(0.,1.,2.2E-16));
#844 = ADVANCED_FACE('',(#845),#886,.T.);
#845 = FACE_BOUND('',#846,.T.);
#846 = EDGE_LOOP('',(#847,#848,#849,#855,#856,#864,#872,#880));
#847 = ORIENTED_EDGE('',*,*,#213,.F.);
#848 = ORIENTED_EDGE('',*,*,#786,.T.);
#849 = ORIENTED_EDGE('',*,*,#850,.T.);
#850 = EDGE_CURVE('',#779,#640,#851,.T.);
#851 = LINE('',#852,#853);
#852 = CARTESIAN_POINT('',(12.5,-23.25,6.5739));
#853 = VECTOR('',#854,1.);
#854 = DIRECTION('',(3.1E-16,-1.,-2.2E-16));
#855 = ORIENTED_EDGE('',*,*,#639,.T.);
#856 = ORIENTED_EDGE('',*,*,#857,.T.);
#857 = EDGE_CURVE('',#632,#858,#860,.T.);
#858 = VERTEX_POINT('',#859);
#859 = CARTESIAN_POINT('',(12.5,-22.,-2.4261));
#860 = LINE('',#861,#862);
#861 = CARTESIAN_POINT('',(12.5,-29.,-2.4261));
#862 = VECTOR('',#863,1.);
#863 = DIRECTION('',(0.,1.,2.2E-16));
#864 = ORIENTED_EDGE('',*,*,#865,.F.);
#865 = EDGE_CURVE('',#866,#858,#868,.T.);
#866 = VERTEX_POINT('',#867);
#867 = CARTESIAN_POINT('',(12.5,-22.,9.3978));
#868 = LINE('',#869,#870);
#869 = CARTESIAN_POINT('',(12.5,-22.,8.071757504484));
#870 = VECTOR('',#871,1.);
#871 = DIRECTION('',(0.,-2.8E-16,-1.));
#872 = ORIENTED_EDGE('',*,*,#873,.T.);
#873 = EDGE_CURVE('',#866,#874,#876,.T.);
#874 = VERTEX_POINT('',#875);
#875 = CARTESIAN_POINT('',(12.5,-14.,9.3978));
#876 = LINE('',#877,#878);
#877 = CARTESIAN_POINT('',(12.5,-25.5,9.3978));
#878 = VECTOR('',#879,1.);
#879 = DIRECTION('',(0.,1.,-2.2E-16));
#880 = ORIENTED_EDGE('',*,*,#881,.F.);
#881 = EDGE_CURVE('',#214,#874,#882,.T.);
#882 = LINE('',#883,#884);
#883 = CARTESIAN_POINT('',(12.5,-14.,18.5739));
#884 = VECTOR('',#885,1.);
#885 = DIRECTION('',(0.,0.,-1.));
#886 = PLANE('',#887);
#887 = AXIS2_PLACEMENT_3D('',#888,#889,#890);
#888 = CARTESIAN_POINT('',(12.5,-20.57204940119,10.020949401198));
#889 = DIRECTION('',(1.,0.,0.));
#890 = DIRECTION('',(0.,-1.,-2.2E-16));
#891 = ADVANCED_FACE('',(#892),#910,.F.);
#892 = FACE_BOUND('',#893,.F.);
#893 = EDGE_LOOP('',(#894,#895,#896,#904));
#894 = ORIENTED_EDGE('',*,*,#253,.F.);
#895 = ORIENTED_EDGE('',*,*,#802,.T.);
#896 = ORIENTED_EDGE('',*,*,#897,.T.);
#897 = EDGE_CURVE('',#803,#898,#900,.T.);
#898 = VERTEX_POINT('',#899);
#899 = CARTESIAN_POINT('',(-13.82389999999,-11.125,8.0739));
#900 = LINE('',#901,#902);
#901 = CARTESIAN_POINT('',(-10.19940171295,-18.9960118402,
    11.698398287041));
#902 = VECTOR('',#903,1.);
#903 = DIRECTION('',(-0.385875875219,0.837973518584,-0.385875875219));
#904 = ORIENTED_EDGE('',*,*,#905,.F.);
#905 = EDGE_CURVE('',#246,#898,#906,.T.);
#906 = LINE('',#907,#908);
#907 = CARTESIAN_POINT('',(-13.8239,-11.125,18.5739));
#908 = VECTOR('',#909,1.);
#909 = DIRECTION('',(0.,0.,-1.));
#910 = PLANE('',#911);
#911 = AXIS2_PLACEMENT_3D('',#912,#913,#914);
#912 = CARTESIAN_POINT('',(-12.5,-14.,18.5739));
#913 = DIRECTION('',(0.908322449131,0.418270640141,0.));
#914 = DIRECTION('',(-0.418270640141,0.908322449131,0.));
#915 = ADVANCED_FACE('',(#916),#934,.F.);
#916 = FACE_BOUND('',#917,.F.);
#917 = EDGE_LOOP('',(#918,#919,#927,#933));
#918 = ORIENTED_EDGE('',*,*,#221,.F.);
#919 = ORIENTED_EDGE('',*,*,#920,.T.);
#920 = EDGE_CURVE('',#222,#921,#923,.T.);
#921 = VERTEX_POINT('',#922);
#922 = CARTESIAN_POINT('',(13.8239,-11.125,8.0739));
#923 = LINE('',#924,#925);
#924 = CARTESIAN_POINT('',(13.8239,-11.125,18.5739));
#925 = VECTOR('',#926,1.);
#926 = DIRECTION('',(0.,0.,-1.));
#927 = ORIENTED_EDGE('',*,*,#928,.T.);
#928 = EDGE_CURVE('',#921,#874,#929,.T.);
#929 = LINE('',#930,#931);
#930 = CARTESIAN_POINT('',(11.283937900242,-16.64081768774,
    10.613862099758));
#931 = VECTOR('',#932,1.);
#932 = DIRECTION('',(-0.385875875219,-0.837973518584,0.385875875219));
#933 = ORIENTED_EDGE('',*,*,#881,.F.);
#934 = PLANE('',#935);
#935 = AXIS2_PLACEMENT_3D('',#936,#937,#938);
#936 = CARTESIAN_POINT('',(13.8239,-11.125,18.5739));
#937 = DIRECTION('',(-0.908322449131,0.418270640141,0.));
#938 = DIRECTION('',(-0.418270640141,-0.908322449131,0.));
#939 = ADVANCED_FACE('',(#940),#958,.F.);
#940 = FACE_BOUND('',#941,.F.);
#941 = EDGE_LOOP('',(#942,#943,#944,#952));
#942 = ORIENTED_EDGE('',*,*,#245,.F.);
#943 = ORIENTED_EDGE('',*,*,#905,.T.);
#944 = ORIENTED_EDGE('',*,*,#945,.T.);
#945 = EDGE_CURVE('',#898,#946,#948,.T.);
#946 = VERTEX_POINT('',#947);
#947 = CARTESIAN_POINT('',(-12.5,-8.25,9.397799999996));
#948 = LINE('',#949,#950);
#949 = CARTESIAN_POINT('',(-14.27925942469,-12.11386497922,
    7.618540575299));
#950 = VECTOR('',#951,1.);
#951 = DIRECTION('',(0.385875875219,0.837973518584,0.385875875219));
#952 = ORIENTED_EDGE('',*,*,#953,.F.);
#953 = EDGE_CURVE('',#238,#946,#954,.T.);
#954 = LINE('',#955,#956);
#955 = CARTESIAN_POINT('',(-12.5,-8.25,18.5739));
#956 = VECTOR('',#957,1.);
#957 = DIRECTION('',(0.,0.,-1.));
#958 = PLANE('',#959);
#959 = AXIS2_PLACEMENT_3D('',#960,#961,#962);
#960 = CARTESIAN_POINT('',(-13.8239,-11.125,18.5739));
#961 = DIRECTION('',(0.908322449131,-0.418270640141,0.));
#962 = DIRECTION('',(0.418270640141,0.908322449131,0.));
#963 = ADVANCED_FACE('',(#964),#982,.F.);
#964 = FACE_BOUND('',#965,.F.);
#965 = EDGE_LOOP('',(#966,#967,#975,#981));
#966 = ORIENTED_EDGE('',*,*,#229,.F.);
#967 = ORIENTED_EDGE('',*,*,#968,.T.);
#968 = EDGE_CURVE('',#230,#969,#971,.T.);
#969 = VERTEX_POINT('',#970);
#970 = CARTESIAN_POINT('',(12.5,-8.25,9.3978));
#971 = LINE('',#972,#973);
#972 = CARTESIAN_POINT('',(12.5,-8.25,18.5739));
#973 = VECTOR('',#974,1.);
#974 = DIRECTION('',(0.,0.,-1.));
#975 = ORIENTED_EDGE('',*,*,#976,.T.);
#976 = EDGE_CURVE('',#969,#921,#977,.T.);
#977 = LINE('',#978,#979);
#978 = CARTESIAN_POINT('',(14.237024574945,-12.02214718103,
    7.660775425055));
#979 = VECTOR('',#980,1.);
#980 = DIRECTION('',(0.385875875219,-0.837973518584,-0.385875875219));
#981 = ORIENTED_EDGE('',*,*,#920,.F.);
#982 = PLANE('',#983);
#983 = AXIS2_PLACEMENT_3D('',#984,#985,#986);
#984 = CARTESIAN_POINT('',(12.5,-8.25,18.5739));
#985 = DIRECTION('',(-0.908322449131,-0.418270640141,0.));
#986 = DIRECTION('',(0.418270640141,-0.908322449131,0.));
#987 = ADVANCED_FACE('',(#988),#1015,.T.);
#988 = FACE_BOUND('',#989,.T.);
#989 = EDGE_LOOP('',(#990,#991,#992,#1000,#1008,#1014));
#990 = ORIENTED_EDGE('',*,*,#237,.F.);
#991 = ORIENTED_EDGE('',*,*,#968,.T.);
#992 = ORIENTED_EDGE('',*,*,#993,.T.);
#993 = EDGE_CURVE('',#969,#994,#996,.T.);
#994 = VERTEX_POINT('',#995);
#995 = CARTESIAN_POINT('',(10.3239,-8.25,11.5739));
#996 = LINE('',#997,#998);
#997 = CARTESIAN_POINT('',(10.867925,-8.25,11.029875));
#998 = VECTOR('',#999,1.);
#999 = DIRECTION('',(-0.707106781187,0.,0.707106781187));
#1000 = ORIENTED_EDGE('',*,*,#1001,.T.);
#1001 = EDGE_CURVE('',#994,#1002,#1004,.T.);
#1002 = VERTEX_POINT('',#1003);
#1003 = CARTESIAN_POINT('',(-10.3239,-8.25,11.5739));
#1004 = LINE('',#1005,#1006);
#1005 = CARTESIAN_POINT('',(11.41195,-8.25,11.5739));
#1006 = VECTOR('',#1007,1.);
#1007 = DIRECTION('',(-1.,0.,0.));
#1008 = ORIENTED_EDGE('',*,*,#1009,.T.);
#1009 = EDGE_CURVE('',#1002,#946,#1010,.T.);
#1010 = LINE('',#1011,#1012);
#1011 = CARTESIAN_POINT('',(-2.867925000011,-8.25,19.029875000003));
#1012 = VECTOR('',#1013,1.);
#1013 = DIRECTION('',(-0.707106781186,0.,-0.707106781187));
#1014 = ORIENTED_EDGE('',*,*,#953,.F.);
#1015 = PLANE('',#1016);
#1016 = AXIS2_PLACEMENT_3D('',#1017,#1018,#1019);
#1017 = CARTESIAN_POINT('',(12.5,-8.25,18.5739));
#1018 = DIRECTION('',(0.,1.,0.));
#1019 = DIRECTION('',(-1.,0.,0.));
#1020 = ADVANCED_FACE('',(#1021),#1040,.F.);
#1021 = FACE_BOUND('',#1022,.F.);
#1022 = EDGE_LOOP('',(#1023,#1031,#1038,#1039));
#1023 = ORIENTED_EDGE('',*,*,#1024,.T.);
#1024 = EDGE_CURVE('',#286,#1025,#1027,.T.);
#1025 = VERTEX_POINT('',#1026);
#1026 = CARTESIAN_POINT('',(-8.9,-11.125,14.5739));
#1027 = LINE('',#1028,#1029);
#1028 = CARTESIAN_POINT('',(-8.9,-11.125,18.5739));
#1029 = VECTOR('',#1030,1.);
#1030 = DIRECTION('',(0.,0.,-1.));
#1031 = ORIENTED_EDGE('',*,*,#1032,.T.);
#1032 = EDGE_CURVE('',#1025,#1025,#1033,.T.);
#1033 = CIRCLE('',#1034,1.6);
#1034 = AXIS2_PLACEMENT_3D('',#1035,#1036,#1037);
#1035 = CARTESIAN_POINT('',(-10.5,-11.125,14.5739));
#1036 = DIRECTION('',(0.,-2.2E-16,1.));
#1037 = DIRECTION('',(1.,0.,0.));
#1038 = ORIENTED_EDGE('',*,*,#1024,.F.);
#1039 = ORIENTED_EDGE('',*,*,#285,.F.);
#1040 = CYLINDRICAL_SURFACE('',#1041,1.6);
#1041 = AXIS2_PLACEMENT_3D('',#1042,#1043,#1044);
#1042 = CARTESIAN_POINT('',(-10.5,-11.125,18.5739));
#1043 = DIRECTION('',(0.,0.,1.));
#1044 = DIRECTION('',(1.,0.,0.));
#1045 = ADVANCED_FACE('',(#1046),#1065,.F.);
#1046 = FACE_BOUND('',#1047,.F.);
#1047 = EDGE_LOOP('',(#1048,#1056,#1063,#1064));
#1048 = ORIENTED_EDGE('',*,*,#1049,.T.);
#1049 = EDGE_CURVE('',#297,#1050,#1052,.T.);
#1050 = VERTEX_POINT('',#1051);
#1051 = CARTESIAN_POINT('',(-8.9,-26.125,14.5739));
#1052 = LINE('',#1053,#1054);
#1053 = CARTESIAN_POINT('',(-8.9,-26.125,18.5739));
#1054 = VECTOR('',#1055,1.);
#1055 = DIRECTION('',(0.,0.,-1.));
#1056 = ORIENTED_EDGE('',*,*,#1057,.T.);
#1057 = EDGE_CURVE('',#1050,#1050,#1058,.T.);
#1058 = CIRCLE('',#1059,1.6);
#1059 = AXIS2_PLACEMENT_3D('',#1060,#1061,#1062);
#1060 = CARTESIAN_POINT('',(-10.5,-26.125,14.5739));
#1061 = DIRECTION('',(0.,-2.2E-16,1.));
#1062 = DIRECTION('',(1.,0.,0.));
#1063 = ORIENTED_EDGE('',*,*,#1049,.F.);
#1064 = ORIENTED_EDGE('',*,*,#296,.F.);
#1065 = CYLINDRICAL_SURFACE('',#1066,1.6);
#1066 = AXIS2_PLACEMENT_3D('',#1067,#1068,#1069);
#1067 = CARTESIAN_POINT('',(-10.5,-26.125,18.5739));
#1068 = DIRECTION('',(0.,0.,1.));
#1069 = DIRECTION('',(1.,0.,0.));
#1070 = ADVANCED_FACE('',(#1071),#1090,.F.);
#1071 = FACE_BOUND('',#1072,.F.);
#1072 = EDGE_LOOP('',(#1073,#1081,#1088,#1089));
#1073 = ORIENTED_EDGE('',*,*,#1074,.T.);
#1074 = EDGE_CURVE('',#319,#1075,#1077,.T.);
#1075 = VERTEX_POINT('',#1076);
#1076 = CARTESIAN_POINT('',(12.1,-11.125,14.5739));
#1077 = LINE('',#1078,#1079);
#1078 = CARTESIAN_POINT('',(12.1,-11.125,18.5739));
#1079 = VECTOR('',#1080,1.);
#1080 = DIRECTION('',(0.,0.,-1.));
#1081 = ORIENTED_EDGE('',*,*,#1082,.T.);
#1082 = EDGE_CURVE('',#1075,#1075,#1083,.T.);
#1083 = CIRCLE('',#1084,1.6);
#1084 = AXIS2_PLACEMENT_3D('',#1085,#1086,#1087);
#1085 = CARTESIAN_POINT('',(10.5,-11.125,14.5739));
#1086 = DIRECTION('',(0.,-2.2E-16,1.));
#1087 = DIRECTION('',(1.,0.,0.));
#1088 = ORIENTED_EDGE('',*,*,#1074,.F.);
#1089 = ORIENTED_EDGE('',*,*,#318,.F.);
#1090 = CYLINDRICAL_SURFACE('',#1091,1.6);
#1091 = AXIS2_PLACEMENT_3D('',#1092,#1093,#1094);
#1092 = CARTESIAN_POINT('',(10.5,-11.125,18.5739));
#1093 = DIRECTION('',(0.,0.,1.));
#1094 = DIRECTION('',(1.,0.,0.));
#1095 = ADVANCED_FACE('',(#1096),#1115,.F.);
#1096 = FACE_BOUND('',#1097,.F.);
#1097 = EDGE_LOOP('',(#1098,#1106,#1113,#1114));
#1098 = ORIENTED_EDGE('',*,*,#1099,.T.);
#1099 = EDGE_CURVE('',#330,#1100,#1102,.T.);
#1100 = VERTEX_POINT('',#1101);
#1101 = CARTESIAN_POINT('',(12.1,-26.125,14.5739));
#1102 = LINE('',#1103,#1104);
#1103 = CARTESIAN_POINT('',(12.1,-26.125,18.5739));
#1104 = VECTOR('',#1105,1.);
#1105 = DIRECTION('',(0.,0.,-1.));
#1106 = ORIENTED_EDGE('',*,*,#1107,.T.);
#1107 = EDGE_CURVE('',#1100,#1100,#1108,.T.);
#1108 = CIRCLE('',#1109,1.6);
#1109 = AXIS2_PLACEMENT_3D('',#1110,#1111,#1112);
#1110 = CARTESIAN_POINT('',(10.5,-26.125,14.5739));
#1111 = DIRECTION('',(0.,-2.2E-16,1.));
#1112 = DIRECTION('',(1.,0.,0.));
#1113 = ORIENTED_EDGE('',*,*,#1099,.F.);
#1114 = ORIENTED_EDGE('',*,*,#329,.F.);
#1115 = CYLINDRICAL_SURFACE('',#1116,1.6);
#1116 = AXIS2_PLACEMENT_3D('',#1117,#1118,#1119);
#1117 = CARTESIAN_POINT('',(10.5,-26.125,18.5739));
#1118 = DIRECTION('',(0.,0.,1.));
#1119 = DIRECTION('',(1.,0.,0.));
#1120 = ADVANCED_FACE('',(#1121),#1204,.F.);
#1121 = FACE_BOUND('',#1122,.F.);
#1122 = EDGE_LOOP('',(#1123,#1133,#1141,#1149,#1157,#1165,#1173,#1181,
    #1187,#1188,#1189,#1190,#1198));
#1123 = ORIENTED_EDGE('',*,*,#1124,.F.);
#1124 = EDGE_CURVE('',#1125,#1127,#1129,.T.);
#1125 = VERTEX_POINT('',#1126);
#1126 = CARTESIAN_POINT('',(8.,-18.247023,8.35));
#1127 = VERTEX_POINT('',#1128);
#1128 = CARTESIAN_POINT('',(8.,-18.247023,9.713554));
#1129 = LINE('',#1130,#1131);
#1130 = CARTESIAN_POINT('',(8.,-18.247023,6.623349));
#1131 = VECTOR('',#1132,1.);
#1132 = DIRECTION('',(0.,-2.2E-16,1.));
#1133 = ORIENTED_EDGE('',*,*,#1134,.F.);
#1134 = EDGE_CURVE('',#1135,#1125,#1137,.T.);
#1135 = VERTEX_POINT('',#1136);
#1136 = CARTESIAN_POINT('',(8.,-1.,8.35));
#1137 = LINE('',#1138,#1139);
#1138 = CARTESIAN_POINT('',(8.,-11.12983386095,8.35));
#1139 = VECTOR('',#1140,1.);
#1140 = DIRECTION('',(0.,-1.,1.6E-16));
#1141 = ORIENTED_EDGE('',*,*,#1142,.F.);
#1142 = EDGE_CURVE('',#1143,#1135,#1145,.T.);
#1143 = VERTEX_POINT('',#1144);
#1144 = CARTESIAN_POINT('',(8.,-1.,8.75));
#1145 = LINE('',#1146,#1147);
#1146 = CARTESIAN_POINT('',(8.,-1.,3.737043637778));
#1147 = VECTOR('',#1148,1.);
#1148 = DIRECTION('',(0.,-2.8E-16,-1.));
#1149 = ORIENTED_EDGE('',*,*,#1150,.F.);
#1150 = EDGE_CURVE('',#1151,#1143,#1153,.T.);
#1151 = VERTEX_POINT('',#1152);
#1152 = CARTESIAN_POINT('',(8.,-1.E-15,8.75));
#1153 = LINE('',#1154,#1155);
#1154 = CARTESIAN_POINT('',(8.,-6.187890916687,8.75));
#1155 = VECTOR('',#1156,1.);
#1156 = DIRECTION('',(0.,-1.,2.2E-16));
#1157 = ORIENTED_EDGE('',*,*,#1158,.F.);
#1158 = EDGE_CURVE('',#1159,#1151,#1161,.T.);
#1159 = VERTEX_POINT('',#1160);
#1160 = CARTESIAN_POINT('',(8.,-2.E-15,8.805288));
#1161 = LINE('',#1162,#1163);
#1162 = CARTESIAN_POINT('',(8.,-1.96E-15,8.805288));
#1163 = VECTOR('',#1164,1.);
#1164 = DIRECTION('',(0.,2.2E-16,-1.));
#1165 = ORIENTED_EDGE('',*,*,#1166,.F.);
#1166 = EDGE_CURVE('',#1167,#1159,#1169,.T.);
#1167 = VERTEX_POINT('',#1168);
#1168 = CARTESIAN_POINT('',(8.,-11.72766,8.805288));
#1169 = LINE('',#1170,#1171);
#1170 = CARTESIAN_POINT('',(8.,-11.72766,8.805288));
#1171 = VECTOR('',#1172,1.);
#1172 = DIRECTION('',(0.,1.,2.2E-16));
#1173 = ORIENTED_EDGE('',*,*,#1174,.F.);
#1174 = EDGE_CURVE('',#1175,#1167,#1177,.T.);
#1175 = VERTEX_POINT('',#1176);
#1176 = CARTESIAN_POINT('',(8.,-14.520932,12.365879));
#1177 = LINE('',#1178,#1179);
#1178 = CARTESIAN_POINT('',(8.,-14.520932,12.365879));
#1179 = VECTOR('',#1180,1.);
#1180 = DIRECTION('',(0.,0.617229078301,-0.786783493027));
#1181 = ORIENTED_EDGE('',*,*,#1182,.F.);
#1182 = EDGE_CURVE('',#439,#1175,#1183,.T.);
#1183 = LINE('',#1184,#1185);
#1184 = CARTESIAN_POINT('',(8.,-15.558285,13.845669));
#1185 = VECTOR('',#1186,1.);
#1186 = DIRECTION('',(0.,0.574019275537,-0.818841786496));
#1187 = ORIENTED_EDGE('',*,*,#436,.F.);
#1188 = ORIENTED_EDGE('',*,*,#512,.F.);
#1189 = ORIENTED_EDGE('',*,*,#363,.F.);
#1190 = ORIENTED_EDGE('',*,*,#1191,.F.);
#1191 = EDGE_CURVE('',#1192,#364,#1194,.T.);
#1192 = VERTEX_POINT('',#1193);
#1193 = CARTESIAN_POINT('',(8.,-20.443666,11.325685));
#1194 = LINE('',#1195,#1196);
#1195 = CARTESIAN_POINT('',(8.,-20.443666,11.325685));
#1196 = VECTOR('',#1197,1.);
#1197 = DIRECTION('',(0.,-0.627159479902,0.778890869615));
#1198 = ORIENTED_EDGE('',*,*,#1199,.F.);
#1199 = EDGE_CURVE('',#1127,#1192,#1200,.T.);
#1200 = LINE('',#1201,#1202);
#1201 = CARTESIAN_POINT('',(8.,-18.247023,9.713554));
#1202 = VECTOR('',#1203,1.);
#1203 = DIRECTION('',(0.,-0.806184510448,0.591664208072));
#1204 = PLANE('',#1205);
#1205 = AXIS2_PLACEMENT_3D('',#1206,#1207,#1208);
#1206 = CARTESIAN_POINT('',(8.,-12.37578183337,9.904472266589));
#1207 = DIRECTION('',(1.,0.,0.));
#1208 = DIRECTION('',(0.,-2.2E-16,1.));
#1209 = ADVANCED_FACE('',(#1210),#1293,.T.);
#1210 = FACE_BOUND('',#1211,.T.);
#1211 = EDGE_LOOP('',(#1212,#1222,#1230,#1238,#1246,#1254,#1262,#1270,
    #1276,#1277,#1278,#1279,#1287));
#1212 = ORIENTED_EDGE('',*,*,#1213,.F.);
#1213 = EDGE_CURVE('',#1214,#1216,#1218,.T.);
#1214 = VERTEX_POINT('',#1215);
#1215 = CARTESIAN_POINT('',(-8.,-18.247023,8.35));
#1216 = VERTEX_POINT('',#1217);
#1217 = CARTESIAN_POINT('',(-8.,-18.247023,9.713554));
#1218 = LINE('',#1219,#1220);
#1219 = CARTESIAN_POINT('',(-8.,-18.247023,6.623349));
#1220 = VECTOR('',#1221,1.);
#1221 = DIRECTION('',(0.,-2.2E-16,1.));
#1222 = ORIENTED_EDGE('',*,*,#1223,.F.);
#1223 = EDGE_CURVE('',#1224,#1214,#1226,.T.);
#1224 = VERTEX_POINT('',#1225);
#1225 = CARTESIAN_POINT('',(-8.,-1.,8.35));
#1226 = LINE('',#1227,#1228);
#1227 = CARTESIAN_POINT('',(-8.,-11.12983386095,8.35));
#1228 = VECTOR('',#1229,1.);
#1229 = DIRECTION('',(0.,-1.,1.6E-16));
#1230 = ORIENTED_EDGE('',*,*,#1231,.F.);
#1231 = EDGE_CURVE('',#1232,#1224,#1234,.T.);
#1232 = VERTEX_POINT('',#1233);
#1233 = CARTESIAN_POINT('',(-8.,-1.,8.75));
#1234 = LINE('',#1235,#1236);
#1235 = CARTESIAN_POINT('',(-8.,-1.,3.737043637778));
#1236 = VECTOR('',#1237,1.);
#1237 = DIRECTION('',(0.,-2.8E-16,-1.));
#1238 = ORIENTED_EDGE('',*,*,#1239,.F.);
#1239 = EDGE_CURVE('',#1240,#1232,#1242,.T.);
#1240 = VERTEX_POINT('',#1241);
#1241 = CARTESIAN_POINT('',(-8.,-1.E-15,8.75));
#1242 = LINE('',#1243,#1244);
#1243 = CARTESIAN_POINT('',(-8.,-6.187890916687,8.75));
#1244 = VECTOR('',#1245,1.);
#1245 = DIRECTION('',(0.,-1.,2.2E-16));
#1246 = ORIENTED_EDGE('',*,*,#1247,.F.);
#1247 = EDGE_CURVE('',#1248,#1240,#1250,.T.);
#1248 = VERTEX_POINT('',#1249);
#1249 = CARTESIAN_POINT('',(-8.,-2.E-15,8.805288));
#1250 = LINE('',#1251,#1252);
#1251 = CARTESIAN_POINT('',(-8.,-1.96E-15,8.805288));
#1252 = VECTOR('',#1253,1.);
#1253 = DIRECTION('',(0.,2.2E-16,-1.));
#1254 = ORIENTED_EDGE('',*,*,#1255,.F.);
#1255 = EDGE_CURVE('',#1256,#1248,#1258,.T.);
#1256 = VERTEX_POINT('',#1257);
#1257 = CARTESIAN_POINT('',(-8.,-11.72766,8.805288));
#1258 = LINE('',#1259,#1260);
#1259 = CARTESIAN_POINT('',(-8.,-11.72766,8.805288));
#1260 = VECTOR('',#1261,1.);
#1261 = DIRECTION('',(0.,1.,2.2E-16));
#1262 = ORIENTED_EDGE('',*,*,#1263,.F.);
#1263 = EDGE_CURVE('',#1264,#1256,#1266,.T.);
#1264 = VERTEX_POINT('',#1265);
#1265 = CARTESIAN_POINT('',(-8.,-14.520932,12.365879));
#1266 = LINE('',#1267,#1268);
#1267 = CARTESIAN_POINT('',(-8.,-14.520932,12.365879));
#1268 = VECTOR('',#1269,1.);
#1269 = DIRECTION('',(0.,0.617229078301,-0.786783493027));
#1270 = ORIENTED_EDGE('',*,*,#1271,.F.);
#1271 = EDGE_CURVE('',#462,#1264,#1272,.T.);
#1272 = LINE('',#1273,#1274);
#1273 = CARTESIAN_POINT('',(-8.,-15.558285,13.845669));
#1274 = VECTOR('',#1275,1.);
#1275 = DIRECTION('',(0.,0.574019275537,-0.818841786496));
#1276 = ORIENTED_EDGE('',*,*,#461,.F.);
#1277 = ORIENTED_EDGE('',*,*,#414,.F.);
#1278 = ORIENTED_EDGE('',*,*,#381,.F.);
#1279 = ORIENTED_EDGE('',*,*,#1280,.F.);
#1280 = EDGE_CURVE('',#1281,#374,#1283,.T.);
#1281 = VERTEX_POINT('',#1282);
#1282 = CARTESIAN_POINT('',(-8.,-20.443666,11.325685));
#1283 = LINE('',#1284,#1285);
#1284 = CARTESIAN_POINT('',(-8.,-20.443666,11.325685));
#1285 = VECTOR('',#1286,1.);
#1286 = DIRECTION('',(0.,-0.627159479902,0.778890869615));
#1287 = ORIENTED_EDGE('',*,*,#1288,.F.);
#1288 = EDGE_CURVE('',#1216,#1281,#1289,.T.);
#1289 = LINE('',#1290,#1291);
#1290 = CARTESIAN_POINT('',(-8.,-18.247023,9.713554));
#1291 = VECTOR('',#1292,1.);
#1292 = DIRECTION('',(0.,-0.806184510448,0.591664208072));
#1293 = PLANE('',#1294);
#1294 = AXIS2_PLACEMENT_3D('',#1295,#1296,#1297);
#1295 = CARTESIAN_POINT('',(-8.,-12.37578183337,9.904472266589));
#1296 = DIRECTION('',(1.,0.,0.));
#1297 = DIRECTION('',(0.,-2.2E-16,1.));
#1298 = ADVANCED_FACE('',(#1299),#1310,.T.);
#1299 = FACE_BOUND('',#1300,.T.);
#1300 = EDGE_LOOP('',(#1301,#1307,#1308,#1309));
#1301 = ORIENTED_EDGE('',*,*,#1302,.T.);
#1302 = EDGE_CURVE('',#1192,#1281,#1303,.T.);
#1303 = LINE('',#1304,#1305);
#1304 = CARTESIAN_POINT('',(8.,-20.443666,11.325685));
#1305 = VECTOR('',#1306,1.);
#1306 = DIRECTION('',(-1.,0.,0.));
#1307 = ORIENTED_EDGE('',*,*,#1280,.T.);
#1308 = ORIENTED_EDGE('',*,*,#373,.F.);
#1309 = ORIENTED_EDGE('',*,*,#1191,.F.);
#1310 = PLANE('',#1311);
#1311 = AXIS2_PLACEMENT_3D('',#1312,#1313,#1314);
#1312 = CARTESIAN_POINT('',(8.,-20.443666,11.325685));
#1313 = DIRECTION('',(0.,0.778890869615,0.627159479902));
#1314 = DIRECTION('',(0.,-0.627159479902,0.778890869615));
#1315 = ADVANCED_FACE('',(#1316),#1327,.T.);
#1316 = FACE_BOUND('',#1317,.T.);
#1317 = EDGE_LOOP('',(#1318,#1319,#1320,#1326));
#1318 = ORIENTED_EDGE('',*,*,#469,.T.);
#1319 = ORIENTED_EDGE('',*,*,#1271,.T.);
#1320 = ORIENTED_EDGE('',*,*,#1321,.F.);
#1321 = EDGE_CURVE('',#1175,#1264,#1322,.T.);
#1322 = LINE('',#1323,#1324);
#1323 = CARTESIAN_POINT('',(8.,-14.520932,12.365879));
#1324 = VECTOR('',#1325,1.);
#1325 = DIRECTION('',(-1.,0.,0.));
#1326 = ORIENTED_EDGE('',*,*,#1182,.F.);
#1327 = PLANE('',#1328);
#1328 = AXIS2_PLACEMENT_3D('',#1329,#1330,#1331);
#1329 = CARTESIAN_POINT('',(8.,-15.558285,13.845669));
#1330 = DIRECTION('',(0.,-0.818841786496,-0.574019275537));
#1331 = DIRECTION('',(0.,0.574019275537,-0.818841786496));
#1332 = ADVANCED_FACE('',(#1333),#1351,.F.);
#1333 = FACE_BOUND('',#1334,.F.);
#1334 = EDGE_LOOP('',(#1335,#1336,#1337,#1345));
#1335 = ORIENTED_EDGE('',*,*,#826,.T.);
#1336 = ORIENTED_EDGE('',*,*,#546,.T.);
#1337 = ORIENTED_EDGE('',*,*,#1338,.T.);
#1338 = EDGE_CURVE('',#547,#1339,#1341,.T.);
#1339 = VERTEX_POINT('',#1340);
#1340 = CARTESIAN_POINT('',(-12.49875949004,-22.,-2.4261));
#1341 = LINE('',#1342,#1343);
#1342 = CARTESIAN_POINT('',(-12.49875949004,-22.,-2.4261));
#1343 = VECTOR('',#1344,1.);
#1344 = DIRECTION('',(0.,1.,-2.2E-16));
#1345 = ORIENTED_EDGE('',*,*,#1346,.F.);
#1346 = EDGE_CURVE('',#819,#1339,#1347,.T.);
#1347 = LINE('',#1348,#1349);
#1348 = CARTESIAN_POINT('',(1.75567E-12,-22.,-2.4261));
#1349 = VECTOR('',#1350,1.);
#1350 = DIRECTION('',(1.,0.,0.));
#1351 = PLANE('',#1352);
#1352 = AXIS2_PLACEMENT_3D('',#1353,#1354,#1355);
#1353 = CARTESIAN_POINT('',(0.,-18.625,-2.4261));
#1354 = DIRECTION('',(0.,-2.2E-16,1.));
#1355 = DIRECTION('',(1.,0.,0.));
#1356 = ADVANCED_FACE('',(#1357),#1375,.F.);
#1357 = FACE_BOUND('',#1358,.F.);
#1358 = EDGE_LOOP('',(#1359,#1367,#1368,#1369));
#1359 = ORIENTED_EDGE('',*,*,#1360,.F.);
#1360 = EDGE_CURVE('',#623,#1361,#1363,.T.);
#1361 = VERTEX_POINT('',#1362);
#1362 = CARTESIAN_POINT('',(12.498759490045,-22.,-2.4261));
#1363 = LINE('',#1364,#1365);
#1364 = CARTESIAN_POINT('',(12.498759490045,-22.,-2.4261));
#1365 = VECTOR('',#1366,1.);
#1366 = DIRECTION('',(0.,1.,-2.2E-16));
#1367 = ORIENTED_EDGE('',*,*,#631,.T.);
#1368 = ORIENTED_EDGE('',*,*,#857,.T.);
#1369 = ORIENTED_EDGE('',*,*,#1370,.F.);
#1370 = EDGE_CURVE('',#1361,#858,#1371,.T.);
#1371 = LINE('',#1372,#1373);
#1372 = CARTESIAN_POINT('',(1.75567E-12,-22.,-2.4261));
#1373 = VECTOR('',#1374,1.);
#1374 = DIRECTION('',(1.,0.,0.));
#1375 = PLANE('',#1376);
#1376 = AXIS2_PLACEMENT_3D('',#1377,#1378,#1379);
#1377 = CARTESIAN_POINT('',(0.,-18.625,-2.4261));
#1378 = DIRECTION('',(0.,-2.2E-16,1.));
#1379 = DIRECTION('',(1.,0.,0.));
#1380 = ADVANCED_FACE('',(#1381),#1400,.T.);
#1381 = FACE_BOUND('',#1382,.F.);
#1382 = EDGE_LOOP('',(#1383,#1384,#1392,#1399));
#1383 = ORIENTED_EDGE('',*,*,#554,.T.);
#1384 = ORIENTED_EDGE('',*,*,#1385,.T.);
#1385 = EDGE_CURVE('',#555,#1386,#1388,.T.);
#1386 = VERTEX_POINT('',#1387);
#1387 = CARTESIAN_POINT('',(-10.80441758203,-22.,-8.536060826393));
#1388 = LINE('',#1389,#1390);
#1389 = CARTESIAN_POINT('',(-10.80441758203,-29.,-8.536060826393));
#1390 = VECTOR('',#1391,1.);
#1391 = DIRECTION('',(0.,1.,-2.2E-16));
#1392 = ORIENTED_EDGE('',*,*,#1393,.F.);
#1393 = EDGE_CURVE('',#1339,#1386,#1394,.T.);
#1394 = CIRCLE('',#1395,12.5);
#1395 = AXIS2_PLACEMENT_3D('',#1396,#1397,#1398);
#1396 = CARTESIAN_POINT('',(0.,-22.,-2.25));
#1397 = DIRECTION('',(0.,-1.,-2.2E-16));
#1398 = DIRECTION('',(1.,0.,0.));
#1399 = ORIENTED_EDGE('',*,*,#1338,.F.);
#1400 = CYLINDRICAL_SURFACE('',#1401,12.5);
#1401 = AXIS2_PLACEMENT_3D('',#1402,#1403,#1404);
#1402 = CARTESIAN_POINT('',(0.,-22.,-2.25));
#1403 = DIRECTION('',(0.,1.,-2.2E-16));
#1404 = DIRECTION('',(1.,0.,0.));
#1405 = ADVANCED_FACE('',(#1406),#1425,.T.);
#1406 = FACE_BOUND('',#1407,.F.);
#1407 = EDGE_LOOP('',(#1408,#1409,#1410,#1419));
#1408 = ORIENTED_EDGE('',*,*,#622,.T.);
#1409 = ORIENTED_EDGE('',*,*,#1360,.T.);
#1410 = ORIENTED_EDGE('',*,*,#1411,.F.);
#1411 = EDGE_CURVE('',#1412,#1361,#1414,.T.);
#1412 = VERTEX_POINT('',#1413);
#1413 = CARTESIAN_POINT('',(10.80441758203,-22.,-8.536060826393));
#1414 = CIRCLE('',#1415,12.5);
#1415 = AXIS2_PLACEMENT_3D('',#1416,#1417,#1418);
#1416 = CARTESIAN_POINT('',(0.,-22.,-2.25));
#1417 = DIRECTION('',(0.,-1.,-2.2E-16));
#1418 = DIRECTION('',(1.,0.,0.));
#1419 = ORIENTED_EDGE('',*,*,#1420,.F.);
#1420 = EDGE_CURVE('',#615,#1412,#1421,.T.);
#1421 = LINE('',#1422,#1423);
#1422 = CARTESIAN_POINT('',(10.80441758203,-29.,-8.536060826393));
#1423 = VECTOR('',#1424,1.);
#1424 = DIRECTION('',(0.,1.,-2.2E-16));
#1425 = CYLINDRICAL_SURFACE('',#1426,12.5);
#1426 = AXIS2_PLACEMENT_3D('',#1427,#1428,#1429);
#1427 = CARTESIAN_POINT('',(0.,-22.,-2.25));
#1428 = DIRECTION('',(0.,1.,-2.2E-16));
#1429 = DIRECTION('',(1.,0.,0.));
#1430 = ADVANCED_FACE('',(#1431),#1449,.F.);
#1431 = FACE_BOUND('',#1432,.F.);
#1432 = EDGE_LOOP('',(#1433,#1441,#1447,#1448));
#1433 = ORIENTED_EDGE('',*,*,#1434,.T.);
#1434 = EDGE_CURVE('',#564,#1435,#1437,.T.);
#1435 = VERTEX_POINT('',#1436);
#1436 = CARTESIAN_POINT('',(-12.20487908898,-22.,-11.08896363973));
#1437 = LINE('',#1438,#1439);
#1438 = CARTESIAN_POINT('',(-12.20487908898,-29.,-11.08896363973));
#1439 = VECTOR('',#1440,1.);
#1440 = DIRECTION('',(0.,1.,-2.2E-16));
#1441 = ORIENTED_EDGE('',*,*,#1442,.T.);
#1442 = EDGE_CURVE('',#1435,#1386,#1443,.T.);
#1443 = LINE('',#1444,#1445);
#1444 = CARTESIAN_POINT('',(-12.20487908898,-22.,-11.08896363973));
#1445 = VECTOR('',#1446,1.);
#1446 = DIRECTION('',(0.480960011816,-1.9E-16,0.876742531781));
#1447 = ORIENTED_EDGE('',*,*,#1385,.F.);
#1448 = ORIENTED_EDGE('',*,*,#563,.F.);
#1449 = PLANE('',#1450);
#1450 = AXIS2_PLACEMENT_3D('',#1451,#1452,#1453);
#1451 = CARTESIAN_POINT('',(-12.20487908898,-29.,-11.08896363973));
#1452 = DIRECTION('',(0.876742531781,-1.1E-16,-0.480960011816));
#1453 = DIRECTION('',(0.480960011816,1.9E-16,0.876742531781));
#1454 = ADVANCED_FACE('',(#1455),#1473,.T.);
#1455 = FACE_BOUND('',#1456,.T.);
#1456 = EDGE_LOOP('',(#1457,#1465,#1471,#1472));
#1457 = ORIENTED_EDGE('',*,*,#1458,.T.);
#1458 = EDGE_CURVE('',#606,#1459,#1461,.T.);
#1459 = VERTEX_POINT('',#1460);
#1460 = CARTESIAN_POINT('',(12.204879088986,-22.,-11.08896363973));
#1461 = LINE('',#1462,#1463);
#1462 = CARTESIAN_POINT('',(12.204879088986,-29.,-11.08896363973));
#1463 = VECTOR('',#1464,1.);
#1464 = DIRECTION('',(0.,1.,-2.2E-16));
#1465 = ORIENTED_EDGE('',*,*,#1466,.T.);
#1466 = EDGE_CURVE('',#1459,#1412,#1467,.T.);
#1467 = LINE('',#1468,#1469);
#1468 = CARTESIAN_POINT('',(12.204879088986,-22.,-11.08896363973));
#1469 = VECTOR('',#1470,1.);
#1470 = DIRECTION('',(-0.480960011816,-1.9E-16,0.876742531781));
#1471 = ORIENTED_EDGE('',*,*,#1420,.F.);
#1472 = ORIENTED_EDGE('',*,*,#614,.F.);
#1473 = PLANE('',#1474);
#1474 = AXIS2_PLACEMENT_3D('',#1475,#1476,#1477);
#1475 = CARTESIAN_POINT('',(12.204879088986,-29.,-11.08896363973));
#1476 = DIRECTION('',(0.876742531781,1.1E-16,0.480960011816));
#1477 = DIRECTION('',(-0.480960011816,1.9E-16,0.876742531781));
#1478 = ADVANCED_FACE('',(#1479),#1498,.T.);
#1479 = FACE_BOUND('',#1480,.T.);
#1480 = EDGE_LOOP('',(#1481,#1482,#1491,#1497));
#1481 = ORIENTED_EDGE('',*,*,#1434,.T.);
#1482 = ORIENTED_EDGE('',*,*,#1483,.T.);
#1483 = EDGE_CURVE('',#1435,#1484,#1486,.T.);
#1484 = VERTEX_POINT('',#1485);
#1485 = CARTESIAN_POINT('',(-8.297356362262,-22.,-14.82935726493));
#1486 = CIRCLE('',#1487,2.8);
#1487 = AXIS2_PLACEMENT_3D('',#1488,#1489,#1490);
#1488 = CARTESIAN_POINT('',(-9.75,-22.,-12.43565167281));
#1489 = DIRECTION('',(0.,-1.,-2.2E-16));
#1490 = DIRECTION('',(1.,0.,0.));
#1491 = ORIENTED_EDGE('',*,*,#1492,.F.);
#1492 = EDGE_CURVE('',#572,#1484,#1493,.T.);
#1493 = LINE('',#1494,#1495);
#1494 = CARTESIAN_POINT('',(-8.297356362262,-29.,-14.82935726493));
#1495 = VECTOR('',#1496,1.);
#1496 = DIRECTION('',(0.,1.,-2.2E-16));
#1497 = ORIENTED_EDGE('',*,*,#571,.F.);
#1498 = CYLINDRICAL_SURFACE('',#1499,2.8);
#1499 = AXIS2_PLACEMENT_3D('',#1500,#1501,#1502);
#1500 = CARTESIAN_POINT('',(-9.75,-29.,-12.43565167281));
#1501 = DIRECTION('',(0.,-1.,2.2E-16));
#1502 = DIRECTION('',(1.,0.,0.));
#1503 = ADVANCED_FACE('',(#1504),#1523,.T.);
#1504 = FACE_BOUND('',#1505,.T.);
#1505 = EDGE_LOOP('',(#1506,#1514,#1521,#1522));
#1506 = ORIENTED_EDGE('',*,*,#1507,.T.);
#1507 = EDGE_CURVE('',#598,#1508,#1510,.T.);
#1508 = VERTEX_POINT('',#1509);
#1509 = CARTESIAN_POINT('',(8.297356362262,-22.,-14.82935726493));
#1510 = LINE('',#1511,#1512);
#1511 = CARTESIAN_POINT('',(8.297356362262,-29.,-14.82935726493));
#1512 = VECTOR('',#1513,1.);
#1513 = DIRECTION('',(0.,1.,-2.2E-16));
#1514 = ORIENTED_EDGE('',*,*,#1515,.T.);
#1515 = EDGE_CURVE('',#1508,#1459,#1516,.T.);
#1516 = CIRCLE('',#1517,2.8);
#1517 = AXIS2_PLACEMENT_3D('',#1518,#1519,#1520);
#1518 = CARTESIAN_POINT('',(9.75,-22.,-12.43565167281));
#1519 = DIRECTION('',(0.,-1.,-2.2E-16));
#1520 = DIRECTION('',(1.,0.,0.));
#1521 = ORIENTED_EDGE('',*,*,#1458,.F.);
#1522 = ORIENTED_EDGE('',*,*,#605,.F.);
#1523 = CYLINDRICAL_SURFACE('',#1524,2.8);
#1524 = AXIS2_PLACEMENT_3D('',#1525,#1526,#1527);
#1525 = CARTESIAN_POINT('',(9.75,-29.,-12.43565167281));
#1526 = DIRECTION('',(0.,-1.,2.2E-16));
#1527 = DIRECTION('',(1.,0.,0.));
#1528 = ADVANCED_FACE('',(#1529),#1547,.T.);
#1529 = FACE_BOUND('',#1530,.T.);
#1530 = EDGE_LOOP('',(#1531,#1532,#1540,#1546));
#1531 = ORIENTED_EDGE('',*,*,#1492,.T.);
#1532 = ORIENTED_EDGE('',*,*,#1533,.T.);
#1533 = EDGE_CURVE('',#1484,#1534,#1536,.T.);
#1534 = VERTEX_POINT('',#1535);
#1535 = CARTESIAN_POINT('',(-5.808069713546,-22.,-13.31870932867));
#1536 = LINE('',#1537,#1538);
#1537 = CARTESIAN_POINT('',(-8.297356362262,-22.,-14.82935726493));
#1538 = VECTOR('',#1539,1.);
#1539 = DIRECTION('',(0.854894854328,-1.2E-16,0.518801299192));
#1540 = ORIENTED_EDGE('',*,*,#1541,.F.);
#1541 = EDGE_CURVE('',#581,#1534,#1542,.T.);
#1542 = LINE('',#1543,#1544);
#1543 = CARTESIAN_POINT('',(-5.808069713546,-29.,-13.31870932867));
#1544 = VECTOR('',#1545,1.);
#1545 = DIRECTION('',(0.,1.,-2.2E-16));
#1546 = ORIENTED_EDGE('',*,*,#580,.F.);
#1547 = PLANE('',#1548);
#1548 = AXIS2_PLACEMENT_3D('',#1549,#1550,#1551);
#1549 = CARTESIAN_POINT('',(-8.297356362262,-29.,-14.82935726493));
#1550 = DIRECTION('',(0.518801299192,-1.9E-16,-0.854894854328));
#1551 = DIRECTION('',(0.854894854328,1.2E-16,0.518801299192));
#1552 = ADVANCED_FACE('',(#1553),#1571,.F.);
#1553 = FACE_BOUND('',#1554,.F.);
#1554 = EDGE_LOOP('',(#1555,#1556,#1564,#1570));
#1555 = ORIENTED_EDGE('',*,*,#1507,.T.);
#1556 = ORIENTED_EDGE('',*,*,#1557,.T.);
#1557 = EDGE_CURVE('',#1508,#1558,#1560,.T.);
#1558 = VERTEX_POINT('',#1559);
#1559 = CARTESIAN_POINT('',(5.808069713546,-22.,-13.31870932867));
#1560 = LINE('',#1561,#1562);
#1561 = CARTESIAN_POINT('',(8.297356362262,-22.,-14.82935726493));
#1562 = VECTOR('',#1563,1.);
#1563 = DIRECTION('',(-0.854894854328,-1.2E-16,0.518801299192));
#1564 = ORIENTED_EDGE('',*,*,#1565,.F.);
#1565 = EDGE_CURVE('',#589,#1558,#1566,.T.);
#1566 = LINE('',#1567,#1568);
#1567 = CARTESIAN_POINT('',(5.808069713546,-29.,-13.31870932867));
#1568 = VECTOR('',#1569,1.);
#1569 = DIRECTION('',(0.,1.,-2.2E-16));
#1570 = ORIENTED_EDGE('',*,*,#597,.F.);
#1571 = PLANE('',#1572);
#1572 = AXIS2_PLACEMENT_3D('',#1573,#1574,#1575);
#1573 = CARTESIAN_POINT('',(8.297356362262,-29.,-14.82935726493));
#1574 = DIRECTION('',(0.518801299192,1.9E-16,0.854894854328));
#1575 = DIRECTION('',(-0.854894854328,1.2E-16,0.518801299192));
#1576 = ADVANCED_FACE('',(#1577),#1589,.T.);
#1577 = FACE_BOUND('',#1578,.F.);
#1578 = EDGE_LOOP('',(#1579,#1580,#1581,#1588));
#1579 = ORIENTED_EDGE('',*,*,#588,.T.);
#1580 = ORIENTED_EDGE('',*,*,#1565,.T.);
#1581 = ORIENTED_EDGE('',*,*,#1582,.F.);
#1582 = EDGE_CURVE('',#1534,#1558,#1583,.T.);
#1583 = CIRCLE('',#1584,12.5);
#1584 = AXIS2_PLACEMENT_3D('',#1585,#1586,#1587);
#1585 = CARTESIAN_POINT('',(0.,-22.,-2.25));
#1586 = DIRECTION('',(0.,-1.,-2.2E-16));
#1587 = DIRECTION('',(1.,0.,0.));
#1588 = ORIENTED_EDGE('',*,*,#1541,.F.);
#1589 = CYLINDRICAL_SURFACE('',#1590,12.5);
#1590 = AXIS2_PLACEMENT_3D('',#1591,#1592,#1593);
#1591 = CARTESIAN_POINT('',(0.,-22.,-2.25));
#1592 = DIRECTION('',(0.,1.,-2.2E-16));
#1593 = DIRECTION('',(1.,0.,0.));
#1594 = ADVANCED_FACE('',(#1595),#1614,.F.);
#1595 = FACE_BOUND('',#1596,.F.);
#1596 = EDGE_LOOP('',(#1597,#1605,#1612,#1613));
#1597 = ORIENTED_EDGE('',*,*,#1598,.T.);
#1598 = EDGE_CURVE('',#656,#1599,#1601,.T.);
#1599 = VERTEX_POINT('',#1600);
#1600 = CARTESIAN_POINT('',(11.35,-25.,-12.43565167281));
#1601 = LINE('',#1602,#1603);
#1602 = CARTESIAN_POINT('',(11.35,-29.,-12.43565167281));
#1603 = VECTOR('',#1604,1.);
#1604 = DIRECTION('',(0.,1.,-2.2E-16));
#1605 = ORIENTED_EDGE('',*,*,#1606,.T.);
#1606 = EDGE_CURVE('',#1599,#1599,#1607,.T.);
#1607 = CIRCLE('',#1608,1.6);
#1608 = AXIS2_PLACEMENT_3D('',#1609,#1610,#1611);
#1609 = CARTESIAN_POINT('',(9.75,-25.,-12.43565167281));
#1610 = DIRECTION('',(0.,-1.,-2.2E-16));
#1611 = DIRECTION('',(1.,0.,0.));
#1612 = ORIENTED_EDGE('',*,*,#1598,.F.);
#1613 = ORIENTED_EDGE('',*,*,#655,.F.);
#1614 = CYLINDRICAL_SURFACE('',#1615,1.6);
#1615 = AXIS2_PLACEMENT_3D('',#1616,#1617,#1618);
#1616 = CARTESIAN_POINT('',(9.75,-29.,-12.43565167281));
#1617 = DIRECTION('',(0.,-1.,2.2E-16));
#1618 = DIRECTION('',(1.,0.,0.));
#1619 = ADVANCED_FACE('',(#1620),#1707,.F.);
#1620 = FACE_BOUND('',#1621,.T.);
#1621 = EDGE_LOOP('',(#1622,#1632,#1641,#1647,#1648,#1649,#1658,#1666,
    #1675,#1683,#1692,#1700));
#1622 = ORIENTED_EDGE('',*,*,#1623,.F.);
#1623 = EDGE_CURVE('',#1624,#1626,#1628,.T.);
#1624 = VERTEX_POINT('',#1625);
#1625 = CARTESIAN_POINT('',(1.030776406404,-20.,8.35));
#1626 = VERTEX_POINT('',#1627);
#1627 = CARTESIAN_POINT('',(1.030776406404,-18.247023,8.35));
#1628 = LINE('',#1629,#1630);
#1629 = CARTESIAN_POINT('',(1.030776406404,2.35E-15,8.35));
#1630 = VECTOR('',#1631,1.);
#1631 = DIRECTION('',(0.,1.,-2.2E-16));
#1632 = ORIENTED_EDGE('',*,*,#1633,.T.);
#1633 = EDGE_CURVE('',#1624,#1634,#1636,.T.);
#1634 = VERTEX_POINT('',#1635);
#1635 = CARTESIAN_POINT('',(10.65,-20.,-2.25));
#1636 = CIRCLE('',#1637,10.65);
#1637 = AXIS2_PLACEMENT_3D('',#1638,#1639,#1640);
#1638 = CARTESIAN_POINT('',(0.,-20.,-2.25));
#1639 = DIRECTION('',(0.,1.,-2.2E-16));
#1640 = DIRECTION('',(1.,0.,0.));
#1641 = ORIENTED_EDGE('',*,*,#1642,.T.);
#1642 = EDGE_CURVE('',#1634,#667,#1643,.T.);
#1643 = LINE('',#1644,#1645);
#1644 = CARTESIAN_POINT('',(10.65,0.,-2.25));
#1645 = VECTOR('',#1646,1.);
#1646 = DIRECTION('',(0.,-1.,2.2E-16));
#1647 = ORIENTED_EDGE('',*,*,#666,.F.);
#1648 = ORIENTED_EDGE('',*,*,#1642,.F.);
#1649 = ORIENTED_EDGE('',*,*,#1650,.T.);
#1650 = EDGE_CURVE('',#1634,#1651,#1653,.T.);
#1651 = VERTEX_POINT('',#1652);
#1652 = CARTESIAN_POINT('',(1.030776406404,-20.,-12.85));
#1653 = CIRCLE('',#1654,10.65);
#1654 = AXIS2_PLACEMENT_3D('',#1655,#1656,#1657);
#1655 = CARTESIAN_POINT('',(0.,-20.,-2.25));
#1656 = DIRECTION('',(0.,1.,-2.2E-16));
#1657 = DIRECTION('',(1.,0.,0.));
#1658 = ORIENTED_EDGE('',*,*,#1659,.T.);
#1659 = EDGE_CURVE('',#1651,#1660,#1662,.T.);
#1660 = VERTEX_POINT('',#1661);
#1661 = CARTESIAN_POINT('',(1.030776406404,-1.,-12.85));
#1662 = LINE('',#1663,#1664);
#1663 = CARTESIAN_POINT('',(1.030776406404,-2.35E-15,-12.85));
#1664 = VECTOR('',#1665,1.);
#1665 = DIRECTION('',(0.,1.,-2.2E-16));
#1666 = ORIENTED_EDGE('',*,*,#1667,.T.);
#1667 = EDGE_CURVE('',#1660,#1668,#1670,.T.);
#1668 = VERTEX_POINT('',#1669);
#1669 = CARTESIAN_POINT('',(-1.030776406404,-1.,-12.85));
#1670 = CIRCLE('',#1671,10.65);
#1671 = AXIS2_PLACEMENT_3D('',#1672,#1673,#1674);
#1672 = CARTESIAN_POINT('',(0.,-1.,-2.25));
#1673 = DIRECTION('',(0.,1.,-2.2E-16));
#1674 = DIRECTION('',(1.,0.,0.));
#1675 = ORIENTED_EDGE('',*,*,#1676,.F.);
#1676 = EDGE_CURVE('',#1677,#1668,#1679,.T.);
#1677 = VERTEX_POINT('',#1678);
#1678 = CARTESIAN_POINT('',(-1.030776406404,-20.,-12.85));
#1679 = LINE('',#1680,#1681);
#1680 = CARTESIAN_POINT('',(-1.030776406404,-2.35E-15,-12.85));
#1681 = VECTOR('',#1682,1.);
#1682 = DIRECTION('',(0.,1.,-2.2E-16));
#1683 = ORIENTED_EDGE('',*,*,#1684,.T.);
#1684 = EDGE_CURVE('',#1677,#1685,#1687,.T.);
#1685 = VERTEX_POINT('',#1686);
#1686 = CARTESIAN_POINT('',(-1.030776406404,-20.,8.35));
#1687 = CIRCLE('',#1688,10.65);
#1688 = AXIS2_PLACEMENT_3D('',#1689,#1690,#1691);
#1689 = CARTESIAN_POINT('',(0.,-20.,-2.25));
#1690 = DIRECTION('',(0.,1.,-2.2E-16));
#1691 = DIRECTION('',(1.,0.,0.));
#1692 = ORIENTED_EDGE('',*,*,#1693,.T.);
#1693 = EDGE_CURVE('',#1685,#1694,#1696,.T.);
#1694 = VERTEX_POINT('',#1695);
#1695 = CARTESIAN_POINT('',(-1.030776406404,-18.247023,8.35));
#1696 = LINE('',#1697,#1698);
#1697 = CARTESIAN_POINT('',(-1.030776406404,2.35E-15,8.35));
#1698 = VECTOR('',#1699,1.);
#1699 = DIRECTION('',(0.,1.,-2.2E-16));
#1700 = ORIENTED_EDGE('',*,*,#1701,.T.);
#1701 = EDGE_CURVE('',#1694,#1626,#1702,.T.);
#1702 = CIRCLE('',#1703,10.65);
#1703 = AXIS2_PLACEMENT_3D('',#1704,#1705,#1706);
#1704 = CARTESIAN_POINT('',(0.,-18.247023,-2.25));
#1705 = DIRECTION('',(0.,1.,-2.2E-16));
#1706 = DIRECTION('',(1.,0.,0.));
#1707 = CYLINDRICAL_SURFACE('',#1708,10.65);
#1708 = AXIS2_PLACEMENT_3D('',#1709,#1710,#1711);
#1709 = CARTESIAN_POINT('',(0.,0.,-2.25));
#1710 = DIRECTION('',(0.,1.,-2.2E-16));
#1711 = DIRECTION('',(1.,0.,0.));
#1712 = ADVANCED_FACE('',(#1713),#1732,.F.);
#1713 = FACE_BOUND('',#1714,.F.);
#1714 = EDGE_LOOP('',(#1715,#1723,#1730,#1731));
#1715 = ORIENTED_EDGE('',*,*,#1716,.T.);
#1716 = EDGE_CURVE('',#678,#1717,#1719,.T.);
#1717 = VERTEX_POINT('',#1718);
#1718 = CARTESIAN_POINT('',(-8.15,-25.,-12.43565167281));
#1719 = LINE('',#1720,#1721);
#1720 = CARTESIAN_POINT('',(-8.15,-29.,-12.43565167281));
#1721 = VECTOR('',#1722,1.);
#1722 = DIRECTION('',(0.,1.,-2.2E-16));
#1723 = ORIENTED_EDGE('',*,*,#1724,.T.);
#1724 = EDGE_CURVE('',#1717,#1717,#1725,.T.);
#1725 = CIRCLE('',#1726,1.6);
#1726 = AXIS2_PLACEMENT_3D('',#1727,#1728,#1729);
#1727 = CARTESIAN_POINT('',(-9.75,-25.,-12.43565167281));
#1728 = DIRECTION('',(0.,-1.,-2.2E-16));
#1729 = DIRECTION('',(1.,0.,0.));
#1730 = ORIENTED_EDGE('',*,*,#1716,.F.);
#1731 = ORIENTED_EDGE('',*,*,#677,.F.);
#1732 = CYLINDRICAL_SURFACE('',#1733,1.6);
#1733 = AXIS2_PLACEMENT_3D('',#1734,#1735,#1736);
#1734 = CARTESIAN_POINT('',(-9.75,-29.,-12.43565167281));
#1735 = DIRECTION('',(0.,-1.,2.2E-16));
#1736 = DIRECTION('',(1.,0.,0.));
#1737 = ADVANCED_FACE('',(#1738),#1757,.F.);
#1738 = FACE_BOUND('',#1739,.F.);
#1739 = EDGE_LOOP('',(#1740,#1748,#1755,#1756));
#1740 = ORIENTED_EDGE('',*,*,#1741,.T.);
#1741 = EDGE_CURVE('',#689,#1742,#1744,.T.);
#1742 = VERTEX_POINT('',#1743);
#1743 = CARTESIAN_POINT('',(1.6,-25.,12.));
#1744 = LINE('',#1745,#1746);
#1745 = CARTESIAN_POINT('',(1.6,-29.,12.));
#1746 = VECTOR('',#1747,1.);
#1747 = DIRECTION('',(0.,1.,-2.2E-16));
#1748 = ORIENTED_EDGE('',*,*,#1749,.T.);
#1749 = EDGE_CURVE('',#1742,#1742,#1750,.T.);
#1750 = CIRCLE('',#1751,1.6);
#1751 = AXIS2_PLACEMENT_3D('',#1752,#1753,#1754);
#1752 = CARTESIAN_POINT('',(0.,-25.,12.));
#1753 = DIRECTION('',(0.,-1.,-2.2E-16));
#1754 = DIRECTION('',(1.,0.,0.));
#1755 = ORIENTED_EDGE('',*,*,#1741,.F.);
#1756 = ORIENTED_EDGE('',*,*,#688,.F.);
#1757 = CYLINDRICAL_SURFACE('',#1758,1.6);
#1758 = AXIS2_PLACEMENT_3D('',#1759,#1760,#1761);
#1759 = CARTESIAN_POINT('',(0.,-29.,12.));
#1760 = DIRECTION('',(0.,-1.,2.2E-16));
#1761 = DIRECTION('',(1.,0.,0.));
#1762 = ADVANCED_FACE('',(#1763),#1768,.F.);
#1763 = FACE_BOUND('',#1764,.T.);
#1764 = EDGE_LOOP('',(#1765,#1766,#1767));
#1765 = ORIENTED_EDGE('',*,*,#706,.T.);
#1766 = ORIENTED_EDGE('',*,*,#754,.T.);
#1767 = ORIENTED_EDGE('',*,*,#833,.F.);
#1768 = PLANE('',#1769);
#1769 = AXIS2_PLACEMENT_3D('',#1770,#1771,#1772);
#1770 = CARTESIAN_POINT('',(2.2E-16,-18.625,6.5739));
#1771 = DIRECTION('',(0.,-2.2E-16,1.));
#1772 = DIRECTION('',(1.,0.,0.));
#1773 = ADVANCED_FACE('',(#1774),#1779,.F.);
#1774 = FACE_BOUND('',#1775,.F.);
#1775 = EDGE_LOOP('',(#1776,#1777,#1778));
#1776 = ORIENTED_EDGE('',*,*,#850,.T.);
#1777 = ORIENTED_EDGE('',*,*,#730,.T.);
#1778 = ORIENTED_EDGE('',*,*,#778,.T.);
#1779 = PLANE('',#1780);
#1780 = AXIS2_PLACEMENT_3D('',#1781,#1782,#1783);
#1781 = CARTESIAN_POINT('',(2.2E-16,-18.625,6.5739));
#1782 = DIRECTION('',(0.,-2.2E-16,1.));
#1783 = DIRECTION('',(1.,0.,0.));
#1784 = ADVANCED_FACE('',(#1785),#1854,.F.);
#1785 = FACE_BOUND('',#1786,.F.);
#1786 = EDGE_LOOP('',(#1787,#1795,#1796,#1797,#1798,#1799,#1800,#1801,
    #1802,#1803,#1804,#1805,#1806,#1807,#1808,#1816,#1824,#1832,#1840,
    #1848));
#1787 = ORIENTED_EDGE('',*,*,#1788,.F.);
#1788 = EDGE_CURVE('',#811,#1789,#1791,.T.);
#1789 = VERTEX_POINT('',#1790);
#1790 = CARTESIAN_POINT('',(-13.82389999999,-22.,8.0739));
#1791 = LINE('',#1792,#1793);
#1792 = CARTESIAN_POINT('',(-10.3239,-22.,11.5739));
#1793 = VECTOR('',#1794,1.);
#1794 = DIRECTION('',(-0.707106781186,1.6E-16,-0.707106781187));
#1795 = ORIENTED_EDGE('',*,*,#818,.F.);
#1796 = ORIENTED_EDGE('',*,*,#1346,.T.);
#1797 = ORIENTED_EDGE('',*,*,#1393,.T.);
#1798 = ORIENTED_EDGE('',*,*,#1442,.F.);
#1799 = ORIENTED_EDGE('',*,*,#1483,.T.);
#1800 = ORIENTED_EDGE('',*,*,#1533,.T.);
#1801 = ORIENTED_EDGE('',*,*,#1582,.T.);
#1802 = ORIENTED_EDGE('',*,*,#1557,.F.);
#1803 = ORIENTED_EDGE('',*,*,#1515,.T.);
#1804 = ORIENTED_EDGE('',*,*,#1466,.T.);
#1805 = ORIENTED_EDGE('',*,*,#1411,.T.);
#1806 = ORIENTED_EDGE('',*,*,#1370,.T.);
#1807 = ORIENTED_EDGE('',*,*,#865,.F.);
#1808 = ORIENTED_EDGE('',*,*,#1809,.F.);
#1809 = EDGE_CURVE('',#1810,#866,#1812,.T.);
#1810 = VERTEX_POINT('',#1811);
#1811 = CARTESIAN_POINT('',(13.8239,-22.,8.0739));
#1812 = LINE('',#1813,#1814);
#1813 = CARTESIAN_POINT('',(13.8239,-22.,8.0739));
#1814 = VECTOR('',#1815,1.);
#1815 = DIRECTION('',(-0.707106781187,-1.6E-16,0.707106781187));
#1816 = ORIENTED_EDGE('',*,*,#1817,.F.);
#1817 = EDGE_CURVE('',#1818,#1810,#1820,.T.);
#1818 = VERTEX_POINT('',#1819);
#1819 = CARTESIAN_POINT('',(13.8239,-22.,-13.57390000002));
#1820 = LINE('',#1821,#1822);
#1821 = CARTESIAN_POINT('',(13.8239,-22.,-13.57390000002));
#1822 = VECTOR('',#1823,1.);
#1823 = DIRECTION('',(0.,-2.2E-16,1.));
#1824 = ORIENTED_EDGE('',*,*,#1825,.F.);
#1825 = EDGE_CURVE('',#1826,#1818,#1828,.T.);
#1826 = VERTEX_POINT('',#1827);
#1827 = CARTESIAN_POINT('',(11.323900000016,-22.,-16.0739));
#1828 = LINE('',#1829,#1830);
#1829 = CARTESIAN_POINT('',(11.323900000016,-22.,-16.0739));
#1830 = VECTOR('',#1831,1.);
#1831 = DIRECTION('',(0.707106781187,-1.6E-16,0.707106781186));
#1832 = ORIENTED_EDGE('',*,*,#1833,.F.);
#1833 = EDGE_CURVE('',#1834,#1826,#1836,.T.);
#1834 = VERTEX_POINT('',#1835);
#1835 = CARTESIAN_POINT('',(-11.32390000001,-22.,-16.0739));
#1836 = LINE('',#1837,#1838);
#1837 = CARTESIAN_POINT('',(-11.32390000001,-22.,-16.0739));
#1838 = VECTOR('',#1839,1.);
#1839 = DIRECTION('',(1.,0.,0.));
#1840 = ORIENTED_EDGE('',*,*,#1841,.F.);
#1841 = EDGE_CURVE('',#1842,#1834,#1844,.T.);
#1842 = VERTEX_POINT('',#1843);
#1843 = CARTESIAN_POINT('',(-13.82389999999,-22.,-13.5739));
#1844 = LINE('',#1845,#1846);
#1845 = CARTESIAN_POINT('',(-13.82389999999,-22.,-13.5739));
#1846 = VECTOR('',#1847,1.);
#1847 = DIRECTION('',(0.707106781183,1.6E-16,-0.70710678119));
#1848 = ORIENTED_EDGE('',*,*,#1849,.F.);
#1849 = EDGE_CURVE('',#1789,#1842,#1850,.T.);
#1850 = LINE('',#1851,#1852);
#1851 = CARTESIAN_POINT('',(-13.82389999999,-22.,8.0739));
#1852 = VECTOR('',#1853,1.);
#1853 = DIRECTION('',(0.,2.2E-16,-1.));
#1854 = PLANE('',#1855);
#1855 = AXIS2_PLACEMENT_3D('',#1856,#1857,#1858);
#1856 = CARTESIAN_POINT('',(3.51135E-12,-22.,-2.430384991033));
#1857 = DIRECTION('',(0.,1.,-6.E-17));
#1858 = DIRECTION('',(0.,6.E-17,1.));
#1859 = ADVANCED_FACE('',(#1860),#1871,.T.);
#1860 = FACE_BOUND('',#1861,.T.);
#1861 = EDGE_LOOP('',(#1862,#1863,#1864,#1870));
#1862 = ORIENTED_EDGE('',*,*,#810,.F.);
#1863 = ORIENTED_EDGE('',*,*,#897,.T.);
#1864 = ORIENTED_EDGE('',*,*,#1865,.F.);
#1865 = EDGE_CURVE('',#1789,#898,#1866,.T.);
#1866 = LINE('',#1867,#1868);
#1867 = CARTESIAN_POINT('',(-13.82389999999,-22.,8.0739));
#1868 = VECTOR('',#1869,1.);
#1869 = DIRECTION('',(0.,1.,-2.2E-16));
#1870 = ORIENTED_EDGE('',*,*,#1788,.F.);
#1871 = PLANE('',#1872);
#1872 = AXIS2_PLACEMENT_3D('',#1873,#1874,#1875);
#1873 = CARTESIAN_POINT('',(-10.3239,-22.,11.5739));
#1874 = DIRECTION('',(-0.707106781187,1.6E-16,0.707106781186));
#1875 = DIRECTION('',(-0.707106781186,-1.6E-16,-0.707106781187));
#1876 = ADVANCED_FACE('',(#1877),#1888,.T.);
#1877 = FACE_BOUND('',#1878,.T.);
#1878 = EDGE_LOOP('',(#1879,#1880,#1886,#1887));
#1879 = ORIENTED_EDGE('',*,*,#1809,.F.);
#1880 = ORIENTED_EDGE('',*,*,#1881,.T.);
#1881 = EDGE_CURVE('',#1810,#921,#1882,.T.);
#1882 = LINE('',#1883,#1884);
#1883 = CARTESIAN_POINT('',(13.8239,-22.,8.0739));
#1884 = VECTOR('',#1885,1.);
#1885 = DIRECTION('',(0.,1.,-2.2E-16));
#1886 = ORIENTED_EDGE('',*,*,#928,.T.);
#1887 = ORIENTED_EDGE('',*,*,#873,.F.);
#1888 = PLANE('',#1889);
#1889 = AXIS2_PLACEMENT_3D('',#1890,#1891,#1892);
#1890 = CARTESIAN_POINT('',(13.8239,-22.,8.0739));
#1891 = DIRECTION('',(0.707106781187,1.6E-16,0.707106781187));
#1892 = DIRECTION('',(-0.707106781187,1.6E-16,0.707106781187));
#1893 = ADVANCED_FACE('',(#1894),#1920,.T.);
#1894 = FACE_BOUND('',#1895,.T.);
#1895 = EDGE_LOOP('',(#1896,#1897,#1905,#1913,#1919));
#1896 = ORIENTED_EDGE('',*,*,#1009,.F.);
#1897 = ORIENTED_EDGE('',*,*,#1898,.T.);
#1898 = EDGE_CURVE('',#1002,#1899,#1901,.T.);
#1899 = VERTEX_POINT('',#1900);
#1900 = CARTESIAN_POINT('',(-10.3239,-2.,11.5739));
#1901 = LINE('',#1902,#1903);
#1902 = CARTESIAN_POINT('',(-10.3239,-22.,11.5739));
#1903 = VECTOR('',#1904,1.);
#1904 = DIRECTION('',(0.,1.,-2.2E-16));
#1905 = ORIENTED_EDGE('',*,*,#1906,.T.);
#1906 = EDGE_CURVE('',#1899,#1907,#1909,.T.);
#1907 = VERTEX_POINT('',#1908);
#1908 = CARTESIAN_POINT('',(-13.82389999999,-2.,8.0739));
#1909 = LINE('',#1910,#1911);
#1910 = CARTESIAN_POINT('',(-11.21206834861,-2.,10.685731651385));
#1911 = VECTOR('',#1912,1.);
#1912 = DIRECTION('',(-0.707106781186,0.,-0.707106781187));
#1913 = ORIENTED_EDGE('',*,*,#1914,.F.);
#1914 = EDGE_CURVE('',#898,#1907,#1915,.T.);
#1915 = LINE('',#1916,#1917);
#1916 = CARTESIAN_POINT('',(-13.82389999999,-22.,8.0739));
#1917 = VECTOR('',#1918,1.);
#1918 = DIRECTION('',(0.,1.,-2.2E-16));
#1919 = ORIENTED_EDGE('',*,*,#945,.T.);
#1920 = PLANE('',#1921);
#1921 = AXIS2_PLACEMENT_3D('',#1922,#1923,#1924);
#1922 = CARTESIAN_POINT('',(-10.3239,-22.,11.5739));
#1923 = DIRECTION('',(-0.707106781187,1.6E-16,0.707106781186));
#1924 = DIRECTION('',(-0.707106781186,-1.6E-16,-0.707106781187));
#1925 = ADVANCED_FACE('',(#1926),#1952,.T.);
#1926 = FACE_BOUND('',#1927,.T.);
#1927 = EDGE_LOOP('',(#1928,#1929,#1937,#1945,#1951));
#1928 = ORIENTED_EDGE('',*,*,#976,.T.);
#1929 = ORIENTED_EDGE('',*,*,#1930,.T.);
#1930 = EDGE_CURVE('',#921,#1931,#1933,.T.);
#1931 = VERTEX_POINT('',#1932);
#1932 = CARTESIAN_POINT('',(13.8239,-2.,8.0739));
#1933 = LINE('',#1934,#1935);
#1934 = CARTESIAN_POINT('',(13.8239,-22.,8.0739));
#1935 = VECTOR('',#1936,1.);
#1936 = DIRECTION('',(0.,1.,-2.2E-16));
#1937 = ORIENTED_EDGE('',*,*,#1938,.T.);
#1938 = EDGE_CURVE('',#1931,#1939,#1941,.T.);
#1939 = VERTEX_POINT('',#1940);
#1940 = CARTESIAN_POINT('',(10.3239,-2.,11.5739));
#1941 = LINE('',#1942,#1943);
#1942 = CARTESIAN_POINT('',(12.962068348608,-2.,8.935731651392));
#1943 = VECTOR('',#1944,1.);
#1944 = DIRECTION('',(-0.707106781187,0.,0.707106781187));
#1945 = ORIENTED_EDGE('',*,*,#1946,.F.);
#1946 = EDGE_CURVE('',#994,#1939,#1947,.T.);
#1947 = LINE('',#1948,#1949);
#1948 = CARTESIAN_POINT('',(10.3239,-22.,11.5739));
#1949 = VECTOR('',#1950,1.);
#1950 = DIRECTION('',(0.,1.,-2.2E-16));
#1951 = ORIENTED_EDGE('',*,*,#993,.F.);
#1952 = PLANE('',#1953);
#1953 = AXIS2_PLACEMENT_3D('',#1954,#1955,#1956);
#1954 = CARTESIAN_POINT('',(13.8239,-22.,8.0739));
#1955 = DIRECTION('',(0.707106781187,1.6E-16,0.707106781187));
#1956 = DIRECTION('',(-0.707106781187,1.6E-16,0.707106781187));
#1957 = ADVANCED_FACE('',(#1958),#2001,.T.);
#1958 = FACE_BOUND('',#1959,.T.);
#1959 = EDGE_LOOP('',(#1960,#1961,#1962,#1970,#1978,#1986,#1994,#2000));
#1960 = ORIENTED_EDGE('',*,*,#1001,.F.);
#1961 = ORIENTED_EDGE('',*,*,#1946,.T.);
#1962 = ORIENTED_EDGE('',*,*,#1963,.F.);
#1963 = EDGE_CURVE('',#1964,#1939,#1966,.T.);
#1964 = VERTEX_POINT('',#1965);
#1965 = CARTESIAN_POINT('',(16.,-2.,11.5739));
#1966 = LINE('',#1967,#1968);
#1967 = CARTESIAN_POINT('',(16.,-2.,11.5739));
#1968 = VECTOR('',#1969,1.);
#1969 = DIRECTION('',(-1.,0.,0.));
#1970 = ORIENTED_EDGE('',*,*,#1971,.F.);
#1971 = EDGE_CURVE('',#1972,#1964,#1974,.T.);
#1972 = VERTEX_POINT('',#1973);
#1973 = CARTESIAN_POINT('',(16.,0.,11.5739));
#1974 = LINE('',#1975,#1976);
#1975 = CARTESIAN_POINT('',(16.,2.57E-15,11.5739));
#1976 = VECTOR('',#1977,1.);
#1977 = DIRECTION('',(0.,-1.,2.2E-16));
#1978 = ORIENTED_EDGE('',*,*,#1979,.T.);
#1979 = EDGE_CURVE('',#1972,#1980,#1982,.T.);
#1980 = VERTEX_POINT('',#1981);
#1981 = CARTESIAN_POINT('',(-16.,0.,11.5739));
#1982 = LINE('',#1983,#1984);
#1983 = CARTESIAN_POINT('',(16.,-2.57E-15,11.5739));
#1984 = VECTOR('',#1985,1.);
#1985 = DIRECTION('',(-1.,0.,0.));
#1986 = ORIENTED_EDGE('',*,*,#1987,.T.);
#1987 = EDGE_CURVE('',#1980,#1988,#1990,.T.);
#1988 = VERTEX_POINT('',#1989);
#1989 = CARTESIAN_POINT('',(-16.,-2.,11.5739));
#1990 = LINE('',#1991,#1992);
#1991 = CARTESIAN_POINT('',(-16.,2.57E-15,11.5739));
#1992 = VECTOR('',#1993,1.);
#1993 = DIRECTION('',(0.,-1.,2.2E-16));
#1994 = ORIENTED_EDGE('',*,*,#1995,.F.);
#1995 = EDGE_CURVE('',#1899,#1988,#1996,.T.);
#1996 = LINE('',#1997,#1998);
#1997 = CARTESIAN_POINT('',(16.,-2.,11.5739));
#1998 = VECTOR('',#1999,1.);
#1999 = DIRECTION('',(-1.,0.,0.));
#2000 = ORIENTED_EDGE('',*,*,#1898,.F.);
#2001 = PLANE('',#2002);
#2002 = AXIS2_PLACEMENT_3D('',#2003,#2004,#2005);
#2003 = CARTESIAN_POINT('',(0.,-3.243618012422,11.5739));
#2004 = DIRECTION('',(0.,2.2E-16,1.));
#2005 = DIRECTION('',(0.,-1.,2.2E-16));
#2006 = ADVANCED_FACE('',(#2007),#2010,.T.);
#2007 = FACE_BOUND('',#2008,.T.);
#2008 = EDGE_LOOP('',(#2009));
#2009 = ORIENTED_EDGE('',*,*,#1032,.T.);
#2010 = PLANE('',#2011);
#2011 = AXIS2_PLACEMENT_3D('',#2012,#2013,#2014);
#2012 = CARTESIAN_POINT('',(-5.E-17,-18.625,14.5739));
#2013 = DIRECTION('',(0.,-2.2E-16,1.));
#2014 = DIRECTION('',(1.,0.,0.));
#2015 = ADVANCED_FACE('',(#2016),#2019,.T.);
#2016 = FACE_BOUND('',#2017,.T.);
#2017 = EDGE_LOOP('',(#2018));
#2018 = ORIENTED_EDGE('',*,*,#1057,.T.);
#2019 = PLANE('',#2020);
#2020 = AXIS2_PLACEMENT_3D('',#2021,#2022,#2023);
#2021 = CARTESIAN_POINT('',(-5.E-17,-18.625,14.5739));
#2022 = DIRECTION('',(0.,-2.2E-16,1.));
#2023 = DIRECTION('',(1.,0.,0.));
#2024 = ADVANCED_FACE('',(#2025),#2028,.T.);
#2025 = FACE_BOUND('',#2026,.T.);
#2026 = EDGE_LOOP('',(#2027));
#2027 = ORIENTED_EDGE('',*,*,#1082,.T.);
#2028 = PLANE('',#2029);
#2029 = AXIS2_PLACEMENT_3D('',#2030,#2031,#2032);
#2030 = CARTESIAN_POINT('',(-5.E-17,-18.625,14.5739));
#2031 = DIRECTION('',(0.,-2.2E-16,1.));
#2032 = DIRECTION('',(1.,0.,0.));
#2033 = ADVANCED_FACE('',(#2034),#2037,.T.);
#2034 = FACE_BOUND('',#2035,.T.);
#2035 = EDGE_LOOP('',(#2036));
#2036 = ORIENTED_EDGE('',*,*,#1107,.T.);
#2037 = PLANE('',#2038);
#2038 = AXIS2_PLACEMENT_3D('',#2039,#2040,#2041);
#2039 = CARTESIAN_POINT('',(-5.E-17,-18.625,14.5739));
#2040 = DIRECTION('',(0.,-2.2E-16,1.));
#2041 = DIRECTION('',(1.,0.,0.));
#2042 = ADVANCED_FACE('',(#2043),#2066,.T.);
#2043 = FACE_BOUND('',#2044,.T.);
#2044 = EDGE_LOOP('',(#2045,#2046,#2052,#2053,#2059,#2060));
#2045 = ORIENTED_EDGE('',*,*,#1124,.F.);
#2046 = ORIENTED_EDGE('',*,*,#2047,.F.);
#2047 = EDGE_CURVE('',#1626,#1125,#2048,.T.);
#2048 = LINE('',#2049,#2050);
#2049 = CARTESIAN_POINT('',(7.034019886078,-18.247023,8.35));
#2050 = VECTOR('',#2051,1.);
#2051 = DIRECTION('',(1.,0.,0.));
#2052 = ORIENTED_EDGE('',*,*,#1701,.F.);
#2053 = ORIENTED_EDGE('',*,*,#2054,.F.);
#2054 = EDGE_CURVE('',#1214,#1694,#2055,.T.);
#2055 = LINE('',#2056,#2057);
#2056 = CARTESIAN_POINT('',(0.965980113922,-18.247023,8.35));
#2057 = VECTOR('',#2058,1.);
#2058 = DIRECTION('',(1.,0.,0.));
#2059 = ORIENTED_EDGE('',*,*,#1213,.T.);
#2060 = ORIENTED_EDGE('',*,*,#2061,.F.);
#2061 = EDGE_CURVE('',#1127,#1216,#2062,.T.);
#2062 = LINE('',#2063,#2064);
#2063 = CARTESIAN_POINT('',(8.,-18.247023,9.713554));
#2064 = VECTOR('',#2065,1.);
#2065 = DIRECTION('',(-1.,0.,0.));
#2066 = PLANE('',#2067);
#2067 = AXIS2_PLACEMENT_3D('',#2068,#2069,#2070);
#2068 = CARTESIAN_POINT('',(8.,-18.247023,6.623349));
#2069 = DIRECTION('',(0.,1.,0.));
#2070 = DIRECTION('',(0.,0.,1.));
#2071 = ADVANCED_FACE('',(#2072),#2078,.T.);
#2072 = FACE_BOUND('',#2073,.T.);
#2073 = EDGE_LOOP('',(#2074,#2075,#2076,#2077));
#2074 = ORIENTED_EDGE('',*,*,#2061,.T.);
#2075 = ORIENTED_EDGE('',*,*,#1288,.T.);
#2076 = ORIENTED_EDGE('',*,*,#1302,.F.);
#2077 = ORIENTED_EDGE('',*,*,#1199,.F.);
#2078 = PLANE('',#2079);
#2079 = AXIS2_PLACEMENT_3D('',#2080,#2081,#2082);
#2080 = CARTESIAN_POINT('',(8.,-18.247023,9.713554));
#2081 = DIRECTION('',(0.,0.591664208072,0.806184510448));
#2082 = DIRECTION('',(0.,-0.806184510448,0.591664208072));
#2083 = ADVANCED_FACE('',(#2084),#2095,.T.);
#2084 = FACE_BOUND('',#2085,.T.);
#2085 = EDGE_LOOP('',(#2086,#2087,#2088,#2094));
#2086 = ORIENTED_EDGE('',*,*,#1321,.T.);
#2087 = ORIENTED_EDGE('',*,*,#1263,.T.);
#2088 = ORIENTED_EDGE('',*,*,#2089,.F.);
#2089 = EDGE_CURVE('',#1167,#1256,#2090,.T.);
#2090 = LINE('',#2091,#2092);
#2091 = CARTESIAN_POINT('',(8.,-11.72766,8.805288));
#2092 = VECTOR('',#2093,1.);
#2093 = DIRECTION('',(-1.,0.,0.));
#2094 = ORIENTED_EDGE('',*,*,#1174,.F.);
#2095 = PLANE('',#2096);
#2096 = AXIS2_PLACEMENT_3D('',#2097,#2098,#2099);
#2097 = CARTESIAN_POINT('',(8.,-14.520932,12.365879));
#2098 = DIRECTION('',(0.,-0.786783493027,-0.617229078301));
#2099 = DIRECTION('',(0.,0.617229078301,-0.786783493027));
#2100 = ADVANCED_FACE('',(#2101),#2112,.T.);
#2101 = FACE_BOUND('',#2102,.T.);
#2102 = EDGE_LOOP('',(#2103,#2104,#2105,#2111));
#2103 = ORIENTED_EDGE('',*,*,#2089,.T.);
#2104 = ORIENTED_EDGE('',*,*,#1255,.T.);
#2105 = ORIENTED_EDGE('',*,*,#2106,.F.);
#2106 = EDGE_CURVE('',#1159,#1248,#2107,.T.);
#2107 = LINE('',#2108,#2109);
#2108 = CARTESIAN_POINT('',(8.,0.,8.805288));
#2109 = VECTOR('',#2110,1.);
#2110 = DIRECTION('',(-1.,0.,0.));
#2111 = ORIENTED_EDGE('',*,*,#1166,.F.);
#2112 = PLANE('',#2113);
#2113 = AXIS2_PLACEMENT_3D('',#2114,#2115,#2116);
#2114 = CARTESIAN_POINT('',(8.,-11.72766,8.805288));
#2115 = DIRECTION('',(0.,0.,-1.));
#2116 = DIRECTION('',(0.,1.,0.));
#2117 = ADVANCED_FACE('',(#2118,#2279,#2290,#2301,#2408,#2419),#2430,.T.
  );
#2118 = FACE_BOUND('',#2119,.T.);
#2119 = EDGE_LOOP('',(#2120,#2131,#2139,#2147,#2154,#2155,#2164,#2172,
    #2180,#2189,#2197,#2206,#2214,#2222,#2231,#2239,#2248,#2256,#2264,
    #2273));
#2120 = ORIENTED_EDGE('',*,*,#2121,.F.);
#2121 = EDGE_CURVE('',#2122,#2124,#2126,.T.);
#2122 = VERTEX_POINT('',#2123);
#2123 = CARTESIAN_POINT('',(-20.56998392357,0.,5.627719253367));
#2124 = VERTEX_POINT('',#2125);
#2125 = CARTESIAN_POINT('',(-21.,0.,2.66195));
#2126 = CIRCLE('',#2127,10.44228528025);
#2127 = AXIS2_PLACEMENT_3D('',#2128,#2129,#2130);
#2128 = CARTESIAN_POINT('',(-10.55771471975,-5.9E-16,2.66195));
#2129 = DIRECTION('',(0.,-1.,-2.2E-16));
#2130 = DIRECTION('',(1.,0.,0.));
#2131 = ORIENTED_EDGE('',*,*,#2132,.T.);
#2132 = EDGE_CURVE('',#2122,#2133,#2135,.T.);
#2133 = VERTEX_POINT('',#2134);
#2134 = CARTESIAN_POINT('',(-20.07795480324,0.,9.967087148105));
#2135 = LINE('',#2136,#2137);
#2136 = CARTESIAN_POINT('',(-20.56998392357,-1.25E-15,5.627719253367));
#2137 = VECTOR('',#2138,1.);
#2138 = DIRECTION('',(0.11266534167,-2.2E-16,0.993632990991));
#2139 = ORIENTED_EDGE('',*,*,#2140,.T.);
#2140 = EDGE_CURVE('',#2133,#2141,#2143,.T.);
#2141 = VERTEX_POINT('',#2142);
#2142 = CARTESIAN_POINT('',(-16.01379379103,0.,11.565461837585));
#2143 = LINE('',#2144,#2145);
#2144 = CARTESIAN_POINT('',(-20.07795480324,-2.21E-15,9.967087148105));
#2145 = VECTOR('',#2146,1.);
#2146 = DIRECTION('',(0.930615831704,-8.E-17,0.365997505157));
#2147 = ORIENTED_EDGE('',*,*,#2148,.F.);
#2148 = EDGE_CURVE('',#1980,#2141,#2149,.T.);
#2149 = CIRCLE('',#2150,10.44228528025);
#2150 = AXIS2_PLACEMENT_3D('',#2151,#2152,#2153);
#2151 = CARTESIAN_POINT('',(-10.55771471975,-5.9E-16,2.66195));
#2152 = DIRECTION('',(0.,-1.,-2.2E-16));
#2153 = DIRECTION('',(1.,0.,0.));
#2154 = ORIENTED_EDGE('',*,*,#1979,.F.);
#2155 = ORIENTED_EDGE('',*,*,#2156,.F.);
#2156 = EDGE_CURVE('',#2157,#1972,#2159,.T.);
#2157 = VERTEX_POINT('',#2158);
#2158 = CARTESIAN_POINT('',(16.013793791035,0.,11.565461837585));
#2159 = CIRCLE('',#2160,10.44228528025);
#2160 = AXIS2_PLACEMENT_3D('',#2161,#2162,#2163);
#2161 = CARTESIAN_POINT('',(10.55771471975,-5.9E-16,2.66195));
#2162 = DIRECTION('',(0.,-1.,-2.2E-16));
#2163 = DIRECTION('',(1.,0.,0.));
#2164 = ORIENTED_EDGE('',*,*,#2165,.T.);
#2165 = EDGE_CURVE('',#2157,#2166,#2168,.T.);
#2166 = VERTEX_POINT('',#2167);
#2167 = CARTESIAN_POINT('',(20.077954803245,0.,9.967087148105));
#2168 = LINE('',#2169,#2170);
#2169 = CARTESIAN_POINT('',(16.013793791035,-2.57E-15,11.565461837585));
#2170 = VECTOR('',#2171,1.);
#2171 = DIRECTION('',(0.930615831704,8.E-17,-0.365997505157));
#2172 = ORIENTED_EDGE('',*,*,#2173,.T.);
#2173 = EDGE_CURVE('',#2166,#2174,#2176,.T.);
#2174 = VERTEX_POINT('',#2175);
#2175 = CARTESIAN_POINT('',(20.569983923577,0.,5.627719253367));
#2176 = LINE('',#2177,#2178);
#2177 = CARTESIAN_POINT('',(20.077954803245,-2.21E-15,9.967087148105));
#2178 = VECTOR('',#2179,1.);
#2179 = DIRECTION('',(0.11266534167,2.2E-16,-0.993632990991));
#2180 = ORIENTED_EDGE('',*,*,#2181,.F.);
#2181 = EDGE_CURVE('',#2182,#2174,#2184,.T.);
#2182 = VERTEX_POINT('',#2183);
#2183 = CARTESIAN_POINT('',(21.,0.,2.66195));
#2184 = CIRCLE('',#2185,10.44228528025);
#2185 = AXIS2_PLACEMENT_3D('',#2186,#2187,#2188);
#2186 = CARTESIAN_POINT('',(10.55771471975,-5.9E-16,2.66195));
#2187 = DIRECTION('',(0.,-1.,-2.2E-16));
#2188 = DIRECTION('',(1.,0.,0.));
#2189 = ORIENTED_EDGE('',*,*,#2190,.F.);
#2190 = EDGE_CURVE('',#2191,#2182,#2193,.T.);
#2191 = VERTEX_POINT('',#2192);
#2192 = CARTESIAN_POINT('',(21.,0.,-7.33805));
#2193 = LINE('',#2194,#2195);
#2194 = CARTESIAN_POINT('',(21.,1.63E-15,-7.33805));
#2195 = VECTOR('',#2196,1.);
#2196 = DIRECTION('',(0.,-2.2E-16,1.));
#2197 = ORIENTED_EDGE('',*,*,#2198,.F.);
#2198 = EDGE_CURVE('',#2199,#2191,#2201,.T.);
#2199 = VERTEX_POINT('',#2200);
#2200 = CARTESIAN_POINT('',(20.569983923577,0.,-10.30381925336));
#2201 = CIRCLE('',#2202,10.44228528025);
#2202 = AXIS2_PLACEMENT_3D('',#2203,#2204,#2205);
#2203 = CARTESIAN_POINT('',(10.55771471975,1.63E-15,-7.33805));
#2204 = DIRECTION('',(0.,-1.,-2.2E-16));
#2205 = DIRECTION('',(1.,0.,0.));
#2206 = ORIENTED_EDGE('',*,*,#2207,.F.);
#2207 = EDGE_CURVE('',#2208,#2199,#2210,.T.);
#2208 = VERTEX_POINT('',#2209);
#2209 = CARTESIAN_POINT('',(20.077954803245,0.,-14.6431871481));
#2210 = LINE('',#2211,#2212);
#2211 = CARTESIAN_POINT('',(20.077954803245,3.25E-15,-14.6431871481));
#2212 = VECTOR('',#2213,1.);
#2213 = DIRECTION('',(0.11266534167,-2.2E-16,0.993632990991));
#2214 = ORIENTED_EDGE('',*,*,#2215,.F.);
#2215 = EDGE_CURVE('',#2216,#2208,#2218,.T.);
#2216 = VERTEX_POINT('',#2217);
#2217 = CARTESIAN_POINT('',(16.013793791035,0.,-16.24156183758));
#2218 = LINE('',#2219,#2220);
#2219 = CARTESIAN_POINT('',(16.013793791035,3.61E-15,-16.24156183758));
#2220 = VECTOR('',#2221,1.);
#2221 = DIRECTION('',(0.930615831704,-8.E-17,0.365997505157));
#2222 = ORIENTED_EDGE('',*,*,#2223,.F.);
#2223 = EDGE_CURVE('',#2224,#2216,#2226,.T.);
#2224 = VERTEX_POINT('',#2225);
#2225 = CARTESIAN_POINT('',(16.,0.,-16.25));
#2226 = CIRCLE('',#2227,10.44228528025);
#2227 = AXIS2_PLACEMENT_3D('',#2228,#2229,#2230);
#2228 = CARTESIAN_POINT('',(10.55771471975,1.63E-15,-7.33805));
#2229 = DIRECTION('',(0.,-1.,-2.2E-16));
#2230 = DIRECTION('',(1.,0.,0.));
#2231 = ORIENTED_EDGE('',*,*,#2232,.F.);
#2232 = EDGE_CURVE('',#2233,#2224,#2235,.T.);
#2233 = VERTEX_POINT('',#2234);
#2234 = CARTESIAN_POINT('',(-16.,0.,-16.25));
#2235 = LINE('',#2236,#2237);
#2236 = CARTESIAN_POINT('',(-16.,3.61E-15,-16.25));
#2237 = VECTOR('',#2238,1.);
#2238 = DIRECTION('',(1.,0.,0.));
#2239 = ORIENTED_EDGE('',*,*,#2240,.F.);
#2240 = EDGE_CURVE('',#2241,#2233,#2243,.T.);
#2241 = VERTEX_POINT('',#2242);
#2242 = CARTESIAN_POINT('',(-16.01379379103,0.,-16.24156183758));
#2243 = CIRCLE('',#2244,10.44228528025);
#2244 = AXIS2_PLACEMENT_3D('',#2245,#2246,#2247);
#2245 = CARTESIAN_POINT('',(-10.55771471975,1.63E-15,-7.33805));
#2246 = DIRECTION('',(0.,-1.,-2.2E-16));
#2247 = DIRECTION('',(1.,0.,0.));
#2248 = ORIENTED_EDGE('',*,*,#2249,.F.);
#2249 = EDGE_CURVE('',#2250,#2241,#2252,.T.);
#2250 = VERTEX_POINT('',#2251);
#2251 = CARTESIAN_POINT('',(-20.07795480324,0.,-14.6431871481));
#2252 = LINE('',#2253,#2254);
#2253 = CARTESIAN_POINT('',(-20.07795480324,3.25E-15,-14.6431871481));
#2254 = VECTOR('',#2255,1.);
#2255 = DIRECTION('',(0.930615831704,8.E-17,-0.365997505157));
#2256 = ORIENTED_EDGE('',*,*,#2257,.F.);
#2257 = EDGE_CURVE('',#2258,#2250,#2260,.T.);
#2258 = VERTEX_POINT('',#2259);
#2259 = CARTESIAN_POINT('',(-20.56998392357,0.,-10.30381925336));
#2260 = LINE('',#2261,#2262);
#2261 = CARTESIAN_POINT('',(-20.56998392357,2.29E-15,-10.30381925336));
#2262 = VECTOR('',#2263,1.);
#2263 = DIRECTION('',(0.11266534167,2.2E-16,-0.993632990991));
#2264 = ORIENTED_EDGE('',*,*,#2265,.F.);
#2265 = EDGE_CURVE('',#2266,#2258,#2268,.T.);
#2266 = VERTEX_POINT('',#2267);
#2267 = CARTESIAN_POINT('',(-21.,0.,-7.33805));
#2268 = CIRCLE('',#2269,10.44228528025);
#2269 = AXIS2_PLACEMENT_3D('',#2270,#2271,#2272);
#2270 = CARTESIAN_POINT('',(-10.55771471975,1.63E-15,-7.33805));
#2271 = DIRECTION('',(0.,-1.,-2.2E-16));
#2272 = DIRECTION('',(1.,0.,0.));
#2273 = ORIENTED_EDGE('',*,*,#2274,.F.);
#2274 = EDGE_CURVE('',#2124,#2266,#2275,.T.);
#2275 = LINE('',#2276,#2277);
#2276 = CARTESIAN_POINT('',(-21.,-5.9E-16,2.66195));
#2277 = VECTOR('',#2278,1.);
#2278 = DIRECTION('',(0.,2.2E-16,-1.));
#2279 = FACE_BOUND('',#2280,.T.);
#2280 = EDGE_LOOP('',(#2281));
#2281 = ORIENTED_EDGE('',*,*,#2282,.T.);
#2282 = EDGE_CURVE('',#2283,#2283,#2285,.T.);
#2283 = VERTEX_POINT('',#2284);
#2284 = CARTESIAN_POINT('',(-16.4,0.,-12.3));
#2285 = CIRCLE('',#2286,1.1);
#2286 = AXIS2_PLACEMENT_3D('',#2287,#2288,#2289);
#2287 = CARTESIAN_POINT('',(-17.5,2.73E-15,-12.3));
#2288 = DIRECTION('',(0.,-1.,-2.2E-16));
#2289 = DIRECTION('',(1.,0.,0.));
#2290 = FACE_BOUND('',#2291,.T.);
#2291 = EDGE_LOOP('',(#2292));
#2292 = ORIENTED_EDGE('',*,*,#2293,.T.);
#2293 = EDGE_CURVE('',#2294,#2294,#2296,.T.);
#2294 = VERTEX_POINT('',#2295);
#2295 = CARTESIAN_POINT('',(-16.4,0.,8.1));
#2296 = CIRCLE('',#2297,1.1);
#2297 = AXIS2_PLACEMENT_3D('',#2298,#2299,#2300);
#2298 = CARTESIAN_POINT('',(-17.5,-1.8E-15,8.1));
#2299 = DIRECTION('',(0.,-1.,-2.2E-16));
#2300 = DIRECTION('',(1.,0.,0.));
#2301 = FACE_BOUND('',#2302,.T.);
#2302 = EDGE_LOOP('',(#2303,#2311,#2319,#2327,#2335,#2343,#2351,#2359,
    #2367,#2375,#2383,#2391,#2399,#2405,#2406,#2407));
#2303 = ORIENTED_EDGE('',*,*,#2304,.T.);
#2304 = EDGE_CURVE('',#1240,#2305,#2307,.T.);
#2305 = VERTEX_POINT('',#2306);
#2306 = CARTESIAN_POINT('',(-11.,0.,8.75));
#2307 = LINE('',#2308,#2309);
#2308 = CARTESIAN_POINT('',(11.,-1.94E-15,8.75));
#2309 = VECTOR('',#2310,1.);
#2310 = DIRECTION('',(-1.,0.,0.));
#2311 = ORIENTED_EDGE('',*,*,#2312,.T.);
#2312 = EDGE_CURVE('',#2305,#2313,#2315,.T.);
#2313 = VERTEX_POINT('',#2314);
#2314 = CARTESIAN_POINT('',(-11.,2.E-15,8.35));
#2315 = LINE('',#2316,#2317);
#2316 = CARTESIAN_POINT('',(-11.,-1.94E-15,8.75));
#2317 = VECTOR('',#2318,1.);
#2318 = DIRECTION('',(0.,2.2E-16,-1.));
#2319 = ORIENTED_EDGE('',*,*,#2320,.T.);
#2320 = EDGE_CURVE('',#2313,#2321,#2323,.T.);
#2321 = VERTEX_POINT('',#2322);
#2322 = CARTESIAN_POINT('',(-11.44841538983,0.,8.35));
#2323 = LINE('',#2324,#2325);
#2324 = CARTESIAN_POINT('',(10.75,2.35E-15,8.35));
#2325 = VECTOR('',#2326,1.);
#2326 = DIRECTION('',(-1.,0.,0.));
#2327 = ORIENTED_EDGE('',*,*,#2328,.F.);
#2328 = EDGE_CURVE('',#2329,#2321,#2331,.T.);
#2329 = VERTEX_POINT('',#2330);
#2330 = CARTESIAN_POINT('',(-11.44841538983,0.,-12.85));
#2331 = LINE('',#2332,#2333);
#2332 = CARTESIAN_POINT('',(-11.44841538983,0.,-12.85));
#2333 = VECTOR('',#2334,1.);
#2334 = DIRECTION('',(0.,0.,1.));
#2335 = ORIENTED_EDGE('',*,*,#2336,.T.);
#2336 = EDGE_CURVE('',#2329,#2337,#2339,.T.);
#2337 = VERTEX_POINT('',#2338);
#2338 = CARTESIAN_POINT('',(-11.,-3.E-15,-12.85));
#2339 = LINE('',#2340,#2341);
#2340 = CARTESIAN_POINT('',(-10.75,-2.35E-15,-12.85));
#2341 = VECTOR('',#2342,1.);
#2342 = DIRECTION('',(1.,0.,0.));
#2343 = ORIENTED_EDGE('',*,*,#2344,.T.);
#2344 = EDGE_CURVE('',#2337,#2345,#2347,.T.);
#2345 = VERTEX_POINT('',#2346);
#2346 = CARTESIAN_POINT('',(-11.,0.,-13.25));
#2347 = LINE('',#2348,#2349);
#2348 = CARTESIAN_POINT('',(-11.,-1.94E-15,8.75));
#2349 = VECTOR('',#2350,1.);
#2350 = DIRECTION('',(0.,2.2E-16,-1.));
#2351 = ORIENTED_EDGE('',*,*,#2352,.T.);
#2352 = EDGE_CURVE('',#2345,#2353,#2355,.T.);
#2353 = VERTEX_POINT('',#2354);
#2354 = CARTESIAN_POINT('',(11.,0.,-13.25));
#2355 = LINE('',#2356,#2357);
#2356 = CARTESIAN_POINT('',(-11.,2.94E-15,-13.25));
#2357 = VECTOR('',#2358,1.);
#2358 = DIRECTION('',(1.,0.,0.));
#2359 = ORIENTED_EDGE('',*,*,#2360,.T.);
#2360 = EDGE_CURVE('',#2353,#2361,#2363,.T.);
#2361 = VERTEX_POINT('',#2362);
#2362 = CARTESIAN_POINT('',(11.,-3.E-15,-12.85));
#2363 = LINE('',#2364,#2365);
#2364 = CARTESIAN_POINT('',(11.,2.94E-15,-13.25));
#2365 = VECTOR('',#2366,1.);
#2366 = DIRECTION('',(0.,-2.2E-16,1.));
#2367 = ORIENTED_EDGE('',*,*,#2368,.T.);
#2368 = EDGE_CURVE('',#2361,#2369,#2371,.T.);
#2369 = VERTEX_POINT('',#2370);
#2370 = CARTESIAN_POINT('',(11.448415389835,0.,-12.85));
#2371 = LINE('',#2372,#2373);
#2372 = CARTESIAN_POINT('',(-10.75,-2.35E-15,-12.85));
#2373 = VECTOR('',#2374,1.);
#2374 = DIRECTION('',(1.,0.,0.));
#2375 = ORIENTED_EDGE('',*,*,#2376,.T.);
#2376 = EDGE_CURVE('',#2369,#2377,#2379,.T.);
#2377 = VERTEX_POINT('',#2378);
#2378 = CARTESIAN_POINT('',(11.448415389835,0.,8.35));
#2379 = LINE('',#2380,#2381);
#2380 = CARTESIAN_POINT('',(11.448415389835,0.,-12.85));
#2381 = VECTOR('',#2382,1.);
#2382 = DIRECTION('',(0.,0.,1.));
#2383 = ORIENTED_EDGE('',*,*,#2384,.T.);
#2384 = EDGE_CURVE('',#2377,#2385,#2387,.T.);
#2385 = VERTEX_POINT('',#2386);
#2386 = CARTESIAN_POINT('',(11.,2.E-15,8.35));
#2387 = LINE('',#2388,#2389);
#2388 = CARTESIAN_POINT('',(11.448415389835,0.,8.35));
#2389 = VECTOR('',#2390,1.);
#2390 = DIRECTION('',(-1.,5.15E-15,0.));
#2391 = ORIENTED_EDGE('',*,*,#2392,.T.);
#2392 = EDGE_CURVE('',#2385,#2393,#2395,.T.);
#2393 = VERTEX_POINT('',#2394);
#2394 = CARTESIAN_POINT('',(11.,0.,8.75));
#2395 = LINE('',#2396,#2397);
#2396 = CARTESIAN_POINT('',(11.,2.94E-15,-13.25));
#2397 = VECTOR('',#2398,1.);
#2398 = DIRECTION('',(0.,-2.2E-16,1.));
#2399 = ORIENTED_EDGE('',*,*,#2400,.T.);
#2400 = EDGE_CURVE('',#2393,#1151,#2401,.T.);
#2401 = LINE('',#2402,#2403);
#2402 = CARTESIAN_POINT('',(11.,-1.94E-15,8.75));
#2403 = VECTOR('',#2404,1.);
#2404 = DIRECTION('',(-1.,0.,0.));
#2405 = ORIENTED_EDGE('',*,*,#1158,.F.);
#2406 = ORIENTED_EDGE('',*,*,#2106,.T.);
#2407 = ORIENTED_EDGE('',*,*,#1247,.T.);
#2408 = FACE_BOUND('',#2409,.T.);
#2409 = EDGE_LOOP('',(#2410));
#2410 = ORIENTED_EDGE('',*,*,#2411,.T.);
#2411 = EDGE_CURVE('',#2412,#2412,#2414,.T.);
#2412 = VERTEX_POINT('',#2413);
#2413 = CARTESIAN_POINT('',(18.6,0.,-12.3));
#2414 = CIRCLE('',#2415,1.1);
#2415 = AXIS2_PLACEMENT_3D('',#2416,#2417,#2418);
#2416 = CARTESIAN_POINT('',(17.5,2.73E-15,-12.3));
#2417 = DIRECTION('',(0.,-1.,-2.2E-16));
#2418 = DIRECTION('',(1.,0.,0.));
#2419 = FACE_BOUND('',#2420,.T.);
#2420 = EDGE_LOOP('',(#2421));
#2421 = ORIENTED_EDGE('',*,*,#2422,.T.);
#2422 = EDGE_CURVE('',#2423,#2423,#2425,.T.);
#2423 = VERTEX_POINT('',#2424);
#2424 = CARTESIAN_POINT('',(18.6,0.,8.1));
#2425 = CIRCLE('',#2426,1.1);
#2426 = AXIS2_PLACEMENT_3D('',#2427,#2428,#2429);
#2427 = CARTESIAN_POINT('',(17.5,-1.8E-15,8.1));
#2428 = DIRECTION('',(0.,-1.,-2.2E-16));
#2429 = DIRECTION('',(1.,0.,0.));
#2430 = PLANE('',#2431);
#2431 = AXIS2_PLACEMENT_3D('',#2432,#2433,#2434);
#2432 = CARTESIAN_POINT('',(2.3325E-13,0.,-2.302673394434));
#2433 = DIRECTION('',(0.,1.,2.2E-16));
#2434 = DIRECTION('',(0.,-2.2E-16,1.));
#2435 = ADVANCED_FACE('',(#2436),#2454,.T.);
#2436 = FACE_BOUND('',#2437,.T.);
#2437 = EDGE_LOOP('',(#2438,#2439,#2447,#2453));
#2438 = ORIENTED_EDGE('',*,*,#2400,.F.);
#2439 = ORIENTED_EDGE('',*,*,#2440,.T.);
#2440 = EDGE_CURVE('',#2393,#2441,#2443,.T.);
#2441 = VERTEX_POINT('',#2442);
#2442 = CARTESIAN_POINT('',(11.,-1.,8.75));
#2443 = LINE('',#2444,#2445);
#2444 = CARTESIAN_POINT('',(11.,1.94E-15,8.75));
#2445 = VECTOR('',#2446,1.);
#2446 = DIRECTION('',(0.,-1.,2.2E-16));
#2447 = ORIENTED_EDGE('',*,*,#2448,.T.);
#2448 = EDGE_CURVE('',#2441,#1143,#2449,.T.);
#2449 = LINE('',#2450,#2451);
#2450 = CARTESIAN_POINT('',(5.500000000002,-1.,8.75));
#2451 = VECTOR('',#2452,1.);
#2452 = DIRECTION('',(-1.,0.,0.));
#2453 = ORIENTED_EDGE('',*,*,#1150,.F.);
#2454 = PLANE('',#2455);
#2455 = AXIS2_PLACEMENT_3D('',#2456,#2457,#2458);
#2456 = CARTESIAN_POINT('',(11.,1.94E-15,8.75));
#2457 = DIRECTION('',(0.,-2.2E-16,-1.));
#2458 = DIRECTION('',(-1.,0.,0.));
#2459 = ADVANCED_FACE('',(#2460),#2478,.T.);
#2460 = FACE_BOUND('',#2461,.T.);
#2461 = EDGE_LOOP('',(#2462,#2470,#2476,#2477));
#2462 = ORIENTED_EDGE('',*,*,#2463,.F.);
#2463 = EDGE_CURVE('',#2464,#2441,#2466,.T.);
#2464 = VERTEX_POINT('',#2465);
#2465 = CARTESIAN_POINT('',(11.,-1.,8.35));
#2466 = LINE('',#2467,#2468);
#2467 = CARTESIAN_POINT('',(11.,-1.,-7.840192495516));
#2468 = VECTOR('',#2469,1.);
#2469 = DIRECTION('',(0.,2.8E-16,1.));
#2470 = ORIENTED_EDGE('',*,*,#2471,.F.);
#2471 = EDGE_CURVE('',#1135,#2464,#2472,.T.);
#2472 = LINE('',#2473,#2474);
#2473 = CARTESIAN_POINT('',(3.034019886079,-1.,8.35));
#2474 = VECTOR('',#2475,1.);
#2475 = DIRECTION('',(1.,-0.,0.));
#2476 = ORIENTED_EDGE('',*,*,#1142,.F.);
#2477 = ORIENTED_EDGE('',*,*,#2448,.F.);
#2478 = PLANE('',#2479);
#2479 = AXIS2_PLACEMENT_3D('',#2480,#2481,#2482);
#2480 = CARTESIAN_POINT('',(3.51135E-12,-1.,-2.430384991033));
#2481 = DIRECTION('',(0.,1.,-6.E-17));
#2482 = DIRECTION('',(0.,6.E-17,1.));
#2483 = ADVANCED_FACE('',(#2484),#2511,.F.);
#2484 = FACE_BOUND('',#2485,.F.);
#2485 = EDGE_LOOP('',(#2486,#2487,#2495,#2501,#2502,#2508,#2509,#2510));
#2486 = ORIENTED_EDGE('',*,*,#1623,.F.);
#2487 = ORIENTED_EDGE('',*,*,#2488,.F.);
#2488 = EDGE_CURVE('',#2489,#1624,#2491,.T.);
#2489 = VERTEX_POINT('',#2490);
#2490 = CARTESIAN_POINT('',(10.75,-20.,8.35));
#2491 = LINE('',#2492,#2493);
#2492 = CARTESIAN_POINT('',(10.75,-20.,8.35));
#2493 = VECTOR('',#2494,1.);
#2494 = DIRECTION('',(-1.,0.,0.));
#2495 = ORIENTED_EDGE('',*,*,#2496,.F.);
#2496 = EDGE_CURVE('',#2377,#2489,#2497,.T.);
#2497 = LINE('',#2498,#2499);
#2498 = CARTESIAN_POINT('',(11.448415389835,-1.7763568394E-15,8.35));
#2499 = VECTOR('',#2500,1.);
#2500 = DIRECTION('',(-3.489949670249E-02,-0.999390827019,-2.2E-16));
#2501 = ORIENTED_EDGE('',*,*,#2384,.T.);
#2502 = ORIENTED_EDGE('',*,*,#2503,.F.);
#2503 = EDGE_CURVE('',#2464,#2385,#2504,.T.);
#2504 = LINE('',#2505,#2506);
#2505 = CARTESIAN_POINT('',(11.,-4.941942944267,8.35));
#2506 = VECTOR('',#2507,1.);
#2507 = DIRECTION('',(0.,1.,-1.6E-16));
#2508 = ORIENTED_EDGE('',*,*,#2471,.F.);
#2509 = ORIENTED_EDGE('',*,*,#1134,.T.);
#2510 = ORIENTED_EDGE('',*,*,#2047,.F.);
#2511 = PLANE('',#2512);
#2512 = AXIS2_PLACEMENT_3D('',#2513,#2514,#2515);
#2513 = CARTESIAN_POINT('',(6.068039772155,-9.883885888535,8.35));
#2514 = DIRECTION('',(0.,1.6E-16,1.));
#2515 = DIRECTION('',(0.,-1.,1.6E-16));
#2516 = ADVANCED_FACE('',(#2517),#2535,.T.);
#2517 = FACE_BOUND('',#2518,.T.);
#2518 = EDGE_LOOP('',(#2519,#2520,#2521,#2529));
#2519 = ORIENTED_EDGE('',*,*,#2304,.F.);
#2520 = ORIENTED_EDGE('',*,*,#1239,.T.);
#2521 = ORIENTED_EDGE('',*,*,#2522,.T.);
#2522 = EDGE_CURVE('',#1232,#2523,#2525,.T.);
#2523 = VERTEX_POINT('',#2524);
#2524 = CARTESIAN_POINT('',(-11.,-1.,8.75));
#2525 = LINE('',#2526,#2527);
#2526 = CARTESIAN_POINT('',(5.500000000002,-1.,8.75));
#2527 = VECTOR('',#2528,1.);
#2528 = DIRECTION('',(-1.,0.,0.));
#2529 = ORIENTED_EDGE('',*,*,#2530,.F.);
#2530 = EDGE_CURVE('',#2305,#2523,#2531,.T.);
#2531 = LINE('',#2532,#2533);
#2532 = CARTESIAN_POINT('',(-11.,1.94E-15,8.75));
#2533 = VECTOR('',#2534,1.);
#2534 = DIRECTION('',(0.,-1.,2.2E-16));
#2535 = PLANE('',#2536);
#2536 = AXIS2_PLACEMENT_3D('',#2537,#2538,#2539);
#2537 = CARTESIAN_POINT('',(11.,1.94E-15,8.75));
#2538 = DIRECTION('',(0.,-2.2E-16,-1.));
#2539 = DIRECTION('',(-1.,0.,0.));
#2540 = ADVANCED_FACE('',(#2541),#2559,.T.);
#2541 = FACE_BOUND('',#2542,.T.);
#2542 = EDGE_LOOP('',(#2543,#2551,#2557,#2558));
#2543 = ORIENTED_EDGE('',*,*,#2544,.F.);
#2544 = EDGE_CURVE('',#2545,#1224,#2547,.T.);
#2545 = VERTEX_POINT('',#2546);
#2546 = CARTESIAN_POINT('',(-11.,-1.,8.35));
#2547 = LINE('',#2548,#2549);
#2548 = CARTESIAN_POINT('',(-3.034019886076,-1.,8.35));
#2549 = VECTOR('',#2550,1.);
#2550 = DIRECTION('',(1.,-0.,0.));
#2551 = ORIENTED_EDGE('',*,*,#2552,.F.);
#2552 = EDGE_CURVE('',#2523,#2545,#2553,.T.);
#2553 = LINE('',#2554,#2555);
#2554 = CARTESIAN_POINT('',(-11.,-1.,3.159807504484));
#2555 = VECTOR('',#2556,1.);
#2556 = DIRECTION('',(0.,-2.8E-16,-1.));
#2557 = ORIENTED_EDGE('',*,*,#2522,.F.);
#2558 = ORIENTED_EDGE('',*,*,#1231,.T.);
#2559 = PLANE('',#2560);
#2560 = AXIS2_PLACEMENT_3D('',#2561,#2562,#2563);
#2561 = CARTESIAN_POINT('',(3.51135E-12,-1.,-2.430384991033));
#2562 = DIRECTION('',(0.,1.,-6.E-17));
#2563 = DIRECTION('',(0.,6.E-17,1.));
#2564 = ADVANCED_FACE('',(#2565),#2592,.F.);
#2565 = FACE_BOUND('',#2566,.F.);
#2566 = EDGE_LOOP('',(#2567,#2573,#2574,#2582,#2588,#2589,#2590,#2591));
#2567 = ORIENTED_EDGE('',*,*,#2568,.F.);
#2568 = EDGE_CURVE('',#2313,#2545,#2569,.T.);
#2569 = LINE('',#2570,#2571);
#2570 = CARTESIAN_POINT('',(-11.,-4.941942944267,8.35));
#2571 = VECTOR('',#2572,1.);
#2572 = DIRECTION('',(0.,-1.,1.6E-16));
#2573 = ORIENTED_EDGE('',*,*,#2320,.T.);
#2574 = ORIENTED_EDGE('',*,*,#2575,.T.);
#2575 = EDGE_CURVE('',#2321,#2576,#2578,.T.);
#2576 = VERTEX_POINT('',#2577);
#2577 = CARTESIAN_POINT('',(-10.75,-20.,8.35));
#2578 = LINE('',#2579,#2580);
#2579 = CARTESIAN_POINT('',(-11.44841538983,-1.7763568394E-15,8.35));
#2580 = VECTOR('',#2581,1.);
#2581 = DIRECTION('',(3.489949670249E-02,-0.999390827019,-2.2E-16));
#2582 = ORIENTED_EDGE('',*,*,#2583,.F.);
#2583 = EDGE_CURVE('',#1685,#2576,#2584,.T.);
#2584 = LINE('',#2585,#2586);
#2585 = CARTESIAN_POINT('',(10.75,-20.,8.35));
#2586 = VECTOR('',#2587,1.);
#2587 = DIRECTION('',(-1.,0.,0.));
#2588 = ORIENTED_EDGE('',*,*,#1693,.T.);
#2589 = ORIENTED_EDGE('',*,*,#2054,.F.);
#2590 = ORIENTED_EDGE('',*,*,#1223,.F.);
#2591 = ORIENTED_EDGE('',*,*,#2544,.F.);
#2592 = PLANE('',#2593);
#2593 = AXIS2_PLACEMENT_3D('',#2594,#2595,#2596);
#2594 = CARTESIAN_POINT('',(-6.068039772155,-9.883885888535,8.35));
#2595 = DIRECTION('',(0.,1.6E-16,1.));
#2596 = DIRECTION('',(0.,-1.,1.6E-16));
#2597 = ADVANCED_FACE('',(#2598),#2601,.F.);
#2598 = FACE_BOUND('',#2599,.T.);
#2599 = EDGE_LOOP('',(#2600));
#2600 = ORIENTED_EDGE('',*,*,#1606,.T.);
#2601 = PLANE('',#2602);
#2602 = AXIS2_PLACEMENT_3D('',#2603,#2604,#2605);
#2603 = CARTESIAN_POINT('',(5.E-17,-25.,-4.290434448546));
#2604 = DIRECTION('',(0.,1.,-7.E-17));
#2605 = DIRECTION('',(0.,7.E-17,1.));
#2606 = ADVANCED_FACE('',(#2607),#2625,.T.);
#2607 = FACE_BOUND('',#2608,.T.);
#2608 = EDGE_LOOP('',(#2609,#2617,#2618,#2619));
#2609 = ORIENTED_EDGE('',*,*,#2610,.F.);
#2610 = EDGE_CURVE('',#2576,#2611,#2613,.T.);
#2611 = VERTEX_POINT('',#2612);
#2612 = CARTESIAN_POINT('',(-10.75,-20.,-12.85));
#2613 = LINE('',#2614,#2615);
#2614 = CARTESIAN_POINT('',(-10.75,-20.,8.35));
#2615 = VECTOR('',#2616,1.);
#2616 = DIRECTION('',(0.,2.2E-16,-1.));
#2617 = ORIENTED_EDGE('',*,*,#2583,.F.);
#2618 = ORIENTED_EDGE('',*,*,#1684,.F.);
#2619 = ORIENTED_EDGE('',*,*,#2620,.F.);
#2620 = EDGE_CURVE('',#2611,#1677,#2621,.T.);
#2621 = LINE('',#2622,#2623);
#2622 = CARTESIAN_POINT('',(-10.75,-20.,-12.85));
#2623 = VECTOR('',#2624,1.);
#2624 = DIRECTION('',(1.,0.,0.));
#2625 = PLANE('',#2626);
#2626 = AXIS2_PLACEMENT_3D('',#2627,#2628,#2629);
#2627 = CARTESIAN_POINT('',(3.3E-16,-20.,-2.25));
#2628 = DIRECTION('',(0.,1.,2.2E-16));
#2629 = DIRECTION('',(0.,-2.2E-16,1.));
#2630 = ADVANCED_FACE('',(#2631),#2656,.F.);
#2631 = FACE_BOUND('',#2632,.F.);
#2632 = EDGE_LOOP('',(#2633,#2639,#2640,#2648,#2654,#2655));
#2633 = ORIENTED_EDGE('',*,*,#2634,.F.);
#2634 = EDGE_CURVE('',#2329,#2611,#2635,.T.);
#2635 = LINE('',#2636,#2637);
#2636 = CARTESIAN_POINT('',(-11.44841538983,1.7763568394E-15,-12.85));
#2637 = VECTOR('',#2638,1.);
#2638 = DIRECTION('',(3.489949670249E-02,-0.999390827019,-2.2E-16));
#2639 = ORIENTED_EDGE('',*,*,#2336,.T.);
#2640 = ORIENTED_EDGE('',*,*,#2641,.F.);
#2641 = EDGE_CURVE('',#2642,#2337,#2644,.T.);
#2642 = VERTEX_POINT('',#2643);
#2643 = CARTESIAN_POINT('',(-11.,-1.,-12.85));
#2644 = LINE('',#2645,#2646);
#2645 = CARTESIAN_POINT('',(-11.,-4.941942944267,-12.85));
#2646 = VECTOR('',#2647,1.);
#2647 = DIRECTION('',(0.,1.,-1.6E-16));
#2648 = ORIENTED_EDGE('',*,*,#2649,.F.);
#2649 = EDGE_CURVE('',#1668,#2642,#2650,.T.);
#2650 = LINE('',#2651,#2652);
#2651 = CARTESIAN_POINT('',(-3.034019886076,-1.,-12.85));
#2652 = VECTOR('',#2653,1.);
#2653 = DIRECTION('',(-1.,0.,-0.));
#2654 = ORIENTED_EDGE('',*,*,#1676,.F.);
#2655 = ORIENTED_EDGE('',*,*,#2620,.F.);
#2656 = PLANE('',#2657);
#2657 = AXIS2_PLACEMENT_3D('',#2658,#2659,#2660);
#2658 = CARTESIAN_POINT('',(-6.068039772155,-9.883885888535,-12.85));
#2659 = DIRECTION('',(0.,-1.6E-16,-1.));
#2660 = DIRECTION('',(0.,1.,-1.6E-16));
#2661 = ADVANCED_FACE('',(#2662),#2696,.T.);
#2662 = FACE_BOUND('',#2663,.T.);
#2663 = EDGE_LOOP('',(#2664,#2674,#2680,#2681,#2682,#2690));
#2664 = ORIENTED_EDGE('',*,*,#2665,.F.);
#2665 = EDGE_CURVE('',#2666,#2668,#2670,.T.);
#2666 = VERTEX_POINT('',#2667);
#2667 = CARTESIAN_POINT('',(-11.,-1.,-13.25));
#2668 = VERTEX_POINT('',#2669);
#2669 = CARTESIAN_POINT('',(11.,-1.,-13.25));
#2670 = LINE('',#2671,#2672);
#2671 = CARTESIAN_POINT('',(-5.499999999998,-1.,-13.25));
#2672 = VECTOR('',#2673,1.);
#2673 = DIRECTION('',(1.,0.,0.));
#2674 = ORIENTED_EDGE('',*,*,#2675,.F.);
#2675 = EDGE_CURVE('',#2642,#2666,#2676,.T.);
#2676 = LINE('',#2677,#2678);
#2677 = CARTESIAN_POINT('',(-11.,-1.,3.159807504484));
#2678 = VECTOR('',#2679,1.);
#2679 = DIRECTION('',(0.,-2.8E-16,-1.));
#2680 = ORIENTED_EDGE('',*,*,#2649,.F.);
#2681 = ORIENTED_EDGE('',*,*,#1667,.F.);
#2682 = ORIENTED_EDGE('',*,*,#2683,.F.);
#2683 = EDGE_CURVE('',#2684,#1660,#2686,.T.);
#2684 = VERTEX_POINT('',#2685);
#2685 = CARTESIAN_POINT('',(11.,-1.,-12.85));
#2686 = LINE('',#2687,#2688);
#2687 = CARTESIAN_POINT('',(3.034019886079,-1.,-12.85));
#2688 = VECTOR('',#2689,1.);
#2689 = DIRECTION('',(-1.,0.,-0.));
#2690 = ORIENTED_EDGE('',*,*,#2691,.F.);
#2691 = EDGE_CURVE('',#2668,#2684,#2692,.T.);
#2692 = LINE('',#2693,#2694);
#2693 = CARTESIAN_POINT('',(11.,-1.,-7.840192495516));
#2694 = VECTOR('',#2695,1.);
#2695 = DIRECTION('',(0.,2.8E-16,1.));
#2696 = PLANE('',#2697);
#2697 = AXIS2_PLACEMENT_3D('',#2698,#2699,#2700);
#2698 = CARTESIAN_POINT('',(3.51135E-12,-1.,-2.430384991033));
#2699 = DIRECTION('',(0.,1.,-6.E-17));
#2700 = DIRECTION('',(0.,6.E-17,1.));
#2701 = ADVANCED_FACE('',(#2702),#2727,.F.);
#2702 = FACE_BOUND('',#2703,.F.);
#2703 = EDGE_LOOP('',(#2704,#2710,#2711,#2719,#2725,#2726));
#2704 = ORIENTED_EDGE('',*,*,#2705,.F.);
#2705 = EDGE_CURVE('',#2361,#2684,#2706,.T.);
#2706 = LINE('',#2707,#2708);
#2707 = CARTESIAN_POINT('',(11.,-4.941942944267,-12.85));
#2708 = VECTOR('',#2709,1.);
#2709 = DIRECTION('',(0.,-1.,1.6E-16));
#2710 = ORIENTED_EDGE('',*,*,#2368,.T.);
#2711 = ORIENTED_EDGE('',*,*,#2712,.T.);
#2712 = EDGE_CURVE('',#2369,#2713,#2715,.T.);
#2713 = VERTEX_POINT('',#2714);
#2714 = CARTESIAN_POINT('',(10.75,-20.,-12.85));
#2715 = LINE('',#2716,#2717);
#2716 = CARTESIAN_POINT('',(11.448415389835,1.7763568394E-15,-12.85));
#2717 = VECTOR('',#2718,1.);
#2718 = DIRECTION('',(-3.489949670249E-02,-0.999390827019,-2.2E-16));
#2719 = ORIENTED_EDGE('',*,*,#2720,.F.);
#2720 = EDGE_CURVE('',#1651,#2713,#2721,.T.);
#2721 = LINE('',#2722,#2723);
#2722 = CARTESIAN_POINT('',(-10.75,-20.,-12.85));
#2723 = VECTOR('',#2724,1.);
#2724 = DIRECTION('',(1.,0.,0.));
#2725 = ORIENTED_EDGE('',*,*,#1659,.T.);
#2726 = ORIENTED_EDGE('',*,*,#2683,.F.);
#2727 = PLANE('',#2728);
#2728 = AXIS2_PLACEMENT_3D('',#2729,#2730,#2731);
#2729 = CARTESIAN_POINT('',(6.068039772155,-9.883885888535,-12.85));
#2730 = DIRECTION('',(0.,-1.6E-16,-1.));
#2731 = DIRECTION('',(0.,1.,-1.6E-16));
#2732 = ADVANCED_FACE('',(#2733),#2745,.T.);
#2733 = FACE_BOUND('',#2734,.T.);
#2734 = EDGE_LOOP('',(#2735,#2736,#2737,#2743,#2744));
#2735 = ORIENTED_EDGE('',*,*,#1633,.F.);
#2736 = ORIENTED_EDGE('',*,*,#2488,.F.);
#2737 = ORIENTED_EDGE('',*,*,#2738,.F.);
#2738 = EDGE_CURVE('',#2713,#2489,#2739,.T.);
#2739 = LINE('',#2740,#2741);
#2740 = CARTESIAN_POINT('',(10.75,-20.,-12.85));
#2741 = VECTOR('',#2742,1.);
#2742 = DIRECTION('',(0.,-2.2E-16,1.));
#2743 = ORIENTED_EDGE('',*,*,#2720,.F.);
#2744 = ORIENTED_EDGE('',*,*,#1650,.F.);
#2745 = PLANE('',#2746);
#2746 = AXIS2_PLACEMENT_3D('',#2747,#2748,#2749);
#2747 = CARTESIAN_POINT('',(3.3E-16,-20.,-2.25));
#2748 = DIRECTION('',(0.,1.,2.2E-16));
#2749 = DIRECTION('',(0.,-2.2E-16,1.));
#2750 = ADVANCED_FACE('',(#2751),#2754,.F.);
#2751 = FACE_BOUND('',#2752,.T.);
#2752 = EDGE_LOOP('',(#2753));
#2753 = ORIENTED_EDGE('',*,*,#1724,.T.);
#2754 = PLANE('',#2755);
#2755 = AXIS2_PLACEMENT_3D('',#2756,#2757,#2758);
#2756 = CARTESIAN_POINT('',(5.E-17,-25.,-4.290434448546));
#2757 = DIRECTION('',(0.,1.,-7.E-17));
#2758 = DIRECTION('',(0.,7.E-17,1.));
#2759 = ADVANCED_FACE('',(#2760),#2763,.F.);
#2760 = FACE_BOUND('',#2761,.T.);
#2761 = EDGE_LOOP('',(#2762));
#2762 = ORIENTED_EDGE('',*,*,#1749,.T.);
#2763 = PLANE('',#2764);
#2764 = AXIS2_PLACEMENT_3D('',#2765,#2766,#2767);
#2765 = CARTESIAN_POINT('',(5.E-17,-25.,-4.290434448546));
#2766 = DIRECTION('',(0.,1.,-7.E-17));
#2767 = DIRECTION('',(0.,7.E-17,1.));
#2768 = ADVANCED_FACE('',(#2769,#2788,#2822,#2833),#2844,.T.);
#2769 = FACE_BOUND('',#2770,.T.);
#2770 = EDGE_LOOP('',(#2771,#2772,#2773,#2774,#2782));
#2771 = ORIENTED_EDGE('',*,*,#1849,.F.);
#2772 = ORIENTED_EDGE('',*,*,#1865,.T.);
#2773 = ORIENTED_EDGE('',*,*,#1914,.T.);
#2774 = ORIENTED_EDGE('',*,*,#2775,.T.);
#2775 = EDGE_CURVE('',#1907,#2776,#2778,.T.);
#2776 = VERTEX_POINT('',#2777);
#2777 = CARTESIAN_POINT('',(-13.82389999999,-2.,-13.5739));
#2778 = LINE('',#2779,#2780);
#2779 = CARTESIAN_POINT('',(-13.82389999999,-2.,2.885613302783));
#2780 = VECTOR('',#2781,1.);
#2781 = DIRECTION('',(0.,0.,-1.));
#2782 = ORIENTED_EDGE('',*,*,#2783,.F.);
#2783 = EDGE_CURVE('',#1842,#2776,#2784,.T.);
#2784 = LINE('',#2785,#2786);
#2785 = CARTESIAN_POINT('',(-13.82389999999,-22.,-13.5739));
#2786 = VECTOR('',#2787,1.);
#2787 = DIRECTION('',(0.,1.,-2.2E-16));
#2788 = FACE_BOUND('',#2789,.T.);
#2789 = EDGE_LOOP('',(#2790,#2800,#2808,#2816));
#2790 = ORIENTED_EDGE('',*,*,#2791,.F.);
#2791 = EDGE_CURVE('',#2792,#2794,#2796,.T.);
#2792 = VERTEX_POINT('',#2793);
#2793 = CARTESIAN_POINT('',(-13.8239,-7.,-6.));
#2794 = VERTEX_POINT('',#2795);
#2795 = CARTESIAN_POINT('',(-13.8239,-13.,-6.));
#2796 = LINE('',#2797,#2798);
#2797 = CARTESIAN_POINT('',(-13.8239,-7.,-6.));
#2798 = VECTOR('',#2799,1.);
#2799 = DIRECTION('',(0.,-1.,2.2E-16));
#2800 = ORIENTED_EDGE('',*,*,#2801,.T.);
#2801 = EDGE_CURVE('',#2792,#2802,#2804,.T.);
#2802 = VERTEX_POINT('',#2803);
#2803 = CARTESIAN_POINT('',(-13.8239,-7.,1.5));
#2804 = LINE('',#2805,#2806);
#2805 = CARTESIAN_POINT('',(-13.8239,-7.,-6.));
#2806 = VECTOR('',#2807,1.);
#2807 = DIRECTION('',(0.,-2.2E-16,1.));
#2808 = ORIENTED_EDGE('',*,*,#2809,.T.);
#2809 = EDGE_CURVE('',#2802,#2810,#2812,.T.);
#2810 = VERTEX_POINT('',#2811);
#2811 = CARTESIAN_POINT('',(-13.8239,-13.,1.5));
#2812 = LINE('',#2813,#2814);
#2813 = CARTESIAN_POINT('',(-13.8239,-7.,1.5));
#2814 = VECTOR('',#2815,1.);
#2815 = DIRECTION('',(0.,-1.,2.2E-16));
#2816 = ORIENTED_EDGE('',*,*,#2817,.F.);
#2817 = EDGE_CURVE('',#2794,#2810,#2818,.T.);
#2818 = LINE('',#2819,#2820);
#2819 = CARTESIAN_POINT('',(-13.8239,-13.,-6.));
#2820 = VECTOR('',#2821,1.);
#2821 = DIRECTION('',(0.,-2.2E-16,1.));
#2822 = FACE_BOUND('',#2823,.T.);
#2823 = EDGE_LOOP('',(#2824));
#2824 = ORIENTED_EDGE('',*,*,#2825,.T.);
#2825 = EDGE_CURVE('',#2826,#2826,#2828,.T.);
#2826 = VERTEX_POINT('',#2827);
#2827 = CARTESIAN_POINT('',(-13.82389999999,-17.9,1.75));
#2828 = CIRCLE('',#2829,2.);
#2829 = AXIS2_PLACEMENT_3D('',#2830,#2831,#2832);
#2830 = CARTESIAN_POINT('',(-13.82389999999,-17.9,3.75));
#2831 = DIRECTION('',(1.,0.,2.2E-16));
#2832 = DIRECTION('',(2.2E-16,0.,-1.));
#2833 = FACE_BOUND('',#2834,.T.);
#2834 = EDGE_LOOP('',(#2835));
#2835 = ORIENTED_EDGE('',*,*,#2836,.T.);
#2836 = EDGE_CURVE('',#2837,#2837,#2839,.T.);
#2837 = VERTEX_POINT('',#2838);
#2838 = CARTESIAN_POINT('',(-13.82389999999,-17.9,-10.25));
#2839 = CIRCLE('',#2840,2.);
#2840 = AXIS2_PLACEMENT_3D('',#2841,#2842,#2843);
#2841 = CARTESIAN_POINT('',(-13.82389999999,-17.9,-8.25));
#2842 = DIRECTION('',(1.,0.,2.2E-16));
#2843 = DIRECTION('',(2.2E-16,0.,-1.));
#2844 = PLANE('',#2845);
#2845 = AXIS2_PLACEMENT_3D('',#2846,#2847,#2848);
#2846 = CARTESIAN_POINT('',(-13.82389999999,-22.,8.0739));
#2847 = DIRECTION('',(-1.,0.,0.));
#2848 = DIRECTION('',(0.,-2.2E-16,-1.));
#2849 = ADVANCED_FACE('',(#2850),#2868,.T.);
#2850 = FACE_BOUND('',#2851,.T.);
#2851 = EDGE_LOOP('',(#2852,#2853,#2854,#2862));
#2852 = ORIENTED_EDGE('',*,*,#1841,.F.);
#2853 = ORIENTED_EDGE('',*,*,#2783,.T.);
#2854 = ORIENTED_EDGE('',*,*,#2855,.T.);
#2855 = EDGE_CURVE('',#2776,#2856,#2858,.T.);
#2856 = VERTEX_POINT('',#2857);
#2857 = CARTESIAN_POINT('',(-11.32390000001,-2.,-16.0739));
#2858 = LINE('',#2859,#2860);
#2859 = CARTESIAN_POINT('',(-13.18573165142,-2.,-14.21206834857));
#2860 = VECTOR('',#2861,1.);
#2861 = DIRECTION('',(0.707106781183,0.,-0.70710678119));
#2862 = ORIENTED_EDGE('',*,*,#2863,.F.);
#2863 = EDGE_CURVE('',#1834,#2856,#2864,.T.);
#2864 = LINE('',#2865,#2866);
#2865 = CARTESIAN_POINT('',(-11.32390000001,-22.,-16.0739));
#2866 = VECTOR('',#2867,1.);
#2867 = DIRECTION('',(0.,1.,-2.2E-16));
#2868 = PLANE('',#2869);
#2869 = AXIS2_PLACEMENT_3D('',#2870,#2871,#2872);
#2870 = CARTESIAN_POINT('',(-13.82389999999,-22.,-13.5739));
#2871 = DIRECTION('',(-0.70710678119,-1.6E-16,-0.707106781183));
#2872 = DIRECTION('',(0.707106781183,-1.6E-16,-0.70710678119));
#2873 = ADVANCED_FACE('',(#2874),#2892,.T.);
#2874 = FACE_BOUND('',#2875,.T.);
#2875 = EDGE_LOOP('',(#2876,#2877,#2878,#2886));
#2876 = ORIENTED_EDGE('',*,*,#1833,.F.);
#2877 = ORIENTED_EDGE('',*,*,#2863,.T.);
#2878 = ORIENTED_EDGE('',*,*,#2879,.T.);
#2879 = EDGE_CURVE('',#2856,#2880,#2882,.T.);
#2880 = VERTEX_POINT('',#2881);
#2881 = CARTESIAN_POINT('',(11.323900000016,-2.,-16.0739));
#2882 = LINE('',#2883,#2884);
#2883 = CARTESIAN_POINT('',(-5.661950000009,-2.,-16.0739));
#2884 = VECTOR('',#2885,1.);
#2885 = DIRECTION('',(1.,0.,0.));
#2886 = ORIENTED_EDGE('',*,*,#2887,.F.);
#2887 = EDGE_CURVE('',#1826,#2880,#2888,.T.);
#2888 = LINE('',#2889,#2890);
#2889 = CARTESIAN_POINT('',(11.323900000016,-22.,-16.0739));
#2890 = VECTOR('',#2891,1.);
#2891 = DIRECTION('',(0.,1.,-2.2E-16));
#2892 = PLANE('',#2893);
#2893 = AXIS2_PLACEMENT_3D('',#2894,#2895,#2896);
#2894 = CARTESIAN_POINT('',(-11.32390000001,-22.,-16.0739));
#2895 = DIRECTION('',(0.,-2.2E-16,-1.));
#2896 = DIRECTION('',(1.,0.,0.));
#2897 = ADVANCED_FACE('',(#2898),#2916,.T.);
#2898 = FACE_BOUND('',#2899,.T.);
#2899 = EDGE_LOOP('',(#2900,#2901,#2902,#2910));
#2900 = ORIENTED_EDGE('',*,*,#1825,.F.);
#2901 = ORIENTED_EDGE('',*,*,#2887,.T.);
#2902 = ORIENTED_EDGE('',*,*,#2903,.T.);
#2903 = EDGE_CURVE('',#2880,#2904,#2906,.T.);
#2904 = VERTEX_POINT('',#2905);
#2905 = CARTESIAN_POINT('',(13.8239,-2.,-13.57390000002));
#2906 = LINE('',#2907,#2908);
#2907 = CARTESIAN_POINT('',(11.935731651399,-2.,-15.46206834861));
#2908 = VECTOR('',#2909,1.);
#2909 = DIRECTION('',(0.707106781187,0.,0.707106781186));
#2910 = ORIENTED_EDGE('',*,*,#2911,.F.);
#2911 = EDGE_CURVE('',#1818,#2904,#2912,.T.);
#2912 = LINE('',#2913,#2914);
#2913 = CARTESIAN_POINT('',(13.8239,-22.,-13.57390000002));
#2914 = VECTOR('',#2915,1.);
#2915 = DIRECTION('',(0.,1.,-2.2E-16));
#2916 = PLANE('',#2917);
#2917 = AXIS2_PLACEMENT_3D('',#2918,#2919,#2920);
#2918 = CARTESIAN_POINT('',(11.323900000016,-22.,-16.0739));
#2919 = DIRECTION('',(0.707106781186,-1.6E-16,-0.707106781187));
#2920 = DIRECTION('',(0.707106781187,1.6E-16,0.707106781186));
#2921 = ADVANCED_FACE('',(#2922,#2934,#2968,#2979),#2990,.T.);
#2922 = FACE_BOUND('',#2923,.T.);
#2923 = EDGE_LOOP('',(#2924,#2925,#2926,#2932,#2933));
#2924 = ORIENTED_EDGE('',*,*,#1817,.F.);
#2925 = ORIENTED_EDGE('',*,*,#2911,.T.);
#2926 = ORIENTED_EDGE('',*,*,#2927,.T.);
#2927 = EDGE_CURVE('',#2904,#1931,#2928,.T.);
#2928 = LINE('',#2929,#2930);
#2929 = CARTESIAN_POINT('',(13.8239,-2.,-7.938286697227));
#2930 = VECTOR('',#2931,1.);
#2931 = DIRECTION('',(0.,0.,1.));
#2932 = ORIENTED_EDGE('',*,*,#1930,.F.);
#2933 = ORIENTED_EDGE('',*,*,#1881,.F.);
#2934 = FACE_BOUND('',#2935,.T.);
#2935 = EDGE_LOOP('',(#2936,#2946,#2954,#2962));
#2936 = ORIENTED_EDGE('',*,*,#2937,.F.);
#2937 = EDGE_CURVE('',#2938,#2940,#2942,.T.);
#2938 = VERTEX_POINT('',#2939);
#2939 = CARTESIAN_POINT('',(13.8239,-7.,-6.));
#2940 = VERTEX_POINT('',#2941);
#2941 = CARTESIAN_POINT('',(13.8239,-7.,1.5));
#2942 = LINE('',#2943,#2944);
#2943 = CARTESIAN_POINT('',(13.8239,-7.,-6.));
#2944 = VECTOR('',#2945,1.);
#2945 = DIRECTION('',(0.,-2.2E-16,1.));
#2946 = ORIENTED_EDGE('',*,*,#2947,.T.);
#2947 = EDGE_CURVE('',#2938,#2948,#2950,.T.);
#2948 = VERTEX_POINT('',#2949);
#2949 = CARTESIAN_POINT('',(13.8239,-13.,-6.));
#2950 = LINE('',#2951,#2952);
#2951 = CARTESIAN_POINT('',(13.8239,-7.,-6.));
#2952 = VECTOR('',#2953,1.);
#2953 = DIRECTION('',(0.,-1.,2.2E-16));
#2954 = ORIENTED_EDGE('',*,*,#2955,.T.);
#2955 = EDGE_CURVE('',#2948,#2956,#2958,.T.);
#2956 = VERTEX_POINT('',#2957);
#2957 = CARTESIAN_POINT('',(13.8239,-13.,1.5));
#2958 = LINE('',#2959,#2960);
#2959 = CARTESIAN_POINT('',(13.8239,-13.,-6.));
#2960 = VECTOR('',#2961,1.);
#2961 = DIRECTION('',(0.,-2.2E-16,1.));
#2962 = ORIENTED_EDGE('',*,*,#2963,.F.);
#2963 = EDGE_CURVE('',#2940,#2956,#2964,.T.);
#2964 = LINE('',#2965,#2966);
#2965 = CARTESIAN_POINT('',(13.8239,-7.,1.5));
#2966 = VECTOR('',#2967,1.);
#2967 = DIRECTION('',(0.,-1.,2.2E-16));
#2968 = FACE_BOUND('',#2969,.T.);
#2969 = EDGE_LOOP('',(#2970));
#2970 = ORIENTED_EDGE('',*,*,#2971,.T.);
#2971 = EDGE_CURVE('',#2972,#2972,#2974,.T.);
#2972 = VERTEX_POINT('',#2973);
#2973 = CARTESIAN_POINT('',(13.8239,-17.9,-6.25));
#2974 = CIRCLE('',#2975,2.);
#2975 = AXIS2_PLACEMENT_3D('',#2976,#2977,#2978);
#2976 = CARTESIAN_POINT('',(13.8239,-17.9,-8.25));
#2977 = DIRECTION('',(-1.,0.,2.2E-16));
#2978 = DIRECTION('',(2.2E-16,0.,1.));
#2979 = FACE_BOUND('',#2980,.T.);
#2980 = EDGE_LOOP('',(#2981));
#2981 = ORIENTED_EDGE('',*,*,#2982,.T.);
#2982 = EDGE_CURVE('',#2983,#2983,#2985,.T.);
#2983 = VERTEX_POINT('',#2984);
#2984 = CARTESIAN_POINT('',(13.8239,-17.9,5.75));
#2985 = CIRCLE('',#2986,2.);
#2986 = AXIS2_PLACEMENT_3D('',#2987,#2988,#2989);
#2987 = CARTESIAN_POINT('',(13.8239,-17.9,3.75));
#2988 = DIRECTION('',(-1.,0.,2.2E-16));
#2989 = DIRECTION('',(2.2E-16,0.,1.));
#2990 = PLANE('',#2991);
#2991 = AXIS2_PLACEMENT_3D('',#2992,#2993,#2994);
#2992 = CARTESIAN_POINT('',(13.8239,-22.,-13.57390000002));
#2993 = DIRECTION('',(1.,0.,0.));
#2994 = DIRECTION('',(0.,2.2E-16,1.));
#2995 = ADVANCED_FACE('',(#2996,#3165,#3176,#3187,#3198),#3209,.F.);
#2996 = FACE_BOUND('',#2997,.F.);
#2997 = EDGE_LOOP('',(#2998,#3009,#3017,#3025,#3032,#3033,#3034,#3035,
    #3036,#3037,#3038,#3039,#3040,#3041,#3050,#3058,#3066,#3075,#3083,
    #3092,#3100,#3108,#3117,#3125,#3134,#3142,#3150,#3159));
#2998 = ORIENTED_EDGE('',*,*,#2999,.F.);
#2999 = EDGE_CURVE('',#3000,#3002,#3004,.T.);
#3000 = VERTEX_POINT('',#3001);
#3001 = CARTESIAN_POINT('',(-20.56998392357,-2.,5.627719253367));
#3002 = VERTEX_POINT('',#3003);
#3003 = CARTESIAN_POINT('',(-21.,-2.,2.66195));
#3004 = CIRCLE('',#3005,10.44228528025);
#3005 = AXIS2_PLACEMENT_3D('',#3006,#3007,#3008);
#3006 = CARTESIAN_POINT('',(-10.55771471975,-2.,2.66195));
#3007 = DIRECTION('',(0.,-1.,-2.2E-16));
#3008 = DIRECTION('',(1.,0.,0.));
#3009 = ORIENTED_EDGE('',*,*,#3010,.T.);
#3010 = EDGE_CURVE('',#3000,#3011,#3013,.T.);
#3011 = VERTEX_POINT('',#3012);
#3012 = CARTESIAN_POINT('',(-20.07795480324,-2.,9.967087148105));
#3013 = LINE('',#3014,#3015);
#3014 = CARTESIAN_POINT('',(-20.56998392357,-2.,5.627719253367));
#3015 = VECTOR('',#3016,1.);
#3016 = DIRECTION('',(0.11266534167,-2.2E-16,0.993632990991));
#3017 = ORIENTED_EDGE('',*,*,#3018,.T.);
#3018 = EDGE_CURVE('',#3011,#3019,#3021,.T.);
#3019 = VERTEX_POINT('',#3020);
#3020 = CARTESIAN_POINT('',(-16.01379379103,-2.,11.565461837585));
#3021 = LINE('',#3022,#3023);
#3022 = CARTESIAN_POINT('',(-20.07795480324,-2.,9.967087148105));
#3023 = VECTOR('',#3024,1.);
#3024 = DIRECTION('',(0.930615831704,-8.E-17,0.365997505157));
#3025 = ORIENTED_EDGE('',*,*,#3026,.F.);
#3026 = EDGE_CURVE('',#1988,#3019,#3027,.T.);
#3027 = CIRCLE('',#3028,10.44228528025);
#3028 = AXIS2_PLACEMENT_3D('',#3029,#3030,#3031);
#3029 = CARTESIAN_POINT('',(-10.55771471975,-2.,2.66195));
#3030 = DIRECTION('',(0.,-1.,-2.2E-16));
#3031 = DIRECTION('',(1.,0.,0.));
#3032 = ORIENTED_EDGE('',*,*,#1995,.F.);
#3033 = ORIENTED_EDGE('',*,*,#1906,.T.);
#3034 = ORIENTED_EDGE('',*,*,#2775,.T.);
#3035 = ORIENTED_EDGE('',*,*,#2855,.T.);
#3036 = ORIENTED_EDGE('',*,*,#2879,.T.);
#3037 = ORIENTED_EDGE('',*,*,#2903,.T.);
#3038 = ORIENTED_EDGE('',*,*,#2927,.T.);
#3039 = ORIENTED_EDGE('',*,*,#1938,.T.);
#3040 = ORIENTED_EDGE('',*,*,#1963,.F.);
#3041 = ORIENTED_EDGE('',*,*,#3042,.F.);
#3042 = EDGE_CURVE('',#3043,#1964,#3045,.T.);
#3043 = VERTEX_POINT('',#3044);
#3044 = CARTESIAN_POINT('',(16.013793791035,-2.,11.565461837585));
#3045 = CIRCLE('',#3046,10.44228528025);
#3046 = AXIS2_PLACEMENT_3D('',#3047,#3048,#3049);
#3047 = CARTESIAN_POINT('',(10.55771471975,-2.,2.66195));
#3048 = DIRECTION('',(0.,-1.,-2.2E-16));
#3049 = DIRECTION('',(1.,0.,0.));
#3050 = ORIENTED_EDGE('',*,*,#3051,.T.);
#3051 = EDGE_CURVE('',#3043,#3052,#3054,.T.);
#3052 = VERTEX_POINT('',#3053);
#3053 = CARTESIAN_POINT('',(20.077954803245,-2.,9.967087148105));
#3054 = LINE('',#3055,#3056);
#3055 = CARTESIAN_POINT('',(16.013793791035,-2.,11.565461837585));
#3056 = VECTOR('',#3057,1.);
#3057 = DIRECTION('',(0.930615831704,8.E-17,-0.365997505157));
#3058 = ORIENTED_EDGE('',*,*,#3059,.T.);
#3059 = EDGE_CURVE('',#3052,#3060,#3062,.T.);
#3060 = VERTEX_POINT('',#3061);
#3061 = CARTESIAN_POINT('',(20.569983923577,-2.,5.627719253367));
#3062 = LINE('',#3063,#3064);
#3063 = CARTESIAN_POINT('',(20.077954803245,-2.,9.967087148105));
#3064 = VECTOR('',#3065,1.);
#3065 = DIRECTION('',(0.11266534167,2.2E-16,-0.993632990991));
#3066 = ORIENTED_EDGE('',*,*,#3067,.F.);
#3067 = EDGE_CURVE('',#3068,#3060,#3070,.T.);
#3068 = VERTEX_POINT('',#3069);
#3069 = CARTESIAN_POINT('',(21.,-2.,2.66195));
#3070 = CIRCLE('',#3071,10.44228528025);
#3071 = AXIS2_PLACEMENT_3D('',#3072,#3073,#3074);
#3072 = CARTESIAN_POINT('',(10.55771471975,-2.,2.66195));
#3073 = DIRECTION('',(0.,-1.,-2.2E-16));
#3074 = DIRECTION('',(1.,0.,0.));
#3075 = ORIENTED_EDGE('',*,*,#3076,.F.);
#3076 = EDGE_CURVE('',#3077,#3068,#3079,.T.);
#3077 = VERTEX_POINT('',#3078);
#3078 = CARTESIAN_POINT('',(21.,-2.,-7.33805));
#3079 = LINE('',#3080,#3081);
#3080 = CARTESIAN_POINT('',(21.,-2.,-7.33805));
#3081 = VECTOR('',#3082,1.);
#3082 = DIRECTION('',(0.,-2.2E-16,1.));
#3083 = ORIENTED_EDGE('',*,*,#3084,.F.);
#3084 = EDGE_CURVE('',#3085,#3077,#3087,.T.);
#3085 = VERTEX_POINT('',#3086);
#3086 = CARTESIAN_POINT('',(20.569983923577,-2.,-10.30381925336));
#3087 = CIRCLE('',#3088,10.44228528025);
#3088 = AXIS2_PLACEMENT_3D('',#3089,#3090,#3091);
#3089 = CARTESIAN_POINT('',(10.55771471975,-2.,-7.33805));
#3090 = DIRECTION('',(0.,-1.,-2.2E-16));
#3091 = DIRECTION('',(1.,0.,0.));
#3092 = ORIENTED_EDGE('',*,*,#3093,.F.);
#3093 = EDGE_CURVE('',#3094,#3085,#3096,.T.);
#3094 = VERTEX_POINT('',#3095);
#3095 = CARTESIAN_POINT('',(20.077954803245,-2.,-14.6431871481));
#3096 = LINE('',#3097,#3098);
#3097 = CARTESIAN_POINT('',(20.077954803245,-2.,-14.6431871481));
#3098 = VECTOR('',#3099,1.);
#3099 = DIRECTION('',(0.11266534167,-2.2E-16,0.993632990991));
#3100 = ORIENTED_EDGE('',*,*,#3101,.F.);
#3101 = EDGE_CURVE('',#3102,#3094,#3104,.T.);
#3102 = VERTEX_POINT('',#3103);
#3103 = CARTESIAN_POINT('',(16.013793791035,-2.,-16.24156183758));
#3104 = LINE('',#3105,#3106);
#3105 = CARTESIAN_POINT('',(16.013793791035,-2.,-16.24156183758));
#3106 = VECTOR('',#3107,1.);
#3107 = DIRECTION('',(0.930615831704,-8.E-17,0.365997505157));
#3108 = ORIENTED_EDGE('',*,*,#3109,.F.);
#3109 = EDGE_CURVE('',#3110,#3102,#3112,.T.);
#3110 = VERTEX_POINT('',#3111);
#3111 = CARTESIAN_POINT('',(16.,-2.,-16.25));
#3112 = CIRCLE('',#3113,10.44228528025);
#3113 = AXIS2_PLACEMENT_3D('',#3114,#3115,#3116);
#3114 = CARTESIAN_POINT('',(10.55771471975,-2.,-7.33805));
#3115 = DIRECTION('',(0.,-1.,-2.2E-16));
#3116 = DIRECTION('',(1.,0.,0.));
#3117 = ORIENTED_EDGE('',*,*,#3118,.F.);
#3118 = EDGE_CURVE('',#3119,#3110,#3121,.T.);
#3119 = VERTEX_POINT('',#3120);
#3120 = CARTESIAN_POINT('',(-16.,-2.,-16.25));
#3121 = LINE('',#3122,#3123);
#3122 = CARTESIAN_POINT('',(-16.,-2.,-16.25));
#3123 = VECTOR('',#3124,1.);
#3124 = DIRECTION('',(1.,0.,0.));
#3125 = ORIENTED_EDGE('',*,*,#3126,.F.);
#3126 = EDGE_CURVE('',#3127,#3119,#3129,.T.);
#3127 = VERTEX_POINT('',#3128);
#3128 = CARTESIAN_POINT('',(-16.01379379103,-2.,-16.24156183758));
#3129 = CIRCLE('',#3130,10.44228528025);
#3130 = AXIS2_PLACEMENT_3D('',#3131,#3132,#3133);
#3131 = CARTESIAN_POINT('',(-10.55771471975,-2.,-7.33805));
#3132 = DIRECTION('',(0.,-1.,-2.2E-16));
#3133 = DIRECTION('',(1.,0.,0.));
#3134 = ORIENTED_EDGE('',*,*,#3135,.F.);
#3135 = EDGE_CURVE('',#3136,#3127,#3138,.T.);
#3136 = VERTEX_POINT('',#3137);
#3137 = CARTESIAN_POINT('',(-20.07795480324,-2.,-14.6431871481));
#3138 = LINE('',#3139,#3140);
#3139 = CARTESIAN_POINT('',(-20.07795480324,-2.,-14.6431871481));
#3140 = VECTOR('',#3141,1.);
#3141 = DIRECTION('',(0.930615831704,8.E-17,-0.365997505157));
#3142 = ORIENTED_EDGE('',*,*,#3143,.F.);
#3143 = EDGE_CURVE('',#3144,#3136,#3146,.T.);
#3144 = VERTEX_POINT('',#3145);
#3145 = CARTESIAN_POINT('',(-20.56998392357,-2.,-10.30381925336));
#3146 = LINE('',#3147,#3148);
#3147 = CARTESIAN_POINT('',(-20.56998392357,-2.,-10.30381925336));
#3148 = VECTOR('',#3149,1.);
#3149 = DIRECTION('',(0.11266534167,2.2E-16,-0.993632990991));
#3150 = ORIENTED_EDGE('',*,*,#3151,.F.);
#3151 = EDGE_CURVE('',#3152,#3144,#3154,.T.);
#3152 = VERTEX_POINT('',#3153);
#3153 = CARTESIAN_POINT('',(-21.,-2.,-7.33805));
#3154 = CIRCLE('',#3155,10.44228528025);
#3155 = AXIS2_PLACEMENT_3D('',#3156,#3157,#3158);
#3156 = CARTESIAN_POINT('',(-10.55771471975,-2.,-7.33805));
#3157 = DIRECTION('',(0.,-1.,-2.2E-16));
#3158 = DIRECTION('',(1.,0.,0.));
#3159 = ORIENTED_EDGE('',*,*,#3160,.F.);
#3160 = EDGE_CURVE('',#3002,#3152,#3161,.T.);
#3161 = LINE('',#3162,#3163);
#3162 = CARTESIAN_POINT('',(-21.,-2.,2.66195));
#3163 = VECTOR('',#3164,1.);
#3164 = DIRECTION('',(0.,2.2E-16,-1.));
#3165 = FACE_BOUND('',#3166,.F.);
#3166 = EDGE_LOOP('',(#3167));
#3167 = ORIENTED_EDGE('',*,*,#3168,.F.);
#3168 = EDGE_CURVE('',#3169,#3169,#3171,.T.);
#3169 = VERTEX_POINT('',#3170);
#3170 = CARTESIAN_POINT('',(-16.4,-2.,-12.3));
#3171 = CIRCLE('',#3172,1.1);
#3172 = AXIS2_PLACEMENT_3D('',#3173,#3174,#3175);
#3173 = CARTESIAN_POINT('',(-17.5,-2.,-12.3));
#3174 = DIRECTION('',(0.,1.,-2.2E-16));
#3175 = DIRECTION('',(1.,0.,0.));
#3176 = FACE_BOUND('',#3177,.F.);
#3177 = EDGE_LOOP('',(#3178));
#3178 = ORIENTED_EDGE('',*,*,#3179,.F.);
#3179 = EDGE_CURVE('',#3180,#3180,#3182,.T.);
#3180 = VERTEX_POINT('',#3181);
#3181 = CARTESIAN_POINT('',(-16.4,-2.,8.1));
#3182 = CIRCLE('',#3183,1.1);
#3183 = AXIS2_PLACEMENT_3D('',#3184,#3185,#3186);
#3184 = CARTESIAN_POINT('',(-17.5,-2.,8.1));
#3185 = DIRECTION('',(0.,1.,-2.2E-16));
#3186 = DIRECTION('',(1.,0.,0.));
#3187 = FACE_BOUND('',#3188,.F.);
#3188 = EDGE_LOOP('',(#3189));
#3189 = ORIENTED_EDGE('',*,*,#3190,.F.);
#3190 = EDGE_CURVE('',#3191,#3191,#3193,.T.);
#3191 = VERTEX_POINT('',#3192);
#3192 = CARTESIAN_POINT('',(18.6,-2.,-12.3));
#3193 = CIRCLE('',#3194,1.1);
#3194 = AXIS2_PLACEMENT_3D('',#3195,#3196,#3197);
#3195 = CARTESIAN_POINT('',(17.5,-2.,-12.3));
#3196 = DIRECTION('',(0.,1.,-2.2E-16));
#3197 = DIRECTION('',(1.,0.,0.));
#3198 = FACE_BOUND('',#3199,.F.);
#3199 = EDGE_LOOP('',(#3200));
#3200 = ORIENTED_EDGE('',*,*,#3201,.F.);
#3201 = EDGE_CURVE('',#3202,#3202,#3204,.T.);
#3202 = VERTEX_POINT('',#3203);
#3203 = CARTESIAN_POINT('',(18.6,-2.,8.1));
#3204 = CIRCLE('',#3205,1.1);
#3205 = AXIS2_PLACEMENT_3D('',#3206,#3207,#3208);
#3206 = CARTESIAN_POINT('',(17.5,-2.,8.1));
#3207 = DIRECTION('',(0.,1.,-2.2E-16));
#3208 = DIRECTION('',(1.,0.,0.));
#3209 = PLANE('',#3210);
#3210 = AXIS2_PLACEMENT_3D('',#3211,#3212,#3213);
#3211 = CARTESIAN_POINT('',(2.3325E-13,-2.,-2.302673394434));
#3212 = DIRECTION('',(0.,1.,2.2E-16));
#3213 = DIRECTION('',(0.,-2.2E-16,1.));
#3214 = ADVANCED_FACE('',(#3215),#3226,.T.);
#3215 = FACE_BOUND('',#3216,.F.);
#3216 = EDGE_LOOP('',(#3217,#3223,#3224,#3225));
#3217 = ORIENTED_EDGE('',*,*,#3218,.T.);
#3218 = EDGE_CURVE('',#2157,#3043,#3219,.T.);
#3219 = LINE('',#3220,#3221);
#3220 = CARTESIAN_POINT('',(16.013793791035,2.57E-15,11.565461837585));
#3221 = VECTOR('',#3222,1.);
#3222 = DIRECTION('',(0.,-1.,2.2E-16));
#3223 = ORIENTED_EDGE('',*,*,#3042,.T.);
#3224 = ORIENTED_EDGE('',*,*,#1971,.F.);
#3225 = ORIENTED_EDGE('',*,*,#2156,.F.);
#3226 = CYLINDRICAL_SURFACE('',#3227,10.44228528025);
#3227 = AXIS2_PLACEMENT_3D('',#3228,#3229,#3230);
#3228 = CARTESIAN_POINT('',(10.55771471975,5.9E-16,2.66195));
#3229 = DIRECTION('',(0.,1.,-2.2E-16));
#3230 = DIRECTION('',(1.,0.,0.));
#3231 = ADVANCED_FACE('',(#3232),#3243,.T.);
#3232 = FACE_BOUND('',#3233,.F.);
#3233 = EDGE_LOOP('',(#3234,#3235,#3236,#3242));
#3234 = ORIENTED_EDGE('',*,*,#1987,.T.);
#3235 = ORIENTED_EDGE('',*,*,#3026,.T.);
#3236 = ORIENTED_EDGE('',*,*,#3237,.F.);
#3237 = EDGE_CURVE('',#2141,#3019,#3238,.T.);
#3238 = LINE('',#3239,#3240);
#3239 = CARTESIAN_POINT('',(-16.01379379103,2.57E-15,11.565461837585));
#3240 = VECTOR('',#3241,1.);
#3241 = DIRECTION('',(0.,-1.,2.2E-16));
#3242 = ORIENTED_EDGE('',*,*,#2148,.F.);
#3243 = CYLINDRICAL_SURFACE('',#3244,10.44228528025);
#3244 = AXIS2_PLACEMENT_3D('',#3245,#3246,#3247);
#3245 = CARTESIAN_POINT('',(-10.55771471975,5.9E-16,2.66195));
#3246 = DIRECTION('',(0.,1.,-2.2E-16));
#3247 = DIRECTION('',(1.,0.,0.));
#3248 = ADVANCED_FACE('',(#3249),#3265,.T.);
#3249 = FACE_BOUND('',#3250,.F.);
#3250 = EDGE_LOOP('',(#3251,#3257,#3258,#3264));
#3251 = ORIENTED_EDGE('',*,*,#3252,.T.);
#3252 = EDGE_CURVE('',#2122,#3000,#3253,.T.);
#3253 = LINE('',#3254,#3255);
#3254 = CARTESIAN_POINT('',(-20.56998392357,1.25E-15,5.627719253367));
#3255 = VECTOR('',#3256,1.);
#3256 = DIRECTION('',(0.,-1.,2.2E-16));
#3257 = ORIENTED_EDGE('',*,*,#2999,.T.);
#3258 = ORIENTED_EDGE('',*,*,#3259,.F.);
#3259 = EDGE_CURVE('',#2124,#3002,#3260,.T.);
#3260 = LINE('',#3261,#3262);
#3261 = CARTESIAN_POINT('',(-21.,5.9E-16,2.66195));
#3262 = VECTOR('',#3263,1.);
#3263 = DIRECTION('',(0.,-1.,2.2E-16));
#3264 = ORIENTED_EDGE('',*,*,#2121,.F.);
#3265 = CYLINDRICAL_SURFACE('',#3266,10.44228528025);
#3266 = AXIS2_PLACEMENT_3D('',#3267,#3268,#3269);
#3267 = CARTESIAN_POINT('',(-10.55771471975,5.9E-16,2.66195));
#3268 = DIRECTION('',(0.,1.,-2.2E-16));
#3269 = DIRECTION('',(1.,0.,0.));
#3270 = ADVANCED_FACE('',(#3271),#3282,.T.);
#3271 = FACE_BOUND('',#3272,.T.);
#3272 = EDGE_LOOP('',(#3273,#3274,#3275,#3281));
#3273 = ORIENTED_EDGE('',*,*,#3252,.T.);
#3274 = ORIENTED_EDGE('',*,*,#3010,.T.);
#3275 = ORIENTED_EDGE('',*,*,#3276,.F.);
#3276 = EDGE_CURVE('',#2133,#3011,#3277,.T.);
#3277 = LINE('',#3278,#3279);
#3278 = CARTESIAN_POINT('',(-20.07795480324,2.21E-15,9.967087148105));
#3279 = VECTOR('',#3280,1.);
#3280 = DIRECTION('',(0.,-1.,2.2E-16));
#3281 = ORIENTED_EDGE('',*,*,#2132,.F.);
#3282 = PLANE('',#3283);
#3283 = AXIS2_PLACEMENT_3D('',#3284,#3285,#3286);
#3284 = CARTESIAN_POINT('',(-20.56998392357,1.25E-15,5.627719253367));
#3285 = DIRECTION('',(-0.993632990991,3.E-17,0.11266534167));
#3286 = DIRECTION('',(0.11266534167,2.2E-16,0.993632990991));
#3287 = ADVANCED_FACE('',(#3288),#3299,.F.);
#3288 = FACE_BOUND('',#3289,.F.);
#3289 = EDGE_LOOP('',(#3290,#3291,#3292,#3298));
#3290 = ORIENTED_EDGE('',*,*,#3259,.T.);
#3291 = ORIENTED_EDGE('',*,*,#3160,.T.);
#3292 = ORIENTED_EDGE('',*,*,#3293,.F.);
#3293 = EDGE_CURVE('',#2266,#3152,#3294,.T.);
#3294 = LINE('',#3295,#3296);
#3295 = CARTESIAN_POINT('',(-21.,-1.63E-15,-7.33805));
#3296 = VECTOR('',#3297,1.);
#3297 = DIRECTION('',(0.,-1.,2.2E-16));
#3298 = ORIENTED_EDGE('',*,*,#2274,.F.);
#3299 = PLANE('',#3300);
#3300 = AXIS2_PLACEMENT_3D('',#3301,#3302,#3303);
#3301 = CARTESIAN_POINT('',(-21.,5.9E-16,2.66195));
#3302 = DIRECTION('',(1.,0.,0.));
#3303 = DIRECTION('',(0.,-2.2E-16,-1.));
#3304 = ADVANCED_FACE('',(#3305),#3311,.T.);
#3305 = FACE_BOUND('',#3306,.T.);
#3306 = EDGE_LOOP('',(#3307,#3308,#3309,#3310));
#3307 = ORIENTED_EDGE('',*,*,#3276,.T.);
#3308 = ORIENTED_EDGE('',*,*,#3018,.T.);
#3309 = ORIENTED_EDGE('',*,*,#3237,.F.);
#3310 = ORIENTED_EDGE('',*,*,#2140,.F.);
#3311 = PLANE('',#3312);
#3312 = AXIS2_PLACEMENT_3D('',#3313,#3314,#3315);
#3313 = CARTESIAN_POINT('',(-20.07795480324,2.21E-15,9.967087148105));
#3314 = DIRECTION('',(-0.365997505157,2.1E-16,0.930615831704));
#3315 = DIRECTION('',(0.930615831704,8.E-17,0.365997505157));
#3316 = ADVANCED_FACE('',(#3317),#3328,.T.);
#3317 = FACE_BOUND('',#3318,.F.);
#3318 = EDGE_LOOP('',(#3319,#3320,#3321,#3327));
#3319 = ORIENTED_EDGE('',*,*,#3293,.T.);
#3320 = ORIENTED_EDGE('',*,*,#3151,.T.);
#3321 = ORIENTED_EDGE('',*,*,#3322,.F.);
#3322 = EDGE_CURVE('',#2258,#3144,#3323,.T.);
#3323 = LINE('',#3324,#3325);
#3324 = CARTESIAN_POINT('',(-20.56998392357,-2.29E-15,-10.30381925336));
#3325 = VECTOR('',#3326,1.);
#3326 = DIRECTION('',(0.,-1.,2.2E-16));
#3327 = ORIENTED_EDGE('',*,*,#2265,.F.);
#3328 = CYLINDRICAL_SURFACE('',#3329,10.44228528025);
#3329 = AXIS2_PLACEMENT_3D('',#3330,#3331,#3332);
#3330 = CARTESIAN_POINT('',(-10.55771471975,-1.63E-15,-7.33805));
#3331 = DIRECTION('',(0.,1.,-2.2E-16));
#3332 = DIRECTION('',(1.,0.,0.));
#3333 = ADVANCED_FACE('',(#3334),#3345,.F.);
#3334 = FACE_BOUND('',#3335,.F.);
#3335 = EDGE_LOOP('',(#3336,#3337,#3338,#3344));
#3336 = ORIENTED_EDGE('',*,*,#3322,.T.);
#3337 = ORIENTED_EDGE('',*,*,#3143,.T.);
#3338 = ORIENTED_EDGE('',*,*,#3339,.F.);
#3339 = EDGE_CURVE('',#2250,#3136,#3340,.T.);
#3340 = LINE('',#3341,#3342);
#3341 = CARTESIAN_POINT('',(-20.07795480324,-3.25E-15,-14.6431871481));
#3342 = VECTOR('',#3343,1.);
#3343 = DIRECTION('',(0.,-1.,2.2E-16));
#3344 = ORIENTED_EDGE('',*,*,#2257,.F.);
#3345 = PLANE('',#3346);
#3346 = AXIS2_PLACEMENT_3D('',#3347,#3348,#3349);
#3347 = CARTESIAN_POINT('',(-20.56998392357,-2.29E-15,-10.30381925336));
#3348 = DIRECTION('',(0.993632990991,3.E-17,0.11266534167));
#3349 = DIRECTION('',(0.11266534167,-2.2E-16,-0.993632990991));
#3350 = ADVANCED_FACE('',(#3351),#3362,.F.);
#3351 = FACE_BOUND('',#3352,.F.);
#3352 = EDGE_LOOP('',(#3353,#3354,#3355,#3361));
#3353 = ORIENTED_EDGE('',*,*,#3339,.T.);
#3354 = ORIENTED_EDGE('',*,*,#3135,.T.);
#3355 = ORIENTED_EDGE('',*,*,#3356,.F.);
#3356 = EDGE_CURVE('',#2241,#3127,#3357,.T.);
#3357 = LINE('',#3358,#3359);
#3358 = CARTESIAN_POINT('',(-16.01379379103,-3.61E-15,-16.24156183758));
#3359 = VECTOR('',#3360,1.);
#3360 = DIRECTION('',(0.,-1.,2.2E-16));
#3361 = ORIENTED_EDGE('',*,*,#2249,.F.);
#3362 = PLANE('',#3363);
#3363 = AXIS2_PLACEMENT_3D('',#3364,#3365,#3366);
#3364 = CARTESIAN_POINT('',(-20.07795480324,-3.25E-15,-14.6431871481));
#3365 = DIRECTION('',(0.365997505157,2.1E-16,0.930615831704));
#3366 = DIRECTION('',(0.930615831704,-8.E-17,-0.365997505157));
#3367 = ADVANCED_FACE('',(#3368),#3379,.T.);
#3368 = FACE_BOUND('',#3369,.F.);
#3369 = EDGE_LOOP('',(#3370,#3371,#3372,#3378));
#3370 = ORIENTED_EDGE('',*,*,#3356,.T.);
#3371 = ORIENTED_EDGE('',*,*,#3126,.T.);
#3372 = ORIENTED_EDGE('',*,*,#3373,.F.);
#3373 = EDGE_CURVE('',#2233,#3119,#3374,.T.);
#3374 = LINE('',#3375,#3376);
#3375 = CARTESIAN_POINT('',(-16.,-3.61E-15,-16.25));
#3376 = VECTOR('',#3377,1.);
#3377 = DIRECTION('',(0.,-1.,2.2E-16));
#3378 = ORIENTED_EDGE('',*,*,#2240,.F.);
#3379 = CYLINDRICAL_SURFACE('',#3380,10.44228528025);
#3380 = AXIS2_PLACEMENT_3D('',#3381,#3382,#3383);
#3381 = CARTESIAN_POINT('',(-10.55771471975,-1.63E-15,-7.33805));
#3382 = DIRECTION('',(0.,1.,-2.2E-16));
#3383 = DIRECTION('',(1.,0.,0.));
#3384 = ADVANCED_FACE('',(#3385),#3396,.T.);
#3385 = FACE_BOUND('',#3386,.T.);
#3386 = EDGE_LOOP('',(#3387,#3388,#3389,#3395));
#3387 = ORIENTED_EDGE('',*,*,#3218,.T.);
#3388 = ORIENTED_EDGE('',*,*,#3051,.T.);
#3389 = ORIENTED_EDGE('',*,*,#3390,.F.);
#3390 = EDGE_CURVE('',#2166,#3052,#3391,.T.);
#3391 = LINE('',#3392,#3393);
#3392 = CARTESIAN_POINT('',(20.077954803245,2.21E-15,9.967087148105));
#3393 = VECTOR('',#3394,1.);
#3394 = DIRECTION('',(0.,-1.,2.2E-16));
#3395 = ORIENTED_EDGE('',*,*,#2165,.F.);
#3396 = PLANE('',#3397);
#3397 = AXIS2_PLACEMENT_3D('',#3398,#3399,#3400);
#3398 = CARTESIAN_POINT('',(16.013793791035,2.57E-15,11.565461837585));
#3399 = DIRECTION('',(0.365997505157,2.1E-16,0.930615831704));
#3400 = DIRECTION('',(0.930615831704,-8.E-17,-0.365997505157));
#3401 = ADVANCED_FACE('',(#3402),#3413,.F.);
#3402 = FACE_BOUND('',#3403,.F.);
#3403 = EDGE_LOOP('',(#3404,#3405,#3406,#3412));
#3404 = ORIENTED_EDGE('',*,*,#3373,.T.);
#3405 = ORIENTED_EDGE('',*,*,#3118,.T.);
#3406 = ORIENTED_EDGE('',*,*,#3407,.F.);
#3407 = EDGE_CURVE('',#2224,#3110,#3408,.T.);
#3408 = LINE('',#3409,#3410);
#3409 = CARTESIAN_POINT('',(16.,-3.61E-15,-16.25));
#3410 = VECTOR('',#3411,1.);
#3411 = DIRECTION('',(0.,-1.,2.2E-16));
#3412 = ORIENTED_EDGE('',*,*,#2232,.F.);
#3413 = PLANE('',#3414);
#3414 = AXIS2_PLACEMENT_3D('',#3415,#3416,#3417);
#3415 = CARTESIAN_POINT('',(-16.,-3.61E-15,-16.25));
#3416 = DIRECTION('',(0.,2.2E-16,1.));
#3417 = DIRECTION('',(1.,0.,0.));
#3418 = ADVANCED_FACE('',(#3419),#3430,.T.);
#3419 = FACE_BOUND('',#3420,.T.);
#3420 = EDGE_LOOP('',(#3421,#3422,#3423,#3429));
#3421 = ORIENTED_EDGE('',*,*,#3390,.T.);
#3422 = ORIENTED_EDGE('',*,*,#3059,.T.);
#3423 = ORIENTED_EDGE('',*,*,#3424,.F.);
#3424 = EDGE_CURVE('',#2174,#3060,#3425,.T.);
#3425 = LINE('',#3426,#3427);
#3426 = CARTESIAN_POINT('',(20.569983923577,1.25E-15,5.627719253367));
#3427 = VECTOR('',#3428,1.);
#3428 = DIRECTION('',(0.,-1.,2.2E-16));
#3429 = ORIENTED_EDGE('',*,*,#2173,.F.);
#3430 = PLANE('',#3431);
#3431 = AXIS2_PLACEMENT_3D('',#3432,#3433,#3434);
#3432 = CARTESIAN_POINT('',(20.077954803245,2.21E-15,9.967087148105));
#3433 = DIRECTION('',(0.993632990991,3.E-17,0.11266534167));
#3434 = DIRECTION('',(0.11266534167,-2.2E-16,-0.993632990991));
#3435 = ADVANCED_FACE('',(#3436),#3447,.T.);
#3436 = FACE_BOUND('',#3437,.F.);
#3437 = EDGE_LOOP('',(#3438,#3439,#3440,#3446));
#3438 = ORIENTED_EDGE('',*,*,#3407,.T.);
#3439 = ORIENTED_EDGE('',*,*,#3109,.T.);
#3440 = ORIENTED_EDGE('',*,*,#3441,.F.);
#3441 = EDGE_CURVE('',#2216,#3102,#3442,.T.);
#3442 = LINE('',#3443,#3444);
#3443 = CARTESIAN_POINT('',(16.013793791035,-3.61E-15,-16.24156183758));
#3444 = VECTOR('',#3445,1.);
#3445 = DIRECTION('',(0.,-1.,2.2E-16));
#3446 = ORIENTED_EDGE('',*,*,#2223,.F.);
#3447 = CYLINDRICAL_SURFACE('',#3448,10.44228528025);
#3448 = AXIS2_PLACEMENT_3D('',#3449,#3450,#3451);
#3449 = CARTESIAN_POINT('',(10.55771471975,-1.63E-15,-7.33805));
#3450 = DIRECTION('',(0.,1.,-2.2E-16));
#3451 = DIRECTION('',(1.,0.,0.));
#3452 = ADVANCED_FACE('',(#3453),#3464,.T.);
#3453 = FACE_BOUND('',#3454,.F.);
#3454 = EDGE_LOOP('',(#3455,#3461,#3462,#3463));
#3455 = ORIENTED_EDGE('',*,*,#3456,.T.);
#3456 = EDGE_CURVE('',#2182,#3068,#3457,.T.);
#3457 = LINE('',#3458,#3459);
#3458 = CARTESIAN_POINT('',(21.,5.9E-16,2.66195));
#3459 = VECTOR('',#3460,1.);
#3460 = DIRECTION('',(0.,-1.,2.2E-16));
#3461 = ORIENTED_EDGE('',*,*,#3067,.T.);
#3462 = ORIENTED_EDGE('',*,*,#3424,.F.);
#3463 = ORIENTED_EDGE('',*,*,#2181,.F.);
#3464 = CYLINDRICAL_SURFACE('',#3465,10.44228528025);
#3465 = AXIS2_PLACEMENT_3D('',#3466,#3467,#3468);
#3466 = CARTESIAN_POINT('',(10.55771471975,5.9E-16,2.66195));
#3467 = DIRECTION('',(0.,1.,-2.2E-16));
#3468 = DIRECTION('',(1.,0.,0.));
#3469 = ADVANCED_FACE('',(#3470),#3481,.F.);
#3470 = FACE_BOUND('',#3471,.F.);
#3471 = EDGE_LOOP('',(#3472,#3473,#3474,#3480));
#3472 = ORIENTED_EDGE('',*,*,#3441,.T.);
#3473 = ORIENTED_EDGE('',*,*,#3101,.T.);
#3474 = ORIENTED_EDGE('',*,*,#3475,.F.);
#3475 = EDGE_CURVE('',#2208,#3094,#3476,.T.);
#3476 = LINE('',#3477,#3478);
#3477 = CARTESIAN_POINT('',(20.077954803245,-3.25E-15,-14.6431871481));
#3478 = VECTOR('',#3479,1.);
#3479 = DIRECTION('',(0.,-1.,2.2E-16));
#3480 = ORIENTED_EDGE('',*,*,#2215,.F.);
#3481 = PLANE('',#3482);
#3482 = AXIS2_PLACEMENT_3D('',#3483,#3484,#3485);
#3483 = CARTESIAN_POINT('',(16.013793791035,-3.61E-15,-16.24156183758));
#3484 = DIRECTION('',(-0.365997505157,2.1E-16,0.930615831704));
#3485 = DIRECTION('',(0.930615831704,8.E-17,0.365997505157));
#3486 = ADVANCED_FACE('',(#3487),#3498,.F.);
#3487 = FACE_BOUND('',#3488,.F.);
#3488 = EDGE_LOOP('',(#3489,#3495,#3496,#3497));
#3489 = ORIENTED_EDGE('',*,*,#3490,.T.);
#3490 = EDGE_CURVE('',#2191,#3077,#3491,.T.);
#3491 = LINE('',#3492,#3493);
#3492 = CARTESIAN_POINT('',(21.,-1.63E-15,-7.33805));
#3493 = VECTOR('',#3494,1.);
#3494 = DIRECTION('',(0.,-1.,2.2E-16));
#3495 = ORIENTED_EDGE('',*,*,#3076,.T.);
#3496 = ORIENTED_EDGE('',*,*,#3456,.F.);
#3497 = ORIENTED_EDGE('',*,*,#2190,.F.);
#3498 = PLANE('',#3499);
#3499 = AXIS2_PLACEMENT_3D('',#3500,#3501,#3502);
#3500 = CARTESIAN_POINT('',(21.,-1.63E-15,-7.33805));
#3501 = DIRECTION('',(-1.,0.,0.));
#3502 = DIRECTION('',(0.,2.2E-16,1.));
#3503 = ADVANCED_FACE('',(#3504),#3515,.F.);
#3504 = FACE_BOUND('',#3505,.F.);
#3505 = EDGE_LOOP('',(#3506,#3507,#3508,#3514));
#3506 = ORIENTED_EDGE('',*,*,#3475,.T.);
#3507 = ORIENTED_EDGE('',*,*,#3093,.T.);
#3508 = ORIENTED_EDGE('',*,*,#3509,.F.);
#3509 = EDGE_CURVE('',#2199,#3085,#3510,.T.);
#3510 = LINE('',#3511,#3512);
#3511 = CARTESIAN_POINT('',(20.569983923577,-2.29E-15,-10.30381925336));
#3512 = VECTOR('',#3513,1.);
#3513 = DIRECTION('',(0.,-1.,2.2E-16));
#3514 = ORIENTED_EDGE('',*,*,#2207,.F.);
#3515 = PLANE('',#3516);
#3516 = AXIS2_PLACEMENT_3D('',#3517,#3518,#3519);
#3517 = CARTESIAN_POINT('',(20.077954803245,-3.25E-15,-14.6431871481));
#3518 = DIRECTION('',(-0.993632990991,3.E-17,0.11266534167));
#3519 = DIRECTION('',(0.11266534167,2.2E-16,0.993632990991));
#3520 = ADVANCED_FACE('',(#3521),#3527,.T.);
#3521 = FACE_BOUND('',#3522,.F.);
#3522 = EDGE_LOOP('',(#3523,#3524,#3525,#3526));
#3523 = ORIENTED_EDGE('',*,*,#3509,.T.);
#3524 = ORIENTED_EDGE('',*,*,#3084,.T.);
#3525 = ORIENTED_EDGE('',*,*,#3490,.F.);
#3526 = ORIENTED_EDGE('',*,*,#2198,.F.);
#3527 = CYLINDRICAL_SURFACE('',#3528,10.44228528025);
#3528 = AXIS2_PLACEMENT_3D('',#3529,#3530,#3531);
#3529 = CARTESIAN_POINT('',(10.55771471975,-1.63E-15,-7.33805));
#3530 = DIRECTION('',(0.,1.,-2.2E-16));
#3531 = DIRECTION('',(1.,0.,0.));
#3532 = ADVANCED_FACE('',(#3533),#3544,.F.);
#3533 = FACE_BOUND('',#3534,.T.);
#3534 = EDGE_LOOP('',(#3535,#3536,#3542,#3543));
#3535 = ORIENTED_EDGE('',*,*,#2282,.F.);
#3536 = ORIENTED_EDGE('',*,*,#3537,.T.);
#3537 = EDGE_CURVE('',#2283,#3169,#3538,.T.);
#3538 = LINE('',#3539,#3540);
#3539 = CARTESIAN_POINT('',(-16.4,-2.73E-15,-12.3));
#3540 = VECTOR('',#3541,1.);
#3541 = DIRECTION('',(0.,-1.,2.2E-16));
#3542 = ORIENTED_EDGE('',*,*,#3168,.F.);
#3543 = ORIENTED_EDGE('',*,*,#3537,.F.);
#3544 = CYLINDRICAL_SURFACE('',#3545,1.1);
#3545 = AXIS2_PLACEMENT_3D('',#3546,#3547,#3548);
#3546 = CARTESIAN_POINT('',(-17.5,-2.73E-15,-12.3));
#3547 = DIRECTION('',(0.,1.,-2.2E-16));
#3548 = DIRECTION('',(1.,0.,0.));
#3549 = ADVANCED_FACE('',(#3550),#3561,.F.);
#3550 = FACE_BOUND('',#3551,.T.);
#3551 = EDGE_LOOP('',(#3552,#3553,#3559,#3560));
#3552 = ORIENTED_EDGE('',*,*,#2293,.F.);
#3553 = ORIENTED_EDGE('',*,*,#3554,.T.);
#3554 = EDGE_CURVE('',#2294,#3180,#3555,.T.);
#3555 = LINE('',#3556,#3557);
#3556 = CARTESIAN_POINT('',(-16.4,1.8E-15,8.1));
#3557 = VECTOR('',#3558,1.);
#3558 = DIRECTION('',(0.,-1.,2.2E-16));
#3559 = ORIENTED_EDGE('',*,*,#3179,.F.);
#3560 = ORIENTED_EDGE('',*,*,#3554,.F.);
#3561 = CYLINDRICAL_SURFACE('',#3562,1.1);
#3562 = AXIS2_PLACEMENT_3D('',#3563,#3564,#3565);
#3563 = CARTESIAN_POINT('',(-17.5,1.8E-15,8.1));
#3564 = DIRECTION('',(0.,1.,-2.2E-16));
#3565 = DIRECTION('',(1.,0.,0.));
#3566 = ADVANCED_FACE('',(#3567),#3573,.T.);
#3567 = FACE_BOUND('',#3568,.T.);
#3568 = EDGE_LOOP('',(#3569,#3570,#3571,#3572));
#3569 = ORIENTED_EDGE('',*,*,#2392,.F.);
#3570 = ORIENTED_EDGE('',*,*,#2503,.F.);
#3571 = ORIENTED_EDGE('',*,*,#2463,.T.);
#3572 = ORIENTED_EDGE('',*,*,#2440,.F.);
#3573 = PLANE('',#3574);
#3574 = AXIS2_PLACEMENT_3D('',#3575,#3576,#3577);
#3575 = CARTESIAN_POINT('',(11.,-2.94E-15,-13.25));
#3576 = DIRECTION('',(-1.,0.,0.));
#3577 = DIRECTION('',(0.,2.2E-16,1.));
#3578 = ADVANCED_FACE('',(#3579,#3585,#3596),#3607,.T.);
#3579 = FACE_BOUND('',#3580,.F.);
#3580 = EDGE_LOOP('',(#3581,#3582,#3583,#3584));
#3581 = ORIENTED_EDGE('',*,*,#2376,.T.);
#3582 = ORIENTED_EDGE('',*,*,#2496,.T.);
#3583 = ORIENTED_EDGE('',*,*,#2738,.F.);
#3584 = ORIENTED_EDGE('',*,*,#2712,.F.);
#3585 = FACE_BOUND('',#3586,.F.);
#3586 = EDGE_LOOP('',(#3587));
#3587 = ORIENTED_EDGE('',*,*,#3588,.T.);
#3588 = EDGE_CURVE('',#3589,#3589,#3591,.T.);
#3589 = VERTEX_POINT('',#3590);
#3590 = CARTESIAN_POINT('',(10.861746462374,-16.8,3.75));
#3591 = ELLIPSE('',#3592,1.100670498729,1.1);
#3592 = AXIS2_PLACEMENT_3D('',#3593,#3594,#3595);
#3593 = CARTESIAN_POINT('',(10.823333615933,-17.9,3.75));
#3594 = DIRECTION('',(-0.999390827019,3.489949670249E-02,0.));
#3595 = DIRECTION('',(-3.489949670249E-02,-0.999390827019,0.));
#3596 = FACE_BOUND('',#3597,.F.);
#3597 = EDGE_LOOP('',(#3598));
#3598 = ORIENTED_EDGE('',*,*,#3599,.T.);
#3599 = EDGE_CURVE('',#3600,#3600,#3602,.T.);
#3600 = VERTEX_POINT('',#3601);
#3601 = CARTESIAN_POINT('',(10.861746462374,-16.8,-8.25));
#3602 = ELLIPSE('',#3603,1.100670498729,1.1);
#3603 = AXIS2_PLACEMENT_3D('',#3604,#3605,#3606);
#3604 = CARTESIAN_POINT('',(10.823333615933,-17.9,-8.25));
#3605 = DIRECTION('',(-0.999390827019,3.489949670249E-02,0.));
#3606 = DIRECTION('',(-3.489949670249E-02,-0.999390827019,0.));
#3607 = PLANE('',#3608);
#3608 = AXIS2_PLACEMENT_3D('',#3609,#3610,#3611);
#3609 = CARTESIAN_POINT('',(11.448415389835,0.,-12.85));
#3610 = DIRECTION('',(-0.999390827019,3.489949670249E-02,0.));
#3611 = DIRECTION('',(3.489949670249E-02,0.999390827019,0.));
#3612 = ADVANCED_FACE('',(#3613),#3624,.T.);
#3613 = FACE_BOUND('',#3614,.T.);
#3614 = EDGE_LOOP('',(#3615,#3616,#3622,#3623));
#3615 = ORIENTED_EDGE('',*,*,#2360,.F.);
#3616 = ORIENTED_EDGE('',*,*,#3617,.T.);
#3617 = EDGE_CURVE('',#2353,#2668,#3618,.T.);
#3618 = LINE('',#3619,#3620);
#3619 = CARTESIAN_POINT('',(11.,-2.94E-15,-13.25));
#3620 = VECTOR('',#3621,1.);
#3621 = DIRECTION('',(0.,-1.,2.2E-16));
#3622 = ORIENTED_EDGE('',*,*,#2691,.T.);
#3623 = ORIENTED_EDGE('',*,*,#2705,.F.);
#3624 = PLANE('',#3625);
#3625 = AXIS2_PLACEMENT_3D('',#3626,#3627,#3628);
#3626 = CARTESIAN_POINT('',(11.,-2.94E-15,-13.25));
#3627 = DIRECTION('',(-1.,0.,0.));
#3628 = DIRECTION('',(0.,2.2E-16,1.));
#3629 = ADVANCED_FACE('',(#3630),#3641,.T.);
#3630 = FACE_BOUND('',#3631,.T.);
#3631 = EDGE_LOOP('',(#3632,#3633,#3639,#3640));
#3632 = ORIENTED_EDGE('',*,*,#2352,.F.);
#3633 = ORIENTED_EDGE('',*,*,#3634,.T.);
#3634 = EDGE_CURVE('',#2345,#2666,#3635,.T.);
#3635 = LINE('',#3636,#3637);
#3636 = CARTESIAN_POINT('',(-11.,-2.94E-15,-13.25));
#3637 = VECTOR('',#3638,1.);
#3638 = DIRECTION('',(0.,-1.,2.2E-16));
#3639 = ORIENTED_EDGE('',*,*,#2665,.T.);
#3640 = ORIENTED_EDGE('',*,*,#3617,.F.);
#3641 = PLANE('',#3642);
#3642 = AXIS2_PLACEMENT_3D('',#3643,#3644,#3645);
#3643 = CARTESIAN_POINT('',(-11.,-2.94E-15,-13.25));
#3644 = DIRECTION('',(0.,2.2E-16,1.));
#3645 = DIRECTION('',(1.,0.,0.));
#3646 = ADVANCED_FACE('',(#3647),#3653,.T.);
#3647 = FACE_BOUND('',#3648,.T.);
#3648 = EDGE_LOOP('',(#3649,#3650,#3651,#3652));
#3649 = ORIENTED_EDGE('',*,*,#2344,.F.);
#3650 = ORIENTED_EDGE('',*,*,#2641,.F.);
#3651 = ORIENTED_EDGE('',*,*,#2675,.T.);
#3652 = ORIENTED_EDGE('',*,*,#3634,.F.);
#3653 = PLANE('',#3654);
#3654 = AXIS2_PLACEMENT_3D('',#3655,#3656,#3657);
#3655 = CARTESIAN_POINT('',(-11.,1.94E-15,8.75));
#3656 = DIRECTION('',(1.,0.,0.));
#3657 = DIRECTION('',(0.,-2.2E-16,-1.));
#3658 = ADVANCED_FACE('',(#3659,#3665,#3676),#3687,.T.);
#3659 = FACE_BOUND('',#3660,.T.);
#3660 = EDGE_LOOP('',(#3661,#3662,#3663,#3664));
#3661 = ORIENTED_EDGE('',*,*,#2328,.T.);
#3662 = ORIENTED_EDGE('',*,*,#2575,.T.);
#3663 = ORIENTED_EDGE('',*,*,#2610,.T.);
#3664 = ORIENTED_EDGE('',*,*,#2634,.F.);
#3665 = FACE_BOUND('',#3666,.T.);
#3666 = EDGE_LOOP('',(#3667));
#3667 = ORIENTED_EDGE('',*,*,#3668,.F.);
#3668 = EDGE_CURVE('',#3669,#3669,#3671,.T.);
#3669 = VERTEX_POINT('',#3670);
#3670 = CARTESIAN_POINT('',(-10.86174646237,-16.8,3.75));
#3671 = ELLIPSE('',#3672,1.100670498729,1.1);
#3672 = AXIS2_PLACEMENT_3D('',#3673,#3674,#3675);
#3673 = CARTESIAN_POINT('',(-10.82333361593,-17.9,3.75));
#3674 = DIRECTION('',(0.999390827019,3.489949670249E-02,-0.));
#3675 = DIRECTION('',(-3.489949670249E-02,0.999390827019,0.));
#3676 = FACE_BOUND('',#3677,.T.);
#3677 = EDGE_LOOP('',(#3678));
#3678 = ORIENTED_EDGE('',*,*,#3679,.F.);
#3679 = EDGE_CURVE('',#3680,#3680,#3682,.T.);
#3680 = VERTEX_POINT('',#3681);
#3681 = CARTESIAN_POINT('',(-10.86174646237,-16.8,-8.25));
#3682 = ELLIPSE('',#3683,1.100670498729,1.1);
#3683 = AXIS2_PLACEMENT_3D('',#3684,#3685,#3686);
#3684 = CARTESIAN_POINT('',(-10.82333361593,-17.9,-8.25));
#3685 = DIRECTION('',(0.999390827019,3.489949670249E-02,-0.));
#3686 = DIRECTION('',(-3.489949670249E-02,0.999390827019,0.));
#3687 = PLANE('',#3688);
#3688 = AXIS2_PLACEMENT_3D('',#3689,#3690,#3691);
#3689 = CARTESIAN_POINT('',(-11.44841538983,0.,-12.85));
#3690 = DIRECTION('',(0.999390827019,3.489949670249E-02,0.));
#3691 = DIRECTION('',(3.489949670249E-02,-0.999390827019,0.));
#3692 = ADVANCED_FACE('',(#3693),#3699,.T.);
#3693 = FACE_BOUND('',#3694,.T.);
#3694 = EDGE_LOOP('',(#3695,#3696,#3697,#3698));
#3695 = ORIENTED_EDGE('',*,*,#2312,.F.);
#3696 = ORIENTED_EDGE('',*,*,#2530,.T.);
#3697 = ORIENTED_EDGE('',*,*,#2552,.T.);
#3698 = ORIENTED_EDGE('',*,*,#2568,.F.);
#3699 = PLANE('',#3700);
#3700 = AXIS2_PLACEMENT_3D('',#3701,#3702,#3703);
#3701 = CARTESIAN_POINT('',(-11.,1.94E-15,8.75));
#3702 = DIRECTION('',(1.,0.,0.));
#3703 = DIRECTION('',(0.,-2.2E-16,-1.));
#3704 = ADVANCED_FACE('',(#3705),#3716,.F.);
#3705 = FACE_BOUND('',#3706,.T.);
#3706 = EDGE_LOOP('',(#3707,#3708,#3714,#3715));
#3707 = ORIENTED_EDGE('',*,*,#2411,.F.);
#3708 = ORIENTED_EDGE('',*,*,#3709,.T.);
#3709 = EDGE_CURVE('',#2412,#3191,#3710,.T.);
#3710 = LINE('',#3711,#3712);
#3711 = CARTESIAN_POINT('',(18.6,-2.73E-15,-12.3));
#3712 = VECTOR('',#3713,1.);
#3713 = DIRECTION('',(0.,-1.,2.2E-16));
#3714 = ORIENTED_EDGE('',*,*,#3190,.F.);
#3715 = ORIENTED_EDGE('',*,*,#3709,.F.);
#3716 = CYLINDRICAL_SURFACE('',#3717,1.1);
#3717 = AXIS2_PLACEMENT_3D('',#3718,#3719,#3720);
#3718 = CARTESIAN_POINT('',(17.5,-2.73E-15,-12.3));
#3719 = DIRECTION('',(0.,1.,-2.2E-16));
#3720 = DIRECTION('',(1.,0.,0.));
#3721 = ADVANCED_FACE('',(#3722),#3733,.F.);
#3722 = FACE_BOUND('',#3723,.T.);
#3723 = EDGE_LOOP('',(#3724,#3725,#3731,#3732));
#3724 = ORIENTED_EDGE('',*,*,#2422,.F.);
#3725 = ORIENTED_EDGE('',*,*,#3726,.T.);
#3726 = EDGE_CURVE('',#2423,#3202,#3727,.T.);
#3727 = LINE('',#3728,#3729);
#3728 = CARTESIAN_POINT('',(18.6,1.8E-15,8.1));
#3729 = VECTOR('',#3730,1.);
#3730 = DIRECTION('',(0.,-1.,2.2E-16));
#3731 = ORIENTED_EDGE('',*,*,#3201,.F.);
#3732 = ORIENTED_EDGE('',*,*,#3726,.F.);
#3733 = CYLINDRICAL_SURFACE('',#3734,1.1);
#3734 = AXIS2_PLACEMENT_3D('',#3735,#3736,#3737);
#3735 = CARTESIAN_POINT('',(17.5,1.8E-15,8.1));
#3736 = DIRECTION('',(0.,1.,-2.2E-16));
#3737 = DIRECTION('',(1.,0.,0.));
#3738 = ADVANCED_FACE('',(#3739),#3764,.F.);
#3739 = FACE_BOUND('',#3740,.T.);
#3740 = EDGE_LOOP('',(#3741,#3742,#3750,#3758));
#3741 = ORIENTED_EDGE('',*,*,#2791,.T.);
#3742 = ORIENTED_EDGE('',*,*,#3743,.T.);
#3743 = EDGE_CURVE('',#2794,#3744,#3746,.T.);
#3744 = VERTEX_POINT('',#3745);
#3745 = CARTESIAN_POINT('',(-17.68423518305,-13.,-4.952234628138));
#3746 = LINE('',#3747,#3748);
#3747 = CARTESIAN_POINT('',(-13.8239,-13.,-6.));
#3748 = VECTOR('',#3749,1.);
#3749 = DIRECTION('',(-0.965083795764,-6.E-17,0.261941342965));
#3750 = ORIENTED_EDGE('',*,*,#3751,.F.);
#3751 = EDGE_CURVE('',#3752,#3744,#3754,.T.);
#3752 = VERTEX_POINT('',#3753);
#3753 = CARTESIAN_POINT('',(-17.68423518305,-7.,-4.952234628138));
#3754 = LINE('',#3755,#3756);
#3755 = CARTESIAN_POINT('',(-17.68423518305,-7.,-4.952234628138));
#3756 = VECTOR('',#3757,1.);
#3757 = DIRECTION('',(0.,-1.,2.2E-16));
#3758 = ORIENTED_EDGE('',*,*,#3759,.F.);
#3759 = EDGE_CURVE('',#2792,#3752,#3760,.T.);
#3760 = LINE('',#3761,#3762);
#3761 = CARTESIAN_POINT('',(-13.8239,-7.,-6.));
#3762 = VECTOR('',#3763,1.);
#3763 = DIRECTION('',(-0.965083795764,-6.E-17,0.261941342965));
#3764 = PLANE('',#3765);
#3765 = AXIS2_PLACEMENT_3D('',#3766,#3767,#3768);
#3766 = CARTESIAN_POINT('',(-13.8239,-7.,-6.));
#3767 = DIRECTION('',(0.261941342965,2.1E-16,0.965083795764));
#3768 = DIRECTION('',(0.965083795764,-6.E-17,-0.261941342965));
#3769 = ADVANCED_FACE('',(#3770,#3789),#3800,.T.);
#3770 = FACE_BOUND('',#3771,.F.);
#3771 = EDGE_LOOP('',(#3772,#3773,#3781,#3788));
#3772 = ORIENTED_EDGE('',*,*,#2801,.T.);
#3773 = ORIENTED_EDGE('',*,*,#3774,.T.);
#3774 = EDGE_CURVE('',#2802,#3775,#3777,.T.);
#3775 = VERTEX_POINT('',#3776);
#3776 = CARTESIAN_POINT('',(-17.68423518305,-7.,0.452234628138));
#3777 = LINE('',#3778,#3779);
#3778 = CARTESIAN_POINT('',(-13.8239,-7.,1.5));
#3779 = VECTOR('',#3780,1.);
#3780 = DIRECTION('',(-0.965083795764,6.E-17,-0.261941342965));
#3781 = ORIENTED_EDGE('',*,*,#3782,.F.);
#3782 = EDGE_CURVE('',#3752,#3775,#3783,.T.);
#3783 = CIRCLE('',#3784,2.8);
#3784 = AXIS2_PLACEMENT_3D('',#3785,#3786,#3787);
#3785 = CARTESIAN_POINT('',(-16.95079942275,-7.,-2.25));
#3786 = DIRECTION('',(0.,1.,2.2E-16));
#3787 = DIRECTION('',(-1.,0.,0.));
#3788 = ORIENTED_EDGE('',*,*,#3759,.F.);
#3789 = FACE_BOUND('',#3790,.F.);
#3790 = EDGE_LOOP('',(#3791));
#3791 = ORIENTED_EDGE('',*,*,#3792,.T.);
#3792 = EDGE_CURVE('',#3793,#3793,#3795,.T.);
#3793 = VERTEX_POINT('',#3794);
#3794 = CARTESIAN_POINT('',(-18.35079942275,-7.,-2.25));
#3795 = CIRCLE('',#3796,2.);
#3796 = AXIS2_PLACEMENT_3D('',#3797,#3798,#3799);
#3797 = CARTESIAN_POINT('',(-16.35079942275,-7.,-2.25));
#3798 = DIRECTION('',(0.,1.,2.2E-16));
#3799 = DIRECTION('',(-1.,0.,0.));
#3800 = PLANE('',#3801);
#3801 = AXIS2_PLACEMENT_3D('',#3802,#3803,#3804);
#3802 = CARTESIAN_POINT('',(-16.17631254571,-7.,-2.25));
#3803 = DIRECTION('',(0.,1.,-1.E-17));
#3804 = DIRECTION('',(0.,-1.E-17,-1.));
#3805 = ADVANCED_FACE('',(#3806,#3825),#3836,.F.);
#3806 = FACE_BOUND('',#3807,.T.);
#3807 = EDGE_LOOP('',(#3808,#3809,#3817,#3824));
#3808 = ORIENTED_EDGE('',*,*,#2817,.T.);
#3809 = ORIENTED_EDGE('',*,*,#3810,.T.);
#3810 = EDGE_CURVE('',#2810,#3811,#3813,.T.);
#3811 = VERTEX_POINT('',#3812);
#3812 = CARTESIAN_POINT('',(-17.68423518305,-13.,0.452234628138));
#3813 = LINE('',#3814,#3815);
#3814 = CARTESIAN_POINT('',(-13.8239,-13.,1.5));
#3815 = VECTOR('',#3816,1.);
#3816 = DIRECTION('',(-0.965083795764,6.E-17,-0.261941342965));
#3817 = ORIENTED_EDGE('',*,*,#3818,.F.);
#3818 = EDGE_CURVE('',#3744,#3811,#3819,.T.);
#3819 = CIRCLE('',#3820,2.8);
#3820 = AXIS2_PLACEMENT_3D('',#3821,#3822,#3823);
#3821 = CARTESIAN_POINT('',(-16.95079942275,-13.,-2.25));
#3822 = DIRECTION('',(0.,1.,2.2E-16));
#3823 = DIRECTION('',(-1.,0.,0.));
#3824 = ORIENTED_EDGE('',*,*,#3743,.F.);
#3825 = FACE_BOUND('',#3826,.T.);
#3826 = EDGE_LOOP('',(#3827));
#3827 = ORIENTED_EDGE('',*,*,#3828,.T.);
#3828 = EDGE_CURVE('',#3829,#3829,#3831,.T.);
#3829 = VERTEX_POINT('',#3830);
#3830 = CARTESIAN_POINT('',(-18.35079942275,-13.,-2.25));
#3831 = CIRCLE('',#3832,2.);
#3832 = AXIS2_PLACEMENT_3D('',#3833,#3834,#3835);
#3833 = CARTESIAN_POINT('',(-16.35079942275,-13.,-2.25));
#3834 = DIRECTION('',(0.,1.,2.2E-16));
#3835 = DIRECTION('',(-1.,0.,0.));
#3836 = PLANE('',#3837);
#3837 = AXIS2_PLACEMENT_3D('',#3838,#3839,#3840);
#3838 = CARTESIAN_POINT('',(-16.17631254571,-13.,-2.25));
#3839 = DIRECTION('',(0.,1.,-1.E-17));
#3840 = DIRECTION('',(0.,-1.E-17,-1.));
#3841 = ADVANCED_FACE('',(#3842),#3853,.T.);
#3842 = FACE_BOUND('',#3843,.F.);
#3843 = EDGE_LOOP('',(#3844,#3845,#3846,#3852));
#3844 = ORIENTED_EDGE('',*,*,#2809,.T.);
#3845 = ORIENTED_EDGE('',*,*,#3810,.T.);
#3846 = ORIENTED_EDGE('',*,*,#3847,.F.);
#3847 = EDGE_CURVE('',#3775,#3811,#3848,.T.);
#3848 = LINE('',#3849,#3850);
#3849 = CARTESIAN_POINT('',(-17.68423518305,-7.,0.452234628138));
#3850 = VECTOR('',#3851,1.);
#3851 = DIRECTION('',(0.,-1.,2.2E-16));
#3852 = ORIENTED_EDGE('',*,*,#3774,.F.);
#3853 = PLANE('',#3854);
#3854 = AXIS2_PLACEMENT_3D('',#3855,#3856,#3857);
#3855 = CARTESIAN_POINT('',(-13.8239,-7.,1.5));
#3856 = DIRECTION('',(-0.261941342965,2.1E-16,0.965083795764));
#3857 = DIRECTION('',(0.965083795764,6.E-17,0.261941342965));
#3858 = ADVANCED_FACE('',(#3859),#3878,.F.);
#3859 = FACE_BOUND('',#3860,.T.);
#3860 = EDGE_LOOP('',(#3861,#3870,#3876,#3877));
#3861 = ORIENTED_EDGE('',*,*,#3862,.F.);
#3862 = EDGE_CURVE('',#3863,#3863,#3865,.T.);
#3863 = VERTEX_POINT('',#3864);
#3864 = CARTESIAN_POINT('',(-12.35,-17.9,1.75));
#3865 = CIRCLE('',#3866,2.);
#3866 = AXIS2_PLACEMENT_3D('',#3867,#3868,#3869);
#3867 = CARTESIAN_POINT('',(-12.35,-17.9,3.75));
#3868 = DIRECTION('',(-1.,2.2E-16,-2.2E-16));
#3869 = DIRECTION('',(2.2E-16,2.2E-16,-1.));
#3870 = ORIENTED_EDGE('',*,*,#3871,.T.);
#3871 = EDGE_CURVE('',#3863,#2826,#3872,.T.);
#3872 = LINE('',#3873,#3874);
#3873 = CARTESIAN_POINT('',(-12.35,-17.9,1.75));
#3874 = VECTOR('',#3875,1.);
#3875 = DIRECTION('',(-1.,0.,-2.2E-16));
#3876 = ORIENTED_EDGE('',*,*,#2825,.F.);
#3877 = ORIENTED_EDGE('',*,*,#3871,.F.);
#3878 = CYLINDRICAL_SURFACE('',#3879,2.);
#3879 = AXIS2_PLACEMENT_3D('',#3880,#3881,#3882);
#3880 = CARTESIAN_POINT('',(-12.35,-17.9,3.75));
#3881 = DIRECTION('',(1.,0.,2.2E-16));
#3882 = DIRECTION('',(2.2E-16,0.,-1.));
#3883 = ADVANCED_FACE('',(#3884),#3903,.F.);
#3884 = FACE_BOUND('',#3885,.T.);
#3885 = EDGE_LOOP('',(#3886,#3895,#3901,#3902));
#3886 = ORIENTED_EDGE('',*,*,#3887,.F.);
#3887 = EDGE_CURVE('',#3888,#3888,#3890,.T.);
#3888 = VERTEX_POINT('',#3889);
#3889 = CARTESIAN_POINT('',(-12.35,-17.9,-10.25));
#3890 = CIRCLE('',#3891,2.);
#3891 = AXIS2_PLACEMENT_3D('',#3892,#3893,#3894);
#3892 = CARTESIAN_POINT('',(-12.35,-17.9,-8.25));
#3893 = DIRECTION('',(-1.,2.2E-16,-2.2E-16));
#3894 = DIRECTION('',(2.2E-16,2.2E-16,-1.));
#3895 = ORIENTED_EDGE('',*,*,#3896,.T.);
#3896 = EDGE_CURVE('',#3888,#2837,#3897,.T.);
#3897 = LINE('',#3898,#3899);
#3898 = CARTESIAN_POINT('',(-12.35,-17.9,-10.25));
#3899 = VECTOR('',#3900,1.);
#3900 = DIRECTION('',(-1.,0.,-2.2E-16));
#3901 = ORIENTED_EDGE('',*,*,#2836,.F.);
#3902 = ORIENTED_EDGE('',*,*,#3896,.F.);
#3903 = CYLINDRICAL_SURFACE('',#3904,2.);
#3904 = AXIS2_PLACEMENT_3D('',#3905,#3906,#3907);
#3905 = CARTESIAN_POINT('',(-12.35,-17.9,-8.25));
#3906 = DIRECTION('',(1.,0.,2.2E-16));
#3907 = DIRECTION('',(2.2E-16,0.,-1.));
#3908 = ADVANCED_FACE('',(#3909,#3935),#3946,.T.);
#3909 = FACE_BOUND('',#3910,.T.);
#3910 = EDGE_LOOP('',(#3911,#3912,#3920,#3929));
#3911 = ORIENTED_EDGE('',*,*,#2937,.T.);
#3912 = ORIENTED_EDGE('',*,*,#3913,.T.);
#3913 = EDGE_CURVE('',#2940,#3914,#3916,.T.);
#3914 = VERTEX_POINT('',#3915);
#3915 = CARTESIAN_POINT('',(17.684235183054,-7.,0.452234628138));
#3916 = LINE('',#3917,#3918);
#3917 = CARTESIAN_POINT('',(13.8239,-7.,1.5));
#3918 = VECTOR('',#3919,1.);
#3919 = DIRECTION('',(0.965083795764,6.E-17,-0.261941342965));
#3920 = ORIENTED_EDGE('',*,*,#3921,.F.);
#3921 = EDGE_CURVE('',#3922,#3914,#3924,.T.);
#3922 = VERTEX_POINT('',#3923);
#3923 = CARTESIAN_POINT('',(17.684235183054,-7.,-4.952234628138));
#3924 = CIRCLE('',#3925,2.8);
#3925 = AXIS2_PLACEMENT_3D('',#3926,#3927,#3928);
#3926 = CARTESIAN_POINT('',(16.950799422751,-7.,-2.25));
#3927 = DIRECTION('',(0.,-1.,-2.2E-16));
#3928 = DIRECTION('',(1.,0.,0.));
#3929 = ORIENTED_EDGE('',*,*,#3930,.F.);
#3930 = EDGE_CURVE('',#2938,#3922,#3931,.T.);
#3931 = LINE('',#3932,#3933);
#3932 = CARTESIAN_POINT('',(13.8239,-7.,-6.));
#3933 = VECTOR('',#3934,1.);
#3934 = DIRECTION('',(0.965083795764,-6.E-17,0.261941342965));
#3935 = FACE_BOUND('',#3936,.T.);
#3936 = EDGE_LOOP('',(#3937));
#3937 = ORIENTED_EDGE('',*,*,#3938,.T.);
#3938 = EDGE_CURVE('',#3939,#3939,#3941,.T.);
#3939 = VERTEX_POINT('',#3940);
#3940 = CARTESIAN_POINT('',(18.350799422751,-7.,-2.25));
#3941 = CIRCLE('',#3942,2.);
#3942 = AXIS2_PLACEMENT_3D('',#3943,#3944,#3945);
#3943 = CARTESIAN_POINT('',(16.350799422751,-7.,-2.25));
#3944 = DIRECTION('',(0.,-1.,-2.2E-16));
#3945 = DIRECTION('',(1.,0.,0.));
#3946 = PLANE('',#3947);
#3947 = AXIS2_PLACEMENT_3D('',#3948,#3949,#3950);
#3948 = CARTESIAN_POINT('',(16.176312545715,-7.,-2.25));
#3949 = DIRECTION('',(0.,1.,-1.E-17));
#3950 = DIRECTION('',(0.,1.E-17,1.));
#3951 = ADVANCED_FACE('',(#3952),#3970,.F.);
#3952 = FACE_BOUND('',#3953,.F.);
#3953 = EDGE_LOOP('',(#3954,#3955,#3963,#3969));
#3954 = ORIENTED_EDGE('',*,*,#2947,.T.);
#3955 = ORIENTED_EDGE('',*,*,#3956,.T.);
#3956 = EDGE_CURVE('',#2948,#3957,#3959,.T.);
#3957 = VERTEX_POINT('',#3958);
#3958 = CARTESIAN_POINT('',(17.684235183054,-13.,-4.952234628138));
#3959 = LINE('',#3960,#3961);
#3960 = CARTESIAN_POINT('',(13.8239,-13.,-6.));
#3961 = VECTOR('',#3962,1.);
#3962 = DIRECTION('',(0.965083795764,-6.E-17,0.261941342965));
#3963 = ORIENTED_EDGE('',*,*,#3964,.F.);
#3964 = EDGE_CURVE('',#3922,#3957,#3965,.T.);
#3965 = LINE('',#3966,#3967);
#3966 = CARTESIAN_POINT('',(17.684235183054,-7.,-4.952234628138));
#3967 = VECTOR('',#3968,1.);
#3968 = DIRECTION('',(0.,-1.,2.2E-16));
#3969 = ORIENTED_EDGE('',*,*,#3930,.F.);
#3970 = PLANE('',#3971);
#3971 = AXIS2_PLACEMENT_3D('',#3972,#3973,#3974);
#3972 = CARTESIAN_POINT('',(13.8239,-7.,-6.));
#3973 = DIRECTION('',(-0.261941342965,2.1E-16,0.965083795764));
#3974 = DIRECTION('',(0.965083795764,6.E-17,0.261941342965));
#3975 = ADVANCED_FACE('',(#3976),#3994,.T.);
#3976 = FACE_BOUND('',#3977,.T.);
#3977 = EDGE_LOOP('',(#3978,#3979,#3987,#3993));
#3978 = ORIENTED_EDGE('',*,*,#2963,.T.);
#3979 = ORIENTED_EDGE('',*,*,#3980,.T.);
#3980 = EDGE_CURVE('',#2956,#3981,#3983,.T.);
#3981 = VERTEX_POINT('',#3982);
#3982 = CARTESIAN_POINT('',(17.684235183054,-13.,0.452234628138));
#3983 = LINE('',#3984,#3985);
#3984 = CARTESIAN_POINT('',(13.8239,-13.,1.5));
#3985 = VECTOR('',#3986,1.);
#3986 = DIRECTION('',(0.965083795764,6.E-17,-0.261941342965));
#3987 = ORIENTED_EDGE('',*,*,#3988,.F.);
#3988 = EDGE_CURVE('',#3914,#3981,#3989,.T.);
#3989 = LINE('',#3990,#3991);
#3990 = CARTESIAN_POINT('',(17.684235183054,-7.,0.452234628138));
#3991 = VECTOR('',#3992,1.);
#3992 = DIRECTION('',(0.,-1.,2.2E-16));
#3993 = ORIENTED_EDGE('',*,*,#3913,.F.);
#3994 = PLANE('',#3995);
#3995 = AXIS2_PLACEMENT_3D('',#3996,#3997,#3998);
#3996 = CARTESIAN_POINT('',(13.8239,-7.,1.5));
#3997 = DIRECTION('',(0.261941342965,2.1E-16,0.965083795764));
#3998 = DIRECTION('',(0.965083795764,-6.E-17,-0.261941342965));
#3999 = ADVANCED_FACE('',(#4000,#4012),#4023,.F.);
#4000 = FACE_BOUND('',#4001,.F.);
#4001 = EDGE_LOOP('',(#4002,#4003,#4004,#4011));
#4002 = ORIENTED_EDGE('',*,*,#2955,.T.);
#4003 = ORIENTED_EDGE('',*,*,#3980,.T.);
#4004 = ORIENTED_EDGE('',*,*,#4005,.F.);
#4005 = EDGE_CURVE('',#3957,#3981,#4006,.T.);
#4006 = CIRCLE('',#4007,2.8);
#4007 = AXIS2_PLACEMENT_3D('',#4008,#4009,#4010);
#4008 = CARTESIAN_POINT('',(16.950799422751,-13.,-2.25));
#4009 = DIRECTION('',(0.,-1.,-2.2E-16));
#4010 = DIRECTION('',(1.,0.,0.));
#4011 = ORIENTED_EDGE('',*,*,#3956,.F.);
#4012 = FACE_BOUND('',#4013,.F.);
#4013 = EDGE_LOOP('',(#4014));
#4014 = ORIENTED_EDGE('',*,*,#4015,.T.);
#4015 = EDGE_CURVE('',#4016,#4016,#4018,.T.);
#4016 = VERTEX_POINT('',#4017);
#4017 = CARTESIAN_POINT('',(18.350799422751,-13.,-2.25));
#4018 = CIRCLE('',#4019,2.);
#4019 = AXIS2_PLACEMENT_3D('',#4020,#4021,#4022);
#4020 = CARTESIAN_POINT('',(16.350799422751,-13.,-2.25));
#4021 = DIRECTION('',(0.,-1.,-2.2E-16));
#4022 = DIRECTION('',(1.,0.,0.));
#4023 = PLANE('',#4024);
#4024 = AXIS2_PLACEMENT_3D('',#4025,#4026,#4027);
#4025 = CARTESIAN_POINT('',(16.176312545715,-13.,-2.25));
#4026 = DIRECTION('',(0.,1.,-1.E-17));
#4027 = DIRECTION('',(0.,1.E-17,1.));
#4028 = ADVANCED_FACE('',(#4029),#4048,.F.);
#4029 = FACE_BOUND('',#4030,.T.);
#4030 = EDGE_LOOP('',(#4031,#4040,#4046,#4047));
#4031 = ORIENTED_EDGE('',*,*,#4032,.F.);
#4032 = EDGE_CURVE('',#4033,#4033,#4035,.T.);
#4033 = VERTEX_POINT('',#4034);
#4034 = CARTESIAN_POINT('',(12.35,-17.9,-6.25));
#4035 = CIRCLE('',#4036,2.);
#4036 = AXIS2_PLACEMENT_3D('',#4037,#4038,#4039);
#4037 = CARTESIAN_POINT('',(12.35,-17.9,-8.25));
#4038 = DIRECTION('',(1.,2.2E-16,-2.2E-16));
#4039 = DIRECTION('',(2.2E-16,-2.2E-16,1.));
#4040 = ORIENTED_EDGE('',*,*,#4041,.T.);
#4041 = EDGE_CURVE('',#4033,#2972,#4042,.T.);
#4042 = LINE('',#4043,#4044);
#4043 = CARTESIAN_POINT('',(12.35,-17.9,-6.25));
#4044 = VECTOR('',#4045,1.);
#4045 = DIRECTION('',(1.,0.,-2.2E-16));
#4046 = ORIENTED_EDGE('',*,*,#2971,.F.);
#4047 = ORIENTED_EDGE('',*,*,#4041,.F.);
#4048 = CYLINDRICAL_SURFACE('',#4049,2.);
#4049 = AXIS2_PLACEMENT_3D('',#4050,#4051,#4052);
#4050 = CARTESIAN_POINT('',(12.35,-17.9,-8.25));
#4051 = DIRECTION('',(-1.,0.,2.2E-16));
#4052 = DIRECTION('',(2.2E-16,0.,1.));
#4053 = ADVANCED_FACE('',(#4054),#4073,.F.);
#4054 = FACE_BOUND('',#4055,.T.);
#4055 = EDGE_LOOP('',(#4056,#4065,#4071,#4072));
#4056 = ORIENTED_EDGE('',*,*,#4057,.F.);
#4057 = EDGE_CURVE('',#4058,#4058,#4060,.T.);
#4058 = VERTEX_POINT('',#4059);
#4059 = CARTESIAN_POINT('',(12.35,-17.9,5.75));
#4060 = CIRCLE('',#4061,2.);
#4061 = AXIS2_PLACEMENT_3D('',#4062,#4063,#4064);
#4062 = CARTESIAN_POINT('',(12.35,-17.9,3.75));
#4063 = DIRECTION('',(1.,2.2E-16,-2.2E-16));
#4064 = DIRECTION('',(2.2E-16,-2.2E-16,1.));
#4065 = ORIENTED_EDGE('',*,*,#4066,.T.);
#4066 = EDGE_CURVE('',#4058,#2983,#4067,.T.);
#4067 = LINE('',#4068,#4069);
#4068 = CARTESIAN_POINT('',(12.35,-17.9,5.75));
#4069 = VECTOR('',#4070,1.);
#4070 = DIRECTION('',(1.,0.,-2.2E-16));
#4071 = ORIENTED_EDGE('',*,*,#2982,.F.);
#4072 = ORIENTED_EDGE('',*,*,#4066,.F.);
#4073 = CYLINDRICAL_SURFACE('',#4074,2.);
#4074 = AXIS2_PLACEMENT_3D('',#4075,#4076,#4077);
#4075 = CARTESIAN_POINT('',(12.35,-17.9,3.75));
#4076 = DIRECTION('',(-1.,0.,2.2E-16));
#4077 = DIRECTION('',(2.2E-16,0.,1.));
#4078 = ADVANCED_FACE('',(#4079),#4098,.F.);
#4079 = FACE_BOUND('',#4080,.T.);
#4080 = EDGE_LOOP('',(#4081,#4082,#4090,#4097));
#4081 = ORIENTED_EDGE('',*,*,#3588,.T.);
#4082 = ORIENTED_EDGE('',*,*,#4083,.T.);
#4083 = EDGE_CURVE('',#3589,#4084,#4086,.T.);
#4084 = VERTEX_POINT('',#4085);
#4085 = CARTESIAN_POINT('',(12.35,-16.8,3.75));
#4086 = LINE('',#4087,#4088);
#4087 = CARTESIAN_POINT('',(-12.35,-16.8,3.75));
#4088 = VECTOR('',#4089,1.);
#4089 = DIRECTION('',(1.,0.,0.));
#4090 = ORIENTED_EDGE('',*,*,#4091,.T.);
#4091 = EDGE_CURVE('',#4084,#4084,#4092,.T.);
#4092 = CIRCLE('',#4093,1.1);
#4093 = AXIS2_PLACEMENT_3D('',#4094,#4095,#4096);
#4094 = CARTESIAN_POINT('',(12.35,-17.9,3.75));
#4095 = DIRECTION('',(1.,0.,-0.));
#4096 = DIRECTION('',(0.,1.,2.2E-16));
#4097 = ORIENTED_EDGE('',*,*,#4083,.F.);
#4098 = CYLINDRICAL_SURFACE('',#4099,1.1);
#4099 = AXIS2_PLACEMENT_3D('',#4100,#4101,#4102);
#4100 = CARTESIAN_POINT('',(-12.35,-17.9,3.75));
#4101 = DIRECTION('',(-1.,0.,0.));
#4102 = DIRECTION('',(0.,1.,0.));
#4103 = ADVANCED_FACE('',(#4104),#4123,.F.);
#4104 = FACE_BOUND('',#4105,.T.);
#4105 = EDGE_LOOP('',(#4106,#4107,#4115,#4122));
#4106 = ORIENTED_EDGE('',*,*,#3599,.T.);
#4107 = ORIENTED_EDGE('',*,*,#4108,.T.);
#4108 = EDGE_CURVE('',#3600,#4109,#4111,.T.);
#4109 = VERTEX_POINT('',#4110);
#4110 = CARTESIAN_POINT('',(12.35,-16.8,-8.25));
#4111 = LINE('',#4112,#4113);
#4112 = CARTESIAN_POINT('',(-12.35,-16.8,-8.25));
#4113 = VECTOR('',#4114,1.);
#4114 = DIRECTION('',(1.,0.,0.));
#4115 = ORIENTED_EDGE('',*,*,#4116,.T.);
#4116 = EDGE_CURVE('',#4109,#4109,#4117,.T.);
#4117 = CIRCLE('',#4118,1.1);
#4118 = AXIS2_PLACEMENT_3D('',#4119,#4120,#4121);
#4119 = CARTESIAN_POINT('',(12.35,-17.9,-8.25));
#4120 = DIRECTION('',(1.,0.,-0.));
#4121 = DIRECTION('',(0.,1.,2.2E-16));
#4122 = ORIENTED_EDGE('',*,*,#4108,.F.);
#4123 = CYLINDRICAL_SURFACE('',#4124,1.1);
#4124 = AXIS2_PLACEMENT_3D('',#4125,#4126,#4127);
#4125 = CARTESIAN_POINT('',(-12.35,-17.9,-8.25));
#4126 = DIRECTION('',(-1.,0.,0.));
#4127 = DIRECTION('',(0.,1.,0.));
#4128 = ADVANCED_FACE('',(#4129),#4148,.F.);
#4129 = FACE_BOUND('',#4130,.T.);
#4130 = EDGE_LOOP('',(#4131,#4140,#4146,#4147));
#4131 = ORIENTED_EDGE('',*,*,#4132,.F.);
#4132 = EDGE_CURVE('',#4133,#4133,#4135,.T.);
#4133 = VERTEX_POINT('',#4134);
#4134 = CARTESIAN_POINT('',(-12.35,-16.8,3.75));
#4135 = CIRCLE('',#4136,1.1);
#4136 = AXIS2_PLACEMENT_3D('',#4137,#4138,#4139);
#4137 = CARTESIAN_POINT('',(-12.35,-17.9,3.75));
#4138 = DIRECTION('',(1.,0.,-0.));
#4139 = DIRECTION('',(0.,1.,2.2E-16));
#4140 = ORIENTED_EDGE('',*,*,#4141,.T.);
#4141 = EDGE_CURVE('',#4133,#3669,#4142,.T.);
#4142 = LINE('',#4143,#4144);
#4143 = CARTESIAN_POINT('',(-12.35,-16.8,3.75));
#4144 = VECTOR('',#4145,1.);
#4145 = DIRECTION('',(1.,0.,0.));
#4146 = ORIENTED_EDGE('',*,*,#3668,.T.);
#4147 = ORIENTED_EDGE('',*,*,#4141,.F.);
#4148 = CYLINDRICAL_SURFACE('',#4149,1.1);
#4149 = AXIS2_PLACEMENT_3D('',#4150,#4151,#4152);
#4150 = CARTESIAN_POINT('',(-12.35,-17.9,3.75));
#4151 = DIRECTION('',(-1.,0.,0.));
#4152 = DIRECTION('',(0.,1.,0.));
#4153 = ADVANCED_FACE('',(#4154),#4173,.F.);
#4154 = FACE_BOUND('',#4155,.T.);
#4155 = EDGE_LOOP('',(#4156,#4165,#4171,#4172));
#4156 = ORIENTED_EDGE('',*,*,#4157,.F.);
#4157 = EDGE_CURVE('',#4158,#4158,#4160,.T.);
#4158 = VERTEX_POINT('',#4159);
#4159 = CARTESIAN_POINT('',(-12.35,-16.8,-8.25));
#4160 = CIRCLE('',#4161,1.1);
#4161 = AXIS2_PLACEMENT_3D('',#4162,#4163,#4164);
#4162 = CARTESIAN_POINT('',(-12.35,-17.9,-8.25));
#4163 = DIRECTION('',(1.,0.,-0.));
#4164 = DIRECTION('',(0.,1.,2.2E-16));
#4165 = ORIENTED_EDGE('',*,*,#4166,.T.);
#4166 = EDGE_CURVE('',#4158,#3680,#4167,.T.);
#4167 = LINE('',#4168,#4169);
#4168 = CARTESIAN_POINT('',(-12.35,-16.8,-8.25));
#4169 = VECTOR('',#4170,1.);
#4170 = DIRECTION('',(1.,0.,0.));
#4171 = ORIENTED_EDGE('',*,*,#3679,.T.);
#4172 = ORIENTED_EDGE('',*,*,#4166,.F.);
#4173 = CYLINDRICAL_SURFACE('',#4174,1.1);
#4174 = AXIS2_PLACEMENT_3D('',#4175,#4176,#4177);
#4175 = CARTESIAN_POINT('',(-12.35,-17.9,-8.25));
#4176 = DIRECTION('',(-1.,0.,0.));
#4177 = DIRECTION('',(0.,1.,0.));
#4178 = ADVANCED_FACE('',(#4179),#4185,.T.);
#4179 = FACE_BOUND('',#4180,.T.);
#4180 = EDGE_LOOP('',(#4181,#4182,#4183,#4184));
#4181 = ORIENTED_EDGE('',*,*,#3751,.T.);
#4182 = ORIENTED_EDGE('',*,*,#3818,.T.);
#4183 = ORIENTED_EDGE('',*,*,#3847,.F.);
#4184 = ORIENTED_EDGE('',*,*,#3782,.F.);
#4185 = CYLINDRICAL_SURFACE('',#4186,2.8);
#4186 = AXIS2_PLACEMENT_3D('',#4187,#4188,#4189);
#4187 = CARTESIAN_POINT('',(-16.95079942275,-7.,-2.25));
#4188 = DIRECTION('',(0.,1.,-2.2E-16));
#4189 = DIRECTION('',(-1.,0.,0.));
#4190 = ADVANCED_FACE('',(#4191),#4202,.F.);
#4191 = FACE_BOUND('',#4192,.F.);
#4192 = EDGE_LOOP('',(#4193,#4199,#4200,#4201));
#4193 = ORIENTED_EDGE('',*,*,#4194,.T.);
#4194 = EDGE_CURVE('',#3793,#3829,#4195,.T.);
#4195 = LINE('',#4196,#4197);
#4196 = CARTESIAN_POINT('',(-18.35079942275,-7.,-2.25));
#4197 = VECTOR('',#4198,1.);
#4198 = DIRECTION('',(0.,-1.,2.2E-16));
#4199 = ORIENTED_EDGE('',*,*,#3828,.T.);
#4200 = ORIENTED_EDGE('',*,*,#4194,.F.);
#4201 = ORIENTED_EDGE('',*,*,#3792,.F.);
#4202 = CYLINDRICAL_SURFACE('',#4203,2.);
#4203 = AXIS2_PLACEMENT_3D('',#4204,#4205,#4206);
#4204 = CARTESIAN_POINT('',(-16.35079942275,-7.,-2.25));
#4205 = DIRECTION('',(0.,1.,-2.2E-16));
#4206 = DIRECTION('',(-1.,0.,0.));
#4207 = ADVANCED_FACE('',(#4208,#4211),#4214,.F.);
#4208 = FACE_BOUND('',#4209,.F.);
#4209 = EDGE_LOOP('',(#4210));
#4210 = ORIENTED_EDGE('',*,*,#3862,.F.);
#4211 = FACE_BOUND('',#4212,.F.);
#4212 = EDGE_LOOP('',(#4213));
#4213 = ORIENTED_EDGE('',*,*,#4132,.F.);
#4214 = PLANE('',#4215);
#4215 = AXIS2_PLACEMENT_3D('',#4216,#4217,#4218);
#4216 = CARTESIAN_POINT('',(-12.35,-17.9,-2.25));
#4217 = DIRECTION('',(1.,0.,2.8E-16));
#4218 = DIRECTION('',(-2.8E-16,-2.2E-16,1.));
#4219 = ADVANCED_FACE('',(#4220,#4223),#4226,.F.);
#4220 = FACE_BOUND('',#4221,.F.);
#4221 = EDGE_LOOP('',(#4222));
#4222 = ORIENTED_EDGE('',*,*,#3887,.F.);
#4223 = FACE_BOUND('',#4224,.F.);
#4224 = EDGE_LOOP('',(#4225));
#4225 = ORIENTED_EDGE('',*,*,#4157,.F.);
#4226 = PLANE('',#4227);
#4227 = AXIS2_PLACEMENT_3D('',#4228,#4229,#4230);
#4228 = CARTESIAN_POINT('',(-12.35,-17.9,-2.25));
#4229 = DIRECTION('',(1.,0.,2.8E-16));
#4230 = DIRECTION('',(-2.8E-16,-2.2E-16,1.));
#4231 = ADVANCED_FACE('',(#4232),#4238,.T.);
#4232 = FACE_BOUND('',#4233,.F.);
#4233 = EDGE_LOOP('',(#4234,#4235,#4236,#4237));
#4234 = ORIENTED_EDGE('',*,*,#3964,.T.);
#4235 = ORIENTED_EDGE('',*,*,#4005,.T.);
#4236 = ORIENTED_EDGE('',*,*,#3988,.F.);
#4237 = ORIENTED_EDGE('',*,*,#3921,.F.);
#4238 = CYLINDRICAL_SURFACE('',#4239,2.8);
#4239 = AXIS2_PLACEMENT_3D('',#4240,#4241,#4242);
#4240 = CARTESIAN_POINT('',(16.950799422751,-7.,-2.25));
#4241 = DIRECTION('',(0.,1.,-2.2E-16));
#4242 = DIRECTION('',(1.,0.,0.));
#4243 = ADVANCED_FACE('',(#4244),#4255,.F.);
#4244 = FACE_BOUND('',#4245,.T.);
#4245 = EDGE_LOOP('',(#4246,#4252,#4253,#4254));
#4246 = ORIENTED_EDGE('',*,*,#4247,.T.);
#4247 = EDGE_CURVE('',#3939,#4016,#4248,.T.);
#4248 = LINE('',#4249,#4250);
#4249 = CARTESIAN_POINT('',(18.350799422751,-7.,-2.25));
#4250 = VECTOR('',#4251,1.);
#4251 = DIRECTION('',(0.,-1.,2.2E-16));
#4252 = ORIENTED_EDGE('',*,*,#4015,.T.);
#4253 = ORIENTED_EDGE('',*,*,#4247,.F.);
#4254 = ORIENTED_EDGE('',*,*,#3938,.F.);
#4255 = CYLINDRICAL_SURFACE('',#4256,2.);
#4256 = AXIS2_PLACEMENT_3D('',#4257,#4258,#4259);
#4257 = CARTESIAN_POINT('',(16.350799422751,-7.,-2.25));
#4258 = DIRECTION('',(0.,1.,-2.2E-16));
#4259 = DIRECTION('',(1.,0.,0.));
#4260 = ADVANCED_FACE('',(#4261,#4264),#4267,.T.);
#4261 = FACE_BOUND('',#4262,.T.);
#4262 = EDGE_LOOP('',(#4263));
#4263 = ORIENTED_EDGE('',*,*,#4032,.T.);
#4264 = FACE_BOUND('',#4265,.T.);
#4265 = EDGE_LOOP('',(#4266));
#4266 = ORIENTED_EDGE('',*,*,#4116,.F.);
#4267 = PLANE('',#4268);
#4268 = AXIS2_PLACEMENT_3D('',#4269,#4270,#4271);
#4269 = CARTESIAN_POINT('',(12.35,-17.9,-2.25));
#4270 = DIRECTION('',(1.,0.,-2.8E-16));
#4271 = DIRECTION('',(2.8E-16,-2.2E-16,1.));
#4272 = ADVANCED_FACE('',(#4273,#4276),#4279,.T.);
#4273 = FACE_BOUND('',#4274,.T.);
#4274 = EDGE_LOOP('',(#4275));
#4275 = ORIENTED_EDGE('',*,*,#4057,.T.);
#4276 = FACE_BOUND('',#4277,.T.);
#4277 = EDGE_LOOP('',(#4278));
#4278 = ORIENTED_EDGE('',*,*,#4091,.F.);
#4279 = PLANE('',#4280);
#4280 = AXIS2_PLACEMENT_3D('',#4281,#4282,#4283);
#4281 = CARTESIAN_POINT('',(12.35,-17.9,-2.25));
#4282 = DIRECTION('',(1.,0.,-2.8E-16));
#4283 = DIRECTION('',(2.8E-16,-2.2E-16,1.));
#4284 = ( GEOMETRIC_REPRESENTATION_CONTEXT(3) 
GLOBAL_UNCERTAINTY_ASSIGNED_CONTEXT((#4288)) 
GLOBAL_UNIT_ASSIGNED_CONTEXT((#4285,#4286,#4287)) REPRESENTATION_CONTEXT
('Context #1','3D Context with UNIT and UNCERTAINTY') );
#4285 = ( LENGTH_UNIT() NAMED_UNIT(*) SI_UNIT(.MILLI.,.METRE.) );
#4286 = ( NAMED_UNIT(*) PLANE_ANGLE_UNIT() SI_UNIT($,.RADIAN.) );
#4287 = ( NAMED_UNIT(*) SI_UNIT($,.STERADIAN.) SOLID_ANGLE_UNIT() );
#4288 = UNCERTAINTY_MEASURE_WITH_UNIT(LENGTH_MEASURE(1.E-05),#4285,
  'distance_accuracy_value','confusion accuracy');
#4289 = PRODUCT_RELATED_PRODUCT_CATEGORY('part',$,(#7));
#4290 = MECHANICAL_DESIGN_GEOMETRIC_PRESENTATION_REPRESENTATION('',(
    #4291),#4284);
#4291 = STYLED_ITEM('color',(#4292),#15);
#4292 = PRESENTATION_STYLE_ASSIGNMENT((#4293,#4299));
#4293 = SURFACE_STYLE_USAGE(.BOTH.,#4294);
#4294 = SURFACE_SIDE_STYLE('',(#4295));
#4295 = SURFACE_STYLE_FILL_AREA(#4296);
#4296 = FILL_AREA_STYLE('',(#4297));
#4297 = FILL_AREA_STYLE_COLOUR('',#4298);
#4298 = COLOUR_RGB('',0.447058818107,0.474509808674,0.501960817233);
#4299 = CURVE_STYLE('',#4300,POSITIVE_LENGTH_MEASURE(0.1),#4301);
#4300 = DRAUGHTING_PRE_DEFINED_CURVE_FONT('continuous');
#4301 = COLOUR_RGB('',9.803921802644E-02,9.803921802644E-02,
  9.803921802644E-02);
ENDSEC;
END-ISO-10303-21;
