ISO-10303-21;
HEADER;
FILE_DESCRIPTION(('FreeCAD Model'),'2;1');
FILE_NAME('Open CASCADE Shape Model','2025-12-14T23:50:44',(''),(''),
  'Open CASCADE STEP processor 7.8','FreeCAD','Unknown');
FILE_SCHEMA(('AUTOMOTIVE_DESIGN { 1 0 10303 214 1 1 1 1 }'));
ENDSEC;
DATA;
#1 = APPLICATION_PROTOCOL_DEFINITION('international standard',
  'automotive_design',2000,#2);
#2 = APPLICATION_CONTEXT(
  'core data for automotive mechanical design processes');
#3 = SHAPE_DEFINITION_REPRESENTATION(#4,#10);
#4 = PRODUCT_DEFINITION_SHAPE('','',#5);
#5 = PRODUCT_DEFINITION('design','',#6,#9);
#6 = PRODUCT_DEFINITION_FORMATION('','',#7);
#7 = PRODUCT('Defender','Defender','',(#8));
#8 = PRODUCT_CONTEXT('',#2,'mechanical');
#9 = PRODUCT_DEFINITION_CONTEXT('part definition',#2,'design');
#10 = ADVANCED_BREP_SHAPE_REPRESENTATION('',(#11,#15),#3885);
#11 = AXIS2_PLACEMENT_3D('',#12,#13,#14);
#12 = CARTESIAN_POINT('',(0.,0.,0.));
#13 = DIRECTION('',(0.,0.,1.));
#14 = DIRECTION('',(1.,0.,-0.));
#15 = MANIFOLD_SOLID_BREP('',#16);
#16 = CLOSED_SHELL('',(#17,#59,#90,#121,#268,#293,#318,#342,#367,#391,
    #416,#440,#465,#489,#514,#531,#964,#989,#1014,#1039,#1070,#1761,
    #1785,#1809,#1833,#1857,#1881,#1905,#1929,#1953,#1977,#2001,#2025,
    #2049,#2073,#2097,#2121,#2145,#2169,#2193,#2217,#2241,#2265,#2289,
    #2313,#2330,#2354,#2371,#2388,#2412,#2429,#2446,#2470,#2494,#2511,
    #2528,#2552,#2576,#2593,#2610,#2634,#2651,#2668,#2692,#2709,#2740,
    #2764,#2788,#2812,#2836,#2853,#2884,#2908,#2932,#2956,#2980,#2997,
    #3028,#3052,#3076,#3100,#3124,#3141,#3172,#3196,#3220,#3244,#3268,
    #3285,#3316,#3340,#3364,#3388,#3412,#3429,#3460,#3484,#3508,#3532,
    #3556,#3573,#3604,#3628,#3652,#3676,#3700,#3717));
#17 = ADVANCED_FACE('',(#18),#54,.T.);
#18 = FACE_BOUND('',#19,.F.);
#19 = EDGE_LOOP('',(#20,#30,#39,#47));
#20 = ORIENTED_EDGE('',*,*,#21,.T.);
#21 = EDGE_CURVE('',#22,#24,#26,.T.);
#22 = VERTEX_POINT('',#23);
#23 = CARTESIAN_POINT('',(-1.75,-29.,15.));
#24 = VERTEX_POINT('',#25);
#25 = CARTESIAN_POINT('',(-1.75,-37.,15.));
#26 = LINE('',#27,#28);
#27 = CARTESIAN_POINT('',(-1.75,-29.,15.));
#28 = VECTOR('',#29,1.);
#29 = DIRECTION('',(0.,-1.,2.22044604925E-16));
#30 = ORIENTED_EDGE('',*,*,#31,.T.);
#31 = EDGE_CURVE('',#24,#32,#34,.T.);
#32 = VERTEX_POINT('',#33);
#33 = CARTESIAN_POINT('',(-12.49875949004,-37.,4.251240509955));
#34 = CIRCLE('',#35,10.748759490045);
#35 = AXIS2_PLACEMENT_3D('',#36,#37,#38);
#36 = CARTESIAN_POINT('',(-1.75,-37.,4.251240509955));
#37 = DIRECTION('',(0.,-1.,2.22044604925E-16));
#38 = DIRECTION('',(1.,0.,0.));
#39 = ORIENTED_EDGE('',*,*,#40,.F.);
#40 = EDGE_CURVE('',#41,#32,#43,.T.);
#41 = VERTEX_POINT('',#42);
#42 = CARTESIAN_POINT('',(-12.49875949004,-29.,4.251240509955));
#43 = LINE('',#44,#45);
#44 = CARTESIAN_POINT('',(-12.49875949004,-29.,4.251240509955));
#45 = VECTOR('',#46,1.);
#46 = DIRECTION('',(0.,-1.,2.22044604925E-16));
#47 = ORIENTED_EDGE('',*,*,#48,.F.);
#48 = EDGE_CURVE('',#22,#41,#49,.T.);
#49 = CIRCLE('',#50,10.748759490045);
#50 = AXIS2_PLACEMENT_3D('',#51,#52,#53);
#51 = CARTESIAN_POINT('',(-1.75,-29.,4.251240509955));
#52 = DIRECTION('',(0.,-1.,2.22044604925E-16));
#53 = DIRECTION('',(1.,0.,0.));
#54 = CYLINDRICAL_SURFACE('',#55,10.748759490045);
#55 = AXIS2_PLACEMENT_3D('',#56,#57,#58);
#56 = CARTESIAN_POINT('',(-1.75,-29.,4.251240509955));
#57 = DIRECTION('',(0.,1.,-2.22044604925E-16));
#58 = DIRECTION('',(1.,0.,0.));
#59 = ADVANCED_FACE('',(#60),#85,.T.);
#60 = FACE_BOUND('',#61,.T.);
#61 = EDGE_LOOP('',(#62,#63,#71,#79));
#62 = ORIENTED_EDGE('',*,*,#21,.T.);
#63 = ORIENTED_EDGE('',*,*,#64,.T.);
#64 = EDGE_CURVE('',#24,#65,#67,.T.);
#65 = VERTEX_POINT('',#66);
#66 = CARTESIAN_POINT('',(1.75,-37.,15.));
#67 = LINE('',#68,#69);
#68 = CARTESIAN_POINT('',(-1.75,-37.,15.));
#69 = VECTOR('',#70,1.);
#70 = DIRECTION('',(1.,0.,0.));
#71 = ORIENTED_EDGE('',*,*,#72,.F.);
#72 = EDGE_CURVE('',#73,#65,#75,.T.);
#73 = VERTEX_POINT('',#74);
#74 = CARTESIAN_POINT('',(1.75,-29.,15.));
#75 = LINE('',#76,#77);
#76 = CARTESIAN_POINT('',(1.75,-29.,15.));
#77 = VECTOR('',#78,1.);
#78 = DIRECTION('',(0.,-1.,2.22044604925E-16));
#79 = ORIENTED_EDGE('',*,*,#80,.F.);
#80 = EDGE_CURVE('',#22,#73,#81,.T.);
#81 = LINE('',#82,#83);
#82 = CARTESIAN_POINT('',(-1.75,-29.,15.));
#83 = VECTOR('',#84,1.);
#84 = DIRECTION('',(1.,0.,0.));
#85 = PLANE('',#86);
#86 = AXIS2_PLACEMENT_3D('',#87,#88,#89);
#87 = CARTESIAN_POINT('',(-1.75,-29.,15.));
#88 = DIRECTION('',(0.,2.22044604925E-16,1.));
#89 = DIRECTION('',(1.,0.,0.));
#90 = ADVANCED_FACE('',(#91),#116,.T.);
#91 = FACE_BOUND('',#92,.T.);
#92 = EDGE_LOOP('',(#93,#103,#109,#110));
#93 = ORIENTED_EDGE('',*,*,#94,.T.);
#94 = EDGE_CURVE('',#95,#97,#99,.T.);
#95 = VERTEX_POINT('',#96);
#96 = CARTESIAN_POINT('',(-12.49875949004,-29.,-2.4261));
#97 = VERTEX_POINT('',#98);
#98 = CARTESIAN_POINT('',(-12.49875949004,-37.,-2.4261));
#99 = LINE('',#100,#101);
#100 = CARTESIAN_POINT('',(-12.49875949004,-29.,-2.4261));
#101 = VECTOR('',#102,1.);
#102 = DIRECTION('',(0.,-1.,2.22044604925E-16));
#103 = ORIENTED_EDGE('',*,*,#104,.T.);
#104 = EDGE_CURVE('',#97,#32,#105,.T.);
#105 = LINE('',#106,#107);
#106 = CARTESIAN_POINT('',(-12.49875949004,-37.,-2.4261));
#107 = VECTOR('',#108,1.);
#108 = DIRECTION('',(0.,2.22044604925E-16,1.));
#109 = ORIENTED_EDGE('',*,*,#40,.F.);
#110 = ORIENTED_EDGE('',*,*,#111,.F.);
#111 = EDGE_CURVE('',#95,#41,#112,.T.);
#112 = LINE('',#113,#114);
#113 = CARTESIAN_POINT('',(-12.49875949004,-29.,-2.4261));
#114 = VECTOR('',#115,1.);
#115 = DIRECTION('',(0.,2.22044604925E-16,1.));
#116 = PLANE('',#117);
#117 = AXIS2_PLACEMENT_3D('',#118,#119,#120);
#118 = CARTESIAN_POINT('',(-12.49875949004,-29.,-2.4261));
#119 = DIRECTION('',(-1.,0.,0.));
#120 = DIRECTION('',(0.,2.22044604925E-16,1.));
#121 = ADVANCED_FACE('',(#122,#219,#230,#241,#252),#263,.T.);
#122 = FACE_BOUND('',#123,.F.);
#123 = EDGE_LOOP('',(#124,#125,#126,#135,#143,#152,#160,#169,#177,#186,
    #194,#203,#211,#218));
#124 = ORIENTED_EDGE('',*,*,#48,.T.);
#125 = ORIENTED_EDGE('',*,*,#111,.F.);
#126 = ORIENTED_EDGE('',*,*,#127,.T.);
#127 = EDGE_CURVE('',#95,#128,#130,.T.);
#128 = VERTEX_POINT('',#129);
#129 = CARTESIAN_POINT('',(-10.80441758203,-29.,-8.536060826393));
#130 = CIRCLE('',#131,12.5);
#131 = AXIS2_PLACEMENT_3D('',#132,#133,#134);
#132 = CARTESIAN_POINT('',(0.,-29.,-2.25));
#133 = DIRECTION('',(0.,-1.,2.22044604925E-16));
#134 = DIRECTION('',(1.,0.,0.));
#135 = ORIENTED_EDGE('',*,*,#136,.F.);
#136 = EDGE_CURVE('',#137,#128,#139,.T.);
#137 = VERTEX_POINT('',#138);
#138 = CARTESIAN_POINT('',(-12.20487908898,-29.,-11.08896363973));
#139 = LINE('',#140,#141);
#140 = CARTESIAN_POINT('',(-12.20487908898,-29.,-11.08896363973));
#141 = VECTOR('',#142,1.);
#142 = DIRECTION('',(0.480960011816,1.946759490902E-16,0.876742531781));
#143 = ORIENTED_EDGE('',*,*,#144,.T.);
#144 = EDGE_CURVE('',#137,#145,#147,.T.);
#145 = VERTEX_POINT('',#146);
#146 = CARTESIAN_POINT('',(-8.297356362262,-29.,-14.82935726493));
#147 = CIRCLE('',#148,2.8);
#148 = AXIS2_PLACEMENT_3D('',#149,#150,#151);
#149 = CARTESIAN_POINT('',(-9.75,-29.,-12.43565167281));
#150 = DIRECTION('',(0.,-1.,2.22044604925E-16));
#151 = DIRECTION('',(1.,0.,0.));
#152 = ORIENTED_EDGE('',*,*,#153,.T.);
#153 = EDGE_CURVE('',#145,#154,#156,.T.);
#154 = VERTEX_POINT('',#155);
#155 = CARTESIAN_POINT('',(-5.808069713546,-29.,-13.31870932867));
#156 = LINE('',#157,#158);
#157 = CARTESIAN_POINT('',(-8.297356362262,-29.,-14.82935726493));
#158 = VECTOR('',#159,1.);
#159 = DIRECTION('',(0.854894854328,1.151970295137E-16,0.518801299192));
#160 = ORIENTED_EDGE('',*,*,#161,.T.);
#161 = EDGE_CURVE('',#154,#162,#164,.T.);
#162 = VERTEX_POINT('',#163);
#163 = CARTESIAN_POINT('',(5.808069713546,-29.,-13.31870932867));
#164 = CIRCLE('',#165,12.4978154002);
#165 = AXIS2_PLACEMENT_3D('',#166,#167,#168);
#166 = CARTESIAN_POINT('',(0.,-29.,-2.252467148957));
#167 = DIRECTION('',(0.,-1.,2.22044604925E-16));
#168 = DIRECTION('',(1.,0.,0.));
#169 = ORIENTED_EDGE('',*,*,#170,.T.);
#170 = EDGE_CURVE('',#162,#171,#173,.T.);
#171 = VERTEX_POINT('',#172);
#172 = CARTESIAN_POINT('',(8.297356362262,-29.,-14.82935726493));
#173 = LINE('',#174,#175);
#174 = CARTESIAN_POINT('',(5.808069713546,-29.,-13.31870932867));
#175 = VECTOR('',#176,1.);
#176 = DIRECTION('',(0.854894854328,-1.151970295137E-16,-0.518801299192)
  );
#177 = ORIENTED_EDGE('',*,*,#178,.T.);
#178 = EDGE_CURVE('',#171,#179,#181,.T.);
#179 = VERTEX_POINT('',#180);
#180 = CARTESIAN_POINT('',(12.204879088986,-29.,-11.08896363973));
#181 = CIRCLE('',#182,2.8);
#182 = AXIS2_PLACEMENT_3D('',#183,#184,#185);
#183 = CARTESIAN_POINT('',(9.75,-29.,-12.43565167281));
#184 = DIRECTION('',(0.,-1.,2.22044604925E-16));
#185 = DIRECTION('',(1.,0.,0.));
#186 = ORIENTED_EDGE('',*,*,#187,.F.);
#187 = EDGE_CURVE('',#188,#179,#190,.T.);
#188 = VERTEX_POINT('',#189);
#189 = CARTESIAN_POINT('',(10.80441758203,-29.,-8.536060826393));
#190 = LINE('',#191,#192);
#191 = CARTESIAN_POINT('',(10.80441758203,-29.,-8.536060826393));
#192 = VECTOR('',#193,1.);
#193 = DIRECTION('',(0.480960011816,-1.946759490902E-16,-0.876742531781)
  );
#194 = ORIENTED_EDGE('',*,*,#195,.T.);
#195 = EDGE_CURVE('',#188,#196,#198,.T.);
#196 = VERTEX_POINT('',#197);
#197 = CARTESIAN_POINT('',(12.498759490045,-29.,-2.252467148957));
#198 = CIRCLE('',#199,12.498759490045);
#199 = AXIS2_PLACEMENT_3D('',#200,#201,#202);
#200 = CARTESIAN_POINT('',(0.,-29.,-2.252467148957));
#201 = DIRECTION('',(0.,-1.,2.22044604925E-16));
#202 = DIRECTION('',(1.,0.,0.));
#203 = ORIENTED_EDGE('',*,*,#204,.T.);
#204 = EDGE_CURVE('',#196,#205,#207,.T.);
#205 = VERTEX_POINT('',#206);
#206 = CARTESIAN_POINT('',(12.498759490045,-29.,4.251240509955));
#207 = LINE('',#208,#209);
#208 = CARTESIAN_POINT('',(12.498759490045,-29.,-2.252467148957));
#209 = VECTOR('',#210,1.);
#210 = DIRECTION('',(0.,2.22044604925E-16,1.));
#211 = ORIENTED_EDGE('',*,*,#212,.T.);
#212 = EDGE_CURVE('',#205,#73,#213,.T.);
#213 = CIRCLE('',#214,10.748759490045);
#214 = AXIS2_PLACEMENT_3D('',#215,#216,#217);
#215 = CARTESIAN_POINT('',(1.75,-29.,4.251240509955));
#216 = DIRECTION('',(0.,-1.,2.22044604925E-16));
#217 = DIRECTION('',(1.,0.,0.));
#218 = ORIENTED_EDGE('',*,*,#80,.F.);
#219 = FACE_BOUND('',#220,.T.);
#220 = EDGE_LOOP('',(#221));
#221 = ORIENTED_EDGE('',*,*,#222,.T.);
#222 = EDGE_CURVE('',#223,#223,#225,.T.);
#223 = VERTEX_POINT('',#224);
#224 = CARTESIAN_POINT('',(10.65,-29.,-2.25));
#225 = CIRCLE('',#226,10.65);
#226 = AXIS2_PLACEMENT_3D('',#227,#228,#229);
#227 = CARTESIAN_POINT('',(0.,-29.,-2.25));
#228 = DIRECTION('',(0.,-1.,2.22044604925E-16));
#229 = DIRECTION('',(1.,0.,0.));
#230 = FACE_BOUND('',#231,.T.);
#231 = EDGE_LOOP('',(#232));
#232 = ORIENTED_EDGE('',*,*,#233,.T.);
#233 = EDGE_CURVE('',#234,#234,#236,.T.);
#234 = VERTEX_POINT('',#235);
#235 = CARTESIAN_POINT('',(1.1,-29.,12.));
#236 = CIRCLE('',#237,1.1);
#237 = AXIS2_PLACEMENT_3D('',#238,#239,#240);
#238 = CARTESIAN_POINT('',(0.,-29.,12.));
#239 = DIRECTION('',(0.,-1.,2.22044604925E-16));
#240 = DIRECTION('',(1.,0.,0.));
#241 = FACE_BOUND('',#242,.T.);
#242 = EDGE_LOOP('',(#243));
#243 = ORIENTED_EDGE('',*,*,#244,.T.);
#244 = EDGE_CURVE('',#245,#245,#247,.T.);
#245 = VERTEX_POINT('',#246);
#246 = CARTESIAN_POINT('',(10.85,-29.,-12.43565167281));
#247 = CIRCLE('',#248,1.1);
#248 = AXIS2_PLACEMENT_3D('',#249,#250,#251);
#249 = CARTESIAN_POINT('',(9.75,-29.,-12.43565167281));
#250 = DIRECTION('',(0.,-1.,2.22044604925E-16));
#251 = DIRECTION('',(1.,0.,0.));
#252 = FACE_BOUND('',#253,.T.);
#253 = EDGE_LOOP('',(#254));
#254 = ORIENTED_EDGE('',*,*,#255,.T.);
#255 = EDGE_CURVE('',#256,#256,#258,.T.);
#256 = VERTEX_POINT('',#257);
#257 = CARTESIAN_POINT('',(-8.65,-29.,-12.43565167281));
#258 = CIRCLE('',#259,1.1);
#259 = AXIS2_PLACEMENT_3D('',#260,#261,#262);
#260 = CARTESIAN_POINT('',(-9.75,-29.,-12.43565167281));
#261 = DIRECTION('',(0.,-1.,2.22044604925E-16));
#262 = DIRECTION('',(1.,0.,0.));
#263 = PLANE('',#264);
#264 = AXIS2_PLACEMENT_3D('',#265,#266,#267);
#265 = CARTESIAN_POINT('',(-1.801418085271E-04,-29.,-1.99069718862));
#266 = DIRECTION('',(0.,1.,-2.511580045351E-16));
#267 = DIRECTION('',(0.,2.511580045351E-16,1.));
#268 = ADVANCED_FACE('',(#269),#288,.T.);
#269 = FACE_BOUND('',#270,.F.);
#270 = EDGE_LOOP('',(#271,#279,#286,#287));
#271 = ORIENTED_EDGE('',*,*,#272,.T.);
#272 = EDGE_CURVE('',#205,#273,#275,.T.);
#273 = VERTEX_POINT('',#274);
#274 = CARTESIAN_POINT('',(12.498759490045,-37.,4.251240509955));
#275 = LINE('',#276,#277);
#276 = CARTESIAN_POINT('',(12.498759490045,-29.,4.251240509955));
#277 = VECTOR('',#278,1.);
#278 = DIRECTION('',(0.,-1.,2.22044604925E-16));
#279 = ORIENTED_EDGE('',*,*,#280,.T.);
#280 = EDGE_CURVE('',#273,#65,#281,.T.);
#281 = CIRCLE('',#282,10.748759490045);
#282 = AXIS2_PLACEMENT_3D('',#283,#284,#285);
#283 = CARTESIAN_POINT('',(1.75,-37.,4.251240509955));
#284 = DIRECTION('',(0.,-1.,2.22044604925E-16));
#285 = DIRECTION('',(1.,0.,0.));
#286 = ORIENTED_EDGE('',*,*,#72,.F.);
#287 = ORIENTED_EDGE('',*,*,#212,.F.);
#288 = CYLINDRICAL_SURFACE('',#289,10.748759490045);
#289 = AXIS2_PLACEMENT_3D('',#290,#291,#292);
#290 = CARTESIAN_POINT('',(1.75,-29.,4.251240509955));
#291 = DIRECTION('',(0.,1.,-2.22044604925E-16));
#292 = DIRECTION('',(1.,0.,0.));
#293 = ADVANCED_FACE('',(#294),#313,.T.);
#294 = FACE_BOUND('',#295,.F.);
#295 = EDGE_LOOP('',(#296,#297,#306,#312));
#296 = ORIENTED_EDGE('',*,*,#94,.T.);
#297 = ORIENTED_EDGE('',*,*,#298,.T.);
#298 = EDGE_CURVE('',#97,#299,#301,.T.);
#299 = VERTEX_POINT('',#300);
#300 = CARTESIAN_POINT('',(-10.80441758203,-37.,-8.536060826393));
#301 = CIRCLE('',#302,12.5);
#302 = AXIS2_PLACEMENT_3D('',#303,#304,#305);
#303 = CARTESIAN_POINT('',(0.,-37.,-2.25));
#304 = DIRECTION('',(0.,-1.,2.22044604925E-16));
#305 = DIRECTION('',(1.,0.,0.));
#306 = ORIENTED_EDGE('',*,*,#307,.F.);
#307 = EDGE_CURVE('',#128,#299,#308,.T.);
#308 = LINE('',#309,#310);
#309 = CARTESIAN_POINT('',(-10.80441758203,-29.,-8.536060826393));
#310 = VECTOR('',#311,1.);
#311 = DIRECTION('',(0.,-1.,2.22044604925E-16));
#312 = ORIENTED_EDGE('',*,*,#127,.F.);
#313 = CYLINDRICAL_SURFACE('',#314,12.5);
#314 = AXIS2_PLACEMENT_3D('',#315,#316,#317);
#315 = CARTESIAN_POINT('',(0.,-29.,-2.25));
#316 = DIRECTION('',(0.,1.,-2.22044604925E-16));
#317 = DIRECTION('',(1.,0.,0.));
#318 = ADVANCED_FACE('',(#319),#337,.T.);
#319 = FACE_BOUND('',#320,.T.);
#320 = EDGE_LOOP('',(#321,#329,#335,#336));
#321 = ORIENTED_EDGE('',*,*,#322,.T.);
#322 = EDGE_CURVE('',#137,#323,#325,.T.);
#323 = VERTEX_POINT('',#324);
#324 = CARTESIAN_POINT('',(-12.20487908898,-37.,-11.08896363973));
#325 = LINE('',#326,#327);
#326 = CARTESIAN_POINT('',(-12.20487908898,-29.,-11.08896363973));
#327 = VECTOR('',#328,1.);
#328 = DIRECTION('',(0.,-1.,2.22044604925E-16));
#329 = ORIENTED_EDGE('',*,*,#330,.T.);
#330 = EDGE_CURVE('',#323,#299,#331,.T.);
#331 = LINE('',#332,#333);
#332 = CARTESIAN_POINT('',(-12.20487908898,-37.,-11.08896363973));
#333 = VECTOR('',#334,1.);
#334 = DIRECTION('',(0.480960011816,1.946759490902E-16,0.876742531781));
#335 = ORIENTED_EDGE('',*,*,#307,.F.);
#336 = ORIENTED_EDGE('',*,*,#136,.F.);
#337 = PLANE('',#338);
#338 = AXIS2_PLACEMENT_3D('',#339,#340,#341);
#339 = CARTESIAN_POINT('',(-12.20487908898,-29.,-11.08896363973));
#340 = DIRECTION('',(-0.876742531781,1.067945758085E-16,0.480960011816)
  );
#341 = DIRECTION('',(0.480960011816,1.946759490902E-16,0.876742531781));
#342 = ADVANCED_FACE('',(#343),#362,.T.);
#343 = FACE_BOUND('',#344,.F.);
#344 = EDGE_LOOP('',(#345,#346,#355,#361));
#345 = ORIENTED_EDGE('',*,*,#322,.T.);
#346 = ORIENTED_EDGE('',*,*,#347,.T.);
#347 = EDGE_CURVE('',#323,#348,#350,.T.);
#348 = VERTEX_POINT('',#349);
#349 = CARTESIAN_POINT('',(-8.297356362262,-37.,-14.82935726493));
#350 = CIRCLE('',#351,2.8);
#351 = AXIS2_PLACEMENT_3D('',#352,#353,#354);
#352 = CARTESIAN_POINT('',(-9.75,-37.,-12.43565167281));
#353 = DIRECTION('',(0.,-1.,2.22044604925E-16));
#354 = DIRECTION('',(1.,0.,0.));
#355 = ORIENTED_EDGE('',*,*,#356,.F.);
#356 = EDGE_CURVE('',#145,#348,#357,.T.);
#357 = LINE('',#358,#359);
#358 = CARTESIAN_POINT('',(-8.297356362262,-29.,-14.82935726493));
#359 = VECTOR('',#360,1.);
#360 = DIRECTION('',(0.,-1.,2.22044604925E-16));
#361 = ORIENTED_EDGE('',*,*,#144,.F.);
#362 = CYLINDRICAL_SURFACE('',#363,2.8);
#363 = AXIS2_PLACEMENT_3D('',#364,#365,#366);
#364 = CARTESIAN_POINT('',(-9.75,-29.,-12.43565167281));
#365 = DIRECTION('',(0.,1.,-2.22044604925E-16));
#366 = DIRECTION('',(1.,0.,0.));
#367 = ADVANCED_FACE('',(#368),#386,.F.);
#368 = FACE_BOUND('',#369,.F.);
#369 = EDGE_LOOP('',(#370,#371,#379,#385));
#370 = ORIENTED_EDGE('',*,*,#356,.T.);
#371 = ORIENTED_EDGE('',*,*,#372,.T.);
#372 = EDGE_CURVE('',#348,#373,#375,.T.);
#373 = VERTEX_POINT('',#374);
#374 = CARTESIAN_POINT('',(-5.808069713546,-37.,-13.31870932867));
#375 = LINE('',#376,#377);
#376 = CARTESIAN_POINT('',(-8.297356362262,-37.,-14.82935726493));
#377 = VECTOR('',#378,1.);
#378 = DIRECTION('',(0.854894854328,1.151970295137E-16,0.518801299192));
#379 = ORIENTED_EDGE('',*,*,#380,.F.);
#380 = EDGE_CURVE('',#154,#373,#381,.T.);
#381 = LINE('',#382,#383);
#382 = CARTESIAN_POINT('',(-5.808069713546,-29.,-13.31870932867));
#383 = VECTOR('',#384,1.);
#384 = DIRECTION('',(0.,-1.,2.22044604925E-16));
#385 = ORIENTED_EDGE('',*,*,#153,.F.);
#386 = PLANE('',#387);
#387 = AXIS2_PLACEMENT_3D('',#388,#389,#390);
#388 = CARTESIAN_POINT('',(-8.297356362262,-29.,-14.82935726493));
#389 = DIRECTION('',(-0.518801299192,1.898247901817E-16,0.854894854328)
  );
#390 = DIRECTION('',(0.854894854328,1.151970295137E-16,0.518801299192));
#391 = ADVANCED_FACE('',(#392),#411,.T.);
#392 = FACE_BOUND('',#393,.F.);
#393 = EDGE_LOOP('',(#394,#395,#404,#410));
#394 = ORIENTED_EDGE('',*,*,#380,.T.);
#395 = ORIENTED_EDGE('',*,*,#396,.T.);
#396 = EDGE_CURVE('',#373,#397,#399,.T.);
#397 = VERTEX_POINT('',#398);
#398 = CARTESIAN_POINT('',(5.808069713546,-37.,-13.31870932867));
#399 = CIRCLE('',#400,12.4978154002);
#400 = AXIS2_PLACEMENT_3D('',#401,#402,#403);
#401 = CARTESIAN_POINT('',(0.,-37.,-2.252467148957));
#402 = DIRECTION('',(0.,-1.,2.22044604925E-16));
#403 = DIRECTION('',(1.,0.,0.));
#404 = ORIENTED_EDGE('',*,*,#405,.F.);
#405 = EDGE_CURVE('',#162,#397,#406,.T.);
#406 = LINE('',#407,#408);
#407 = CARTESIAN_POINT('',(5.808069713546,-29.,-13.31870932867));
#408 = VECTOR('',#409,1.);
#409 = DIRECTION('',(0.,-1.,2.22044604925E-16));
#410 = ORIENTED_EDGE('',*,*,#161,.F.);
#411 = CYLINDRICAL_SURFACE('',#412,12.4978154002);
#412 = AXIS2_PLACEMENT_3D('',#413,#414,#415);
#413 = CARTESIAN_POINT('',(0.,-29.,-2.252467148957));
#414 = DIRECTION('',(0.,1.,-2.22044604925E-16));
#415 = DIRECTION('',(1.,0.,0.));
#416 = ADVANCED_FACE('',(#417),#435,.F.);
#417 = FACE_BOUND('',#418,.F.);
#418 = EDGE_LOOP('',(#419,#420,#428,#434));
#419 = ORIENTED_EDGE('',*,*,#405,.T.);
#420 = ORIENTED_EDGE('',*,*,#421,.T.);
#421 = EDGE_CURVE('',#397,#422,#424,.T.);
#422 = VERTEX_POINT('',#423);
#423 = CARTESIAN_POINT('',(8.297356362262,-37.,-14.82935726493));
#424 = LINE('',#425,#426);
#425 = CARTESIAN_POINT('',(5.808069713546,-37.,-13.31870932867));
#426 = VECTOR('',#427,1.);
#427 = DIRECTION('',(0.854894854328,-1.151970295137E-16,-0.518801299192)
  );
#428 = ORIENTED_EDGE('',*,*,#429,.F.);
#429 = EDGE_CURVE('',#171,#422,#430,.T.);
#430 = LINE('',#431,#432);
#431 = CARTESIAN_POINT('',(8.297356362262,-29.,-14.82935726493));
#432 = VECTOR('',#433,1.);
#433 = DIRECTION('',(0.,-1.,2.22044604925E-16));
#434 = ORIENTED_EDGE('',*,*,#170,.F.);
#435 = PLANE('',#436);
#436 = AXIS2_PLACEMENT_3D('',#437,#438,#439);
#437 = CARTESIAN_POINT('',(5.808069713546,-29.,-13.31870932867));
#438 = DIRECTION('',(0.518801299192,1.898247901817E-16,0.854894854328));
#439 = DIRECTION('',(0.854894854328,-1.151970295137E-16,-0.518801299192)
  );
#440 = ADVANCED_FACE('',(#441),#460,.T.);
#441 = FACE_BOUND('',#442,.F.);
#442 = EDGE_LOOP('',(#443,#444,#453,#459));
#443 = ORIENTED_EDGE('',*,*,#429,.T.);
#444 = ORIENTED_EDGE('',*,*,#445,.T.);
#445 = EDGE_CURVE('',#422,#446,#448,.T.);
#446 = VERTEX_POINT('',#447);
#447 = CARTESIAN_POINT('',(12.204879088986,-37.,-11.08896363973));
#448 = CIRCLE('',#449,2.8);
#449 = AXIS2_PLACEMENT_3D('',#450,#451,#452);
#450 = CARTESIAN_POINT('',(9.75,-37.,-12.43565167281));
#451 = DIRECTION('',(0.,-1.,2.22044604925E-16));
#452 = DIRECTION('',(1.,0.,0.));
#453 = ORIENTED_EDGE('',*,*,#454,.F.);
#454 = EDGE_CURVE('',#179,#446,#455,.T.);
#455 = LINE('',#456,#457);
#456 = CARTESIAN_POINT('',(12.204879088986,-29.,-11.08896363973));
#457 = VECTOR('',#458,1.);
#458 = DIRECTION('',(0.,-1.,2.22044604925E-16));
#459 = ORIENTED_EDGE('',*,*,#178,.F.);
#460 = CYLINDRICAL_SURFACE('',#461,2.8);
#461 = AXIS2_PLACEMENT_3D('',#462,#463,#464);
#462 = CARTESIAN_POINT('',(9.75,-29.,-12.43565167281));
#463 = DIRECTION('',(0.,1.,-2.22044604925E-16));
#464 = DIRECTION('',(1.,0.,0.));
#465 = ADVANCED_FACE('',(#466),#484,.T.);
#466 = FACE_BOUND('',#467,.T.);
#467 = EDGE_LOOP('',(#468,#476,#482,#483));
#468 = ORIENTED_EDGE('',*,*,#469,.T.);
#469 = EDGE_CURVE('',#188,#470,#472,.T.);
#470 = VERTEX_POINT('',#471);
#471 = CARTESIAN_POINT('',(10.80441758203,-37.,-8.536060826393));
#472 = LINE('',#473,#474);
#473 = CARTESIAN_POINT('',(10.80441758203,-29.,-8.536060826393));
#474 = VECTOR('',#475,1.);
#475 = DIRECTION('',(0.,-1.,2.22044604925E-16));
#476 = ORIENTED_EDGE('',*,*,#477,.T.);
#477 = EDGE_CURVE('',#470,#446,#478,.T.);
#478 = LINE('',#479,#480);
#479 = CARTESIAN_POINT('',(10.80441758203,-37.,-8.536060826393));
#480 = VECTOR('',#481,1.);
#481 = DIRECTION('',(0.480960011816,-1.946759490902E-16,-0.876742531781)
  );
#482 = ORIENTED_EDGE('',*,*,#454,.F.);
#483 = ORIENTED_EDGE('',*,*,#187,.F.);
#484 = PLANE('',#485);
#485 = AXIS2_PLACEMENT_3D('',#486,#487,#488);
#486 = CARTESIAN_POINT('',(10.80441758203,-29.,-8.536060826393));
#487 = DIRECTION('',(0.876742531781,1.067945758085E-16,0.480960011816));
#488 = DIRECTION('',(0.480960011816,-1.946759490902E-16,-0.876742531781)
  );
#489 = ADVANCED_FACE('',(#490),#509,.T.);
#490 = FACE_BOUND('',#491,.F.);
#491 = EDGE_LOOP('',(#492,#493,#502,#508));
#492 = ORIENTED_EDGE('',*,*,#469,.T.);
#493 = ORIENTED_EDGE('',*,*,#494,.T.);
#494 = EDGE_CURVE('',#470,#495,#497,.T.);
#495 = VERTEX_POINT('',#496);
#496 = CARTESIAN_POINT('',(12.498759490045,-37.,-2.252467148957));
#497 = CIRCLE('',#498,12.498759490045);
#498 = AXIS2_PLACEMENT_3D('',#499,#500,#501);
#499 = CARTESIAN_POINT('',(0.,-37.,-2.252467148957));
#500 = DIRECTION('',(0.,-1.,2.22044604925E-16));
#501 = DIRECTION('',(1.,0.,0.));
#502 = ORIENTED_EDGE('',*,*,#503,.F.);
#503 = EDGE_CURVE('',#196,#495,#504,.T.);
#504 = LINE('',#505,#506);
#505 = CARTESIAN_POINT('',(12.498759490045,-29.,-2.252467148957));
#506 = VECTOR('',#507,1.);
#507 = DIRECTION('',(0.,-1.,2.22044604925E-16));
#508 = ORIENTED_EDGE('',*,*,#195,.F.);
#509 = CYLINDRICAL_SURFACE('',#510,12.498759490045);
#510 = AXIS2_PLACEMENT_3D('',#511,#512,#513);
#511 = CARTESIAN_POINT('',(0.,-29.,-2.252467148957));
#512 = DIRECTION('',(0.,1.,-2.22044604925E-16));
#513 = DIRECTION('',(1.,0.,0.));
#514 = ADVANCED_FACE('',(#515),#526,.F.);
#515 = FACE_BOUND('',#516,.F.);
#516 = EDGE_LOOP('',(#517,#518,#524,#525));
#517 = ORIENTED_EDGE('',*,*,#503,.T.);
#518 = ORIENTED_EDGE('',*,*,#519,.T.);
#519 = EDGE_CURVE('',#495,#273,#520,.T.);
#520 = LINE('',#521,#522);
#521 = CARTESIAN_POINT('',(12.498759490045,-37.,-2.252467148957));
#522 = VECTOR('',#523,1.);
#523 = DIRECTION('',(0.,2.22044604925E-16,1.));
#524 = ORIENTED_EDGE('',*,*,#272,.F.);
#525 = ORIENTED_EDGE('',*,*,#204,.F.);
#526 = PLANE('',#527);
#527 = AXIS2_PLACEMENT_3D('',#528,#529,#530);
#528 = CARTESIAN_POINT('',(12.498759490045,-29.,-2.252467148957));
#529 = DIRECTION('',(-1.,0.,0.));
#530 = DIRECTION('',(0.,2.22044604925E-16,1.));
#531 = ADVANCED_FACE('',(#532),#959,.F.);
#532 = FACE_BOUND('',#533,.T.);
#533 = EDGE_LOOP('',(#534,#535,#543,#552,#560,#569,#577,#586,#594,#603,
    #611,#620,#628,#637,#645,#654,#662,#671,#679,#688,#696,#705,#713,
    #722,#730,#739,#747,#756,#764,#773,#781,#790,#798,#807,#815,#824,
    #832,#841,#849,#858,#866,#875,#883,#892,#900,#909,#917,#926,#934,
    #943,#951,#958));
#534 = ORIENTED_EDGE('',*,*,#222,.F.);
#535 = ORIENTED_EDGE('',*,*,#536,.T.);
#536 = EDGE_CURVE('',#223,#537,#539,.T.);
#537 = VERTEX_POINT('',#538);
#538 = CARTESIAN_POINT('',(10.65,-37.,-2.25));
#539 = LINE('',#540,#541);
#540 = CARTESIAN_POINT('',(10.65,-29.,-2.25));
#541 = VECTOR('',#542,1.);
#542 = DIRECTION('',(0.,-1.,2.22044604925E-16));
#543 = ORIENTED_EDGE('',*,*,#544,.T.);
#544 = EDGE_CURVE('',#537,#545,#547,.T.);
#545 = VERTEX_POINT('',#546);
#546 = CARTESIAN_POINT('',(10.182913339952,-37.,0.869419162443));
#547 = CIRCLE('',#548,10.65);
#548 = AXIS2_PLACEMENT_3D('',#549,#550,#551);
#549 = CARTESIAN_POINT('',(0.,-37.,-2.25));
#550 = DIRECTION('',(0.,-1.,2.22044604925E-16));
#551 = DIRECTION('',(1.,0.,0.));
#552 = ORIENTED_EDGE('',*,*,#553,.F.);
#553 = EDGE_CURVE('',#554,#545,#556,.T.);
#554 = VERTEX_POINT('',#555);
#555 = CARTESIAN_POINT('',(10.182913339952,-33.,0.869419162443));
#556 = LINE('',#557,#558);
#557 = CARTESIAN_POINT('',(10.182913339952,-37.,0.869419162443));
#558 = VECTOR('',#559,1.);
#559 = DIRECTION('',(0.,-1.,2.22044604925E-16));
#560 = ORIENTED_EDGE('',*,*,#561,.T.);
#561 = EDGE_CURVE('',#554,#562,#564,.T.);
#562 = VERTEX_POINT('',#563);
#563 = CARTESIAN_POINT('',(9.821043007955,-33.,1.869419162443));
#564 = CIRCLE('',#565,10.65);
#565 = AXIS2_PLACEMENT_3D('',#566,#567,#568);
#566 = CARTESIAN_POINT('',(0.,-33.,-2.25));
#567 = DIRECTION('',(0.,-1.,2.22044604925E-16));
#568 = DIRECTION('',(1.,0.,0.));
#569 = ORIENTED_EDGE('',*,*,#570,.T.);
#570 = EDGE_CURVE('',#562,#571,#573,.T.);
#571 = VERTEX_POINT('',#572);
#572 = CARTESIAN_POINT('',(9.821043007955,-37.,1.869419162443));
#573 = LINE('',#574,#575);
#574 = CARTESIAN_POINT('',(9.821043007955,-37.,1.869419162443));
#575 = VECTOR('',#576,1.);
#576 = DIRECTION('',(0.,-1.,2.22044604925E-16));
#577 = ORIENTED_EDGE('',*,*,#578,.T.);
#578 = EDGE_CURVE('',#571,#579,#581,.T.);
#579 = VERTEX_POINT('',#580);
#580 = CARTESIAN_POINT('',(8.227871800426,-37.,4.5119986421));
#581 = CIRCLE('',#582,10.65);
#582 = AXIS2_PLACEMENT_3D('',#583,#584,#585);
#583 = CARTESIAN_POINT('',(0.,-37.,-2.25));
#584 = DIRECTION('',(0.,-1.,2.22044604925E-16));
#585 = DIRECTION('',(1.,0.,0.));
#586 = ORIENTED_EDGE('',*,*,#587,.F.);
#587 = EDGE_CURVE('',#588,#579,#590,.T.);
#588 = VERTEX_POINT('',#589);
#589 = CARTESIAN_POINT('',(8.227871800426,-33.,4.5119986421));
#590 = LINE('',#591,#592);
#591 = CARTESIAN_POINT('',(8.227871800426,-37.,4.5119986421));
#592 = VECTOR('',#593,1.);
#593 = DIRECTION('',(0.,-1.,2.22044604925E-16));
#594 = ORIENTED_EDGE('',*,*,#595,.T.);
#595 = EDGE_CURVE('',#588,#596,#598,.T.);
#596 = VERTEX_POINT('',#597);
#597 = CARTESIAN_POINT('',(7.521989599515,-33.,5.289374805963));
#598 = CIRCLE('',#599,10.65);
#599 = AXIS2_PLACEMENT_3D('',#600,#601,#602);
#600 = CARTESIAN_POINT('',(0.,-33.,-2.25));
#601 = DIRECTION('',(0.,-1.,2.22044604925E-16));
#602 = DIRECTION('',(1.,0.,0.));
#603 = ORIENTED_EDGE('',*,*,#604,.T.);
#604 = EDGE_CURVE('',#596,#605,#607,.T.);
#605 = VERTEX_POINT('',#606);
#606 = CARTESIAN_POINT('',(7.521989599515,-37.,5.289374805963));
#607 = LINE('',#608,#609);
#608 = CARTESIAN_POINT('',(7.521989599515,-37.,5.289374805963));
#609 = VECTOR('',#610,1.);
#610 = DIRECTION('',(0.,-1.,2.22044604925E-16));
#611 = ORIENTED_EDGE('',*,*,#612,.T.);
#612 = EDGE_CURVE('',#605,#613,#615,.T.);
#613 = VERTEX_POINT('',#614);
#614 = CARTESIAN_POINT('',(3.480321638008,-37.,7.81527999094));
#615 = CIRCLE('',#616,10.65);
#616 = AXIS2_PLACEMENT_3D('',#617,#618,#619);
#617 = CARTESIAN_POINT('',(0.,-37.,-2.25));
#618 = DIRECTION('',(0.,-1.,2.22044604925E-16));
#619 = DIRECTION('',(1.,0.,0.));
#620 = ORIENTED_EDGE('',*,*,#621,.F.);
#621 = EDGE_CURVE('',#622,#613,#624,.T.);
#622 = VERTEX_POINT('',#623);
#623 = CARTESIAN_POINT('',(3.480321638008,-33.,7.81527999094));
#624 = LINE('',#625,#626);
#625 = CARTESIAN_POINT('',(3.480321638008,-37.,7.81527999094));
#626 = VECTOR('',#627,1.);
#627 = DIRECTION('',(0.,-1.,2.22044604925E-16));
#628 = ORIENTED_EDGE('',*,*,#629,.T.);
#629 = EDGE_CURVE('',#622,#630,#632,.T.);
#630 = VERTEX_POINT('',#631);
#631 = CARTESIAN_POINT('',(2.492449689519,-33.,8.104235584784));
#632 = CIRCLE('',#633,10.65);
#633 = AXIS2_PLACEMENT_3D('',#634,#635,#636);
#634 = CARTESIAN_POINT('',(0.,-33.,-2.25));
#635 = DIRECTION('',(0.,-1.,2.22044604925E-16));
#636 = DIRECTION('',(1.,0.,0.));
#637 = ORIENTED_EDGE('',*,*,#638,.T.);
#638 = EDGE_CURVE('',#630,#639,#641,.T.);
#639 = VERTEX_POINT('',#640);
#640 = CARTESIAN_POINT('',(2.492449689519,-37.,8.104235584784));
#641 = LINE('',#642,#643);
#642 = CARTESIAN_POINT('',(2.492449689519,-37.,8.104235584784));
#643 = VECTOR('',#644,1.);
#644 = DIRECTION('',(0.,-1.,2.22044604925E-16));
#645 = ORIENTED_EDGE('',*,*,#646,.T.);
#646 = EDGE_CURVE('',#639,#647,#649,.T.);
#647 = VERTEX_POINT('',#648);
#648 = CARTESIAN_POINT('',(-0.948520075526,-37.,8.357676921283));
#649 = CIRCLE('',#650,10.65);
#650 = AXIS2_PLACEMENT_3D('',#651,#652,#653);
#651 = CARTESIAN_POINT('',(0.,-37.,-2.25));
#652 = DIRECTION('',(0.,-1.,2.22044604925E-16));
#653 = DIRECTION('',(1.,0.,0.));
#654 = ORIENTED_EDGE('',*,*,#655,.F.);
#655 = EDGE_CURVE('',#656,#647,#658,.T.);
#656 = VERTEX_POINT('',#657);
#657 = CARTESIAN_POINT('',(-0.948520075526,-33.,8.357676921283));
#658 = LINE('',#659,#660);
#659 = CARTESIAN_POINT('',(-0.948520075526,-37.,8.357676921283));
#660 = VECTOR('',#661,1.);
#661 = DIRECTION('',(0.,-1.,2.22044604925E-16));
#662 = ORIENTED_EDGE('',*,*,#663,.T.);
#663 = EDGE_CURVE('',#656,#664,#666,.T.);
#664 = VERTEX_POINT('',#665);
#665 = CARTESIAN_POINT('',(-2.016437864141,-33.,8.207364789471));
#666 = CIRCLE('',#667,10.65);
#667 = AXIS2_PLACEMENT_3D('',#668,#669,#670);
#668 = CARTESIAN_POINT('',(0.,-33.,-2.25));
#669 = DIRECTION('',(0.,-1.,2.22044604925E-16));
#670 = DIRECTION('',(1.,0.,0.));
#671 = ORIENTED_EDGE('',*,*,#672,.T.);
#672 = EDGE_CURVE('',#664,#673,#675,.T.);
#673 = VERTEX_POINT('',#674);
#674 = CARTESIAN_POINT('',(-2.016437864141,-37.,8.207364789471));
#675 = LINE('',#676,#677);
#676 = CARTESIAN_POINT('',(-2.016437864141,-37.,8.207364789471));
#677 = VECTOR('',#678,1.);
#678 = DIRECTION('',(0.,-1.,2.22044604925E-16));
#679 = ORIENTED_EDGE('',*,*,#680,.T.);
#680 = EDGE_CURVE('',#673,#681,#683,.T.);
#681 = VERTEX_POINT('',#682);
#682 = CARTESIAN_POINT('',(-6.39551158578,-37.,6.26586352381));
#683 = CIRCLE('',#684,10.65);
#684 = AXIS2_PLACEMENT_3D('',#685,#686,#687);
#685 = CARTESIAN_POINT('',(0.,-37.,-2.25));
#686 = DIRECTION('',(0.,-1.,2.22044604925E-16));
#687 = DIRECTION('',(1.,0.,0.));
#688 = ORIENTED_EDGE('',*,*,#689,.F.);
#689 = EDGE_CURVE('',#690,#681,#692,.T.);
#690 = VERTEX_POINT('',#691);
#691 = CARTESIAN_POINT('',(-6.39551158578,-33.,6.26586352381));
#692 = LINE('',#693,#694);
#693 = CARTESIAN_POINT('',(-6.39551158578,-37.,6.26586352381));
#694 = VECTOR('',#695,1.);
#695 = DIRECTION('',(0.,-1.,2.22044604925E-16));
#696 = ORIENTED_EDGE('',*,*,#697,.T.);
#697 = EDGE_CURVE('',#690,#698,#700,.T.);
#698 = VERTEX_POINT('',#699);
#699 = CARTESIAN_POINT('',(-7.176641141582,-33.,5.618819601754));
#700 = CIRCLE('',#701,10.65);
#701 = AXIS2_PLACEMENT_3D('',#702,#703,#704);
#702 = CARTESIAN_POINT('',(0.,-33.,-2.25));
#703 = DIRECTION('',(0.,-1.,2.22044604925E-16));
#704 = DIRECTION('',(1.,0.,0.));
#705 = ORIENTED_EDGE('',*,*,#706,.T.);
#706 = EDGE_CURVE('',#698,#707,#709,.T.);
#707 = VERTEX_POINT('',#708);
#708 = CARTESIAN_POINT('',(-7.176641141582,-37.,5.618819601754));
#709 = LINE('',#710,#711);
#710 = CARTESIAN_POINT('',(-7.176641141582,-37.,5.618819601754));
#711 = VECTOR('',#712,1.);
#712 = DIRECTION('',(0.,-1.,2.22044604925E-16));
#713 = ORIENTED_EDGE('',*,*,#714,.T.);
#714 = EDGE_CURVE('',#707,#715,#717,.T.);
#715 = VERTEX_POINT('',#716);
#716 = CARTESIAN_POINT('',(-9.821043007955,-37.,1.869419162443));
#717 = CIRCLE('',#718,10.65);
#718 = AXIS2_PLACEMENT_3D('',#719,#720,#721);
#719 = CARTESIAN_POINT('',(0.,-37.,-2.25));
#720 = DIRECTION('',(0.,-1.,2.22044604925E-16));
#721 = DIRECTION('',(1.,0.,0.));
#722 = ORIENTED_EDGE('',*,*,#723,.F.);
#723 = EDGE_CURVE('',#724,#715,#726,.T.);
#724 = VERTEX_POINT('',#725);
#725 = CARTESIAN_POINT('',(-9.821043007955,-33.,1.869419162443));
#726 = LINE('',#727,#728);
#727 = CARTESIAN_POINT('',(-9.821043007955,-37.,1.869419162443));
#728 = VECTOR('',#729,1.);
#729 = DIRECTION('',(0.,-1.,2.22044604925E-16));
#730 = ORIENTED_EDGE('',*,*,#731,.T.);
#731 = EDGE_CURVE('',#724,#732,#734,.T.);
#732 = VERTEX_POINT('',#733);
#733 = CARTESIAN_POINT('',(-10.18291333995,-33.,0.869419162443));
#734 = CIRCLE('',#735,10.65);
#735 = AXIS2_PLACEMENT_3D('',#736,#737,#738);
#736 = CARTESIAN_POINT('',(0.,-33.,-2.25));
#737 = DIRECTION('',(0.,-1.,2.22044604925E-16));
#738 = DIRECTION('',(1.,0.,0.));
#739 = ORIENTED_EDGE('',*,*,#740,.T.);
#740 = EDGE_CURVE('',#732,#741,#743,.T.);
#741 = VERTEX_POINT('',#742);
#742 = CARTESIAN_POINT('',(-10.18291333995,-37.,0.869419162443));
#743 = LINE('',#744,#745);
#744 = CARTESIAN_POINT('',(-10.18291333995,-37.,0.869419162443));
#745 = VECTOR('',#746,1.);
#746 = DIRECTION('',(0.,-1.,2.22044604925E-16));
#747 = ORIENTED_EDGE('',*,*,#748,.T.);
#748 = EDGE_CURVE('',#741,#749,#751,.T.);
#749 = VERTEX_POINT('',#750);
#750 = CARTESIAN_POINT('',(-10.52623067938,-37.,-3.868940296709));
#751 = CIRCLE('',#752,10.65);
#752 = AXIS2_PLACEMENT_3D('',#753,#754,#755);
#753 = CARTESIAN_POINT('',(0.,-37.,-2.25));
#754 = DIRECTION('',(0.,-1.,2.22044604925E-16));
#755 = DIRECTION('',(1.,0.,0.));
#756 = ORIENTED_EDGE('',*,*,#757,.F.);
#757 = EDGE_CURVE('',#758,#749,#760,.T.);
#758 = VERTEX_POINT('',#759);
#759 = CARTESIAN_POINT('',(-10.52623067938,-33.,-3.868940296709));
#760 = LINE('',#761,#762);
#761 = CARTESIAN_POINT('',(-10.52623067938,-37.,-3.868940296709));
#762 = VECTOR('',#763,1.);
#763 = DIRECTION('',(0.,-1.,2.22044604925E-16));
#764 = ORIENTED_EDGE('',*,*,#765,.T.);
#765 = EDGE_CURVE('',#758,#766,#768,.T.);
#766 = VERTEX_POINT('',#767);
#767 = CARTESIAN_POINT('',(-10.31664875864,-33.,-4.893720558371));
#768 = CIRCLE('',#769,10.65);
#769 = AXIS2_PLACEMENT_3D('',#770,#771,#772);
#770 = CARTESIAN_POINT('',(0.,-33.,-2.25));
#771 = DIRECTION('',(0.,-1.,2.22044604925E-16));
#772 = DIRECTION('',(1.,0.,0.));
#773 = ORIENTED_EDGE('',*,*,#774,.T.);
#774 = EDGE_CURVE('',#766,#775,#777,.T.);
#775 = VERTEX_POINT('',#776);
#776 = CARTESIAN_POINT('',(-10.31664875864,-37.,-4.893720558371));
#777 = LINE('',#778,#779);
#778 = CARTESIAN_POINT('',(-10.31664875864,-37.,-4.893720558371));
#779 = VECTOR('',#780,1.);
#780 = DIRECTION('',(0.,-1.,2.22044604925E-16));
#781 = ORIENTED_EDGE('',*,*,#782,.T.);
#782 = EDGE_CURVE('',#775,#783,#785,.T.);
#783 = VERTEX_POINT('',#784);
#784 = CARTESIAN_POINT('',(-7.720806208433,-37.,-9.58564254117));
#785 = CIRCLE('',#786,10.65);
#786 = AXIS2_PLACEMENT_3D('',#787,#788,#789);
#787 = CARTESIAN_POINT('',(0.,-37.,-2.25));
#788 = DIRECTION('',(0.,-1.,2.22044604925E-16));
#789 = DIRECTION('',(1.,0.,0.));
#790 = ORIENTED_EDGE('',*,*,#791,.F.);
#791 = EDGE_CURVE('',#792,#783,#794,.T.);
#792 = VERTEX_POINT('',#793);
#793 = CARTESIAN_POINT('',(-7.720806208433,-33.,-9.58564254117));
#794 = LINE('',#795,#796);
#795 = CARTESIAN_POINT('',(-7.720806208433,-37.,-9.58564254117));
#796 = VECTOR('',#797,1.);
#797 = DIRECTION('',(0.,-1.,2.22044604925E-16));
#798 = ORIENTED_EDGE('',*,*,#799,.T.);
#799 = EDGE_CURVE('',#792,#800,#802,.T.);
#800 = VERTEX_POINT('',#801);
#801 = CARTESIAN_POINT('',(-6.665158763854,-33.,-10.55651302609));
#802 = CIRCLE('',#803,10.65);
#803 = AXIS2_PLACEMENT_3D('',#804,#805,#806);
#804 = CARTESIAN_POINT('',(0.,-33.,-2.25));
#805 = DIRECTION('',(0.,-1.,2.22044604925E-16));
#806 = DIRECTION('',(1.,0.,0.));
#807 = ORIENTED_EDGE('',*,*,#808,.T.);
#808 = EDGE_CURVE('',#800,#809,#811,.T.);
#809 = VERTEX_POINT('',#810);
#810 = CARTESIAN_POINT('',(-6.665158763854,-37.,-10.55651302609));
#811 = LINE('',#812,#813);
#812 = CARTESIAN_POINT('',(-6.665158763854,-37.,-10.55651302609));
#813 = VECTOR('',#814,1.);
#814 = DIRECTION('',(0.,-1.,2.22044604925E-16));
#815 = ORIENTED_EDGE('',*,*,#816,.T.);
#816 = EDGE_CURVE('',#809,#817,#819,.T.);
#817 = VERTEX_POINT('',#818);
#818 = CARTESIAN_POINT('',(-2.768295310859,-37.,-12.53392148316));
#819 = CIRCLE('',#820,10.65);
#820 = AXIS2_PLACEMENT_3D('',#821,#822,#823);
#821 = CARTESIAN_POINT('',(0.,-37.,-2.25));
#822 = DIRECTION('',(0.,-1.,2.22044604925E-16));
#823 = DIRECTION('',(1.,0.,0.));
#824 = ORIENTED_EDGE('',*,*,#825,.F.);
#825 = EDGE_CURVE('',#826,#817,#828,.T.);
#826 = VERTEX_POINT('',#827);
#827 = CARTESIAN_POINT('',(-2.768295310859,-33.,-12.53392148316));
#828 = LINE('',#829,#830);
#829 = CARTESIAN_POINT('',(-2.768295310859,-37.,-12.53392148316));
#830 = VECTOR('',#831,1.);
#831 = DIRECTION('',(0.,-1.,2.22044604925E-16));
#832 = ORIENTED_EDGE('',*,*,#833,.T.);
#833 = EDGE_CURVE('',#826,#834,#836,.T.);
#834 = VERTEX_POINT('',#835);
#835 = CARTESIAN_POINT('',(-1.742126704201,-33.,-12.7565453193));
#836 = CIRCLE('',#837,10.65);
#837 = AXIS2_PLACEMENT_3D('',#838,#839,#840);
#838 = CARTESIAN_POINT('',(0.,-33.,-2.25));
#839 = DIRECTION('',(0.,-1.,2.22044604925E-16));
#840 = DIRECTION('',(1.,0.,0.));
#841 = ORIENTED_EDGE('',*,*,#842,.T.);
#842 = EDGE_CURVE('',#834,#843,#845,.T.);
#843 = VERTEX_POINT('',#844);
#844 = CARTESIAN_POINT('',(-1.742126704201,-37.,-12.7565453193));
#845 = LINE('',#846,#847);
#846 = CARTESIAN_POINT('',(-1.742126704201,-37.,-12.7565453193));
#847 = VECTOR('',#848,1.);
#848 = DIRECTION('',(0.,-1.,2.22044604925E-16));
#849 = ORIENTED_EDGE('',*,*,#850,.T.);
#850 = EDGE_CURVE('',#843,#851,#853,.T.);
#851 = VERTEX_POINT('',#852);
#852 = CARTESIAN_POINT('',(3.226277102125,-37.,-12.39956334333));
#853 = CIRCLE('',#854,10.65);
#854 = AXIS2_PLACEMENT_3D('',#855,#856,#857);
#855 = CARTESIAN_POINT('',(0.,-37.,-2.25));
#856 = DIRECTION('',(0.,-1.,2.22044604925E-16));
#857 = DIRECTION('',(1.,0.,0.));
#858 = ORIENTED_EDGE('',*,*,#859,.F.);
#859 = EDGE_CURVE('',#860,#851,#862,.T.);
#860 = VERTEX_POINT('',#861);
#861 = CARTESIAN_POINT('',(3.226277102125,-33.,-12.39956334333));
#862 = LINE('',#863,#864);
#863 = CARTESIAN_POINT('',(3.226277102125,-37.,-12.39956334333));
#864 = VECTOR('',#865,1.);
#865 = DIRECTION('',(0.,-1.,2.22044604925E-16));
#866 = ORIENTED_EDGE('',*,*,#867,.T.);
#867 = EDGE_CURVE('',#860,#868,#870,.T.);
#868 = VERTEX_POINT('',#869);
#869 = CARTESIAN_POINT('',(4.177198353891,-33.,-12.04660726538));
#870 = CIRCLE('',#871,10.65);
#871 = AXIS2_PLACEMENT_3D('',#872,#873,#874);
#872 = CARTESIAN_POINT('',(0.,-33.,-2.25));
#873 = DIRECTION('',(0.,-1.,2.22044604925E-16));
#874 = DIRECTION('',(1.,0.,0.));
#875 = ORIENTED_EDGE('',*,*,#876,.T.);
#876 = EDGE_CURVE('',#868,#877,#879,.T.);
#877 = VERTEX_POINT('',#878);
#878 = CARTESIAN_POINT('',(4.177198353891,-37.,-12.04660726538));
#879 = LINE('',#880,#881);
#880 = CARTESIAN_POINT('',(4.177198353891,-37.,-12.04660726538));
#881 = VECTOR('',#882,1.);
#882 = DIRECTION('',(0.,-1.,2.22044604925E-16));
#883 = ORIENTED_EDGE('',*,*,#884,.T.);
#884 = EDGE_CURVE('',#877,#885,#887,.T.);
#885 = VERTEX_POINT('',#886);
#886 = CARTESIAN_POINT('',(8.048124632252,-37.,-9.224968810234));
#887 = CIRCLE('',#888,10.65);
#888 = AXIS2_PLACEMENT_3D('',#889,#890,#891);
#889 = CARTESIAN_POINT('',(0.,-37.,-2.25));
#890 = DIRECTION('',(0.,-1.,2.22044604925E-16));
#891 = DIRECTION('',(1.,0.,0.));
#892 = ORIENTED_EDGE('',*,*,#893,.F.);
#893 = EDGE_CURVE('',#894,#885,#896,.T.);
#894 = VERTEX_POINT('',#895);
#895 = CARTESIAN_POINT('',(8.048124632252,-33.,-9.224968810234));
#896 = LINE('',#897,#898);
#897 = CARTESIAN_POINT('',(8.048124632252,-37.,-9.224968810234));
#898 = VECTOR('',#899,1.);
#899 = DIRECTION('',(0.,-1.,2.22044604925E-16));
#900 = ORIENTED_EDGE('',*,*,#901,.T.);
#901 = EDGE_CURVE('',#894,#902,#904,.T.);
#902 = VERTEX_POINT('',#903);
#903 = CARTESIAN_POINT('',(8.712257651206,-33.,-8.375280942047));
#904 = CIRCLE('',#905,10.65);
#905 = AXIS2_PLACEMENT_3D('',#906,#907,#908);
#906 = CARTESIAN_POINT('',(0.,-33.,-2.25));
#907 = DIRECTION('',(0.,-1.,2.22044604925E-16));
#908 = DIRECTION('',(1.,0.,0.));
#909 = ORIENTED_EDGE('',*,*,#910,.T.);
#910 = EDGE_CURVE('',#902,#911,#913,.T.);
#911 = VERTEX_POINT('',#912);
#912 = CARTESIAN_POINT('',(8.712257651206,-37.,-8.375280942047));
#913 = LINE('',#914,#915);
#914 = CARTESIAN_POINT('',(8.712257651206,-37.,-8.375280942047));
#915 = VECTOR('',#916,1.);
#916 = DIRECTION('',(0.,-1.,2.22044604925E-16));
#917 = ORIENTED_EDGE('',*,*,#918,.T.);
#918 = EDGE_CURVE('',#911,#919,#921,.T.);
#919 = VERTEX_POINT('',#920);
#920 = CARTESIAN_POINT('',(10.316648758645,-37.,-4.893720558371));
#921 = CIRCLE('',#922,10.65);
#922 = AXIS2_PLACEMENT_3D('',#923,#924,#925);
#923 = CARTESIAN_POINT('',(0.,-37.,-2.25));
#924 = DIRECTION('',(0.,-1.,2.22044604925E-16));
#925 = DIRECTION('',(1.,0.,0.));
#926 = ORIENTED_EDGE('',*,*,#927,.F.);
#927 = EDGE_CURVE('',#928,#919,#930,.T.);
#928 = VERTEX_POINT('',#929);
#929 = CARTESIAN_POINT('',(10.316648758645,-33.,-4.893720558371));
#930 = LINE('',#931,#932);
#931 = CARTESIAN_POINT('',(10.316648758645,-37.,-4.893720558371));
#932 = VECTOR('',#933,1.);
#933 = DIRECTION('',(0.,-1.,2.22044604925E-16));
#934 = ORIENTED_EDGE('',*,*,#935,.T.);
#935 = EDGE_CURVE('',#928,#936,#938,.T.);
#936 = VERTEX_POINT('',#937);
#937 = CARTESIAN_POINT('',(10.522389592008,-33.,-3.893720558371));
#938 = CIRCLE('',#939,10.65);
#939 = AXIS2_PLACEMENT_3D('',#940,#941,#942);
#940 = CARTESIAN_POINT('',(0.,-33.,-2.25));
#941 = DIRECTION('',(0.,-1.,2.22044604925E-16));
#942 = DIRECTION('',(1.,0.,0.));
#943 = ORIENTED_EDGE('',*,*,#944,.T.);
#944 = EDGE_CURVE('',#936,#945,#947,.T.);
#945 = VERTEX_POINT('',#946);
#946 = CARTESIAN_POINT('',(10.522389592008,-37.,-3.893720558371));
#947 = LINE('',#948,#949);
#948 = CARTESIAN_POINT('',(10.522389592008,-37.,-3.893720558371));
#949 = VECTOR('',#950,1.);
#950 = DIRECTION('',(0.,-1.,2.22044604925E-16));
#951 = ORIENTED_EDGE('',*,*,#952,.T.);
#952 = EDGE_CURVE('',#945,#537,#953,.T.);
#953 = CIRCLE('',#954,10.65);
#954 = AXIS2_PLACEMENT_3D('',#955,#956,#957);
#955 = CARTESIAN_POINT('',(0.,-37.,-2.25));
#956 = DIRECTION('',(0.,-1.,2.22044604925E-16));
#957 = DIRECTION('',(1.,0.,0.));
#958 = ORIENTED_EDGE('',*,*,#536,.F.);
#959 = CYLINDRICAL_SURFACE('',#960,10.65);
#960 = AXIS2_PLACEMENT_3D('',#961,#962,#963);
#961 = CARTESIAN_POINT('',(0.,-29.,-2.25));
#962 = DIRECTION('',(0.,1.,-2.22044604925E-16));
#963 = DIRECTION('',(1.,0.,0.));
#964 = ADVANCED_FACE('',(#965),#984,.F.);
#965 = FACE_BOUND('',#966,.T.);
#966 = EDGE_LOOP('',(#967,#975,#982,#983));
#967 = ORIENTED_EDGE('',*,*,#968,.T.);
#968 = EDGE_CURVE('',#234,#969,#971,.T.);
#969 = VERTEX_POINT('',#970);
#970 = CARTESIAN_POINT('',(1.1,-37.,12.));
#971 = LINE('',#972,#973);
#972 = CARTESIAN_POINT('',(1.1,-29.,12.));
#973 = VECTOR('',#974,1.);
#974 = DIRECTION('',(0.,-1.,2.22044604925E-16));
#975 = ORIENTED_EDGE('',*,*,#976,.T.);
#976 = EDGE_CURVE('',#969,#969,#977,.T.);
#977 = CIRCLE('',#978,1.1);
#978 = AXIS2_PLACEMENT_3D('',#979,#980,#981);
#979 = CARTESIAN_POINT('',(0.,-37.,12.));
#980 = DIRECTION('',(0.,-1.,2.22044604925E-16));
#981 = DIRECTION('',(1.,0.,0.));
#982 = ORIENTED_EDGE('',*,*,#968,.F.);
#983 = ORIENTED_EDGE('',*,*,#233,.F.);
#984 = CYLINDRICAL_SURFACE('',#985,1.1);
#985 = AXIS2_PLACEMENT_3D('',#986,#987,#988);
#986 = CARTESIAN_POINT('',(0.,-29.,12.));
#987 = DIRECTION('',(0.,1.,-2.22044604925E-16));
#988 = DIRECTION('',(1.,0.,0.));
#989 = ADVANCED_FACE('',(#990),#1009,.F.);
#990 = FACE_BOUND('',#991,.T.);
#991 = EDGE_LOOP('',(#992,#1000,#1007,#1008));
#992 = ORIENTED_EDGE('',*,*,#993,.T.);
#993 = EDGE_CURVE('',#245,#994,#996,.T.);
#994 = VERTEX_POINT('',#995);
#995 = CARTESIAN_POINT('',(10.85,-37.,-12.43565167281));
#996 = LINE('',#997,#998);
#997 = CARTESIAN_POINT('',(10.85,-29.,-12.43565167281));
#998 = VECTOR('',#999,1.);
#999 = DIRECTION('',(0.,-1.,2.22044604925E-16));
#1000 = ORIENTED_EDGE('',*,*,#1001,.T.);
#1001 = EDGE_CURVE('',#994,#994,#1002,.T.);
#1002 = CIRCLE('',#1003,1.1);
#1003 = AXIS2_PLACEMENT_3D('',#1004,#1005,#1006);
#1004 = CARTESIAN_POINT('',(9.75,-37.,-12.43565167281));
#1005 = DIRECTION('',(0.,-1.,2.22044604925E-16));
#1006 = DIRECTION('',(1.,0.,0.));
#1007 = ORIENTED_EDGE('',*,*,#993,.F.);
#1008 = ORIENTED_EDGE('',*,*,#244,.F.);
#1009 = CYLINDRICAL_SURFACE('',#1010,1.1);
#1010 = AXIS2_PLACEMENT_3D('',#1011,#1012,#1013);
#1011 = CARTESIAN_POINT('',(9.75,-29.,-12.43565167281));
#1012 = DIRECTION('',(0.,1.,-2.22044604925E-16));
#1013 = DIRECTION('',(1.,0.,0.));
#1014 = ADVANCED_FACE('',(#1015),#1034,.F.);
#1015 = FACE_BOUND('',#1016,.T.);
#1016 = EDGE_LOOP('',(#1017,#1025,#1032,#1033));
#1017 = ORIENTED_EDGE('',*,*,#1018,.T.);
#1018 = EDGE_CURVE('',#256,#1019,#1021,.T.);
#1019 = VERTEX_POINT('',#1020);
#1020 = CARTESIAN_POINT('',(-8.65,-37.,-12.43565167281));
#1021 = LINE('',#1022,#1023);
#1022 = CARTESIAN_POINT('',(-8.65,-29.,-12.43565167281));
#1023 = VECTOR('',#1024,1.);
#1024 = DIRECTION('',(0.,-1.,2.22044604925E-16));
#1025 = ORIENTED_EDGE('',*,*,#1026,.T.);
#1026 = EDGE_CURVE('',#1019,#1019,#1027,.T.);
#1027 = CIRCLE('',#1028,1.1);
#1028 = AXIS2_PLACEMENT_3D('',#1029,#1030,#1031);
#1029 = CARTESIAN_POINT('',(-9.75,-37.,-12.43565167281));
#1030 = DIRECTION('',(0.,-1.,2.22044604925E-16));
#1031 = DIRECTION('',(1.,0.,0.));
#1032 = ORIENTED_EDGE('',*,*,#1018,.F.);
#1033 = ORIENTED_EDGE('',*,*,#255,.F.);
#1034 = CYLINDRICAL_SURFACE('',#1035,1.1);
#1035 = AXIS2_PLACEMENT_3D('',#1036,#1037,#1038);
#1036 = CARTESIAN_POINT('',(-9.75,-29.,-12.43565167281));
#1037 = DIRECTION('',(0.,1.,-2.22044604925E-16));
#1038 = DIRECTION('',(1.,0.,0.));
#1039 = ADVANCED_FACE('',(#1040),#1065,.F.);
#1040 = FACE_BOUND('',#1041,.F.);
#1041 = EDGE_LOOP('',(#1042,#1050,#1058,#1064));
#1042 = ORIENTED_EDGE('',*,*,#1043,.T.);
#1043 = EDGE_CURVE('',#945,#1044,#1046,.T.);
#1044 = VERTEX_POINT('',#1045);
#1045 = CARTESIAN_POINT('',(9.452177826491,-37.,-3.893720558371));
#1046 = LINE('',#1047,#1048);
#1047 = CARTESIAN_POINT('',(4.726088913246,-37.,-3.893720558371));
#1048 = VECTOR('',#1049,1.);
#1049 = DIRECTION('',(-1.,0.,0.));
#1050 = ORIENTED_EDGE('',*,*,#1051,.T.);
#1051 = EDGE_CURVE('',#1044,#1052,#1054,.T.);
#1052 = VERTEX_POINT('',#1053);
#1053 = CARTESIAN_POINT('',(9.452177826491,-33.,-3.893720558371));
#1054 = LINE('',#1055,#1056);
#1055 = CARTESIAN_POINT('',(9.452177826491,-40.14,-3.893720558371));
#1056 = VECTOR('',#1057,1.);
#1057 = DIRECTION('',(0.,1.,0.));
#1058 = ORIENTED_EDGE('',*,*,#1059,.F.);
#1059 = EDGE_CURVE('',#936,#1052,#1060,.T.);
#1060 = LINE('',#1061,#1062);
#1061 = CARTESIAN_POINT('',(4.726088913246,-33.,-3.893720558371));
#1062 = VECTOR('',#1063,1.);
#1063 = DIRECTION('',(-1.,0.,0.));
#1064 = ORIENTED_EDGE('',*,*,#944,.T.);
#1065 = PLANE('',#1066);
#1066 = AXIS2_PLACEMENT_3D('',#1067,#1068,#1069);
#1067 = CARTESIAN_POINT('',(9.452177826491,-40.14,-3.893720558371));
#1068 = DIRECTION('',(0.,0.,-1.));
#1069 = DIRECTION('',(1.,0.,0.));
#1070 = ADVANCED_FACE('',(#1071,#1406,#1456,#1506,#1556,#1606,#1656,
    #1706),#1756,.T.);
#1071 = FACE_BOUND('',#1072,.T.);
#1072 = EDGE_LOOP('',(#1073,#1074,#1082,#1090,#1096,#1097,#1098,#1106,
    #1114,#1120,#1121,#1129,#1137,#1145,#1151,#1152,#1160,#1168,#1174,
    #1175,#1183,#1191,#1199,#1207,#1213,#1214,#1222,#1230,#1236,#1237,
    #1245,#1253,#1261,#1269,#1275,#1276,#1284,#1292,#1298,#1299,#1307,
    #1315,#1323,#1329,#1330,#1338,#1346,#1352,#1353,#1361,#1369,#1377,
    #1383,#1384,#1392,#1400));
#1073 = ORIENTED_EDGE('',*,*,#561,.F.);
#1074 = ORIENTED_EDGE('',*,*,#1075,.F.);
#1075 = EDGE_CURVE('',#1076,#554,#1078,.T.);
#1076 = VERTEX_POINT('',#1077);
#1077 = CARTESIAN_POINT('',(9.452177826491,-33.,0.869419162443));
#1078 = LINE('',#1079,#1080);
#1079 = CARTESIAN_POINT('',(6.101088913246,-33.,0.869419162443));
#1080 = VECTOR('',#1081,1.);
#1081 = DIRECTION('',(1.,0.,0.));
#1082 = ORIENTED_EDGE('',*,*,#1083,.F.);
#1083 = EDGE_CURVE('',#1084,#1076,#1086,.T.);
#1084 = VERTEX_POINT('',#1085);
#1085 = CARTESIAN_POINT('',(8.077177826491,-33.,-1.512150697964));
#1086 = LINE('',#1087,#1088);
#1087 = CARTESIAN_POINT('',(7.595281538248,-33.,-2.34681955318));
#1088 = VECTOR('',#1089,1.);
#1089 = DIRECTION('',(0.5,0.,0.866025403784));
#1090 = ORIENTED_EDGE('',*,*,#1091,.F.);
#1091 = EDGE_CURVE('',#1052,#1084,#1092,.T.);
#1092 = LINE('',#1093,#1094);
#1093 = CARTESIAN_POINT('',(7.227279658112,-33.,-4.008388907107E-02));
#1094 = VECTOR('',#1095,1.);
#1095 = DIRECTION('',(-0.5,0.,0.866025403784));
#1096 = ORIENTED_EDGE('',*,*,#1059,.F.);
#1097 = ORIENTED_EDGE('',*,*,#935,.F.);
#1098 = ORIENTED_EDGE('',*,*,#1099,.F.);
#1099 = EDGE_CURVE('',#1100,#928,#1102,.T.);
#1100 = VERTEX_POINT('',#1101);
#1101 = CARTESIAN_POINT('',(9.452177826491,-33.,-4.893720558371));
#1102 = LINE('',#1103,#1104);
#1103 = CARTESIAN_POINT('',(6.101088913246,-33.,-4.893720558371));
#1104 = VECTOR('',#1105,1.);
#1105 = DIRECTION('',(1.,0.,0.));
#1106 = ORIENTED_EDGE('',*,*,#1107,.F.);
#1107 = EDGE_CURVE('',#1108,#1100,#1110,.T.);
#1108 = VERTEX_POINT('',#1109);
#1109 = CARTESIAN_POINT('',(8.077177826491,-33.,-7.275290418778));
#1110 = LINE('',#1111,#1112);
#1111 = CARTESIAN_POINT('',(8.843037889194,-33.,-5.948781878689));
#1112 = VECTOR('',#1113,1.);
#1113 = DIRECTION('',(0.5,0.,0.866025403784));
#1114 = ORIENTED_EDGE('',*,*,#1115,.F.);
#1115 = EDGE_CURVE('',#902,#1108,#1116,.T.);
#1116 = LINE('',#1117,#1118);
#1117 = CARTESIAN_POINT('',(5.979523307166,-33.,-3.64204621458));
#1118 = VECTOR('',#1119,1.);
#1119 = DIRECTION('',(-0.5,0.,0.866025403784));
#1120 = ORIENTED_EDGE('',*,*,#901,.F.);
#1121 = ORIENTED_EDGE('',*,*,#1122,.F.);
#1122 = EDGE_CURVE('',#1123,#894,#1125,.T.);
#1123 = VERTEX_POINT('',#1124);
#1124 = CARTESIAN_POINT('',(7.211152422707,-33.,-7.775290418778));
#1125 = LINE('',#1126,#1127);
#1126 = CARTESIAN_POINT('',(5.800997903381,-33.,-5.332831144784));
#1127 = VECTOR('',#1128,1.);
#1128 = DIRECTION('',(0.5,0.,-0.866025403784));
#1129 = ORIENTED_EDGE('',*,*,#1130,.F.);
#1130 = EDGE_CURVE('',#1131,#1123,#1133,.T.);
#1131 = VERTEX_POINT('',#1132);
#1132 = CARTESIAN_POINT('',(4.461152422707,-33.,-7.775290418778));
#1133 = LINE('',#1134,#1135);
#1134 = CARTESIAN_POINT('',(3.605576211353,-33.,-7.775290418778));
#1135 = VECTOR('',#1136,1.);
#1136 = DIRECTION('',(1.,0.,0.));
#1137 = ORIENTED_EDGE('',*,*,#1138,.F.);
#1138 = EDGE_CURVE('',#1139,#1131,#1141,.T.);
#1139 = VERTEX_POINT('',#1140);
#1140 = CARTESIAN_POINT('',(3.086152422707,-33.,-10.15686027918));
#1141 = LINE('',#1142,#1143);
#1142 = CARTESIAN_POINT('',(5.099768836356,-33.,-6.669174343791));
#1143 = VECTOR('',#1144,1.);
#1144 = DIRECTION('',(0.5,0.,0.866025403784));
#1145 = ORIENTED_EDGE('',*,*,#1146,.F.);
#1146 = EDGE_CURVE('',#868,#1139,#1147,.T.);
#1147 = LINE('',#1148,#1149);
#1148 = CARTESIAN_POINT('',(0.988497903381,-33.,-6.523616074987));
#1149 = VECTOR('',#1150,1.);
#1150 = DIRECTION('',(-0.5,0.,0.866025403784));
#1151 = ORIENTED_EDGE('',*,*,#867,.F.);
#1152 = ORIENTED_EDGE('',*,*,#1153,.F.);
#1153 = EDGE_CURVE('',#1154,#860,#1156,.T.);
#1154 = VERTEX_POINT('',#1155);
#1155 = CARTESIAN_POINT('',(2.220127018922,-33.,-10.65686027918));
#1156 = LINE('',#1157,#1158);
#1157 = CARTESIAN_POINT('',(0.809972499597,-33.,-8.214401005191));
#1158 = VECTOR('',#1159,1.);
#1159 = DIRECTION('',(0.5,0.,-0.866025403784));
#1160 = ORIENTED_EDGE('',*,*,#1161,.F.);
#1161 = EDGE_CURVE('',#1162,#1154,#1164,.T.);
#1162 = VERTEX_POINT('',#1163);
#1163 = CARTESIAN_POINT('',(-0.529872981078,-33.,-10.65686027918));
#1164 = LINE('',#1165,#1166);
#1165 = CARTESIAN_POINT('',(1.110063509461,-33.,-10.65686027918));
#1166 = VECTOR('',#1167,1.);
#1167 = DIRECTION('',(1.,0.,0.));
#1168 = ORIENTED_EDGE('',*,*,#1169,.F.);
#1169 = EDGE_CURVE('',#834,#1162,#1170,.T.);
#1170 = LINE('',#1171,#1172);
#1171 = CARTESIAN_POINT('',(1.356499783517,-33.,-7.389566808893));
#1172 = VECTOR('',#1173,1.);
#1173 = DIRECTION('',(0.5,0.,0.866025403784));
#1174 = ORIENTED_EDGE('',*,*,#833,.F.);
#1175 = ORIENTED_EDGE('',*,*,#1176,.F.);
#1176 = EDGE_CURVE('',#1177,#826,#1179,.T.);
#1177 = VERTEX_POINT('',#1178);
#1178 = CARTESIAN_POINT('',(-1.395898384862,-33.,-10.15686027918));
#1179 = LINE('',#1180,#1181);
#1180 = CARTESIAN_POINT('',(-0.197025620267,-33.,-8.080351739096));
#1181 = VECTOR('',#1182,1.);
#1182 = DIRECTION('',(-0.5,0.,-0.866025403784));
#1183 = ORIENTED_EDGE('',*,*,#1184,.F.);
#1184 = EDGE_CURVE('',#1185,#1177,#1187,.T.);
#1185 = VERTEX_POINT('',#1186);
#1186 = CARTESIAN_POINT('',(-2.770898384862,-33.,-7.775290418778));
#1187 = LINE('',#1188,#1189);
#1188 = CARTESIAN_POINT('',(-2.933296553242,-33.,-7.494008540089));
#1189 = VECTOR('',#1190,1.);
#1190 = DIRECTION('',(0.5,0.,-0.866025403784));
#1191 = ORIENTED_EDGE('',*,*,#1192,.F.);
#1192 = EDGE_CURVE('',#1193,#1185,#1195,.T.);
#1193 = VERTEX_POINT('',#1194);
#1194 = CARTESIAN_POINT('',(-5.520898384862,-33.,-7.775290418778));
#1195 = LINE('',#1196,#1197);
#1196 = CARTESIAN_POINT('',(-1.385449192431,-33.,-7.775290418778));
#1197 = VECTOR('',#1198,1.);
#1198 = DIRECTION('',(1.,0.,0.));
#1199 = ORIENTED_EDGE('',*,*,#1200,.F.);
#1200 = EDGE_CURVE('',#1201,#1193,#1203,.T.);
#1201 = VERTEX_POINT('',#1202);
#1202 = CARTESIAN_POINT('',(-6.895898384862,-33.,-10.15686027918));
#1203 = LINE('',#1204,#1205);
#1204 = CARTESIAN_POINT('',(-3.634525620267,-33.,-4.507996948486));
#1205 = VECTOR('',#1206,1.);
#1206 = DIRECTION('',(0.5,0.,0.866025403784));
#1207 = ORIENTED_EDGE('',*,*,#1208,.F.);
#1208 = EDGE_CURVE('',#800,#1201,#1209,.T.);
#1209 = LINE('',#1210,#1211);
#1210 = CARTESIAN_POINT('',(-7.745796553242,-33.,-8.684793470293));
#1211 = VECTOR('',#1212,1.);
#1212 = DIRECTION('',(-0.5,0.,0.866025403784));
#1213 = ORIENTED_EDGE('',*,*,#799,.F.);
#1214 = ORIENTED_EDGE('',*,*,#1215,.F.);
#1215 = EDGE_CURVE('',#1216,#792,#1218,.T.);
#1216 = VERTEX_POINT('',#1217);
#1217 = CARTESIAN_POINT('',(-6.386923788647,-33.,-7.275290418778));
#1218 = LINE('',#1219,#1220);
#1219 = CARTESIAN_POINT('',(-5.188051024052,-33.,-5.198781878689));
#1220 = VECTOR('',#1221,1.);
#1221 = DIRECTION('',(-0.5,0.,-0.866025403784));
#1222 = ORIENTED_EDGE('',*,*,#1223,.F.);
#1223 = EDGE_CURVE('',#1224,#1216,#1226,.T.);
#1224 = VERTEX_POINT('',#1225);
#1225 = CARTESIAN_POINT('',(-7.761923788647,-33.,-4.893720558371));
#1226 = LINE('',#1227,#1228);
#1227 = CARTESIAN_POINT('',(-6.67656560608,-33.,-6.773616074987));
#1228 = VECTOR('',#1229,1.);
#1229 = DIRECTION('',(0.5,0.,-0.866025403784));
#1230 = ORIENTED_EDGE('',*,*,#1231,.F.);
#1231 = EDGE_CURVE('',#766,#1224,#1232,.T.);
#1232 = LINE('',#1233,#1234);
#1233 = CARTESIAN_POINT('',(-3.880961894323,-33.,-4.893720558371));
#1234 = VECTOR('',#1235,1.);
#1235 = DIRECTION('',(1.,0.,0.));
#1236 = ORIENTED_EDGE('',*,*,#765,.F.);
#1237 = ORIENTED_EDGE('',*,*,#1238,.F.);
#1238 = EDGE_CURVE('',#1239,#758,#1241,.T.);
#1239 = VERTEX_POINT('',#1240);
#1240 = CARTESIAN_POINT('',(-10.51192378864,-33.,-3.893720558371));
#1241 = LINE('',#1242,#1243);
#1242 = CARTESIAN_POINT('',(-10.24130925513,-33.,-4.362438679682));
#1243 = VECTOR('',#1244,1.);
#1244 = DIRECTION('',(-0.5,0.,0.866025403784));
#1245 = ORIENTED_EDGE('',*,*,#1246,.F.);
#1246 = EDGE_CURVE('',#1247,#1239,#1249,.T.);
#1247 = VERTEX_POINT('',#1248);
#1248 = CARTESIAN_POINT('',(-7.761923788647,-33.,-3.893720558371));
#1249 = LINE('',#1250,#1251);
#1250 = CARTESIAN_POINT('',(-5.255961894323,-33.,-3.893720558371));
#1251 = VECTOR('',#1252,1.);
#1252 = DIRECTION('',(-1.,0.,0.));
#1253 = ORIENTED_EDGE('',*,*,#1254,.F.);
#1254 = EDGE_CURVE('',#1255,#1247,#1257,.T.);
#1255 = VERTEX_POINT('',#1256);
#1256 = CARTESIAN_POINT('',(-6.386923788647,-33.,-1.512150697964));
#1257 = LINE('',#1258,#1259);
#1258 = CARTESIAN_POINT('',(-6.435807374998,-33.,-1.59681955318));
#1259 = VECTOR('',#1260,1.);
#1260 = DIRECTION('',(-0.5,0.,-0.866025403784));
#1261 = ORIENTED_EDGE('',*,*,#1262,.F.);
#1262 = EDGE_CURVE('',#1263,#1255,#1265,.T.);
#1263 = VERTEX_POINT('',#1264);
#1264 = CARTESIAN_POINT('',(-7.761923788647,-33.,0.869419162443));
#1265 = LINE('',#1266,#1267);
#1266 = CARTESIAN_POINT('',(-5.428809255134,-33.,-3.171653749478));
#1267 = VECTOR('',#1268,1.);
#1268 = DIRECTION('',(0.5,0.,-0.866025403784));
#1269 = ORIENTED_EDGE('',*,*,#1270,.F.);
#1270 = EDGE_CURVE('',#732,#1263,#1271,.T.);
#1271 = LINE('',#1272,#1273);
#1272 = CARTESIAN_POINT('',(-3.880961894323,-33.,0.869419162443));
#1273 = VECTOR('',#1274,1.);
#1274 = DIRECTION('',(1.,0.,0.));
#1275 = ORIENTED_EDGE('',*,*,#731,.F.);
#1276 = ORIENTED_EDGE('',*,*,#1277,.F.);
#1277 = EDGE_CURVE('',#1278,#724,#1280,.T.);
#1278 = VERTEX_POINT('',#1279);
#1279 = CARTESIAN_POINT('',(-7.761923788647,-33.,1.869419162443));
#1280 = LINE('',#1281,#1282);
#1281 = CARTESIAN_POINT('',(-5.255961894323,-33.,1.869419162443));
#1282 = VECTOR('',#1283,1.);
#1283 = DIRECTION('',(-1.,0.,0.));
#1284 = ORIENTED_EDGE('',*,*,#1285,.F.);
#1285 = EDGE_CURVE('',#1286,#1278,#1288,.T.);
#1286 = VERTEX_POINT('',#1287);
#1287 = CARTESIAN_POINT('',(-6.386923788647,-33.,4.25098902285));
#1288 = LINE('',#1289,#1290);
#1289 = CARTESIAN_POINT('',(-7.683563725944,-33.,2.005142772329));
#1290 = VECTOR('',#1291,1.);
#1291 = DIRECTION('',(-0.5,0.,-0.866025403784));
#1292 = ORIENTED_EDGE('',*,*,#1293,.F.);
#1293 = EDGE_CURVE('',#698,#1286,#1294,.T.);
#1294 = LINE('',#1295,#1296);
#1295 = CARTESIAN_POINT('',(-4.181052904188,-33.,0.430308576031));
#1296 = VECTOR('',#1297,1.);
#1297 = DIRECTION('',(0.5,0.,-0.866025403784));
#1298 = ORIENTED_EDGE('',*,*,#697,.F.);
#1299 = ORIENTED_EDGE('',*,*,#1300,.F.);
#1300 = EDGE_CURVE('',#1301,#690,#1303,.T.);
#1301 = VERTEX_POINT('',#1302);
#1302 = CARTESIAN_POINT('',(-5.520898384862,-33.,4.75098902285));
#1303 = LINE('',#1304,#1305);
#1304 = CARTESIAN_POINT('',(-4.002527500403,-33.,2.121093506234));
#1305 = VECTOR('',#1306,1.);
#1306 = DIRECTION('',(-0.5,0.,0.866025403784));
#1307 = ORIENTED_EDGE('',*,*,#1308,.F.);
#1308 = EDGE_CURVE('',#1309,#1301,#1311,.T.);
#1309 = VERTEX_POINT('',#1310);
#1310 = CARTESIAN_POINT('',(-2.770898384862,-33.,4.75098902285));
#1311 = LINE('',#1312,#1313);
#1312 = CARTESIAN_POINT('',(-2.760449192431,-33.,4.75098902285));
#1313 = VECTOR('',#1314,1.);
#1314 = DIRECTION('',(-1.,0.,-1.6E-16));
#1315 = ORIENTED_EDGE('',*,*,#1316,.F.);
#1316 = EDGE_CURVE('',#1317,#1309,#1319,.T.);
#1317 = VERTEX_POINT('',#1318);
#1318 = CARTESIAN_POINT('',(-1.395898384862,-33.,7.132558883258));
#1319 = LINE('',#1320,#1321);
#1320 = CARTESIAN_POINT('',(-3.940294673106,-33.,2.725535237431));
#1321 = VECTOR('',#1322,1.);
#1322 = DIRECTION('',(-0.5,0.,-0.866025403784));
#1323 = ORIENTED_EDGE('',*,*,#1324,.F.);
#1324 = EDGE_CURVE('',#664,#1317,#1325,.T.);
#1325 = LINE('',#1326,#1327);
#1326 = CARTESIAN_POINT('',(0.809972499597,-33.,3.311878436438));
#1327 = VECTOR('',#1328,1.);
#1328 = DIRECTION('',(0.5,0.,-0.866025403784));
#1329 = ORIENTED_EDGE('',*,*,#663,.F.);
#1330 = ORIENTED_EDGE('',*,*,#1331,.F.);
#1331 = EDGE_CURVE('',#1332,#656,#1334,.T.);
#1332 = VERTEX_POINT('',#1333);
#1333 = CARTESIAN_POINT('',(-0.529872981078,-33.,7.632558883258));
#1334 = LINE('',#1335,#1336);
#1335 = CARTESIAN_POINT('',(0.988497903381,-33.,5.002663366642));
#1336 = VECTOR('',#1337,1.);
#1337 = DIRECTION('',(-0.5,0.,0.866025403784));
#1338 = ORIENTED_EDGE('',*,*,#1339,.F.);
#1339 = EDGE_CURVE('',#1340,#1332,#1342,.T.);
#1340 = VERTEX_POINT('',#1341);
#1341 = CARTESIAN_POINT('',(2.220127018922,-33.,7.632558883258));
#1342 = LINE('',#1343,#1344);
#1343 = CARTESIAN_POINT('',(-0.264936490539,-33.,7.632558883258));
#1344 = VECTOR('',#1345,1.);
#1345 = DIRECTION('',(-1.,0.,0.));
#1346 = ORIENTED_EDGE('',*,*,#1347,.F.);
#1347 = EDGE_CURVE('',#630,#1340,#1348,.T.);
#1348 = LINE('',#1349,#1350);
#1349 = CARTESIAN_POINT('',(-0.197025620267,-33.,3.445927702532));
#1350 = VECTOR('',#1351,1.);
#1351 = DIRECTION('',(-0.5,0.,-0.866025403784));
#1352 = ORIENTED_EDGE('',*,*,#629,.F.);
#1353 = ORIENTED_EDGE('',*,*,#1354,.F.);
#1354 = EDGE_CURVE('',#1355,#622,#1357,.T.);
#1355 = VERTEX_POINT('',#1356);
#1356 = CARTESIAN_POINT('',(3.086152422707,-33.,7.132558883258));
#1357 = LINE('',#1358,#1359);
#1358 = CARTESIAN_POINT('',(1.356499783517,-33.,4.136712632736));
#1359 = VECTOR('',#1360,1.);
#1360 = DIRECTION('',(0.5,0.,0.866025403784));
#1361 = ORIENTED_EDGE('',*,*,#1362,.F.);
#1362 = EDGE_CURVE('',#1363,#1355,#1365,.T.);
#1363 = VERTEX_POINT('',#1364);
#1364 = CARTESIAN_POINT('',(4.461152422707,-33.,4.75098902285));
#1365 = LINE('',#1366,#1367);
#1366 = CARTESIAN_POINT('',(4.731766956219,-33.,4.28227090154));
#1367 = VECTOR('',#1368,1.);
#1368 = DIRECTION('',(-0.5,0.,0.866025403784));
#1369 = ORIENTED_EDGE('',*,*,#1370,.F.);
#1370 = EDGE_CURVE('',#1371,#1363,#1373,.T.);
#1371 = VERTEX_POINT('',#1372);
#1372 = CARTESIAN_POINT('',(7.211152422707,-33.,4.75098902285));
#1373 = LINE('',#1374,#1375);
#1374 = CARTESIAN_POINT('',(2.230576211353,-33.,4.75098902285));
#1375 = VECTOR('',#1376,1.);
#1376 = DIRECTION('',(-1.,0.,-1.6E-16));
#1377 = ORIENTED_EDGE('',*,*,#1378,.F.);
#1378 = EDGE_CURVE('',#596,#1371,#1379,.T.);
#1379 = LINE('',#1380,#1381);
#1380 = CARTESIAN_POINT('',(4.793999783517,-33.,0.564357842125));
#1381 = VECTOR('',#1382,1.);
#1382 = DIRECTION('',(-0.5,0.,-0.866025403784));
#1383 = ORIENTED_EDGE('',*,*,#595,.F.);
#1384 = ORIENTED_EDGE('',*,*,#1385,.F.);
#1385 = EDGE_CURVE('',#1386,#588,#1388,.T.);
#1386 = VERTEX_POINT('',#1387);
#1387 = CARTESIAN_POINT('',(8.077177826491,-33.,4.25098902285));
#1388 = LINE('',#1389,#1390);
#1389 = CARTESIAN_POINT('',(6.347525187302,-33.,1.255142772329));
#1390 = VECTOR('',#1391,1.);
#1391 = DIRECTION('',(0.5,0.,0.866025403784));
#1392 = ORIENTED_EDGE('',*,*,#1393,.F.);
#1393 = EDGE_CURVE('',#1394,#1386,#1396,.T.);
#1394 = VERTEX_POINT('',#1395);
#1395 = CARTESIAN_POINT('',(9.452177826491,-33.,1.869419162443));
#1396 = LINE('',#1397,#1398);
#1397 = CARTESIAN_POINT('',(8.475036009058,-33.,3.561878436438));
#1398 = VECTOR('',#1399,1.);
#1399 = DIRECTION('',(-0.5,0.,0.866025403784));
#1400 = ORIENTED_EDGE('',*,*,#1401,.F.);
#1401 = EDGE_CURVE('',#562,#1394,#1402,.T.);
#1402 = LINE('',#1403,#1404);
#1403 = CARTESIAN_POINT('',(4.726088913246,-33.,1.869419162443));
#1404 = VECTOR('',#1405,1.);
#1405 = DIRECTION('',(-1.,0.,0.));
#1406 = FACE_BOUND('',#1407,.T.);
#1407 = EDGE_LOOP('',(#1408,#1418,#1426,#1434,#1442,#1450));
#1408 = ORIENTED_EDGE('',*,*,#1409,.F.);
#1409 = EDGE_CURVE('',#1410,#1412,#1414,.T.);
#1410 = VERTEX_POINT('',#1411);
#1411 = CARTESIAN_POINT('',(-2.770898384862,-33.,-2.012150697964));
#1412 = VERTEX_POINT('',#1413);
#1413 = CARTESIAN_POINT('',(-1.395898384862,-33.,-4.393720558371));
#1414 = LINE('',#1415,#1416);
#1415 = CARTESIAN_POINT('',(-1.685540202296,-33.,-3.89204621458));
#1416 = VECTOR('',#1417,1.);
#1417 = DIRECTION('',(0.5,0.,-0.866025403784));
#1418 = ORIENTED_EDGE('',*,*,#1419,.F.);
#1419 = EDGE_CURVE('',#1420,#1410,#1422,.T.);
#1420 = VERTEX_POINT('',#1421);
#1421 = CARTESIAN_POINT('',(-5.520898384862,-33.,-2.012150697964));
#1422 = LINE('',#1423,#1424);
#1423 = CARTESIAN_POINT('',(-1.385449192431,-33.,-2.012150697964));
#1424 = VECTOR('',#1425,1.);
#1425 = DIRECTION('',(1.,0.,0.));
#1426 = ORIENTED_EDGE('',*,*,#1427,.F.);
#1427 = EDGE_CURVE('',#1428,#1420,#1430,.T.);
#1428 = VERTEX_POINT('',#1429);
#1429 = CARTESIAN_POINT('',(-6.895898384862,-33.,-4.393720558371));
#1430 = LINE('',#1431,#1432);
#1431 = CARTESIAN_POINT('',(-4.882281971213,-33.,-0.906034622977));
#1432 = VECTOR('',#1433,1.);
#1433 = DIRECTION('',(0.5,0.,0.866025403784));
#1434 = ORIENTED_EDGE('',*,*,#1435,.F.);
#1435 = EDGE_CURVE('',#1436,#1428,#1438,.T.);
#1436 = VERTEX_POINT('',#1437);
#1437 = CARTESIAN_POINT('',(-5.520898384862,-33.,-6.775290418778));
#1438 = LINE('',#1439,#1440);
#1439 = CARTESIAN_POINT('',(-6.498040202296,-33.,-5.082831144784));
#1440 = VECTOR('',#1441,1.);
#1441 = DIRECTION('',(-0.5,0.,0.866025403784));
#1442 = ORIENTED_EDGE('',*,*,#1443,.F.);
#1443 = EDGE_CURVE('',#1444,#1436,#1446,.T.);
#1444 = VERTEX_POINT('',#1445);
#1445 = CARTESIAN_POINT('',(-2.770898384862,-33.,-6.775290418778));
#1446 = LINE('',#1447,#1448);
#1447 = CARTESIAN_POINT('',(-2.760449192431,-33.,-6.775290418778));
#1448 = VECTOR('',#1449,1.);
#1449 = DIRECTION('',(-1.,0.,-1.6E-16));
#1450 = ORIENTED_EDGE('',*,*,#1451,.F.);
#1451 = EDGE_CURVE('',#1412,#1444,#1452,.T.);
#1452 = LINE('',#1453,#1454);
#1453 = CARTESIAN_POINT('',(-1.444781971213,-33.,-4.478389413587));
#1454 = VECTOR('',#1455,1.);
#1455 = DIRECTION('',(-0.5,0.,-0.866025403784));
#1456 = FACE_BOUND('',#1457,.T.);
#1457 = EDGE_LOOP('',(#1458,#1468,#1476,#1484,#1492,#1500));
#1458 = ORIENTED_EDGE('',*,*,#1459,.F.);
#1459 = EDGE_CURVE('',#1460,#1462,#1464,.T.);
#1460 = VERTEX_POINT('',#1461);
#1461 = CARTESIAN_POINT('',(2.220127018922,-33.,-4.893720558371));
#1462 = VERTEX_POINT('',#1463);
#1463 = CARTESIAN_POINT('',(3.595127018922,-33.,-7.275290418778));
#1464 = LINE('',#1465,#1466);
#1465 = CARTESIAN_POINT('',(2.057728850543,-33.,-4.612438679682));
#1466 = VECTOR('',#1467,1.);
#1467 = DIRECTION('',(0.5,0.,-0.866025403784));
#1468 = ORIENTED_EDGE('',*,*,#1469,.F.);
#1469 = EDGE_CURVE('',#1470,#1460,#1472,.T.);
#1470 = VERTEX_POINT('',#1471);
#1471 = CARTESIAN_POINT('',(-0.529872981078,-33.,-4.893720558371));
#1472 = LINE('',#1473,#1474);
#1473 = CARTESIAN_POINT('',(1.110063509461,-33.,-4.893720558371));
#1474 = VECTOR('',#1475,1.);
#1475 = DIRECTION('',(1.,0.,0.));
#1476 = ORIENTED_EDGE('',*,*,#1477,.F.);
#1477 = EDGE_CURVE('',#1478,#1470,#1480,.T.);
#1478 = VERTEX_POINT('',#1479);
#1479 = CARTESIAN_POINT('',(-1.904872981078,-33.,-7.275290418778));
#1480 = LINE('',#1481,#1482);
#1481 = CARTESIAN_POINT('',(0.108743432571,-33.,-3.787604483384));
#1482 = VECTOR('',#1483,1.);
#1483 = DIRECTION('',(0.5,0.,0.866025403784));
#1484 = ORIENTED_EDGE('',*,*,#1485,.F.);
#1485 = EDGE_CURVE('',#1486,#1478,#1488,.T.);
#1486 = VERTEX_POINT('',#1487);
#1487 = CARTESIAN_POINT('',(-0.529872981078,-33.,-9.656860279186));
#1488 = LINE('',#1489,#1490);
#1489 = CARTESIAN_POINT('',(-2.754771149457,-33.,-5.803223609885));
#1490 = VECTOR('',#1491,1.);
#1491 = DIRECTION('',(-0.5,0.,0.866025403784));
#1492 = ORIENTED_EDGE('',*,*,#1493,.F.);
#1493 = EDGE_CURVE('',#1494,#1486,#1496,.T.);
#1494 = VERTEX_POINT('',#1495);
#1495 = CARTESIAN_POINT('',(2.220127018922,-33.,-9.656860279186));
#1496 = LINE('',#1497,#1498);
#1497 = CARTESIAN_POINT('',(-0.264936490539,-33.,-9.656860279186));
#1498 = VECTOR('',#1499,1.);
#1499 = DIRECTION('',(-1.,0.,0.));
#1500 = ORIENTED_EDGE('',*,*,#1501,.F.);
#1501 = EDGE_CURVE('',#1462,#1494,#1502,.T.);
#1502 = LINE('',#1503,#1504);
#1503 = CARTESIAN_POINT('',(3.546243432571,-33.,-7.359959273995));
#1504 = VECTOR('',#1505,1.);
#1505 = DIRECTION('',(-0.5,0.,-0.866025403784));
#1506 = FACE_BOUND('',#1507,.T.);
#1507 = EDGE_LOOP('',(#1508,#1518,#1526,#1534,#1542,#1550));
#1508 = ORIENTED_EDGE('',*,*,#1509,.F.);
#1509 = EDGE_CURVE('',#1510,#1512,#1514,.T.);
#1510 = VERTEX_POINT('',#1511);
#1511 = CARTESIAN_POINT('',(2.220127018922,-33.,0.869419162443));
#1512 = VERTEX_POINT('',#1513);
#1513 = CARTESIAN_POINT('',(3.595127018922,-33.,-1.512150697964));
#1514 = LINE('',#1515,#1516);
#1515 = CARTESIAN_POINT('',(3.305485201489,-33.,-1.010476354173));
#1516 = VECTOR('',#1517,1.);
#1517 = DIRECTION('',(0.5,0.,-0.866025403784));
#1518 = ORIENTED_EDGE('',*,*,#1519,.F.);
#1519 = EDGE_CURVE('',#1520,#1510,#1522,.T.);
#1520 = VERTEX_POINT('',#1521);
#1521 = CARTESIAN_POINT('',(-0.529872981078,-33.,0.869419162443));
#1522 = LINE('',#1523,#1524);
#1523 = CARTESIAN_POINT('',(1.110063509461,-33.,0.869419162443));
#1524 = VECTOR('',#1525,1.);
#1525 = DIRECTION('',(1.,0.,0.));
#1526 = ORIENTED_EDGE('',*,*,#1527,.F.);
#1527 = EDGE_CURVE('',#1528,#1520,#1530,.T.);
#1528 = VERTEX_POINT('',#1529);
#1529 = CARTESIAN_POINT('',(-1.904872981078,-33.,-1.512150697964));
#1530 = LINE('',#1531,#1532);
#1531 = CARTESIAN_POINT('',(-1.139012918375,-33.,-0.185642157875));
#1532 = VECTOR('',#1533,1.);
#1533 = DIRECTION('',(0.5,0.,0.866025403784));
#1534 = ORIENTED_EDGE('',*,*,#1535,.F.);
#1535 = EDGE_CURVE('',#1536,#1528,#1538,.T.);
#1536 = VERTEX_POINT('',#1537);
#1537 = CARTESIAN_POINT('',(-0.529872981078,-33.,-3.893720558371));
#1538 = LINE('',#1539,#1540);
#1539 = CARTESIAN_POINT('',(-1.507014798511,-33.,-2.201261284376));
#1540 = VECTOR('',#1541,1.);
#1541 = DIRECTION('',(-0.5,0.,0.866025403784));
#1542 = ORIENTED_EDGE('',*,*,#1543,.F.);
#1543 = EDGE_CURVE('',#1544,#1536,#1546,.T.);
#1544 = VERTEX_POINT('',#1545);
#1545 = CARTESIAN_POINT('',(2.220127018922,-33.,-3.893720558371));
#1546 = LINE('',#1547,#1548);
#1547 = CARTESIAN_POINT('',(-0.264936490539,-33.,-3.893720558371));
#1548 = VECTOR('',#1549,1.);
#1549 = DIRECTION('',(-1.,0.,0.));
#1550 = ORIENTED_EDGE('',*,*,#1551,.F.);
#1551 = EDGE_CURVE('',#1512,#1544,#1552,.T.);
#1552 = LINE('',#1553,#1554);
#1553 = CARTESIAN_POINT('',(2.298487081625,-33.,-3.757996948486));
#1554 = VECTOR('',#1555,1.);
#1555 = DIRECTION('',(-0.5,0.,-0.866025403784));
#1556 = FACE_BOUND('',#1557,.T.);
#1557 = EDGE_LOOP('',(#1558,#1568,#1576,#1584,#1592,#1600));
#1558 = ORIENTED_EDGE('',*,*,#1559,.F.);
#1559 = EDGE_CURVE('',#1560,#1562,#1564,.T.);
#1560 = VERTEX_POINT('',#1561);
#1561 = CARTESIAN_POINT('',(-2.770898384862,-33.,3.75098902285));
#1562 = VERTEX_POINT('',#1563);
#1563 = CARTESIAN_POINT('',(-1.395898384862,-33.,1.369419162443));
#1564 = LINE('',#1565,#1566);
#1565 = CARTESIAN_POINT('',(-0.437783851349,-33.,-0.290083889071));
#1566 = VECTOR('',#1567,1.);
#1567 = DIRECTION('',(0.5,0.,-0.866025403784));
#1568 = ORIENTED_EDGE('',*,*,#1569,.F.);
#1569 = EDGE_CURVE('',#1570,#1560,#1572,.T.);
#1570 = VERTEX_POINT('',#1571);
#1571 = CARTESIAN_POINT('',(-5.520898384862,-33.,3.75098902285));
#1572 = LINE('',#1573,#1574);
#1573 = CARTESIAN_POINT('',(-1.385449192431,-33.,3.75098902285));
#1574 = VECTOR('',#1575,1.);
#1575 = DIRECTION('',(1.,0.,0.));
#1576 = ORIENTED_EDGE('',*,*,#1577,.F.);
#1577 = EDGE_CURVE('',#1578,#1570,#1580,.T.);
#1578 = VERTEX_POINT('',#1579);
#1579 = CARTESIAN_POINT('',(-6.895898384862,-33.,1.369419162443));
#1580 = LINE('',#1581,#1582);
#1581 = CARTESIAN_POINT('',(-6.130038322159,-33.,2.695927702532));
#1582 = VECTOR('',#1583,1.);
#1583 = DIRECTION('',(0.5,0.,0.866025403784));
#1584 = ORIENTED_EDGE('',*,*,#1585,.F.);
#1585 = EDGE_CURVE('',#1586,#1578,#1588,.T.);
#1586 = VERTEX_POINT('',#1587);
#1587 = CARTESIAN_POINT('',(-5.520898384862,-33.,-1.012150697964));
#1588 = LINE('',#1589,#1590);
#1589 = CARTESIAN_POINT('',(-5.250283851349,-33.,-1.480868819275));
#1590 = VECTOR('',#1591,1.);
#1591 = DIRECTION('',(-0.5,0.,0.866025403784));
#1592 = ORIENTED_EDGE('',*,*,#1593,.F.);
#1593 = EDGE_CURVE('',#1594,#1586,#1596,.T.);
#1594 = VERTEX_POINT('',#1595);
#1595 = CARTESIAN_POINT('',(-2.770898384862,-33.,-1.012150697964));
#1596 = LINE('',#1597,#1598);
#1597 = CARTESIAN_POINT('',(-2.760449192431,-33.,-1.012150697964));
#1598 = VECTOR('',#1599,1.);
#1599 = DIRECTION('',(-1.,0.,-1.6E-16));
#1600 = ORIENTED_EDGE('',*,*,#1601,.F.);
#1601 = EDGE_CURVE('',#1562,#1594,#1602,.T.);
#1602 = LINE('',#1603,#1604);
#1603 = CARTESIAN_POINT('',(-2.692538322159,-33.,-0.876427088078));
#1604 = VECTOR('',#1605,1.);
#1605 = DIRECTION('',(-0.5,0.,-0.866025403784));
#1606 = FACE_BOUND('',#1607,.T.);
#1607 = EDGE_LOOP('',(#1608,#1618,#1626,#1634,#1642,#1650));
#1608 = ORIENTED_EDGE('',*,*,#1609,.F.);
#1609 = EDGE_CURVE('',#1610,#1612,#1614,.T.);
#1610 = VERTEX_POINT('',#1611);
#1611 = CARTESIAN_POINT('',(2.220127018922,-33.,6.632558883258));
#1612 = VERTEX_POINT('',#1613);
#1613 = CARTESIAN_POINT('',(3.595127018922,-33.,4.25098902285));
#1614 = LINE('',#1615,#1616);
#1615 = CARTESIAN_POINT('',(4.553241552435,-33.,2.591485971336));
#1616 = VECTOR('',#1617,1.);
#1617 = DIRECTION('',(0.5,0.,-0.866025403784));
#1618 = ORIENTED_EDGE('',*,*,#1619,.F.);
#1619 = EDGE_CURVE('',#1620,#1610,#1622,.T.);
#1620 = VERTEX_POINT('',#1621);
#1621 = CARTESIAN_POINT('',(-0.529872981078,-33.,6.632558883258));
#1622 = LINE('',#1623,#1624);
#1623 = CARTESIAN_POINT('',(1.110063509461,-33.,6.632558883258));
#1624 = VECTOR('',#1625,1.);
#1625 = DIRECTION('',(1.,0.,0.));
#1626 = ORIENTED_EDGE('',*,*,#1627,.F.);
#1627 = EDGE_CURVE('',#1628,#1620,#1630,.T.);
#1628 = VERTEX_POINT('',#1629);
#1629 = CARTESIAN_POINT('',(-1.904872981078,-33.,4.25098902285));
#1630 = LINE('',#1631,#1632);
#1631 = CARTESIAN_POINT('',(-2.386769269321,-33.,3.416320167634));
#1632 = VECTOR('',#1633,1.);
#1633 = DIRECTION('',(0.5,0.,0.866025403784));
#1634 = ORIENTED_EDGE('',*,*,#1635,.F.);
#1635 = EDGE_CURVE('',#1636,#1628,#1638,.T.);
#1636 = VERTEX_POINT('',#1637);
#1637 = CARTESIAN_POINT('',(-0.529872981078,-33.,1.869419162443));
#1638 = LINE('',#1639,#1640);
#1639 = CARTESIAN_POINT('',(-0.259258447565,-33.,1.400701041133));
#1640 = VECTOR('',#1641,1.);
#1641 = DIRECTION('',(-0.5,0.,0.866025403784));
#1642 = ORIENTED_EDGE('',*,*,#1643,.F.);
#1643 = EDGE_CURVE('',#1644,#1636,#1646,.T.);
#1644 = VERTEX_POINT('',#1645);
#1645 = CARTESIAN_POINT('',(2.220127018922,-33.,1.869419162443));
#1646 = LINE('',#1647,#1648);
#1647 = CARTESIAN_POINT('',(-0.264936490539,-33.,1.869419162443));
#1648 = VECTOR('',#1649,1.);
#1649 = DIRECTION('',(-1.,0.,0.));
#1650 = ORIENTED_EDGE('',*,*,#1651,.F.);
#1651 = EDGE_CURVE('',#1612,#1644,#1652,.T.);
#1652 = LINE('',#1653,#1654);
#1653 = CARTESIAN_POINT('',(1.050730730679,-33.,-0.156034622977));
#1654 = VECTOR('',#1655,1.);
#1655 = DIRECTION('',(-0.5,0.,-0.866025403784));
#1656 = FACE_BOUND('',#1657,.T.);
#1657 = EDGE_LOOP('',(#1658,#1668,#1676,#1684,#1692,#1700));
#1658 = ORIENTED_EDGE('',*,*,#1659,.F.);
#1659 = EDGE_CURVE('',#1660,#1662,#1664,.T.);
#1660 = VERTEX_POINT('',#1661);
#1661 = CARTESIAN_POINT('',(7.211152422707,-33.,-2.012150697964));
#1662 = VERTEX_POINT('',#1663);
#1663 = CARTESIAN_POINT('',(8.586152422707,-33.,-4.393720558371));
#1664 = LINE('',#1665,#1666);
#1665 = CARTESIAN_POINT('',(7.048754254327,-33.,-1.730868819275));
#1666 = VECTOR('',#1667,1.);
#1667 = DIRECTION('',(0.5,0.,-0.866025403784));
#1668 = ORIENTED_EDGE('',*,*,#1669,.F.);
#1669 = EDGE_CURVE('',#1670,#1660,#1672,.T.);
#1670 = VERTEX_POINT('',#1671);
#1671 = CARTESIAN_POINT('',(4.461152422707,-33.,-2.012150697964));
#1672 = LINE('',#1673,#1674);
#1673 = CARTESIAN_POINT('',(3.605576211353,-33.,-2.012150697964));
#1674 = VECTOR('',#1675,1.);
#1675 = DIRECTION('',(1.,0.,0.));
#1676 = ORIENTED_EDGE('',*,*,#1677,.F.);
#1677 = EDGE_CURVE('',#1678,#1670,#1680,.T.);
#1678 = VERTEX_POINT('',#1679);
#1679 = CARTESIAN_POINT('',(3.086152422707,-33.,-4.393720558371));
#1680 = LINE('',#1681,#1682);
#1681 = CARTESIAN_POINT('',(3.852012485409,-33.,-3.067212018282));
#1682 = VECTOR('',#1683,1.);
#1683 = DIRECTION('',(0.5,0.,0.866025403784));
#1684 = ORIENTED_EDGE('',*,*,#1685,.F.);
#1685 = EDGE_CURVE('',#1686,#1678,#1688,.T.);
#1686 = VERTEX_POINT('',#1687);
#1687 = CARTESIAN_POINT('',(4.461152422707,-33.,-6.775290418778));
#1688 = LINE('',#1689,#1690);
#1689 = CARTESIAN_POINT('',(2.236254254327,-33.,-2.921653749478));
#1690 = VECTOR('',#1691,1.);
#1691 = DIRECTION('',(-0.5,0.,0.866025403784));
#1692 = ORIENTED_EDGE('',*,*,#1693,.F.);
#1693 = EDGE_CURVE('',#1694,#1686,#1696,.T.);
#1694 = VERTEX_POINT('',#1695);
#1695 = CARTESIAN_POINT('',(7.211152422707,-33.,-6.775290418778));
#1696 = LINE('',#1697,#1698);
#1697 = CARTESIAN_POINT('',(2.230576211353,-33.,-6.775290418778));
#1698 = VECTOR('',#1699,1.);
#1699 = DIRECTION('',(-1.,0.,-1.6E-16));
#1700 = ORIENTED_EDGE('',*,*,#1701,.F.);
#1701 = EDGE_CURVE('',#1662,#1694,#1702,.T.);
#1702 = LINE('',#1703,#1704);
#1703 = CARTESIAN_POINT('',(7.289512485409,-33.,-6.639566808893));
#1704 = VECTOR('',#1705,1.);
#1705 = DIRECTION('',(-0.5,0.,-0.866025403784));
#1706 = FACE_BOUND('',#1707,.T.);
#1707 = EDGE_LOOP('',(#1708,#1718,#1726,#1734,#1742,#1750));
#1708 = ORIENTED_EDGE('',*,*,#1709,.F.);
#1709 = EDGE_CURVE('',#1710,#1712,#1714,.T.);
#1710 = VERTEX_POINT('',#1711);
#1711 = CARTESIAN_POINT('',(7.211152422707,-33.,3.75098902285));
#1712 = VERTEX_POINT('',#1713);
#1713 = CARTESIAN_POINT('',(8.586152422707,-33.,1.369419162443));
#1714 = LINE('',#1715,#1716);
#1715 = CARTESIAN_POINT('',(8.296510605273,-33.,1.871093506234));
#1716 = VECTOR('',#1717,1.);
#1717 = DIRECTION('',(0.5,0.,-0.866025403784));
#1718 = ORIENTED_EDGE('',*,*,#1719,.F.);
#1719 = EDGE_CURVE('',#1720,#1710,#1722,.T.);
#1720 = VERTEX_POINT('',#1721);
#1721 = CARTESIAN_POINT('',(4.461152422707,-33.,3.75098902285));
#1722 = LINE('',#1723,#1724);
#1723 = CARTESIAN_POINT('',(3.605576211353,-33.,3.75098902285));
#1724 = VECTOR('',#1725,1.);
#1725 = DIRECTION('',(1.,0.,0.));
#1726 = ORIENTED_EDGE('',*,*,#1727,.F.);
#1727 = EDGE_CURVE('',#1728,#1720,#1730,.T.);
#1728 = VERTEX_POINT('',#1729);
#1729 = CARTESIAN_POINT('',(3.086152422707,-33.,1.369419162443));
#1730 = LINE('',#1731,#1732);
#1731 = CARTESIAN_POINT('',(2.604256134463,-33.,0.534750307227));
#1732 = VECTOR('',#1733,1.);
#1733 = DIRECTION('',(0.5,0.,0.866025403784));
#1734 = ORIENTED_EDGE('',*,*,#1735,.F.);
#1735 = EDGE_CURVE('',#1736,#1728,#1738,.T.);
#1736 = VERTEX_POINT('',#1737);
#1737 = CARTESIAN_POINT('',(4.461152422707,-33.,-1.012150697964));
#1738 = LINE('',#1739,#1740);
#1739 = CARTESIAN_POINT('',(3.484010605273,-33.,0.680308576031));
#1740 = VECTOR('',#1741,1.);
#1741 = DIRECTION('',(-0.5,0.,0.866025403784));
#1742 = ORIENTED_EDGE('',*,*,#1743,.F.);
#1743 = EDGE_CURVE('',#1744,#1736,#1746,.T.);
#1744 = VERTEX_POINT('',#1745);
#1745 = CARTESIAN_POINT('',(7.211152422707,-33.,-1.012150697964));
#1746 = LINE('',#1747,#1748);
#1747 = CARTESIAN_POINT('',(2.230576211353,-33.,-1.012150697964));
#1748 = VECTOR('',#1749,1.);
#1749 = DIRECTION('',(-1.,0.,-1.6E-16));
#1750 = ORIENTED_EDGE('',*,*,#1751,.F.);
#1751 = EDGE_CURVE('',#1712,#1744,#1752,.T.);
#1752 = LINE('',#1753,#1754);
#1753 = CARTESIAN_POINT('',(6.041756134463,-33.,-3.037604483384));
#1754 = VECTOR('',#1755,1.);
#1755 = DIRECTION('',(-0.5,0.,-0.866025403784));
#1756 = PLANE('',#1757);
#1757 = AXIS2_PLACEMENT_3D('',#1758,#1759,#1760);
#1758 = CARTESIAN_POINT('',(-2.567962690215E-16,-33.,-2.25));
#1759 = DIRECTION('',(0.,1.,0.));
#1760 = DIRECTION('',(0.,0.,1.));
#1761 = ADVANCED_FACE('',(#1762),#1780,.F.);
#1762 = FACE_BOUND('',#1763,.F.);
#1763 = EDGE_LOOP('',(#1764,#1772,#1778,#1779));
#1764 = ORIENTED_EDGE('',*,*,#1765,.F.);
#1765 = EDGE_CURVE('',#1766,#1100,#1768,.T.);
#1766 = VERTEX_POINT('',#1767);
#1767 = CARTESIAN_POINT('',(9.452177826491,-37.,-4.893720558371));
#1768 = LINE('',#1769,#1770);
#1769 = CARTESIAN_POINT('',(9.452177826491,-40.14,-4.893720558371));
#1770 = VECTOR('',#1771,1.);
#1771 = DIRECTION('',(0.,1.,0.));
#1772 = ORIENTED_EDGE('',*,*,#1773,.T.);
#1773 = EDGE_CURVE('',#1766,#919,#1774,.T.);
#1774 = LINE('',#1775,#1776);
#1775 = CARTESIAN_POINT('',(6.101088913246,-37.,-4.893720558371));
#1776 = VECTOR('',#1777,1.);
#1777 = DIRECTION('',(1.,0.,0.));
#1778 = ORIENTED_EDGE('',*,*,#927,.F.);
#1779 = ORIENTED_EDGE('',*,*,#1099,.F.);
#1780 = PLANE('',#1781);
#1781 = AXIS2_PLACEMENT_3D('',#1782,#1783,#1784);
#1782 = CARTESIAN_POINT('',(12.202177826491,-40.14,-4.893720558371));
#1783 = DIRECTION('',(0.,0.,1.));
#1784 = DIRECTION('',(-1.,0.,0.));
#1785 = ADVANCED_FACE('',(#1786),#1804,.F.);
#1786 = FACE_BOUND('',#1787,.F.);
#1787 = EDGE_LOOP('',(#1788,#1796,#1802,#1803));
#1788 = ORIENTED_EDGE('',*,*,#1789,.T.);
#1789 = EDGE_CURVE('',#911,#1790,#1792,.T.);
#1790 = VERTEX_POINT('',#1791);
#1791 = CARTESIAN_POINT('',(8.077177826491,-37.,-7.275290418778));
#1792 = LINE('',#1793,#1794);
#1793 = CARTESIAN_POINT('',(5.979523307166,-37.,-3.64204621458));
#1794 = VECTOR('',#1795,1.);
#1795 = DIRECTION('',(-0.5,0.,0.866025403784));
#1796 = ORIENTED_EDGE('',*,*,#1797,.T.);
#1797 = EDGE_CURVE('',#1790,#1108,#1798,.T.);
#1798 = LINE('',#1799,#1800);
#1799 = CARTESIAN_POINT('',(8.077177826491,-40.14,-7.275290418778));
#1800 = VECTOR('',#1801,1.);
#1801 = DIRECTION('',(0.,1.,0.));
#1802 = ORIENTED_EDGE('',*,*,#1115,.F.);
#1803 = ORIENTED_EDGE('',*,*,#910,.T.);
#1804 = PLANE('',#1805);
#1805 = AXIS2_PLACEMENT_3D('',#1806,#1807,#1808);
#1806 = CARTESIAN_POINT('',(8.077177826491,-40.14,-7.275290418778));
#1807 = DIRECTION('',(-0.866025403784,0.,-0.5));
#1808 = DIRECTION('',(0.5,5.8E-16,-0.866025403784));
#1809 = ADVANCED_FACE('',(#1810),#1828,.F.);
#1810 = FACE_BOUND('',#1811,.F.);
#1811 = EDGE_LOOP('',(#1812,#1820,#1826,#1827));
#1812 = ORIENTED_EDGE('',*,*,#1813,.F.);
#1813 = EDGE_CURVE('',#1814,#1123,#1816,.T.);
#1814 = VERTEX_POINT('',#1815);
#1815 = CARTESIAN_POINT('',(7.211152422707,-37.,-7.775290418778));
#1816 = LINE('',#1817,#1818);
#1817 = CARTESIAN_POINT('',(7.211152422707,-40.14,-7.775290418778));
#1818 = VECTOR('',#1819,1.);
#1819 = DIRECTION('',(0.,1.,0.));
#1820 = ORIENTED_EDGE('',*,*,#1821,.T.);
#1821 = EDGE_CURVE('',#1814,#885,#1822,.T.);
#1822 = LINE('',#1823,#1824);
#1823 = CARTESIAN_POINT('',(5.800997903381,-37.,-5.332831144784));
#1824 = VECTOR('',#1825,1.);
#1825 = DIRECTION('',(0.5,0.,-0.866025403784));
#1826 = ORIENTED_EDGE('',*,*,#893,.F.);
#1827 = ORIENTED_EDGE('',*,*,#1122,.F.);
#1828 = PLANE('',#1829);
#1829 = AXIS2_PLACEMENT_3D('',#1830,#1831,#1832);
#1830 = CARTESIAN_POINT('',(8.586152422707,-40.14,-10.15686027918));
#1831 = DIRECTION('',(0.866025403784,0.,0.5));
#1832 = DIRECTION('',(-0.5,-5.8E-16,0.866025403784));
#1833 = ADVANCED_FACE('',(#1834),#1852,.F.);
#1834 = FACE_BOUND('',#1835,.F.);
#1835 = EDGE_LOOP('',(#1836,#1844,#1850,#1851));
#1836 = ORIENTED_EDGE('',*,*,#1837,.T.);
#1837 = EDGE_CURVE('',#877,#1838,#1840,.T.);
#1838 = VERTEX_POINT('',#1839);
#1839 = CARTESIAN_POINT('',(3.086152422707,-37.,-10.15686027918));
#1840 = LINE('',#1841,#1842);
#1841 = CARTESIAN_POINT('',(0.988497903381,-37.,-6.523616074987));
#1842 = VECTOR('',#1843,1.);
#1843 = DIRECTION('',(-0.5,0.,0.866025403784));
#1844 = ORIENTED_EDGE('',*,*,#1845,.T.);
#1845 = EDGE_CURVE('',#1838,#1139,#1846,.T.);
#1846 = LINE('',#1847,#1848);
#1847 = CARTESIAN_POINT('',(3.086152422707,-40.14,-10.15686027918));
#1848 = VECTOR('',#1849,1.);
#1849 = DIRECTION('',(0.,1.,0.));
#1850 = ORIENTED_EDGE('',*,*,#1146,.F.);
#1851 = ORIENTED_EDGE('',*,*,#876,.T.);
#1852 = PLANE('',#1853);
#1853 = AXIS2_PLACEMENT_3D('',#1854,#1855,#1856);
#1854 = CARTESIAN_POINT('',(3.086152422707,-40.14,-10.15686027918));
#1855 = DIRECTION('',(-0.866025403784,0.,-0.5));
#1856 = DIRECTION('',(0.5,5.8E-16,-0.866025403784));
#1857 = ADVANCED_FACE('',(#1858),#1876,.F.);
#1858 = FACE_BOUND('',#1859,.F.);
#1859 = EDGE_LOOP('',(#1860,#1868,#1874,#1875));
#1860 = ORIENTED_EDGE('',*,*,#1861,.F.);
#1861 = EDGE_CURVE('',#1862,#1154,#1864,.T.);
#1862 = VERTEX_POINT('',#1863);
#1863 = CARTESIAN_POINT('',(2.220127018922,-37.,-10.65686027918));
#1864 = LINE('',#1865,#1866);
#1865 = CARTESIAN_POINT('',(2.220127018922,-40.14,-10.65686027918));
#1866 = VECTOR('',#1867,1.);
#1867 = DIRECTION('',(0.,1.,0.));
#1868 = ORIENTED_EDGE('',*,*,#1869,.T.);
#1869 = EDGE_CURVE('',#1862,#851,#1870,.T.);
#1870 = LINE('',#1871,#1872);
#1871 = CARTESIAN_POINT('',(0.809972499597,-37.,-8.214401005191));
#1872 = VECTOR('',#1873,1.);
#1873 = DIRECTION('',(0.5,0.,-0.866025403784));
#1874 = ORIENTED_EDGE('',*,*,#859,.F.);
#1875 = ORIENTED_EDGE('',*,*,#1153,.F.);
#1876 = PLANE('',#1877);
#1877 = AXIS2_PLACEMENT_3D('',#1878,#1879,#1880);
#1878 = CARTESIAN_POINT('',(3.595127018922,-40.14,-13.03843013959));
#1879 = DIRECTION('',(0.866025403784,0.,0.5));
#1880 = DIRECTION('',(-0.5,-5.8E-16,0.866025403784));
#1881 = ADVANCED_FACE('',(#1882),#1900,.F.);
#1882 = FACE_BOUND('',#1883,.F.);
#1883 = EDGE_LOOP('',(#1884,#1892,#1898,#1899));
#1884 = ORIENTED_EDGE('',*,*,#1885,.T.);
#1885 = EDGE_CURVE('',#843,#1886,#1888,.T.);
#1886 = VERTEX_POINT('',#1887);
#1887 = CARTESIAN_POINT('',(-0.529872981078,-37.,-10.65686027918));
#1888 = LINE('',#1889,#1890);
#1889 = CARTESIAN_POINT('',(1.356499783517,-37.,-7.389566808893));
#1890 = VECTOR('',#1891,1.);
#1891 = DIRECTION('',(0.5,0.,0.866025403784));
#1892 = ORIENTED_EDGE('',*,*,#1893,.T.);
#1893 = EDGE_CURVE('',#1886,#1162,#1894,.T.);
#1894 = LINE('',#1895,#1896);
#1895 = CARTESIAN_POINT('',(-0.529872981078,-40.14,-10.65686027918));
#1896 = VECTOR('',#1897,1.);
#1897 = DIRECTION('',(0.,1.,0.));
#1898 = ORIENTED_EDGE('',*,*,#1169,.F.);
#1899 = ORIENTED_EDGE('',*,*,#842,.T.);
#1900 = PLANE('',#1901);
#1901 = AXIS2_PLACEMENT_3D('',#1902,#1903,#1904);
#1902 = CARTESIAN_POINT('',(-0.529872981078,-40.14,-10.65686027918));
#1903 = DIRECTION('',(-0.866025403784,0.,0.5));
#1904 = DIRECTION('',(-0.5,5.8E-16,-0.866025403784));
#1905 = ADVANCED_FACE('',(#1906),#1924,.F.);
#1906 = FACE_BOUND('',#1907,.F.);
#1907 = EDGE_LOOP('',(#1908,#1916,#1922,#1923));
#1908 = ORIENTED_EDGE('',*,*,#1909,.F.);
#1909 = EDGE_CURVE('',#1910,#1177,#1912,.T.);
#1910 = VERTEX_POINT('',#1911);
#1911 = CARTESIAN_POINT('',(-1.395898384862,-37.,-10.15686027918));
#1912 = LINE('',#1913,#1914);
#1913 = CARTESIAN_POINT('',(-1.395898384862,-40.14,-10.15686027918));
#1914 = VECTOR('',#1915,1.);
#1915 = DIRECTION('',(0.,1.,0.));
#1916 = ORIENTED_EDGE('',*,*,#1917,.T.);
#1917 = EDGE_CURVE('',#1910,#817,#1918,.T.);
#1918 = LINE('',#1919,#1920);
#1919 = CARTESIAN_POINT('',(-0.197025620267,-37.,-8.080351739096));
#1920 = VECTOR('',#1921,1.);
#1921 = DIRECTION('',(-0.5,0.,-0.866025403784));
#1922 = ORIENTED_EDGE('',*,*,#825,.F.);
#1923 = ORIENTED_EDGE('',*,*,#1176,.F.);
#1924 = PLANE('',#1925);
#1925 = AXIS2_PLACEMENT_3D('',#1926,#1927,#1928);
#1926 = CARTESIAN_POINT('',(-2.770898384862,-40.14,-12.53843013959));
#1927 = DIRECTION('',(0.866025403784,0.,-0.5));
#1928 = DIRECTION('',(0.5,-5.8E-16,0.866025403784));
#1929 = ADVANCED_FACE('',(#1930),#1948,.F.);
#1930 = FACE_BOUND('',#1931,.F.);
#1931 = EDGE_LOOP('',(#1932,#1940,#1946,#1947));
#1932 = ORIENTED_EDGE('',*,*,#1933,.T.);
#1933 = EDGE_CURVE('',#809,#1934,#1936,.T.);
#1934 = VERTEX_POINT('',#1935);
#1935 = CARTESIAN_POINT('',(-6.895898384862,-37.,-10.15686027918));
#1936 = LINE('',#1937,#1938);
#1937 = CARTESIAN_POINT('',(-7.745796553242,-37.,-8.684793470293));
#1938 = VECTOR('',#1939,1.);
#1939 = DIRECTION('',(-0.5,0.,0.866025403784));
#1940 = ORIENTED_EDGE('',*,*,#1941,.T.);
#1941 = EDGE_CURVE('',#1934,#1201,#1942,.T.);
#1942 = LINE('',#1943,#1944);
#1943 = CARTESIAN_POINT('',(-6.895898384862,-40.14,-10.15686027918));
#1944 = VECTOR('',#1945,1.);
#1945 = DIRECTION('',(0.,1.,0.));
#1946 = ORIENTED_EDGE('',*,*,#1208,.F.);
#1947 = ORIENTED_EDGE('',*,*,#808,.T.);
#1948 = PLANE('',#1949);
#1949 = AXIS2_PLACEMENT_3D('',#1950,#1951,#1952);
#1950 = CARTESIAN_POINT('',(-6.895898384862,-40.14,-10.15686027918));
#1951 = DIRECTION('',(-0.866025403784,0.,-0.5));
#1952 = DIRECTION('',(0.5,5.8E-16,-0.866025403784));
#1953 = ADVANCED_FACE('',(#1954),#1972,.F.);
#1954 = FACE_BOUND('',#1955,.F.);
#1955 = EDGE_LOOP('',(#1956,#1964,#1970,#1971));
#1956 = ORIENTED_EDGE('',*,*,#1957,.F.);
#1957 = EDGE_CURVE('',#1958,#1216,#1960,.T.);
#1958 = VERTEX_POINT('',#1959);
#1959 = CARTESIAN_POINT('',(-6.386923788647,-37.,-7.275290418778));
#1960 = LINE('',#1961,#1962);
#1961 = CARTESIAN_POINT('',(-6.386923788647,-40.14,-7.275290418778));
#1962 = VECTOR('',#1963,1.);
#1963 = DIRECTION('',(0.,1.,0.));
#1964 = ORIENTED_EDGE('',*,*,#1965,.T.);
#1965 = EDGE_CURVE('',#1958,#783,#1966,.T.);
#1966 = LINE('',#1967,#1968);
#1967 = CARTESIAN_POINT('',(-5.188051024052,-37.,-5.198781878689));
#1968 = VECTOR('',#1969,1.);
#1969 = DIRECTION('',(-0.5,0.,-0.866025403784));
#1970 = ORIENTED_EDGE('',*,*,#791,.F.);
#1971 = ORIENTED_EDGE('',*,*,#1215,.F.);
#1972 = PLANE('',#1973);
#1973 = AXIS2_PLACEMENT_3D('',#1974,#1975,#1976);
#1974 = CARTESIAN_POINT('',(-7.761923788647,-40.14,-9.656860279186));
#1975 = DIRECTION('',(0.866025403784,0.,-0.5));
#1976 = DIRECTION('',(0.5,-5.8E-16,0.866025403784));
#1977 = ADVANCED_FACE('',(#1978),#1996,.F.);
#1978 = FACE_BOUND('',#1979,.F.);
#1979 = EDGE_LOOP('',(#1980,#1988,#1994,#1995));
#1980 = ORIENTED_EDGE('',*,*,#1981,.T.);
#1981 = EDGE_CURVE('',#775,#1982,#1984,.T.);
#1982 = VERTEX_POINT('',#1983);
#1983 = CARTESIAN_POINT('',(-7.761923788647,-37.,-4.893720558371));
#1984 = LINE('',#1985,#1986);
#1985 = CARTESIAN_POINT('',(-3.880961894323,-37.,-4.893720558371));
#1986 = VECTOR('',#1987,1.);
#1987 = DIRECTION('',(1.,0.,0.));
#1988 = ORIENTED_EDGE('',*,*,#1989,.T.);
#1989 = EDGE_CURVE('',#1982,#1224,#1990,.T.);
#1990 = LINE('',#1991,#1992);
#1991 = CARTESIAN_POINT('',(-7.761923788647,-40.14,-4.893720558371));
#1992 = VECTOR('',#1993,1.);
#1993 = DIRECTION('',(0.,1.,0.));
#1994 = ORIENTED_EDGE('',*,*,#1231,.F.);
#1995 = ORIENTED_EDGE('',*,*,#774,.T.);
#1996 = PLANE('',#1997);
#1997 = AXIS2_PLACEMENT_3D('',#1998,#1999,#2000);
#1998 = CARTESIAN_POINT('',(-7.761923788647,-40.14,-4.893720558371));
#1999 = DIRECTION('',(0.,0.,1.));
#2000 = DIRECTION('',(-1.,0.,0.));
#2001 = ADVANCED_FACE('',(#2002),#2020,.F.);
#2002 = FACE_BOUND('',#2003,.F.);
#2003 = EDGE_LOOP('',(#2004,#2012,#2018,#2019));
#2004 = ORIENTED_EDGE('',*,*,#2005,.F.);
#2005 = EDGE_CURVE('',#2006,#1239,#2008,.T.);
#2006 = VERTEX_POINT('',#2007);
#2007 = CARTESIAN_POINT('',(-10.51192378864,-37.,-3.893720558371));
#2008 = LINE('',#2009,#2010);
#2009 = CARTESIAN_POINT('',(-10.51192378864,-40.14,-3.893720558371));
#2010 = VECTOR('',#2011,1.);
#2011 = DIRECTION('',(0.,1.,0.));
#2012 = ORIENTED_EDGE('',*,*,#2013,.T.);
#2013 = EDGE_CURVE('',#2006,#749,#2014,.T.);
#2014 = LINE('',#2015,#2016);
#2015 = CARTESIAN_POINT('',(-10.24130925513,-37.,-4.362438679682));
#2016 = VECTOR('',#2017,1.);
#2017 = DIRECTION('',(-0.5,0.,0.866025403784));
#2018 = ORIENTED_EDGE('',*,*,#757,.F.);
#2019 = ORIENTED_EDGE('',*,*,#1238,.F.);
#2020 = PLANE('',#2021);
#2021 = AXIS2_PLACEMENT_3D('',#2022,#2023,#2024);
#2022 = CARTESIAN_POINT('',(-11.88692378864,-40.14,-1.512150697964));
#2023 = DIRECTION('',(-0.866025403784,0.,-0.5));
#2024 = DIRECTION('',(0.5,5.8E-16,-0.866025403784));
#2025 = ADVANCED_FACE('',(#2026),#2044,.F.);
#2026 = FACE_BOUND('',#2027,.F.);
#2027 = EDGE_LOOP('',(#2028,#2036,#2042,#2043));
#2028 = ORIENTED_EDGE('',*,*,#2029,.T.);
#2029 = EDGE_CURVE('',#741,#2030,#2032,.T.);
#2030 = VERTEX_POINT('',#2031);
#2031 = CARTESIAN_POINT('',(-7.761923788647,-37.,0.869419162443));
#2032 = LINE('',#2033,#2034);
#2033 = CARTESIAN_POINT('',(-3.880961894323,-37.,0.869419162443));
#2034 = VECTOR('',#2035,1.);
#2035 = DIRECTION('',(1.,0.,0.));
#2036 = ORIENTED_EDGE('',*,*,#2037,.T.);
#2037 = EDGE_CURVE('',#2030,#1263,#2038,.T.);
#2038 = LINE('',#2039,#2040);
#2039 = CARTESIAN_POINT('',(-7.761923788647,-40.14,0.869419162443));
#2040 = VECTOR('',#2041,1.);
#2041 = DIRECTION('',(0.,1.,0.));
#2042 = ORIENTED_EDGE('',*,*,#1270,.F.);
#2043 = ORIENTED_EDGE('',*,*,#740,.T.);
#2044 = PLANE('',#2045);
#2045 = AXIS2_PLACEMENT_3D('',#2046,#2047,#2048);
#2046 = CARTESIAN_POINT('',(-7.761923788647,-40.14,0.869419162443));
#2047 = DIRECTION('',(0.,0.,1.));
#2048 = DIRECTION('',(-1.,0.,0.));
#2049 = ADVANCED_FACE('',(#2050),#2068,.F.);
#2050 = FACE_BOUND('',#2051,.F.);
#2051 = EDGE_LOOP('',(#2052,#2060,#2066,#2067));
#2052 = ORIENTED_EDGE('',*,*,#2053,.F.);
#2053 = EDGE_CURVE('',#2054,#1278,#2056,.T.);
#2054 = VERTEX_POINT('',#2055);
#2055 = CARTESIAN_POINT('',(-7.761923788647,-37.,1.869419162443));
#2056 = LINE('',#2057,#2058);
#2057 = CARTESIAN_POINT('',(-7.761923788647,-40.14,1.869419162443));
#2058 = VECTOR('',#2059,1.);
#2059 = DIRECTION('',(0.,1.,0.));
#2060 = ORIENTED_EDGE('',*,*,#2061,.T.);
#2061 = EDGE_CURVE('',#2054,#715,#2062,.T.);
#2062 = LINE('',#2063,#2064);
#2063 = CARTESIAN_POINT('',(-5.255961894323,-37.,1.869419162443));
#2064 = VECTOR('',#2065,1.);
#2065 = DIRECTION('',(-1.,0.,0.));
#2066 = ORIENTED_EDGE('',*,*,#723,.F.);
#2067 = ORIENTED_EDGE('',*,*,#1277,.F.);
#2068 = PLANE('',#2069);
#2069 = AXIS2_PLACEMENT_3D('',#2070,#2071,#2072);
#2070 = CARTESIAN_POINT('',(-10.51192378864,-40.14,1.869419162443));
#2071 = DIRECTION('',(0.,0.,-1.));
#2072 = DIRECTION('',(1.,0.,0.));
#2073 = ADVANCED_FACE('',(#2074),#2092,.F.);
#2074 = FACE_BOUND('',#2075,.F.);
#2075 = EDGE_LOOP('',(#2076,#2084,#2090,#2091));
#2076 = ORIENTED_EDGE('',*,*,#2077,.T.);
#2077 = EDGE_CURVE('',#707,#2078,#2080,.T.);
#2078 = VERTEX_POINT('',#2079);
#2079 = CARTESIAN_POINT('',(-6.386923788647,-37.,4.25098902285));
#2080 = LINE('',#2081,#2082);
#2081 = CARTESIAN_POINT('',(-4.181052904188,-37.,0.430308576031));
#2082 = VECTOR('',#2083,1.);
#2083 = DIRECTION('',(0.5,0.,-0.866025403784));
#2084 = ORIENTED_EDGE('',*,*,#2085,.T.);
#2085 = EDGE_CURVE('',#2078,#1286,#2086,.T.);
#2086 = LINE('',#2087,#2088);
#2087 = CARTESIAN_POINT('',(-6.386923788647,-40.14,4.25098902285));
#2088 = VECTOR('',#2089,1.);
#2089 = DIRECTION('',(0.,1.,0.));
#2090 = ORIENTED_EDGE('',*,*,#1293,.F.);
#2091 = ORIENTED_EDGE('',*,*,#706,.T.);
#2092 = PLANE('',#2093);
#2093 = AXIS2_PLACEMENT_3D('',#2094,#2095,#2096);
#2094 = CARTESIAN_POINT('',(-6.386923788647,-40.14,4.25098902285));
#2095 = DIRECTION('',(0.866025403784,0.,0.5));
#2096 = DIRECTION('',(-0.5,-5.8E-16,0.866025403784));
#2097 = ADVANCED_FACE('',(#2098),#2116,.F.);
#2098 = FACE_BOUND('',#2099,.F.);
#2099 = EDGE_LOOP('',(#2100,#2108,#2114,#2115));
#2100 = ORIENTED_EDGE('',*,*,#2101,.F.);
#2101 = EDGE_CURVE('',#2102,#1301,#2104,.T.);
#2102 = VERTEX_POINT('',#2103);
#2103 = CARTESIAN_POINT('',(-5.520898384862,-37.,4.75098902285));
#2104 = LINE('',#2105,#2106);
#2105 = CARTESIAN_POINT('',(-5.520898384862,-40.14,4.75098902285));
#2106 = VECTOR('',#2107,1.);
#2107 = DIRECTION('',(0.,1.,0.));
#2108 = ORIENTED_EDGE('',*,*,#2109,.T.);
#2109 = EDGE_CURVE('',#2102,#681,#2110,.T.);
#2110 = LINE('',#2111,#2112);
#2111 = CARTESIAN_POINT('',(-4.002527500403,-37.,2.121093506234));
#2112 = VECTOR('',#2113,1.);
#2113 = DIRECTION('',(-0.5,0.,0.866025403784));
#2114 = ORIENTED_EDGE('',*,*,#689,.F.);
#2115 = ORIENTED_EDGE('',*,*,#1300,.F.);
#2116 = PLANE('',#2117);
#2117 = AXIS2_PLACEMENT_3D('',#2118,#2119,#2120);
#2118 = CARTESIAN_POINT('',(-6.895898384862,-40.14,7.132558883258));
#2119 = DIRECTION('',(-0.866025403784,0.,-0.5));
#2120 = DIRECTION('',(0.5,5.8E-16,-0.866025403784));
#2121 = ADVANCED_FACE('',(#2122),#2140,.F.);
#2122 = FACE_BOUND('',#2123,.F.);
#2123 = EDGE_LOOP('',(#2124,#2132,#2138,#2139));
#2124 = ORIENTED_EDGE('',*,*,#2125,.T.);
#2125 = EDGE_CURVE('',#673,#2126,#2128,.T.);
#2126 = VERTEX_POINT('',#2127);
#2127 = CARTESIAN_POINT('',(-1.395898384862,-37.,7.132558883258));
#2128 = LINE('',#2129,#2130);
#2129 = CARTESIAN_POINT('',(0.809972499597,-37.,3.311878436438));
#2130 = VECTOR('',#2131,1.);
#2131 = DIRECTION('',(0.5,0.,-0.866025403784));
#2132 = ORIENTED_EDGE('',*,*,#2133,.T.);
#2133 = EDGE_CURVE('',#2126,#1317,#2134,.T.);
#2134 = LINE('',#2135,#2136);
#2135 = CARTESIAN_POINT('',(-1.395898384862,-40.14,7.132558883258));
#2136 = VECTOR('',#2137,1.);
#2137 = DIRECTION('',(0.,1.,0.));
#2138 = ORIENTED_EDGE('',*,*,#1324,.F.);
#2139 = ORIENTED_EDGE('',*,*,#672,.T.);
#2140 = PLANE('',#2141);
#2141 = AXIS2_PLACEMENT_3D('',#2142,#2143,#2144);
#2142 = CARTESIAN_POINT('',(-1.395898384862,-40.14,7.132558883258));
#2143 = DIRECTION('',(0.866025403784,0.,0.5));
#2144 = DIRECTION('',(-0.5,-5.8E-16,0.866025403784));
#2145 = ADVANCED_FACE('',(#2146),#2164,.F.);
#2146 = FACE_BOUND('',#2147,.F.);
#2147 = EDGE_LOOP('',(#2148,#2156,#2162,#2163));
#2148 = ORIENTED_EDGE('',*,*,#2149,.F.);
#2149 = EDGE_CURVE('',#2150,#1332,#2152,.T.);
#2150 = VERTEX_POINT('',#2151);
#2151 = CARTESIAN_POINT('',(-0.529872981078,-37.,7.632558883258));
#2152 = LINE('',#2153,#2154);
#2153 = CARTESIAN_POINT('',(-0.529872981078,-40.14,7.632558883258));
#2154 = VECTOR('',#2155,1.);
#2155 = DIRECTION('',(0.,1.,0.));
#2156 = ORIENTED_EDGE('',*,*,#2157,.T.);
#2157 = EDGE_CURVE('',#2150,#647,#2158,.T.);
#2158 = LINE('',#2159,#2160);
#2159 = CARTESIAN_POINT('',(0.988497903381,-37.,5.002663366642));
#2160 = VECTOR('',#2161,1.);
#2161 = DIRECTION('',(-0.5,0.,0.866025403784));
#2162 = ORIENTED_EDGE('',*,*,#655,.F.);
#2163 = ORIENTED_EDGE('',*,*,#1331,.F.);
#2164 = PLANE('',#2165);
#2165 = AXIS2_PLACEMENT_3D('',#2166,#2167,#2168);
#2166 = CARTESIAN_POINT('',(-1.904872981078,-40.14,10.014128743665));
#2167 = DIRECTION('',(-0.866025403784,0.,-0.5));
#2168 = DIRECTION('',(0.5,5.8E-16,-0.866025403784));
#2169 = ADVANCED_FACE('',(#2170),#2188,.F.);
#2170 = FACE_BOUND('',#2171,.F.);
#2171 = EDGE_LOOP('',(#2172,#2180,#2186,#2187));
#2172 = ORIENTED_EDGE('',*,*,#2173,.T.);
#2173 = EDGE_CURVE('',#639,#2174,#2176,.T.);
#2174 = VERTEX_POINT('',#2175);
#2175 = CARTESIAN_POINT('',(2.220127018922,-37.,7.632558883258));
#2176 = LINE('',#2177,#2178);
#2177 = CARTESIAN_POINT('',(-0.197025620267,-37.,3.445927702532));
#2178 = VECTOR('',#2179,1.);
#2179 = DIRECTION('',(-0.5,0.,-0.866025403784));
#2180 = ORIENTED_EDGE('',*,*,#2181,.T.);
#2181 = EDGE_CURVE('',#2174,#1340,#2182,.T.);
#2182 = LINE('',#2183,#2184);
#2183 = CARTESIAN_POINT('',(2.220127018922,-40.14,7.632558883258));
#2184 = VECTOR('',#2185,1.);
#2185 = DIRECTION('',(0.,1.,0.));
#2186 = ORIENTED_EDGE('',*,*,#1347,.F.);
#2187 = ORIENTED_EDGE('',*,*,#638,.T.);
#2188 = PLANE('',#2189);
#2189 = AXIS2_PLACEMENT_3D('',#2190,#2191,#2192);
#2190 = CARTESIAN_POINT('',(2.220127018922,-40.14,7.632558883258));
#2191 = DIRECTION('',(0.866025403784,0.,-0.5));
#2192 = DIRECTION('',(0.5,-5.8E-16,0.866025403784));
#2193 = ADVANCED_FACE('',(#2194),#2212,.F.);
#2194 = FACE_BOUND('',#2195,.F.);
#2195 = EDGE_LOOP('',(#2196,#2204,#2210,#2211));
#2196 = ORIENTED_EDGE('',*,*,#2197,.F.);
#2197 = EDGE_CURVE('',#2198,#1355,#2200,.T.);
#2198 = VERTEX_POINT('',#2199);
#2199 = CARTESIAN_POINT('',(3.086152422707,-37.,7.132558883258));
#2200 = LINE('',#2201,#2202);
#2201 = CARTESIAN_POINT('',(3.086152422707,-40.14,7.132558883258));
#2202 = VECTOR('',#2203,1.);
#2203 = DIRECTION('',(0.,1.,0.));
#2204 = ORIENTED_EDGE('',*,*,#2205,.T.);
#2205 = EDGE_CURVE('',#2198,#613,#2206,.T.);
#2206 = LINE('',#2207,#2208);
#2207 = CARTESIAN_POINT('',(1.356499783517,-37.,4.136712632736));
#2208 = VECTOR('',#2209,1.);
#2209 = DIRECTION('',(0.5,0.,0.866025403784));
#2210 = ORIENTED_EDGE('',*,*,#621,.F.);
#2211 = ORIENTED_EDGE('',*,*,#1354,.F.);
#2212 = PLANE('',#2213);
#2213 = AXIS2_PLACEMENT_3D('',#2214,#2215,#2216);
#2214 = CARTESIAN_POINT('',(4.461152422707,-40.14,9.514128743665));
#2215 = DIRECTION('',(-0.866025403784,0.,0.5));
#2216 = DIRECTION('',(-0.5,5.8E-16,-0.866025403784));
#2217 = ADVANCED_FACE('',(#2218),#2236,.F.);
#2218 = FACE_BOUND('',#2219,.F.);
#2219 = EDGE_LOOP('',(#2220,#2228,#2234,#2235));
#2220 = ORIENTED_EDGE('',*,*,#2221,.T.);
#2221 = EDGE_CURVE('',#605,#2222,#2224,.T.);
#2222 = VERTEX_POINT('',#2223);
#2223 = CARTESIAN_POINT('',(7.211152422707,-37.,4.75098902285));
#2224 = LINE('',#2225,#2226);
#2225 = CARTESIAN_POINT('',(4.793999783517,-37.,0.564357842125));
#2226 = VECTOR('',#2227,1.);
#2227 = DIRECTION('',(-0.5,0.,-0.866025403784));
#2228 = ORIENTED_EDGE('',*,*,#2229,.T.);
#2229 = EDGE_CURVE('',#2222,#1371,#2230,.T.);
#2230 = LINE('',#2231,#2232);
#2231 = CARTESIAN_POINT('',(7.211152422707,-40.14,4.75098902285));
#2232 = VECTOR('',#2233,1.);
#2233 = DIRECTION('',(0.,1.,0.));
#2234 = ORIENTED_EDGE('',*,*,#1378,.F.);
#2235 = ORIENTED_EDGE('',*,*,#604,.T.);
#2236 = PLANE('',#2237);
#2237 = AXIS2_PLACEMENT_3D('',#2238,#2239,#2240);
#2238 = CARTESIAN_POINT('',(7.211152422707,-40.14,4.75098902285));
#2239 = DIRECTION('',(0.866025403784,0.,-0.5));
#2240 = DIRECTION('',(0.5,-5.8E-16,0.866025403784));
#2241 = ADVANCED_FACE('',(#2242),#2260,.F.);
#2242 = FACE_BOUND('',#2243,.F.);
#2243 = EDGE_LOOP('',(#2244,#2252,#2258,#2259));
#2244 = ORIENTED_EDGE('',*,*,#2245,.F.);
#2245 = EDGE_CURVE('',#2246,#1386,#2248,.T.);
#2246 = VERTEX_POINT('',#2247);
#2247 = CARTESIAN_POINT('',(8.077177826491,-37.,4.25098902285));
#2248 = LINE('',#2249,#2250);
#2249 = CARTESIAN_POINT('',(8.077177826491,-40.14,4.25098902285));
#2250 = VECTOR('',#2251,1.);
#2251 = DIRECTION('',(0.,1.,0.));
#2252 = ORIENTED_EDGE('',*,*,#2253,.T.);
#2253 = EDGE_CURVE('',#2246,#579,#2254,.T.);
#2254 = LINE('',#2255,#2256);
#2255 = CARTESIAN_POINT('',(6.347525187302,-37.,1.255142772329));
#2256 = VECTOR('',#2257,1.);
#2257 = DIRECTION('',(0.5,0.,0.866025403784));
#2258 = ORIENTED_EDGE('',*,*,#587,.F.);
#2259 = ORIENTED_EDGE('',*,*,#1385,.F.);
#2260 = PLANE('',#2261);
#2261 = AXIS2_PLACEMENT_3D('',#2262,#2263,#2264);
#2262 = CARTESIAN_POINT('',(9.452177826491,-40.14,6.632558883258));
#2263 = DIRECTION('',(-0.866025403784,0.,0.5));
#2264 = DIRECTION('',(-0.5,5.8E-16,-0.866025403784));
#2265 = ADVANCED_FACE('',(#2266),#2284,.F.);
#2266 = FACE_BOUND('',#2267,.F.);
#2267 = EDGE_LOOP('',(#2268,#2276,#2282,#2283));
#2268 = ORIENTED_EDGE('',*,*,#2269,.T.);
#2269 = EDGE_CURVE('',#571,#2270,#2272,.T.);
#2270 = VERTEX_POINT('',#2271);
#2271 = CARTESIAN_POINT('',(9.452177826491,-37.,1.869419162443));
#2272 = LINE('',#2273,#2274);
#2273 = CARTESIAN_POINT('',(4.726088913246,-37.,1.869419162443));
#2274 = VECTOR('',#2275,1.);
#2275 = DIRECTION('',(-1.,0.,0.));
#2276 = ORIENTED_EDGE('',*,*,#2277,.T.);
#2277 = EDGE_CURVE('',#2270,#1394,#2278,.T.);
#2278 = LINE('',#2279,#2280);
#2279 = CARTESIAN_POINT('',(9.452177826491,-40.14,1.869419162443));
#2280 = VECTOR('',#2281,1.);
#2281 = DIRECTION('',(0.,1.,0.));
#2282 = ORIENTED_EDGE('',*,*,#1401,.F.);
#2283 = ORIENTED_EDGE('',*,*,#570,.T.);
#2284 = PLANE('',#2285);
#2285 = AXIS2_PLACEMENT_3D('',#2286,#2287,#2288);
#2286 = CARTESIAN_POINT('',(9.452177826491,-40.14,1.869419162443));
#2287 = DIRECTION('',(0.,0.,-1.));
#2288 = DIRECTION('',(1.,0.,0.));
#2289 = ADVANCED_FACE('',(#2290),#2308,.F.);
#2290 = FACE_BOUND('',#2291,.F.);
#2291 = EDGE_LOOP('',(#2292,#2300,#2306,#2307));
#2292 = ORIENTED_EDGE('',*,*,#2293,.F.);
#2293 = EDGE_CURVE('',#2294,#1076,#2296,.T.);
#2294 = VERTEX_POINT('',#2295);
#2295 = CARTESIAN_POINT('',(9.452177826491,-37.,0.869419162443));
#2296 = LINE('',#2297,#2298);
#2297 = CARTESIAN_POINT('',(9.452177826491,-40.14,0.869419162443));
#2298 = VECTOR('',#2299,1.);
#2299 = DIRECTION('',(0.,1.,0.));
#2300 = ORIENTED_EDGE('',*,*,#2301,.T.);
#2301 = EDGE_CURVE('',#2294,#545,#2302,.T.);
#2302 = LINE('',#2303,#2304);
#2303 = CARTESIAN_POINT('',(6.101088913246,-37.,0.869419162443));
#2304 = VECTOR('',#2305,1.);
#2305 = DIRECTION('',(1.,0.,0.));
#2306 = ORIENTED_EDGE('',*,*,#553,.F.);
#2307 = ORIENTED_EDGE('',*,*,#1075,.F.);
#2308 = PLANE('',#2309);
#2309 = AXIS2_PLACEMENT_3D('',#2310,#2311,#2312);
#2310 = CARTESIAN_POINT('',(12.202177826491,-40.14,0.869419162443));
#2311 = DIRECTION('',(0.,0.,1.));
#2312 = DIRECTION('',(-1.,0.,0.));
#2313 = ADVANCED_FACE('',(#2314),#2325,.F.);
#2314 = FACE_BOUND('',#2315,.F.);
#2315 = EDGE_LOOP('',(#2316,#2322,#2323,#2324));
#2316 = ORIENTED_EDGE('',*,*,#2317,.T.);
#2317 = EDGE_CURVE('',#2270,#2246,#2318,.T.);
#2318 = LINE('',#2319,#2320);
#2319 = CARTESIAN_POINT('',(8.475036009058,-37.,3.561878436438));
#2320 = VECTOR('',#2321,1.);
#2321 = DIRECTION('',(-0.5,0.,0.866025403784));
#2322 = ORIENTED_EDGE('',*,*,#2245,.T.);
#2323 = ORIENTED_EDGE('',*,*,#1393,.F.);
#2324 = ORIENTED_EDGE('',*,*,#2277,.F.);
#2325 = PLANE('',#2326);
#2326 = AXIS2_PLACEMENT_3D('',#2327,#2328,#2329);
#2327 = CARTESIAN_POINT('',(8.077177826491,-40.14,4.25098902285));
#2328 = DIRECTION('',(-0.866025403784,0.,-0.5));
#2329 = DIRECTION('',(0.5,5.8E-16,-0.866025403784));
#2330 = ADVANCED_FACE('',(#2331),#2349,.F.);
#2331 = FACE_BOUND('',#2332,.F.);
#2332 = EDGE_LOOP('',(#2333,#2341,#2347,#2348));
#2333 = ORIENTED_EDGE('',*,*,#2334,.T.);
#2334 = EDGE_CURVE('',#2222,#2335,#2337,.T.);
#2335 = VERTEX_POINT('',#2336);
#2336 = CARTESIAN_POINT('',(4.461152422707,-37.,4.75098902285));
#2337 = LINE('',#2338,#2339);
#2338 = CARTESIAN_POINT('',(2.230576211353,-37.,4.75098902285));
#2339 = VECTOR('',#2340,1.);
#2340 = DIRECTION('',(-1.,0.,-1.6E-16));
#2341 = ORIENTED_EDGE('',*,*,#2342,.T.);
#2342 = EDGE_CURVE('',#2335,#1363,#2343,.T.);
#2343 = LINE('',#2344,#2345);
#2344 = CARTESIAN_POINT('',(4.461152422707,-40.14,4.75098902285));
#2345 = VECTOR('',#2346,1.);
#2346 = DIRECTION('',(0.,1.,0.));
#2347 = ORIENTED_EDGE('',*,*,#1370,.F.);
#2348 = ORIENTED_EDGE('',*,*,#2229,.F.);
#2349 = PLANE('',#2350);
#2350 = AXIS2_PLACEMENT_3D('',#2351,#2352,#2353);
#2351 = CARTESIAN_POINT('',(4.461152422707,-40.14,4.75098902285));
#2352 = DIRECTION('',(1.6E-16,0.,-1.));
#2353 = DIRECTION('',(1.,0.,1.6E-16));
#2354 = ADVANCED_FACE('',(#2355),#2366,.F.);
#2355 = FACE_BOUND('',#2356,.F.);
#2356 = EDGE_LOOP('',(#2357,#2363,#2364,#2365));
#2357 = ORIENTED_EDGE('',*,*,#2358,.T.);
#2358 = EDGE_CURVE('',#2335,#2198,#2359,.T.);
#2359 = LINE('',#2360,#2361);
#2360 = CARTESIAN_POINT('',(4.731766956219,-37.,4.28227090154));
#2361 = VECTOR('',#2362,1.);
#2362 = DIRECTION('',(-0.5,0.,0.866025403784));
#2363 = ORIENTED_EDGE('',*,*,#2197,.T.);
#2364 = ORIENTED_EDGE('',*,*,#1362,.F.);
#2365 = ORIENTED_EDGE('',*,*,#2342,.F.);
#2366 = PLANE('',#2367);
#2367 = AXIS2_PLACEMENT_3D('',#2368,#2369,#2370);
#2368 = CARTESIAN_POINT('',(3.086152422707,-40.14,7.132558883258));
#2369 = DIRECTION('',(-0.866025403784,0.,-0.5));
#2370 = DIRECTION('',(0.5,5.8E-16,-0.866025403784));
#2371 = ADVANCED_FACE('',(#2372),#2383,.F.);
#2372 = FACE_BOUND('',#2373,.F.);
#2373 = EDGE_LOOP('',(#2374,#2380,#2381,#2382));
#2374 = ORIENTED_EDGE('',*,*,#2375,.T.);
#2375 = EDGE_CURVE('',#2174,#2150,#2376,.T.);
#2376 = LINE('',#2377,#2378);
#2377 = CARTESIAN_POINT('',(-0.264936490539,-37.,7.632558883258));
#2378 = VECTOR('',#2379,1.);
#2379 = DIRECTION('',(-1.,0.,0.));
#2380 = ORIENTED_EDGE('',*,*,#2149,.T.);
#2381 = ORIENTED_EDGE('',*,*,#1339,.F.);
#2382 = ORIENTED_EDGE('',*,*,#2181,.F.);
#2383 = PLANE('',#2384);
#2384 = AXIS2_PLACEMENT_3D('',#2385,#2386,#2387);
#2385 = CARTESIAN_POINT('',(-0.529872981078,-40.14,7.632558883258));
#2386 = DIRECTION('',(0.,0.,-1.));
#2387 = DIRECTION('',(1.,0.,0.));
#2388 = ADVANCED_FACE('',(#2389),#2407,.F.);
#2389 = FACE_BOUND('',#2390,.F.);
#2390 = EDGE_LOOP('',(#2391,#2399,#2405,#2406));
#2391 = ORIENTED_EDGE('',*,*,#2392,.T.);
#2392 = EDGE_CURVE('',#2126,#2393,#2395,.T.);
#2393 = VERTEX_POINT('',#2394);
#2394 = CARTESIAN_POINT('',(-2.770898384862,-37.,4.75098902285));
#2395 = LINE('',#2396,#2397);
#2396 = CARTESIAN_POINT('',(-3.940294673106,-37.,2.725535237431));
#2397 = VECTOR('',#2398,1.);
#2398 = DIRECTION('',(-0.5,0.,-0.866025403784));
#2399 = ORIENTED_EDGE('',*,*,#2400,.T.);
#2400 = EDGE_CURVE('',#2393,#1309,#2401,.T.);
#2401 = LINE('',#2402,#2403);
#2402 = CARTESIAN_POINT('',(-2.770898384862,-40.14,4.75098902285));
#2403 = VECTOR('',#2404,1.);
#2404 = DIRECTION('',(0.,1.,0.));
#2405 = ORIENTED_EDGE('',*,*,#1316,.F.);
#2406 = ORIENTED_EDGE('',*,*,#2133,.F.);
#2407 = PLANE('',#2408);
#2408 = AXIS2_PLACEMENT_3D('',#2409,#2410,#2411);
#2409 = CARTESIAN_POINT('',(-2.770898384862,-40.14,4.75098902285));
#2410 = DIRECTION('',(0.866025403784,0.,-0.5));
#2411 = DIRECTION('',(0.5,-5.8E-16,0.866025403784));
#2412 = ADVANCED_FACE('',(#2413),#2424,.F.);
#2413 = FACE_BOUND('',#2414,.F.);
#2414 = EDGE_LOOP('',(#2415,#2421,#2422,#2423));
#2415 = ORIENTED_EDGE('',*,*,#2416,.T.);
#2416 = EDGE_CURVE('',#2393,#2102,#2417,.T.);
#2417 = LINE('',#2418,#2419);
#2418 = CARTESIAN_POINT('',(-2.760449192431,-37.,4.75098902285));
#2419 = VECTOR('',#2420,1.);
#2420 = DIRECTION('',(-1.,0.,-1.6E-16));
#2421 = ORIENTED_EDGE('',*,*,#2101,.T.);
#2422 = ORIENTED_EDGE('',*,*,#1308,.F.);
#2423 = ORIENTED_EDGE('',*,*,#2400,.F.);
#2424 = PLANE('',#2425);
#2425 = AXIS2_PLACEMENT_3D('',#2426,#2427,#2428);
#2426 = CARTESIAN_POINT('',(-5.520898384862,-40.14,4.75098902285));
#2427 = DIRECTION('',(1.6E-16,0.,-1.));
#2428 = DIRECTION('',(1.,0.,1.6E-16));
#2429 = ADVANCED_FACE('',(#2430),#2441,.F.);
#2430 = FACE_BOUND('',#2431,.F.);
#2431 = EDGE_LOOP('',(#2432,#2438,#2439,#2440));
#2432 = ORIENTED_EDGE('',*,*,#2433,.T.);
#2433 = EDGE_CURVE('',#2078,#2054,#2434,.T.);
#2434 = LINE('',#2435,#2436);
#2435 = CARTESIAN_POINT('',(-7.683563725944,-37.,2.005142772329));
#2436 = VECTOR('',#2437,1.);
#2437 = DIRECTION('',(-0.5,0.,-0.866025403784));
#2438 = ORIENTED_EDGE('',*,*,#2053,.T.);
#2439 = ORIENTED_EDGE('',*,*,#1285,.F.);
#2440 = ORIENTED_EDGE('',*,*,#2085,.F.);
#2441 = PLANE('',#2442);
#2442 = AXIS2_PLACEMENT_3D('',#2443,#2444,#2445);
#2443 = CARTESIAN_POINT('',(-7.761923788647,-40.14,1.869419162443));
#2444 = DIRECTION('',(0.866025403784,0.,-0.5));
#2445 = DIRECTION('',(0.5,-5.8E-16,0.866025403784));
#2446 = ADVANCED_FACE('',(#2447),#2465,.F.);
#2447 = FACE_BOUND('',#2448,.F.);
#2448 = EDGE_LOOP('',(#2449,#2457,#2463,#2464));
#2449 = ORIENTED_EDGE('',*,*,#2450,.T.);
#2450 = EDGE_CURVE('',#2030,#2451,#2453,.T.);
#2451 = VERTEX_POINT('',#2452);
#2452 = CARTESIAN_POINT('',(-6.386923788647,-37.,-1.512150697964));
#2453 = LINE('',#2454,#2455);
#2454 = CARTESIAN_POINT('',(-5.428809255134,-37.,-3.171653749478));
#2455 = VECTOR('',#2456,1.);
#2456 = DIRECTION('',(0.5,0.,-0.866025403784));
#2457 = ORIENTED_EDGE('',*,*,#2458,.T.);
#2458 = EDGE_CURVE('',#2451,#1255,#2459,.T.);
#2459 = LINE('',#2460,#2461);
#2460 = CARTESIAN_POINT('',(-6.386923788647,-40.14,-1.512150697964));
#2461 = VECTOR('',#2462,1.);
#2462 = DIRECTION('',(0.,1.,0.));
#2463 = ORIENTED_EDGE('',*,*,#1262,.F.);
#2464 = ORIENTED_EDGE('',*,*,#2037,.F.);
#2465 = PLANE('',#2466);
#2466 = AXIS2_PLACEMENT_3D('',#2467,#2468,#2469);
#2467 = CARTESIAN_POINT('',(-6.386923788647,-40.14,-1.512150697964));
#2468 = DIRECTION('',(0.866025403784,0.,0.5));
#2469 = DIRECTION('',(-0.5,-5.8E-16,0.866025403784));
#2470 = ADVANCED_FACE('',(#2471),#2489,.F.);
#2471 = FACE_BOUND('',#2472,.F.);
#2472 = EDGE_LOOP('',(#2473,#2481,#2487,#2488));
#2473 = ORIENTED_EDGE('',*,*,#2474,.T.);
#2474 = EDGE_CURVE('',#2451,#2475,#2477,.T.);
#2475 = VERTEX_POINT('',#2476);
#2476 = CARTESIAN_POINT('',(-7.761923788647,-37.,-3.893720558371));
#2477 = LINE('',#2478,#2479);
#2478 = CARTESIAN_POINT('',(-6.435807374998,-37.,-1.59681955318));
#2479 = VECTOR('',#2480,1.);
#2480 = DIRECTION('',(-0.5,0.,-0.866025403784));
#2481 = ORIENTED_EDGE('',*,*,#2482,.T.);
#2482 = EDGE_CURVE('',#2475,#1247,#2483,.T.);
#2483 = LINE('',#2484,#2485);
#2484 = CARTESIAN_POINT('',(-7.761923788647,-40.14,-3.893720558371));
#2485 = VECTOR('',#2486,1.);
#2486 = DIRECTION('',(0.,1.,0.));
#2487 = ORIENTED_EDGE('',*,*,#1254,.F.);
#2488 = ORIENTED_EDGE('',*,*,#2458,.F.);
#2489 = PLANE('',#2490);
#2490 = AXIS2_PLACEMENT_3D('',#2491,#2492,#2493);
#2491 = CARTESIAN_POINT('',(-7.761923788647,-40.14,-3.893720558371));
#2492 = DIRECTION('',(0.866025403784,0.,-0.5));
#2493 = DIRECTION('',(0.5,-5.8E-16,0.866025403784));
#2494 = ADVANCED_FACE('',(#2495),#2506,.F.);
#2495 = FACE_BOUND('',#2496,.F.);
#2496 = EDGE_LOOP('',(#2497,#2503,#2504,#2505));
#2497 = ORIENTED_EDGE('',*,*,#2498,.T.);
#2498 = EDGE_CURVE('',#2475,#2006,#2499,.T.);
#2499 = LINE('',#2500,#2501);
#2500 = CARTESIAN_POINT('',(-5.255961894323,-37.,-3.893720558371));
#2501 = VECTOR('',#2502,1.);
#2502 = DIRECTION('',(-1.,0.,0.));
#2503 = ORIENTED_EDGE('',*,*,#2005,.T.);
#2504 = ORIENTED_EDGE('',*,*,#1246,.F.);
#2505 = ORIENTED_EDGE('',*,*,#2482,.F.);
#2506 = PLANE('',#2507);
#2507 = AXIS2_PLACEMENT_3D('',#2508,#2509,#2510);
#2508 = CARTESIAN_POINT('',(-10.51192378864,-40.14,-3.893720558371));
#2509 = DIRECTION('',(0.,0.,-1.));
#2510 = DIRECTION('',(1.,0.,0.));
#2511 = ADVANCED_FACE('',(#2512),#2523,.F.);
#2512 = FACE_BOUND('',#2513,.F.);
#2513 = EDGE_LOOP('',(#2514,#2520,#2521,#2522));
#2514 = ORIENTED_EDGE('',*,*,#2515,.T.);
#2515 = EDGE_CURVE('',#1982,#1958,#2516,.T.);
#2516 = LINE('',#2517,#2518);
#2517 = CARTESIAN_POINT('',(-6.67656560608,-37.,-6.773616074987));
#2518 = VECTOR('',#2519,1.);
#2519 = DIRECTION('',(0.5,0.,-0.866025403784));
#2520 = ORIENTED_EDGE('',*,*,#1957,.T.);
#2521 = ORIENTED_EDGE('',*,*,#1223,.F.);
#2522 = ORIENTED_EDGE('',*,*,#1989,.F.);
#2523 = PLANE('',#2524);
#2524 = AXIS2_PLACEMENT_3D('',#2525,#2526,#2527);
#2525 = CARTESIAN_POINT('',(-6.386923788647,-40.14,-7.275290418778));
#2526 = DIRECTION('',(0.866025403784,0.,0.5));
#2527 = DIRECTION('',(-0.5,-5.8E-16,0.866025403784));
#2528 = ADVANCED_FACE('',(#2529),#2547,.F.);
#2529 = FACE_BOUND('',#2530,.F.);
#2530 = EDGE_LOOP('',(#2531,#2539,#2545,#2546));
#2531 = ORIENTED_EDGE('',*,*,#2532,.T.);
#2532 = EDGE_CURVE('',#1934,#2533,#2535,.T.);
#2533 = VERTEX_POINT('',#2534);
#2534 = CARTESIAN_POINT('',(-5.520898384862,-37.,-7.775290418778));
#2535 = LINE('',#2536,#2537);
#2536 = CARTESIAN_POINT('',(-3.634525620267,-37.,-4.507996948486));
#2537 = VECTOR('',#2538,1.);
#2538 = DIRECTION('',(0.5,0.,0.866025403784));
#2539 = ORIENTED_EDGE('',*,*,#2540,.T.);
#2540 = EDGE_CURVE('',#2533,#1193,#2541,.T.);
#2541 = LINE('',#2542,#2543);
#2542 = CARTESIAN_POINT('',(-5.520898384862,-40.14,-7.775290418778));
#2543 = VECTOR('',#2544,1.);
#2544 = DIRECTION('',(0.,1.,0.));
#2545 = ORIENTED_EDGE('',*,*,#1200,.F.);
#2546 = ORIENTED_EDGE('',*,*,#1941,.F.);
#2547 = PLANE('',#2548);
#2548 = AXIS2_PLACEMENT_3D('',#2549,#2550,#2551);
#2549 = CARTESIAN_POINT('',(-5.520898384862,-40.14,-7.775290418778));
#2550 = DIRECTION('',(-0.866025403784,0.,0.5));
#2551 = DIRECTION('',(-0.5,5.8E-16,-0.866025403784));
#2552 = ADVANCED_FACE('',(#2553),#2571,.F.);
#2553 = FACE_BOUND('',#2554,.F.);
#2554 = EDGE_LOOP('',(#2555,#2563,#2569,#2570));
#2555 = ORIENTED_EDGE('',*,*,#2556,.T.);
#2556 = EDGE_CURVE('',#2533,#2557,#2559,.T.);
#2557 = VERTEX_POINT('',#2558);
#2558 = CARTESIAN_POINT('',(-2.770898384862,-37.,-7.775290418778));
#2559 = LINE('',#2560,#2561);
#2560 = CARTESIAN_POINT('',(-1.385449192431,-37.,-7.775290418778));
#2561 = VECTOR('',#2562,1.);
#2562 = DIRECTION('',(1.,0.,0.));
#2563 = ORIENTED_EDGE('',*,*,#2564,.T.);
#2564 = EDGE_CURVE('',#2557,#1185,#2565,.T.);
#2565 = LINE('',#2566,#2567);
#2566 = CARTESIAN_POINT('',(-2.770898384862,-40.14,-7.775290418778));
#2567 = VECTOR('',#2568,1.);
#2568 = DIRECTION('',(0.,1.,0.));
#2569 = ORIENTED_EDGE('',*,*,#1192,.F.);
#2570 = ORIENTED_EDGE('',*,*,#2540,.F.);
#2571 = PLANE('',#2572);
#2572 = AXIS2_PLACEMENT_3D('',#2573,#2574,#2575);
#2573 = CARTESIAN_POINT('',(-2.770898384862,-40.14,-7.775290418778));
#2574 = DIRECTION('',(0.,0.,1.));
#2575 = DIRECTION('',(-1.,0.,0.));
#2576 = ADVANCED_FACE('',(#2577),#2588,.F.);
#2577 = FACE_BOUND('',#2578,.F.);
#2578 = EDGE_LOOP('',(#2579,#2585,#2586,#2587));
#2579 = ORIENTED_EDGE('',*,*,#2580,.T.);
#2580 = EDGE_CURVE('',#2557,#1910,#2581,.T.);
#2581 = LINE('',#2582,#2583);
#2582 = CARTESIAN_POINT('',(-2.933296553242,-37.,-7.494008540089));
#2583 = VECTOR('',#2584,1.);
#2584 = DIRECTION('',(0.5,0.,-0.866025403784));
#2585 = ORIENTED_EDGE('',*,*,#1909,.T.);
#2586 = ORIENTED_EDGE('',*,*,#1184,.F.);
#2587 = ORIENTED_EDGE('',*,*,#2564,.F.);
#2588 = PLANE('',#2589);
#2589 = AXIS2_PLACEMENT_3D('',#2590,#2591,#2592);
#2590 = CARTESIAN_POINT('',(-1.395898384862,-40.14,-10.15686027918));
#2591 = DIRECTION('',(0.866025403784,0.,0.5));
#2592 = DIRECTION('',(-0.5,-5.8E-16,0.866025403784));
#2593 = ADVANCED_FACE('',(#2594),#2605,.F.);
#2594 = FACE_BOUND('',#2595,.F.);
#2595 = EDGE_LOOP('',(#2596,#2602,#2603,#2604));
#2596 = ORIENTED_EDGE('',*,*,#2597,.T.);
#2597 = EDGE_CURVE('',#1886,#1862,#2598,.T.);
#2598 = LINE('',#2599,#2600);
#2599 = CARTESIAN_POINT('',(1.110063509461,-37.,-10.65686027918));
#2600 = VECTOR('',#2601,1.);
#2601 = DIRECTION('',(1.,0.,0.));
#2602 = ORIENTED_EDGE('',*,*,#1861,.T.);
#2603 = ORIENTED_EDGE('',*,*,#1161,.F.);
#2604 = ORIENTED_EDGE('',*,*,#1893,.F.);
#2605 = PLANE('',#2606);
#2606 = AXIS2_PLACEMENT_3D('',#2607,#2608,#2609);
#2607 = CARTESIAN_POINT('',(2.220127018922,-40.14,-10.65686027918));
#2608 = DIRECTION('',(0.,0.,1.));
#2609 = DIRECTION('',(-1.,0.,0.));
#2610 = ADVANCED_FACE('',(#2611),#2629,.F.);
#2611 = FACE_BOUND('',#2612,.F.);
#2612 = EDGE_LOOP('',(#2613,#2621,#2627,#2628));
#2613 = ORIENTED_EDGE('',*,*,#2614,.T.);
#2614 = EDGE_CURVE('',#1838,#2615,#2617,.T.);
#2615 = VERTEX_POINT('',#2616);
#2616 = CARTESIAN_POINT('',(4.461152422707,-37.,-7.775290418778));
#2617 = LINE('',#2618,#2619);
#2618 = CARTESIAN_POINT('',(5.099768836356,-37.,-6.669174343791));
#2619 = VECTOR('',#2620,1.);
#2620 = DIRECTION('',(0.5,0.,0.866025403784));
#2621 = ORIENTED_EDGE('',*,*,#2622,.T.);
#2622 = EDGE_CURVE('',#2615,#1131,#2623,.T.);
#2623 = LINE('',#2624,#2625);
#2624 = CARTESIAN_POINT('',(4.461152422707,-40.14,-7.775290418778));
#2625 = VECTOR('',#2626,1.);
#2626 = DIRECTION('',(0.,1.,0.));
#2627 = ORIENTED_EDGE('',*,*,#1138,.F.);
#2628 = ORIENTED_EDGE('',*,*,#1845,.F.);
#2629 = PLANE('',#2630);
#2630 = AXIS2_PLACEMENT_3D('',#2631,#2632,#2633);
#2631 = CARTESIAN_POINT('',(4.461152422707,-40.14,-7.775290418778));
#2632 = DIRECTION('',(-0.866025403784,0.,0.5));
#2633 = DIRECTION('',(-0.5,5.8E-16,-0.866025403784));
#2634 = ADVANCED_FACE('',(#2635),#2646,.F.);
#2635 = FACE_BOUND('',#2636,.F.);
#2636 = EDGE_LOOP('',(#2637,#2643,#2644,#2645));
#2637 = ORIENTED_EDGE('',*,*,#2638,.T.);
#2638 = EDGE_CURVE('',#2615,#1814,#2639,.T.);
#2639 = LINE('',#2640,#2641);
#2640 = CARTESIAN_POINT('',(3.605576211353,-37.,-7.775290418778));
#2641 = VECTOR('',#2642,1.);
#2642 = DIRECTION('',(1.,0.,0.));
#2643 = ORIENTED_EDGE('',*,*,#1813,.T.);
#2644 = ORIENTED_EDGE('',*,*,#1130,.F.);
#2645 = ORIENTED_EDGE('',*,*,#2622,.F.);
#2646 = PLANE('',#2647);
#2647 = AXIS2_PLACEMENT_3D('',#2648,#2649,#2650);
#2648 = CARTESIAN_POINT('',(7.211152422707,-40.14,-7.775290418778));
#2649 = DIRECTION('',(0.,0.,1.));
#2650 = DIRECTION('',(-1.,0.,0.));
#2651 = ADVANCED_FACE('',(#2652),#2663,.F.);
#2652 = FACE_BOUND('',#2653,.F.);
#2653 = EDGE_LOOP('',(#2654,#2660,#2661,#2662));
#2654 = ORIENTED_EDGE('',*,*,#2655,.T.);
#2655 = EDGE_CURVE('',#1790,#1766,#2656,.T.);
#2656 = LINE('',#2657,#2658);
#2657 = CARTESIAN_POINT('',(8.843037889194,-37.,-5.948781878689));
#2658 = VECTOR('',#2659,1.);
#2659 = DIRECTION('',(0.5,0.,0.866025403784));
#2660 = ORIENTED_EDGE('',*,*,#1765,.T.);
#2661 = ORIENTED_EDGE('',*,*,#1107,.F.);
#2662 = ORIENTED_EDGE('',*,*,#1797,.F.);
#2663 = PLANE('',#2664);
#2664 = AXIS2_PLACEMENT_3D('',#2665,#2666,#2667);
#2665 = CARTESIAN_POINT('',(9.452177826491,-40.14,-4.893720558371));
#2666 = DIRECTION('',(-0.866025403784,0.,0.5));
#2667 = DIRECTION('',(-0.5,5.8E-16,-0.866025403784));
#2668 = ADVANCED_FACE('',(#2669),#2687,.F.);
#2669 = FACE_BOUND('',#2670,.F.);
#2670 = EDGE_LOOP('',(#2671,#2679,#2685,#2686));
#2671 = ORIENTED_EDGE('',*,*,#2672,.T.);
#2672 = EDGE_CURVE('',#1044,#2673,#2675,.T.);
#2673 = VERTEX_POINT('',#2674);
#2674 = CARTESIAN_POINT('',(8.077177826491,-37.,-1.512150697964));
#2675 = LINE('',#2676,#2677);
#2676 = CARTESIAN_POINT('',(7.227279658112,-37.,-4.008388907107E-02));
#2677 = VECTOR('',#2678,1.);
#2678 = DIRECTION('',(-0.5,0.,0.866025403784));
#2679 = ORIENTED_EDGE('',*,*,#2680,.T.);
#2680 = EDGE_CURVE('',#2673,#1084,#2681,.T.);
#2681 = LINE('',#2682,#2683);
#2682 = CARTESIAN_POINT('',(8.077177826491,-40.14,-1.512150697964));
#2683 = VECTOR('',#2684,1.);
#2684 = DIRECTION('',(0.,1.,0.));
#2685 = ORIENTED_EDGE('',*,*,#1091,.F.);
#2686 = ORIENTED_EDGE('',*,*,#1051,.F.);
#2687 = PLANE('',#2688);
#2688 = AXIS2_PLACEMENT_3D('',#2689,#2690,#2691);
#2689 = CARTESIAN_POINT('',(8.077177826491,-40.14,-1.512150697964));
#2690 = DIRECTION('',(-0.866025403784,0.,-0.5));
#2691 = DIRECTION('',(0.5,5.8E-16,-0.866025403784));
#2692 = ADVANCED_FACE('',(#2693),#2704,.F.);
#2693 = FACE_BOUND('',#2694,.F.);
#2694 = EDGE_LOOP('',(#2695,#2701,#2702,#2703));
#2695 = ORIENTED_EDGE('',*,*,#2696,.T.);
#2696 = EDGE_CURVE('',#2673,#2294,#2697,.T.);
#2697 = LINE('',#2698,#2699);
#2698 = CARTESIAN_POINT('',(7.595281538248,-37.,-2.34681955318));
#2699 = VECTOR('',#2700,1.);
#2700 = DIRECTION('',(0.5,0.,0.866025403784));
#2701 = ORIENTED_EDGE('',*,*,#2293,.T.);
#2702 = ORIENTED_EDGE('',*,*,#1083,.F.);
#2703 = ORIENTED_EDGE('',*,*,#2680,.F.);
#2704 = PLANE('',#2705);
#2705 = AXIS2_PLACEMENT_3D('',#2706,#2707,#2708);
#2706 = CARTESIAN_POINT('',(9.452177826491,-40.14,0.869419162443));
#2707 = DIRECTION('',(-0.866025403784,0.,0.5));
#2708 = DIRECTION('',(-0.5,5.8E-16,-0.866025403784));
#2709 = ADVANCED_FACE('',(#2710),#2735,.F.);
#2710 = FACE_BOUND('',#2711,.F.);
#2711 = EDGE_LOOP('',(#2712,#2722,#2728,#2729));
#2712 = ORIENTED_EDGE('',*,*,#2713,.T.);
#2713 = EDGE_CURVE('',#2714,#2716,#2718,.T.);
#2714 = VERTEX_POINT('',#2715);
#2715 = CARTESIAN_POINT('',(-2.770898384862,-37.,-2.012150697964));
#2716 = VERTEX_POINT('',#2717);
#2717 = CARTESIAN_POINT('',(-1.395898384862,-37.,-4.393720558371));
#2718 = LINE('',#2719,#2720);
#2719 = CARTESIAN_POINT('',(-1.685540202296,-37.,-3.89204621458));
#2720 = VECTOR('',#2721,1.);
#2721 = DIRECTION('',(0.5,0.,-0.866025403784));
#2722 = ORIENTED_EDGE('',*,*,#2723,.T.);
#2723 = EDGE_CURVE('',#2716,#1412,#2724,.T.);
#2724 = LINE('',#2725,#2726);
#2725 = CARTESIAN_POINT('',(-1.395898384862,-40.14,-4.393720558371));
#2726 = VECTOR('',#2727,1.);
#2727 = DIRECTION('',(0.,1.,0.));
#2728 = ORIENTED_EDGE('',*,*,#1409,.F.);
#2729 = ORIENTED_EDGE('',*,*,#2730,.F.);
#2730 = EDGE_CURVE('',#2714,#1410,#2731,.T.);
#2731 = LINE('',#2732,#2733);
#2732 = CARTESIAN_POINT('',(-2.770898384862,-40.14,-2.012150697964));
#2733 = VECTOR('',#2734,1.);
#2734 = DIRECTION('',(0.,1.,0.));
#2735 = PLANE('',#2736);
#2736 = AXIS2_PLACEMENT_3D('',#2737,#2738,#2739);
#2737 = CARTESIAN_POINT('',(-1.395898384862,-40.14,-4.393720558371));
#2738 = DIRECTION('',(0.866025403784,0.,0.5));
#2739 = DIRECTION('',(-0.5,-5.8E-16,0.866025403784));
#2740 = ADVANCED_FACE('',(#2741),#2759,.F.);
#2741 = FACE_BOUND('',#2742,.F.);
#2742 = EDGE_LOOP('',(#2743,#2751,#2757,#2758));
#2743 = ORIENTED_EDGE('',*,*,#2744,.T.);
#2744 = EDGE_CURVE('',#2716,#2745,#2747,.T.);
#2745 = VERTEX_POINT('',#2746);
#2746 = CARTESIAN_POINT('',(-2.770898384862,-37.,-6.775290418778));
#2747 = LINE('',#2748,#2749);
#2748 = CARTESIAN_POINT('',(-1.444781971213,-37.,-4.478389413587));
#2749 = VECTOR('',#2750,1.);
#2750 = DIRECTION('',(-0.5,0.,-0.866025403784));
#2751 = ORIENTED_EDGE('',*,*,#2752,.T.);
#2752 = EDGE_CURVE('',#2745,#1444,#2753,.T.);
#2753 = LINE('',#2754,#2755);
#2754 = CARTESIAN_POINT('',(-2.770898384862,-40.14,-6.775290418778));
#2755 = VECTOR('',#2756,1.);
#2756 = DIRECTION('',(0.,1.,0.));
#2757 = ORIENTED_EDGE('',*,*,#1451,.F.);
#2758 = ORIENTED_EDGE('',*,*,#2723,.F.);
#2759 = PLANE('',#2760);
#2760 = AXIS2_PLACEMENT_3D('',#2761,#2762,#2763);
#2761 = CARTESIAN_POINT('',(-2.770898384862,-40.14,-6.775290418778));
#2762 = DIRECTION('',(0.866025403784,0.,-0.5));
#2763 = DIRECTION('',(0.5,-5.8E-16,0.866025403784));
#2764 = ADVANCED_FACE('',(#2765),#2783,.F.);
#2765 = FACE_BOUND('',#2766,.F.);
#2766 = EDGE_LOOP('',(#2767,#2775,#2781,#2782));
#2767 = ORIENTED_EDGE('',*,*,#2768,.T.);
#2768 = EDGE_CURVE('',#2745,#2769,#2771,.T.);
#2769 = VERTEX_POINT('',#2770);
#2770 = CARTESIAN_POINT('',(-5.520898384862,-37.,-6.775290418778));
#2771 = LINE('',#2772,#2773);
#2772 = CARTESIAN_POINT('',(-2.760449192431,-37.,-6.775290418778));
#2773 = VECTOR('',#2774,1.);
#2774 = DIRECTION('',(-1.,0.,-1.6E-16));
#2775 = ORIENTED_EDGE('',*,*,#2776,.T.);
#2776 = EDGE_CURVE('',#2769,#1436,#2777,.T.);
#2777 = LINE('',#2778,#2779);
#2778 = CARTESIAN_POINT('',(-5.520898384862,-40.14,-6.775290418778));
#2779 = VECTOR('',#2780,1.);
#2780 = DIRECTION('',(0.,1.,0.));
#2781 = ORIENTED_EDGE('',*,*,#1443,.F.);
#2782 = ORIENTED_EDGE('',*,*,#2752,.F.);
#2783 = PLANE('',#2784);
#2784 = AXIS2_PLACEMENT_3D('',#2785,#2786,#2787);
#2785 = CARTESIAN_POINT('',(-5.520898384862,-40.14,-6.775290418778));
#2786 = DIRECTION('',(1.6E-16,0.,-1.));
#2787 = DIRECTION('',(1.,0.,1.6E-16));
#2788 = ADVANCED_FACE('',(#2789),#2807,.F.);
#2789 = FACE_BOUND('',#2790,.F.);
#2790 = EDGE_LOOP('',(#2791,#2799,#2805,#2806));
#2791 = ORIENTED_EDGE('',*,*,#2792,.T.);
#2792 = EDGE_CURVE('',#2769,#2793,#2795,.T.);
#2793 = VERTEX_POINT('',#2794);
#2794 = CARTESIAN_POINT('',(-6.895898384862,-37.,-4.393720558371));
#2795 = LINE('',#2796,#2797);
#2796 = CARTESIAN_POINT('',(-6.498040202296,-37.,-5.082831144784));
#2797 = VECTOR('',#2798,1.);
#2798 = DIRECTION('',(-0.5,0.,0.866025403784));
#2799 = ORIENTED_EDGE('',*,*,#2800,.T.);
#2800 = EDGE_CURVE('',#2793,#1428,#2801,.T.);
#2801 = LINE('',#2802,#2803);
#2802 = CARTESIAN_POINT('',(-6.895898384862,-40.14,-4.393720558371));
#2803 = VECTOR('',#2804,1.);
#2804 = DIRECTION('',(0.,1.,0.));
#2805 = ORIENTED_EDGE('',*,*,#1435,.F.);
#2806 = ORIENTED_EDGE('',*,*,#2776,.F.);
#2807 = PLANE('',#2808);
#2808 = AXIS2_PLACEMENT_3D('',#2809,#2810,#2811);
#2809 = CARTESIAN_POINT('',(-6.895898384862,-40.14,-4.393720558371));
#2810 = DIRECTION('',(-0.866025403784,0.,-0.5));
#2811 = DIRECTION('',(0.5,5.8E-16,-0.866025403784));
#2812 = ADVANCED_FACE('',(#2813),#2831,.F.);
#2813 = FACE_BOUND('',#2814,.F.);
#2814 = EDGE_LOOP('',(#2815,#2823,#2829,#2830));
#2815 = ORIENTED_EDGE('',*,*,#2816,.T.);
#2816 = EDGE_CURVE('',#2793,#2817,#2819,.T.);
#2817 = VERTEX_POINT('',#2818);
#2818 = CARTESIAN_POINT('',(-5.520898384862,-37.,-2.012150697964));
#2819 = LINE('',#2820,#2821);
#2820 = CARTESIAN_POINT('',(-4.882281971213,-37.,-0.906034622977));
#2821 = VECTOR('',#2822,1.);
#2822 = DIRECTION('',(0.5,0.,0.866025403784));
#2823 = ORIENTED_EDGE('',*,*,#2824,.T.);
#2824 = EDGE_CURVE('',#2817,#1420,#2825,.T.);
#2825 = LINE('',#2826,#2827);
#2826 = CARTESIAN_POINT('',(-5.520898384862,-40.14,-2.012150697964));
#2827 = VECTOR('',#2828,1.);
#2828 = DIRECTION('',(0.,1.,0.));
#2829 = ORIENTED_EDGE('',*,*,#1427,.F.);
#2830 = ORIENTED_EDGE('',*,*,#2800,.F.);
#2831 = PLANE('',#2832);
#2832 = AXIS2_PLACEMENT_3D('',#2833,#2834,#2835);
#2833 = CARTESIAN_POINT('',(-5.520898384862,-40.14,-2.012150697964));
#2834 = DIRECTION('',(-0.866025403784,0.,0.5));
#2835 = DIRECTION('',(-0.5,5.8E-16,-0.866025403784));
#2836 = ADVANCED_FACE('',(#2837),#2848,.F.);
#2837 = FACE_BOUND('',#2838,.F.);
#2838 = EDGE_LOOP('',(#2839,#2845,#2846,#2847));
#2839 = ORIENTED_EDGE('',*,*,#2840,.T.);
#2840 = EDGE_CURVE('',#2817,#2714,#2841,.T.);
#2841 = LINE('',#2842,#2843);
#2842 = CARTESIAN_POINT('',(-1.385449192431,-37.,-2.012150697964));
#2843 = VECTOR('',#2844,1.);
#2844 = DIRECTION('',(1.,0.,0.));
#2845 = ORIENTED_EDGE('',*,*,#2730,.T.);
#2846 = ORIENTED_EDGE('',*,*,#1419,.F.);
#2847 = ORIENTED_EDGE('',*,*,#2824,.F.);
#2848 = PLANE('',#2849);
#2849 = AXIS2_PLACEMENT_3D('',#2850,#2851,#2852);
#2850 = CARTESIAN_POINT('',(-2.770898384862,-40.14,-2.012150697964));
#2851 = DIRECTION('',(0.,0.,1.));
#2852 = DIRECTION('',(-1.,0.,0.));
#2853 = ADVANCED_FACE('',(#2854),#2879,.F.);
#2854 = FACE_BOUND('',#2855,.F.);
#2855 = EDGE_LOOP('',(#2856,#2866,#2872,#2873));
#2856 = ORIENTED_EDGE('',*,*,#2857,.T.);
#2857 = EDGE_CURVE('',#2858,#2860,#2862,.T.);
#2858 = VERTEX_POINT('',#2859);
#2859 = CARTESIAN_POINT('',(2.220127018922,-37.,-4.893720558371));
#2860 = VERTEX_POINT('',#2861);
#2861 = CARTESIAN_POINT('',(3.595127018922,-37.,-7.275290418778));
#2862 = LINE('',#2863,#2864);
#2863 = CARTESIAN_POINT('',(2.057728850543,-37.,-4.612438679682));
#2864 = VECTOR('',#2865,1.);
#2865 = DIRECTION('',(0.5,0.,-0.866025403784));
#2866 = ORIENTED_EDGE('',*,*,#2867,.T.);
#2867 = EDGE_CURVE('',#2860,#1462,#2868,.T.);
#2868 = LINE('',#2869,#2870);
#2869 = CARTESIAN_POINT('',(3.595127018922,-40.14,-7.275290418778));
#2870 = VECTOR('',#2871,1.);
#2871 = DIRECTION('',(0.,1.,0.));
#2872 = ORIENTED_EDGE('',*,*,#1459,.F.);
#2873 = ORIENTED_EDGE('',*,*,#2874,.F.);
#2874 = EDGE_CURVE('',#2858,#1460,#2875,.T.);
#2875 = LINE('',#2876,#2877);
#2876 = CARTESIAN_POINT('',(2.220127018922,-40.14,-4.893720558371));
#2877 = VECTOR('',#2878,1.);
#2878 = DIRECTION('',(0.,1.,0.));
#2879 = PLANE('',#2880);
#2880 = AXIS2_PLACEMENT_3D('',#2881,#2882,#2883);
#2881 = CARTESIAN_POINT('',(3.595127018922,-40.14,-7.275290418778));
#2882 = DIRECTION('',(0.866025403784,0.,0.5));
#2883 = DIRECTION('',(-0.5,-5.8E-16,0.866025403784));
#2884 = ADVANCED_FACE('',(#2885),#2903,.F.);
#2885 = FACE_BOUND('',#2886,.F.);
#2886 = EDGE_LOOP('',(#2887,#2895,#2901,#2902));
#2887 = ORIENTED_EDGE('',*,*,#2888,.T.);
#2888 = EDGE_CURVE('',#2860,#2889,#2891,.T.);
#2889 = VERTEX_POINT('',#2890);
#2890 = CARTESIAN_POINT('',(2.220127018922,-37.,-9.656860279186));
#2891 = LINE('',#2892,#2893);
#2892 = CARTESIAN_POINT('',(3.546243432571,-37.,-7.359959273995));
#2893 = VECTOR('',#2894,1.);
#2894 = DIRECTION('',(-0.5,0.,-0.866025403784));
#2895 = ORIENTED_EDGE('',*,*,#2896,.T.);
#2896 = EDGE_CURVE('',#2889,#1494,#2897,.T.);
#2897 = LINE('',#2898,#2899);
#2898 = CARTESIAN_POINT('',(2.220127018922,-40.14,-9.656860279186));
#2899 = VECTOR('',#2900,1.);
#2900 = DIRECTION('',(0.,1.,0.));
#2901 = ORIENTED_EDGE('',*,*,#1501,.F.);
#2902 = ORIENTED_EDGE('',*,*,#2867,.F.);
#2903 = PLANE('',#2904);
#2904 = AXIS2_PLACEMENT_3D('',#2905,#2906,#2907);
#2905 = CARTESIAN_POINT('',(2.220127018922,-40.14,-9.656860279186));
#2906 = DIRECTION('',(0.866025403784,0.,-0.5));
#2907 = DIRECTION('',(0.5,-5.8E-16,0.866025403784));
#2908 = ADVANCED_FACE('',(#2909),#2927,.F.);
#2909 = FACE_BOUND('',#2910,.F.);
#2910 = EDGE_LOOP('',(#2911,#2919,#2925,#2926));
#2911 = ORIENTED_EDGE('',*,*,#2912,.T.);
#2912 = EDGE_CURVE('',#2889,#2913,#2915,.T.);
#2913 = VERTEX_POINT('',#2914);
#2914 = CARTESIAN_POINT('',(-0.529872981078,-37.,-9.656860279186));
#2915 = LINE('',#2916,#2917);
#2916 = CARTESIAN_POINT('',(-0.264936490539,-37.,-9.656860279186));
#2917 = VECTOR('',#2918,1.);
#2918 = DIRECTION('',(-1.,0.,0.));
#2919 = ORIENTED_EDGE('',*,*,#2920,.T.);
#2920 = EDGE_CURVE('',#2913,#1486,#2921,.T.);
#2921 = LINE('',#2922,#2923);
#2922 = CARTESIAN_POINT('',(-0.529872981078,-40.14,-9.656860279186));
#2923 = VECTOR('',#2924,1.);
#2924 = DIRECTION('',(0.,1.,0.));
#2925 = ORIENTED_EDGE('',*,*,#1493,.F.);
#2926 = ORIENTED_EDGE('',*,*,#2896,.F.);
#2927 = PLANE('',#2928);
#2928 = AXIS2_PLACEMENT_3D('',#2929,#2930,#2931);
#2929 = CARTESIAN_POINT('',(-0.529872981078,-40.14,-9.656860279186));
#2930 = DIRECTION('',(0.,0.,-1.));
#2931 = DIRECTION('',(1.,0.,0.));
#2932 = ADVANCED_FACE('',(#2933),#2951,.F.);
#2933 = FACE_BOUND('',#2934,.F.);
#2934 = EDGE_LOOP('',(#2935,#2943,#2949,#2950));
#2935 = ORIENTED_EDGE('',*,*,#2936,.T.);
#2936 = EDGE_CURVE('',#2913,#2937,#2939,.T.);
#2937 = VERTEX_POINT('',#2938);
#2938 = CARTESIAN_POINT('',(-1.904872981078,-37.,-7.275290418778));
#2939 = LINE('',#2940,#2941);
#2940 = CARTESIAN_POINT('',(-2.754771149457,-37.,-5.803223609885));
#2941 = VECTOR('',#2942,1.);
#2942 = DIRECTION('',(-0.5,0.,0.866025403784));
#2943 = ORIENTED_EDGE('',*,*,#2944,.T.);
#2944 = EDGE_CURVE('',#2937,#1478,#2945,.T.);
#2945 = LINE('',#2946,#2947);
#2946 = CARTESIAN_POINT('',(-1.904872981078,-40.14,-7.275290418778));
#2947 = VECTOR('',#2948,1.);
#2948 = DIRECTION('',(0.,1.,0.));
#2949 = ORIENTED_EDGE('',*,*,#1485,.F.);
#2950 = ORIENTED_EDGE('',*,*,#2920,.F.);
#2951 = PLANE('',#2952);
#2952 = AXIS2_PLACEMENT_3D('',#2953,#2954,#2955);
#2953 = CARTESIAN_POINT('',(-1.904872981078,-40.14,-7.275290418778));
#2954 = DIRECTION('',(-0.866025403784,0.,-0.5));
#2955 = DIRECTION('',(0.5,5.8E-16,-0.866025403784));
#2956 = ADVANCED_FACE('',(#2957),#2975,.F.);
#2957 = FACE_BOUND('',#2958,.F.);
#2958 = EDGE_LOOP('',(#2959,#2967,#2973,#2974));
#2959 = ORIENTED_EDGE('',*,*,#2960,.T.);
#2960 = EDGE_CURVE('',#2937,#2961,#2963,.T.);
#2961 = VERTEX_POINT('',#2962);
#2962 = CARTESIAN_POINT('',(-0.529872981078,-37.,-4.893720558371));
#2963 = LINE('',#2964,#2965);
#2964 = CARTESIAN_POINT('',(0.108743432571,-37.,-3.787604483384));
#2965 = VECTOR('',#2966,1.);
#2966 = DIRECTION('',(0.5,0.,0.866025403784));
#2967 = ORIENTED_EDGE('',*,*,#2968,.T.);
#2968 = EDGE_CURVE('',#2961,#1470,#2969,.T.);
#2969 = LINE('',#2970,#2971);
#2970 = CARTESIAN_POINT('',(-0.529872981078,-40.14,-4.893720558371));
#2971 = VECTOR('',#2972,1.);
#2972 = DIRECTION('',(0.,1.,0.));
#2973 = ORIENTED_EDGE('',*,*,#1477,.F.);
#2974 = ORIENTED_EDGE('',*,*,#2944,.F.);
#2975 = PLANE('',#2976);
#2976 = AXIS2_PLACEMENT_3D('',#2977,#2978,#2979);
#2977 = CARTESIAN_POINT('',(-0.529872981078,-40.14,-4.893720558371));
#2978 = DIRECTION('',(-0.866025403784,0.,0.5));
#2979 = DIRECTION('',(-0.5,5.8E-16,-0.866025403784));
#2980 = ADVANCED_FACE('',(#2981),#2992,.F.);
#2981 = FACE_BOUND('',#2982,.F.);
#2982 = EDGE_LOOP('',(#2983,#2989,#2990,#2991));
#2983 = ORIENTED_EDGE('',*,*,#2984,.T.);
#2984 = EDGE_CURVE('',#2961,#2858,#2985,.T.);
#2985 = LINE('',#2986,#2987);
#2986 = CARTESIAN_POINT('',(1.110063509461,-37.,-4.893720558371));
#2987 = VECTOR('',#2988,1.);
#2988 = DIRECTION('',(1.,0.,0.));
#2989 = ORIENTED_EDGE('',*,*,#2874,.T.);
#2990 = ORIENTED_EDGE('',*,*,#1469,.F.);
#2991 = ORIENTED_EDGE('',*,*,#2968,.F.);
#2992 = PLANE('',#2993);
#2993 = AXIS2_PLACEMENT_3D('',#2994,#2995,#2996);
#2994 = CARTESIAN_POINT('',(2.220127018922,-40.14,-4.893720558371));
#2995 = DIRECTION('',(0.,0.,1.));
#2996 = DIRECTION('',(-1.,0.,0.));
#2997 = ADVANCED_FACE('',(#2998),#3023,.F.);
#2998 = FACE_BOUND('',#2999,.F.);
#2999 = EDGE_LOOP('',(#3000,#3010,#3016,#3017));
#3000 = ORIENTED_EDGE('',*,*,#3001,.T.);
#3001 = EDGE_CURVE('',#3002,#3004,#3006,.T.);
#3002 = VERTEX_POINT('',#3003);
#3003 = CARTESIAN_POINT('',(2.220127018922,-37.,0.869419162443));
#3004 = VERTEX_POINT('',#3005);
#3005 = CARTESIAN_POINT('',(3.595127018922,-37.,-1.512150697964));
#3006 = LINE('',#3007,#3008);
#3007 = CARTESIAN_POINT('',(3.305485201489,-37.,-1.010476354173));
#3008 = VECTOR('',#3009,1.);
#3009 = DIRECTION('',(0.5,0.,-0.866025403784));
#3010 = ORIENTED_EDGE('',*,*,#3011,.T.);
#3011 = EDGE_CURVE('',#3004,#1512,#3012,.T.);
#3012 = LINE('',#3013,#3014);
#3013 = CARTESIAN_POINT('',(3.595127018922,-40.14,-1.512150697964));
#3014 = VECTOR('',#3015,1.);
#3015 = DIRECTION('',(0.,1.,0.));
#3016 = ORIENTED_EDGE('',*,*,#1509,.F.);
#3017 = ORIENTED_EDGE('',*,*,#3018,.F.);
#3018 = EDGE_CURVE('',#3002,#1510,#3019,.T.);
#3019 = LINE('',#3020,#3021);
#3020 = CARTESIAN_POINT('',(2.220127018922,-40.14,0.869419162443));
#3021 = VECTOR('',#3022,1.);
#3022 = DIRECTION('',(0.,1.,0.));
#3023 = PLANE('',#3024);
#3024 = AXIS2_PLACEMENT_3D('',#3025,#3026,#3027);
#3025 = CARTESIAN_POINT('',(3.595127018922,-40.14,-1.512150697964));
#3026 = DIRECTION('',(0.866025403784,0.,0.5));
#3027 = DIRECTION('',(-0.5,-5.8E-16,0.866025403784));
#3028 = ADVANCED_FACE('',(#3029),#3047,.F.);
#3029 = FACE_BOUND('',#3030,.F.);
#3030 = EDGE_LOOP('',(#3031,#3039,#3045,#3046));
#3031 = ORIENTED_EDGE('',*,*,#3032,.T.);
#3032 = EDGE_CURVE('',#3004,#3033,#3035,.T.);
#3033 = VERTEX_POINT('',#3034);
#3034 = CARTESIAN_POINT('',(2.220127018922,-37.,-3.893720558371));
#3035 = LINE('',#3036,#3037);
#3036 = CARTESIAN_POINT('',(2.298487081625,-37.,-3.757996948486));
#3037 = VECTOR('',#3038,1.);
#3038 = DIRECTION('',(-0.5,0.,-0.866025403784));
#3039 = ORIENTED_EDGE('',*,*,#3040,.T.);
#3040 = EDGE_CURVE('',#3033,#1544,#3041,.T.);
#3041 = LINE('',#3042,#3043);
#3042 = CARTESIAN_POINT('',(2.220127018922,-40.14,-3.893720558371));
#3043 = VECTOR('',#3044,1.);
#3044 = DIRECTION('',(0.,1.,0.));
#3045 = ORIENTED_EDGE('',*,*,#1551,.F.);
#3046 = ORIENTED_EDGE('',*,*,#3011,.F.);
#3047 = PLANE('',#3048);
#3048 = AXIS2_PLACEMENT_3D('',#3049,#3050,#3051);
#3049 = CARTESIAN_POINT('',(2.220127018922,-40.14,-3.893720558371));
#3050 = DIRECTION('',(0.866025403784,0.,-0.5));
#3051 = DIRECTION('',(0.5,-5.8E-16,0.866025403784));
#3052 = ADVANCED_FACE('',(#3053),#3071,.F.);
#3053 = FACE_BOUND('',#3054,.F.);
#3054 = EDGE_LOOP('',(#3055,#3063,#3069,#3070));
#3055 = ORIENTED_EDGE('',*,*,#3056,.T.);
#3056 = EDGE_CURVE('',#3033,#3057,#3059,.T.);
#3057 = VERTEX_POINT('',#3058);
#3058 = CARTESIAN_POINT('',(-0.529872981078,-37.,-3.893720558371));
#3059 = LINE('',#3060,#3061);
#3060 = CARTESIAN_POINT('',(-0.264936490539,-37.,-3.893720558371));
#3061 = VECTOR('',#3062,1.);
#3062 = DIRECTION('',(-1.,0.,0.));
#3063 = ORIENTED_EDGE('',*,*,#3064,.T.);
#3064 = EDGE_CURVE('',#3057,#1536,#3065,.T.);
#3065 = LINE('',#3066,#3067);
#3066 = CARTESIAN_POINT('',(-0.529872981078,-40.14,-3.893720558371));
#3067 = VECTOR('',#3068,1.);
#3068 = DIRECTION('',(0.,1.,0.));
#3069 = ORIENTED_EDGE('',*,*,#1543,.F.);
#3070 = ORIENTED_EDGE('',*,*,#3040,.F.);
#3071 = PLANE('',#3072);
#3072 = AXIS2_PLACEMENT_3D('',#3073,#3074,#3075);
#3073 = CARTESIAN_POINT('',(-0.529872981078,-40.14,-3.893720558371));
#3074 = DIRECTION('',(0.,0.,-1.));
#3075 = DIRECTION('',(1.,0.,0.));
#3076 = ADVANCED_FACE('',(#3077),#3095,.F.);
#3077 = FACE_BOUND('',#3078,.F.);
#3078 = EDGE_LOOP('',(#3079,#3087,#3093,#3094));
#3079 = ORIENTED_EDGE('',*,*,#3080,.T.);
#3080 = EDGE_CURVE('',#3057,#3081,#3083,.T.);
#3081 = VERTEX_POINT('',#3082);
#3082 = CARTESIAN_POINT('',(-1.904872981078,-37.,-1.512150697964));
#3083 = LINE('',#3084,#3085);
#3084 = CARTESIAN_POINT('',(-1.507014798511,-37.,-2.201261284376));
#3085 = VECTOR('',#3086,1.);
#3086 = DIRECTION('',(-0.5,0.,0.866025403784));
#3087 = ORIENTED_EDGE('',*,*,#3088,.T.);
#3088 = EDGE_CURVE('',#3081,#1528,#3089,.T.);
#3089 = LINE('',#3090,#3091);
#3090 = CARTESIAN_POINT('',(-1.904872981078,-40.14,-1.512150697964));
#3091 = VECTOR('',#3092,1.);
#3092 = DIRECTION('',(0.,1.,0.));
#3093 = ORIENTED_EDGE('',*,*,#1535,.F.);
#3094 = ORIENTED_EDGE('',*,*,#3064,.F.);
#3095 = PLANE('',#3096);
#3096 = AXIS2_PLACEMENT_3D('',#3097,#3098,#3099);
#3097 = CARTESIAN_POINT('',(-1.904872981078,-40.14,-1.512150697964));
#3098 = DIRECTION('',(-0.866025403784,0.,-0.5));
#3099 = DIRECTION('',(0.5,5.8E-16,-0.866025403784));
#3100 = ADVANCED_FACE('',(#3101),#3119,.F.);
#3101 = FACE_BOUND('',#3102,.F.);
#3102 = EDGE_LOOP('',(#3103,#3111,#3117,#3118));
#3103 = ORIENTED_EDGE('',*,*,#3104,.T.);
#3104 = EDGE_CURVE('',#3081,#3105,#3107,.T.);
#3105 = VERTEX_POINT('',#3106);
#3106 = CARTESIAN_POINT('',(-0.529872981078,-37.,0.869419162443));
#3107 = LINE('',#3108,#3109);
#3108 = CARTESIAN_POINT('',(-1.139012918375,-37.,-0.185642157875));
#3109 = VECTOR('',#3110,1.);
#3110 = DIRECTION('',(0.5,0.,0.866025403784));
#3111 = ORIENTED_EDGE('',*,*,#3112,.T.);
#3112 = EDGE_CURVE('',#3105,#1520,#3113,.T.);
#3113 = LINE('',#3114,#3115);
#3114 = CARTESIAN_POINT('',(-0.529872981078,-40.14,0.869419162443));
#3115 = VECTOR('',#3116,1.);
#3116 = DIRECTION('',(0.,1.,0.));
#3117 = ORIENTED_EDGE('',*,*,#1527,.F.);
#3118 = ORIENTED_EDGE('',*,*,#3088,.F.);
#3119 = PLANE('',#3120);
#3120 = AXIS2_PLACEMENT_3D('',#3121,#3122,#3123);
#3121 = CARTESIAN_POINT('',(-0.529872981078,-40.14,0.869419162443));
#3122 = DIRECTION('',(-0.866025403784,0.,0.5));
#3123 = DIRECTION('',(-0.5,5.8E-16,-0.866025403784));
#3124 = ADVANCED_FACE('',(#3125),#3136,.F.);
#3125 = FACE_BOUND('',#3126,.F.);
#3126 = EDGE_LOOP('',(#3127,#3133,#3134,#3135));
#3127 = ORIENTED_EDGE('',*,*,#3128,.T.);
#3128 = EDGE_CURVE('',#3105,#3002,#3129,.T.);
#3129 = LINE('',#3130,#3131);
#3130 = CARTESIAN_POINT('',(1.110063509461,-37.,0.869419162443));
#3131 = VECTOR('',#3132,1.);
#3132 = DIRECTION('',(1.,0.,0.));
#3133 = ORIENTED_EDGE('',*,*,#3018,.T.);
#3134 = ORIENTED_EDGE('',*,*,#1519,.F.);
#3135 = ORIENTED_EDGE('',*,*,#3112,.F.);
#3136 = PLANE('',#3137);
#3137 = AXIS2_PLACEMENT_3D('',#3138,#3139,#3140);
#3138 = CARTESIAN_POINT('',(2.220127018922,-40.14,0.869419162443));
#3139 = DIRECTION('',(0.,0.,1.));
#3140 = DIRECTION('',(-1.,0.,0.));
#3141 = ADVANCED_FACE('',(#3142),#3167,.F.);
#3142 = FACE_BOUND('',#3143,.F.);
#3143 = EDGE_LOOP('',(#3144,#3154,#3160,#3161));
#3144 = ORIENTED_EDGE('',*,*,#3145,.T.);
#3145 = EDGE_CURVE('',#3146,#3148,#3150,.T.);
#3146 = VERTEX_POINT('',#3147);
#3147 = CARTESIAN_POINT('',(-2.770898384862,-37.,3.75098902285));
#3148 = VERTEX_POINT('',#3149);
#3149 = CARTESIAN_POINT('',(-1.395898384862,-37.,1.369419162443));
#3150 = LINE('',#3151,#3152);
#3151 = CARTESIAN_POINT('',(-0.437783851349,-37.,-0.290083889071));
#3152 = VECTOR('',#3153,1.);
#3153 = DIRECTION('',(0.5,0.,-0.866025403784));
#3154 = ORIENTED_EDGE('',*,*,#3155,.T.);
#3155 = EDGE_CURVE('',#3148,#1562,#3156,.T.);
#3156 = LINE('',#3157,#3158);
#3157 = CARTESIAN_POINT('',(-1.395898384862,-40.14,1.369419162443));
#3158 = VECTOR('',#3159,1.);
#3159 = DIRECTION('',(0.,1.,0.));
#3160 = ORIENTED_EDGE('',*,*,#1559,.F.);
#3161 = ORIENTED_EDGE('',*,*,#3162,.F.);
#3162 = EDGE_CURVE('',#3146,#1560,#3163,.T.);
#3163 = LINE('',#3164,#3165);
#3164 = CARTESIAN_POINT('',(-2.770898384862,-40.14,3.75098902285));
#3165 = VECTOR('',#3166,1.);
#3166 = DIRECTION('',(0.,1.,0.));
#3167 = PLANE('',#3168);
#3168 = AXIS2_PLACEMENT_3D('',#3169,#3170,#3171);
#3169 = CARTESIAN_POINT('',(-1.395898384862,-40.14,1.369419162443));
#3170 = DIRECTION('',(0.866025403784,0.,0.5));
#3171 = DIRECTION('',(-0.5,-5.8E-16,0.866025403784));
#3172 = ADVANCED_FACE('',(#3173),#3191,.F.);
#3173 = FACE_BOUND('',#3174,.F.);
#3174 = EDGE_LOOP('',(#3175,#3183,#3189,#3190));
#3175 = ORIENTED_EDGE('',*,*,#3176,.T.);
#3176 = EDGE_CURVE('',#3148,#3177,#3179,.T.);
#3177 = VERTEX_POINT('',#3178);
#3178 = CARTESIAN_POINT('',(-2.770898384862,-37.,-1.012150697964));
#3179 = LINE('',#3180,#3181);
#3180 = CARTESIAN_POINT('',(-2.692538322159,-37.,-0.876427088078));
#3181 = VECTOR('',#3182,1.);
#3182 = DIRECTION('',(-0.5,0.,-0.866025403784));
#3183 = ORIENTED_EDGE('',*,*,#3184,.T.);
#3184 = EDGE_CURVE('',#3177,#1594,#3185,.T.);
#3185 = LINE('',#3186,#3187);
#3186 = CARTESIAN_POINT('',(-2.770898384862,-40.14,-1.012150697964));
#3187 = VECTOR('',#3188,1.);
#3188 = DIRECTION('',(0.,1.,0.));
#3189 = ORIENTED_EDGE('',*,*,#1601,.F.);
#3190 = ORIENTED_EDGE('',*,*,#3155,.F.);
#3191 = PLANE('',#3192);
#3192 = AXIS2_PLACEMENT_3D('',#3193,#3194,#3195);
#3193 = CARTESIAN_POINT('',(-2.770898384862,-40.14,-1.012150697964));
#3194 = DIRECTION('',(0.866025403784,0.,-0.5));
#3195 = DIRECTION('',(0.5,-5.8E-16,0.866025403784));
#3196 = ADVANCED_FACE('',(#3197),#3215,.F.);
#3197 = FACE_BOUND('',#3198,.F.);
#3198 = EDGE_LOOP('',(#3199,#3207,#3213,#3214));
#3199 = ORIENTED_EDGE('',*,*,#3200,.T.);
#3200 = EDGE_CURVE('',#3177,#3201,#3203,.T.);
#3201 = VERTEX_POINT('',#3202);
#3202 = CARTESIAN_POINT('',(-5.520898384862,-37.,-1.012150697964));
#3203 = LINE('',#3204,#3205);
#3204 = CARTESIAN_POINT('',(-2.760449192431,-37.,-1.012150697964));
#3205 = VECTOR('',#3206,1.);
#3206 = DIRECTION('',(-1.,0.,-1.6E-16));
#3207 = ORIENTED_EDGE('',*,*,#3208,.T.);
#3208 = EDGE_CURVE('',#3201,#1586,#3209,.T.);
#3209 = LINE('',#3210,#3211);
#3210 = CARTESIAN_POINT('',(-5.520898384862,-40.14,-1.012150697964));
#3211 = VECTOR('',#3212,1.);
#3212 = DIRECTION('',(0.,1.,0.));
#3213 = ORIENTED_EDGE('',*,*,#1593,.F.);
#3214 = ORIENTED_EDGE('',*,*,#3184,.F.);
#3215 = PLANE('',#3216);
#3216 = AXIS2_PLACEMENT_3D('',#3217,#3218,#3219);
#3217 = CARTESIAN_POINT('',(-5.520898384862,-40.14,-1.012150697964));
#3218 = DIRECTION('',(1.6E-16,0.,-1.));
#3219 = DIRECTION('',(1.,0.,1.6E-16));
#3220 = ADVANCED_FACE('',(#3221),#3239,.F.);
#3221 = FACE_BOUND('',#3222,.F.);
#3222 = EDGE_LOOP('',(#3223,#3231,#3237,#3238));
#3223 = ORIENTED_EDGE('',*,*,#3224,.T.);
#3224 = EDGE_CURVE('',#3201,#3225,#3227,.T.);
#3225 = VERTEX_POINT('',#3226);
#3226 = CARTESIAN_POINT('',(-6.895898384862,-37.,1.369419162443));
#3227 = LINE('',#3228,#3229);
#3228 = CARTESIAN_POINT('',(-5.250283851349,-37.,-1.480868819275));
#3229 = VECTOR('',#3230,1.);
#3230 = DIRECTION('',(-0.5,0.,0.866025403784));
#3231 = ORIENTED_EDGE('',*,*,#3232,.T.);
#3232 = EDGE_CURVE('',#3225,#1578,#3233,.T.);
#3233 = LINE('',#3234,#3235);
#3234 = CARTESIAN_POINT('',(-6.895898384862,-40.14,1.369419162443));
#3235 = VECTOR('',#3236,1.);
#3236 = DIRECTION('',(0.,1.,0.));
#3237 = ORIENTED_EDGE('',*,*,#1585,.F.);
#3238 = ORIENTED_EDGE('',*,*,#3208,.F.);
#3239 = PLANE('',#3240);
#3240 = AXIS2_PLACEMENT_3D('',#3241,#3242,#3243);
#3241 = CARTESIAN_POINT('',(-6.895898384862,-40.14,1.369419162443));
#3242 = DIRECTION('',(-0.866025403784,0.,-0.5));
#3243 = DIRECTION('',(0.5,5.8E-16,-0.866025403784));
#3244 = ADVANCED_FACE('',(#3245),#3263,.F.);
#3245 = FACE_BOUND('',#3246,.F.);
#3246 = EDGE_LOOP('',(#3247,#3255,#3261,#3262));
#3247 = ORIENTED_EDGE('',*,*,#3248,.T.);
#3248 = EDGE_CURVE('',#3225,#3249,#3251,.T.);
#3249 = VERTEX_POINT('',#3250);
#3250 = CARTESIAN_POINT('',(-5.520898384862,-37.,3.75098902285));
#3251 = LINE('',#3252,#3253);
#3252 = CARTESIAN_POINT('',(-6.130038322159,-37.,2.695927702532));
#3253 = VECTOR('',#3254,1.);
#3254 = DIRECTION('',(0.5,0.,0.866025403784));
#3255 = ORIENTED_EDGE('',*,*,#3256,.T.);
#3256 = EDGE_CURVE('',#3249,#1570,#3257,.T.);
#3257 = LINE('',#3258,#3259);
#3258 = CARTESIAN_POINT('',(-5.520898384862,-40.14,3.75098902285));
#3259 = VECTOR('',#3260,1.);
#3260 = DIRECTION('',(0.,1.,0.));
#3261 = ORIENTED_EDGE('',*,*,#1577,.F.);
#3262 = ORIENTED_EDGE('',*,*,#3232,.F.);
#3263 = PLANE('',#3264);
#3264 = AXIS2_PLACEMENT_3D('',#3265,#3266,#3267);
#3265 = CARTESIAN_POINT('',(-5.520898384862,-40.14,3.75098902285));
#3266 = DIRECTION('',(-0.866025403784,0.,0.5));
#3267 = DIRECTION('',(-0.5,5.8E-16,-0.866025403784));
#3268 = ADVANCED_FACE('',(#3269),#3280,.F.);
#3269 = FACE_BOUND('',#3270,.F.);
#3270 = EDGE_LOOP('',(#3271,#3277,#3278,#3279));
#3271 = ORIENTED_EDGE('',*,*,#3272,.T.);
#3272 = EDGE_CURVE('',#3249,#3146,#3273,.T.);
#3273 = LINE('',#3274,#3275);
#3274 = CARTESIAN_POINT('',(-1.385449192431,-37.,3.75098902285));
#3275 = VECTOR('',#3276,1.);
#3276 = DIRECTION('',(1.,0.,0.));
#3277 = ORIENTED_EDGE('',*,*,#3162,.T.);
#3278 = ORIENTED_EDGE('',*,*,#1569,.F.);
#3279 = ORIENTED_EDGE('',*,*,#3256,.F.);
#3280 = PLANE('',#3281);
#3281 = AXIS2_PLACEMENT_3D('',#3282,#3283,#3284);
#3282 = CARTESIAN_POINT('',(-2.770898384862,-40.14,3.75098902285));
#3283 = DIRECTION('',(0.,0.,1.));
#3284 = DIRECTION('',(-1.,0.,0.));
#3285 = ADVANCED_FACE('',(#3286),#3311,.F.);
#3286 = FACE_BOUND('',#3287,.F.);
#3287 = EDGE_LOOP('',(#3288,#3298,#3304,#3305));
#3288 = ORIENTED_EDGE('',*,*,#3289,.T.);
#3289 = EDGE_CURVE('',#3290,#3292,#3294,.T.);
#3290 = VERTEX_POINT('',#3291);
#3291 = CARTESIAN_POINT('',(2.220127018922,-37.,6.632558883258));
#3292 = VERTEX_POINT('',#3293);
#3293 = CARTESIAN_POINT('',(3.595127018922,-37.,4.25098902285));
#3294 = LINE('',#3295,#3296);
#3295 = CARTESIAN_POINT('',(4.553241552435,-37.,2.591485971336));
#3296 = VECTOR('',#3297,1.);
#3297 = DIRECTION('',(0.5,0.,-0.866025403784));
#3298 = ORIENTED_EDGE('',*,*,#3299,.T.);
#3299 = EDGE_CURVE('',#3292,#1612,#3300,.T.);
#3300 = LINE('',#3301,#3302);
#3301 = CARTESIAN_POINT('',(3.595127018922,-40.14,4.25098902285));
#3302 = VECTOR('',#3303,1.);
#3303 = DIRECTION('',(0.,1.,0.));
#3304 = ORIENTED_EDGE('',*,*,#1609,.F.);
#3305 = ORIENTED_EDGE('',*,*,#3306,.F.);
#3306 = EDGE_CURVE('',#3290,#1610,#3307,.T.);
#3307 = LINE('',#3308,#3309);
#3308 = CARTESIAN_POINT('',(2.220127018922,-40.14,6.632558883258));
#3309 = VECTOR('',#3310,1.);
#3310 = DIRECTION('',(0.,1.,0.));
#3311 = PLANE('',#3312);
#3312 = AXIS2_PLACEMENT_3D('',#3313,#3314,#3315);
#3313 = CARTESIAN_POINT('',(3.595127018922,-40.14,4.25098902285));
#3314 = DIRECTION('',(0.866025403784,0.,0.5));
#3315 = DIRECTION('',(-0.5,-5.8E-16,0.866025403784));
#3316 = ADVANCED_FACE('',(#3317),#3335,.F.);
#3317 = FACE_BOUND('',#3318,.F.);
#3318 = EDGE_LOOP('',(#3319,#3327,#3333,#3334));
#3319 = ORIENTED_EDGE('',*,*,#3320,.T.);
#3320 = EDGE_CURVE('',#3292,#3321,#3323,.T.);
#3321 = VERTEX_POINT('',#3322);
#3322 = CARTESIAN_POINT('',(2.220127018922,-37.,1.869419162443));
#3323 = LINE('',#3324,#3325);
#3324 = CARTESIAN_POINT('',(1.050730730679,-37.,-0.156034622977));
#3325 = VECTOR('',#3326,1.);
#3326 = DIRECTION('',(-0.5,0.,-0.866025403784));
#3327 = ORIENTED_EDGE('',*,*,#3328,.T.);
#3328 = EDGE_CURVE('',#3321,#1644,#3329,.T.);
#3329 = LINE('',#3330,#3331);
#3330 = CARTESIAN_POINT('',(2.220127018922,-40.14,1.869419162443));
#3331 = VECTOR('',#3332,1.);
#3332 = DIRECTION('',(0.,1.,0.));
#3333 = ORIENTED_EDGE('',*,*,#1651,.F.);
#3334 = ORIENTED_EDGE('',*,*,#3299,.F.);
#3335 = PLANE('',#3336);
#3336 = AXIS2_PLACEMENT_3D('',#3337,#3338,#3339);
#3337 = CARTESIAN_POINT('',(2.220127018922,-40.14,1.869419162443));
#3338 = DIRECTION('',(0.866025403784,0.,-0.5));
#3339 = DIRECTION('',(0.5,-5.8E-16,0.866025403784));
#3340 = ADVANCED_FACE('',(#3341),#3359,.F.);
#3341 = FACE_BOUND('',#3342,.F.);
#3342 = EDGE_LOOP('',(#3343,#3351,#3357,#3358));
#3343 = ORIENTED_EDGE('',*,*,#3344,.T.);
#3344 = EDGE_CURVE('',#3321,#3345,#3347,.T.);
#3345 = VERTEX_POINT('',#3346);
#3346 = CARTESIAN_POINT('',(-0.529872981078,-37.,1.869419162443));
#3347 = LINE('',#3348,#3349);
#3348 = CARTESIAN_POINT('',(-0.264936490539,-37.,1.869419162443));
#3349 = VECTOR('',#3350,1.);
#3350 = DIRECTION('',(-1.,0.,0.));
#3351 = ORIENTED_EDGE('',*,*,#3352,.T.);
#3352 = EDGE_CURVE('',#3345,#1636,#3353,.T.);
#3353 = LINE('',#3354,#3355);
#3354 = CARTESIAN_POINT('',(-0.529872981078,-40.14,1.869419162443));
#3355 = VECTOR('',#3356,1.);
#3356 = DIRECTION('',(0.,1.,0.));
#3357 = ORIENTED_EDGE('',*,*,#1643,.F.);
#3358 = ORIENTED_EDGE('',*,*,#3328,.F.);
#3359 = PLANE('',#3360);
#3360 = AXIS2_PLACEMENT_3D('',#3361,#3362,#3363);
#3361 = CARTESIAN_POINT('',(-0.529872981078,-40.14,1.869419162443));
#3362 = DIRECTION('',(0.,0.,-1.));
#3363 = DIRECTION('',(1.,0.,0.));
#3364 = ADVANCED_FACE('',(#3365),#3383,.F.);
#3365 = FACE_BOUND('',#3366,.F.);
#3366 = EDGE_LOOP('',(#3367,#3375,#3381,#3382));
#3367 = ORIENTED_EDGE('',*,*,#3368,.T.);
#3368 = EDGE_CURVE('',#3345,#3369,#3371,.T.);
#3369 = VERTEX_POINT('',#3370);
#3370 = CARTESIAN_POINT('',(-1.904872981078,-37.,4.25098902285));
#3371 = LINE('',#3372,#3373);
#3372 = CARTESIAN_POINT('',(-0.259258447565,-37.,1.400701041133));
#3373 = VECTOR('',#3374,1.);
#3374 = DIRECTION('',(-0.5,0.,0.866025403784));
#3375 = ORIENTED_EDGE('',*,*,#3376,.T.);
#3376 = EDGE_CURVE('',#3369,#1628,#3377,.T.);
#3377 = LINE('',#3378,#3379);
#3378 = CARTESIAN_POINT('',(-1.904872981078,-40.14,4.25098902285));
#3379 = VECTOR('',#3380,1.);
#3380 = DIRECTION('',(0.,1.,0.));
#3381 = ORIENTED_EDGE('',*,*,#1635,.F.);
#3382 = ORIENTED_EDGE('',*,*,#3352,.F.);
#3383 = PLANE('',#3384);
#3384 = AXIS2_PLACEMENT_3D('',#3385,#3386,#3387);
#3385 = CARTESIAN_POINT('',(-1.904872981078,-40.14,4.25098902285));
#3386 = DIRECTION('',(-0.866025403784,0.,-0.5));
#3387 = DIRECTION('',(0.5,5.8E-16,-0.866025403784));
#3388 = ADVANCED_FACE('',(#3389),#3407,.F.);
#3389 = FACE_BOUND('',#3390,.F.);
#3390 = EDGE_LOOP('',(#3391,#3399,#3405,#3406));
#3391 = ORIENTED_EDGE('',*,*,#3392,.T.);
#3392 = EDGE_CURVE('',#3369,#3393,#3395,.T.);
#3393 = VERTEX_POINT('',#3394);
#3394 = CARTESIAN_POINT('',(-0.529872981078,-37.,6.632558883258));
#3395 = LINE('',#3396,#3397);
#3396 = CARTESIAN_POINT('',(-2.386769269321,-37.,3.416320167634));
#3397 = VECTOR('',#3398,1.);
#3398 = DIRECTION('',(0.5,0.,0.866025403784));
#3399 = ORIENTED_EDGE('',*,*,#3400,.T.);
#3400 = EDGE_CURVE('',#3393,#1620,#3401,.T.);
#3401 = LINE('',#3402,#3403);
#3402 = CARTESIAN_POINT('',(-0.529872981078,-40.14,6.632558883258));
#3403 = VECTOR('',#3404,1.);
#3404 = DIRECTION('',(0.,1.,0.));
#3405 = ORIENTED_EDGE('',*,*,#1627,.F.);
#3406 = ORIENTED_EDGE('',*,*,#3376,.F.);
#3407 = PLANE('',#3408);
#3408 = AXIS2_PLACEMENT_3D('',#3409,#3410,#3411);
#3409 = CARTESIAN_POINT('',(-0.529872981078,-40.14,6.632558883258));
#3410 = DIRECTION('',(-0.866025403784,0.,0.5));
#3411 = DIRECTION('',(-0.5,5.8E-16,-0.866025403784));
#3412 = ADVANCED_FACE('',(#3413),#3424,.F.);
#3413 = FACE_BOUND('',#3414,.F.);
#3414 = EDGE_LOOP('',(#3415,#3421,#3422,#3423));
#3415 = ORIENTED_EDGE('',*,*,#3416,.T.);
#3416 = EDGE_CURVE('',#3393,#3290,#3417,.T.);
#3417 = LINE('',#3418,#3419);
#3418 = CARTESIAN_POINT('',(1.110063509461,-37.,6.632558883258));
#3419 = VECTOR('',#3420,1.);
#3420 = DIRECTION('',(1.,0.,0.));
#3421 = ORIENTED_EDGE('',*,*,#3306,.T.);
#3422 = ORIENTED_EDGE('',*,*,#1619,.F.);
#3423 = ORIENTED_EDGE('',*,*,#3400,.F.);
#3424 = PLANE('',#3425);
#3425 = AXIS2_PLACEMENT_3D('',#3426,#3427,#3428);
#3426 = CARTESIAN_POINT('',(2.220127018922,-40.14,6.632558883258));
#3427 = DIRECTION('',(0.,0.,1.));
#3428 = DIRECTION('',(-1.,0.,0.));
#3429 = ADVANCED_FACE('',(#3430),#3455,.F.);
#3430 = FACE_BOUND('',#3431,.F.);
#3431 = EDGE_LOOP('',(#3432,#3442,#3448,#3449));
#3432 = ORIENTED_EDGE('',*,*,#3433,.T.);
#3433 = EDGE_CURVE('',#3434,#3436,#3438,.T.);
#3434 = VERTEX_POINT('',#3435);
#3435 = CARTESIAN_POINT('',(7.211152422707,-37.,-2.012150697964));
#3436 = VERTEX_POINT('',#3437);
#3437 = CARTESIAN_POINT('',(8.586152422707,-37.,-4.393720558371));
#3438 = LINE('',#3439,#3440);
#3439 = CARTESIAN_POINT('',(7.048754254327,-37.,-1.730868819275));
#3440 = VECTOR('',#3441,1.);
#3441 = DIRECTION('',(0.5,0.,-0.866025403784));
#3442 = ORIENTED_EDGE('',*,*,#3443,.T.);
#3443 = EDGE_CURVE('',#3436,#1662,#3444,.T.);
#3444 = LINE('',#3445,#3446);
#3445 = CARTESIAN_POINT('',(8.586152422707,-40.14,-4.393720558371));
#3446 = VECTOR('',#3447,1.);
#3447 = DIRECTION('',(0.,1.,0.));
#3448 = ORIENTED_EDGE('',*,*,#1659,.F.);
#3449 = ORIENTED_EDGE('',*,*,#3450,.F.);
#3450 = EDGE_CURVE('',#3434,#1660,#3451,.T.);
#3451 = LINE('',#3452,#3453);
#3452 = CARTESIAN_POINT('',(7.211152422707,-40.14,-2.012150697964));
#3453 = VECTOR('',#3454,1.);
#3454 = DIRECTION('',(0.,1.,0.));
#3455 = PLANE('',#3456);
#3456 = AXIS2_PLACEMENT_3D('',#3457,#3458,#3459);
#3457 = CARTESIAN_POINT('',(8.586152422707,-40.14,-4.393720558371));
#3458 = DIRECTION('',(0.866025403784,0.,0.5));
#3459 = DIRECTION('',(-0.5,-5.8E-16,0.866025403784));
#3460 = ADVANCED_FACE('',(#3461),#3479,.F.);
#3461 = FACE_BOUND('',#3462,.F.);
#3462 = EDGE_LOOP('',(#3463,#3471,#3477,#3478));
#3463 = ORIENTED_EDGE('',*,*,#3464,.T.);
#3464 = EDGE_CURVE('',#3436,#3465,#3467,.T.);
#3465 = VERTEX_POINT('',#3466);
#3466 = CARTESIAN_POINT('',(7.211152422707,-37.,-6.775290418778));
#3467 = LINE('',#3468,#3469);
#3468 = CARTESIAN_POINT('',(7.289512485409,-37.,-6.639566808893));
#3469 = VECTOR('',#3470,1.);
#3470 = DIRECTION('',(-0.5,0.,-0.866025403784));
#3471 = ORIENTED_EDGE('',*,*,#3472,.T.);
#3472 = EDGE_CURVE('',#3465,#1694,#3473,.T.);
#3473 = LINE('',#3474,#3475);
#3474 = CARTESIAN_POINT('',(7.211152422707,-40.14,-6.775290418778));
#3475 = VECTOR('',#3476,1.);
#3476 = DIRECTION('',(0.,1.,0.));
#3477 = ORIENTED_EDGE('',*,*,#1701,.F.);
#3478 = ORIENTED_EDGE('',*,*,#3443,.F.);
#3479 = PLANE('',#3480);
#3480 = AXIS2_PLACEMENT_3D('',#3481,#3482,#3483);
#3481 = CARTESIAN_POINT('',(7.211152422707,-40.14,-6.775290418778));
#3482 = DIRECTION('',(0.866025403784,0.,-0.5));
#3483 = DIRECTION('',(0.5,-5.8E-16,0.866025403784));
#3484 = ADVANCED_FACE('',(#3485),#3503,.F.);
#3485 = FACE_BOUND('',#3486,.F.);
#3486 = EDGE_LOOP('',(#3487,#3495,#3501,#3502));
#3487 = ORIENTED_EDGE('',*,*,#3488,.T.);
#3488 = EDGE_CURVE('',#3465,#3489,#3491,.T.);
#3489 = VERTEX_POINT('',#3490);
#3490 = CARTESIAN_POINT('',(4.461152422707,-37.,-6.775290418778));
#3491 = LINE('',#3492,#3493);
#3492 = CARTESIAN_POINT('',(2.230576211353,-37.,-6.775290418778));
#3493 = VECTOR('',#3494,1.);
#3494 = DIRECTION('',(-1.,0.,-1.6E-16));
#3495 = ORIENTED_EDGE('',*,*,#3496,.T.);
#3496 = EDGE_CURVE('',#3489,#1686,#3497,.T.);
#3497 = LINE('',#3498,#3499);
#3498 = CARTESIAN_POINT('',(4.461152422707,-40.14,-6.775290418778));
#3499 = VECTOR('',#3500,1.);
#3500 = DIRECTION('',(0.,1.,0.));
#3501 = ORIENTED_EDGE('',*,*,#1693,.F.);
#3502 = ORIENTED_EDGE('',*,*,#3472,.F.);
#3503 = PLANE('',#3504);
#3504 = AXIS2_PLACEMENT_3D('',#3505,#3506,#3507);
#3505 = CARTESIAN_POINT('',(4.461152422707,-40.14,-6.775290418778));
#3506 = DIRECTION('',(1.6E-16,0.,-1.));
#3507 = DIRECTION('',(1.,0.,1.6E-16));
#3508 = ADVANCED_FACE('',(#3509),#3527,.F.);
#3509 = FACE_BOUND('',#3510,.F.);
#3510 = EDGE_LOOP('',(#3511,#3519,#3525,#3526));
#3511 = ORIENTED_EDGE('',*,*,#3512,.T.);
#3512 = EDGE_CURVE('',#3489,#3513,#3515,.T.);
#3513 = VERTEX_POINT('',#3514);
#3514 = CARTESIAN_POINT('',(3.086152422707,-37.,-4.393720558371));
#3515 = LINE('',#3516,#3517);
#3516 = CARTESIAN_POINT('',(2.236254254327,-37.,-2.921653749478));
#3517 = VECTOR('',#3518,1.);
#3518 = DIRECTION('',(-0.5,0.,0.866025403784));
#3519 = ORIENTED_EDGE('',*,*,#3520,.T.);
#3520 = EDGE_CURVE('',#3513,#1678,#3521,.T.);
#3521 = LINE('',#3522,#3523);
#3522 = CARTESIAN_POINT('',(3.086152422707,-40.14,-4.393720558371));
#3523 = VECTOR('',#3524,1.);
#3524 = DIRECTION('',(0.,1.,0.));
#3525 = ORIENTED_EDGE('',*,*,#1685,.F.);
#3526 = ORIENTED_EDGE('',*,*,#3496,.F.);
#3527 = PLANE('',#3528);
#3528 = AXIS2_PLACEMENT_3D('',#3529,#3530,#3531);
#3529 = CARTESIAN_POINT('',(3.086152422707,-40.14,-4.393720558371));
#3530 = DIRECTION('',(-0.866025403784,0.,-0.5));
#3531 = DIRECTION('',(0.5,5.8E-16,-0.866025403784));
#3532 = ADVANCED_FACE('',(#3533),#3551,.F.);
#3533 = FACE_BOUND('',#3534,.F.);
#3534 = EDGE_LOOP('',(#3535,#3543,#3549,#3550));
#3535 = ORIENTED_EDGE('',*,*,#3536,.T.);
#3536 = EDGE_CURVE('',#3513,#3537,#3539,.T.);
#3537 = VERTEX_POINT('',#3538);
#3538 = CARTESIAN_POINT('',(4.461152422707,-37.,-2.012150697964));
#3539 = LINE('',#3540,#3541);
#3540 = CARTESIAN_POINT('',(3.852012485409,-37.,-3.067212018282));
#3541 = VECTOR('',#3542,1.);
#3542 = DIRECTION('',(0.5,0.,0.866025403784));
#3543 = ORIENTED_EDGE('',*,*,#3544,.T.);
#3544 = EDGE_CURVE('',#3537,#1670,#3545,.T.);
#3545 = LINE('',#3546,#3547);
#3546 = CARTESIAN_POINT('',(4.461152422707,-40.14,-2.012150697964));
#3547 = VECTOR('',#3548,1.);
#3548 = DIRECTION('',(0.,1.,0.));
#3549 = ORIENTED_EDGE('',*,*,#1677,.F.);
#3550 = ORIENTED_EDGE('',*,*,#3520,.F.);
#3551 = PLANE('',#3552);
#3552 = AXIS2_PLACEMENT_3D('',#3553,#3554,#3555);
#3553 = CARTESIAN_POINT('',(4.461152422707,-40.14,-2.012150697964));
#3554 = DIRECTION('',(-0.866025403784,0.,0.5));
#3555 = DIRECTION('',(-0.5,5.8E-16,-0.866025403784));
#3556 = ADVANCED_FACE('',(#3557),#3568,.F.);
#3557 = FACE_BOUND('',#3558,.F.);
#3558 = EDGE_LOOP('',(#3559,#3565,#3566,#3567));
#3559 = ORIENTED_EDGE('',*,*,#3560,.T.);
#3560 = EDGE_CURVE('',#3537,#3434,#3561,.T.);
#3561 = LINE('',#3562,#3563);
#3562 = CARTESIAN_POINT('',(3.605576211353,-37.,-2.012150697964));
#3563 = VECTOR('',#3564,1.);
#3564 = DIRECTION('',(1.,0.,0.));
#3565 = ORIENTED_EDGE('',*,*,#3450,.T.);
#3566 = ORIENTED_EDGE('',*,*,#1669,.F.);
#3567 = ORIENTED_EDGE('',*,*,#3544,.F.);
#3568 = PLANE('',#3569);
#3569 = AXIS2_PLACEMENT_3D('',#3570,#3571,#3572);
#3570 = CARTESIAN_POINT('',(7.211152422707,-40.14,-2.012150697964));
#3571 = DIRECTION('',(0.,0.,1.));
#3572 = DIRECTION('',(-1.,0.,0.));
#3573 = ADVANCED_FACE('',(#3574),#3599,.F.);
#3574 = FACE_BOUND('',#3575,.F.);
#3575 = EDGE_LOOP('',(#3576,#3586,#3592,#3593));
#3576 = ORIENTED_EDGE('',*,*,#3577,.T.);
#3577 = EDGE_CURVE('',#3578,#3580,#3582,.T.);
#3578 = VERTEX_POINT('',#3579);
#3579 = CARTESIAN_POINT('',(7.211152422707,-37.,3.75098902285));
#3580 = VERTEX_POINT('',#3581);
#3581 = CARTESIAN_POINT('',(8.586152422707,-37.,1.369419162443));
#3582 = LINE('',#3583,#3584);
#3583 = CARTESIAN_POINT('',(8.296510605273,-37.,1.871093506234));
#3584 = VECTOR('',#3585,1.);
#3585 = DIRECTION('',(0.5,0.,-0.866025403784));
#3586 = ORIENTED_EDGE('',*,*,#3587,.T.);
#3587 = EDGE_CURVE('',#3580,#1712,#3588,.T.);
#3588 = LINE('',#3589,#3590);
#3589 = CARTESIAN_POINT('',(8.586152422707,-40.14,1.369419162443));
#3590 = VECTOR('',#3591,1.);
#3591 = DIRECTION('',(0.,1.,0.));
#3592 = ORIENTED_EDGE('',*,*,#1709,.F.);
#3593 = ORIENTED_EDGE('',*,*,#3594,.F.);
#3594 = EDGE_CURVE('',#3578,#1710,#3595,.T.);
#3595 = LINE('',#3596,#3597);
#3596 = CARTESIAN_POINT('',(7.211152422707,-40.14,3.75098902285));
#3597 = VECTOR('',#3598,1.);
#3598 = DIRECTION('',(0.,1.,0.));
#3599 = PLANE('',#3600);
#3600 = AXIS2_PLACEMENT_3D('',#3601,#3602,#3603);
#3601 = CARTESIAN_POINT('',(8.586152422707,-40.14,1.369419162443));
#3602 = DIRECTION('',(0.866025403784,0.,0.5));
#3603 = DIRECTION('',(-0.5,-5.8E-16,0.866025403784));
#3604 = ADVANCED_FACE('',(#3605),#3623,.F.);
#3605 = FACE_BOUND('',#3606,.F.);
#3606 = EDGE_LOOP('',(#3607,#3615,#3621,#3622));
#3607 = ORIENTED_EDGE('',*,*,#3608,.T.);
#3608 = EDGE_CURVE('',#3580,#3609,#3611,.T.);
#3609 = VERTEX_POINT('',#3610);
#3610 = CARTESIAN_POINT('',(7.211152422707,-37.,-1.012150697964));
#3611 = LINE('',#3612,#3613);
#3612 = CARTESIAN_POINT('',(6.041756134463,-37.,-3.037604483384));
#3613 = VECTOR('',#3614,1.);
#3614 = DIRECTION('',(-0.5,0.,-0.866025403784));
#3615 = ORIENTED_EDGE('',*,*,#3616,.T.);
#3616 = EDGE_CURVE('',#3609,#1744,#3617,.T.);
#3617 = LINE('',#3618,#3619);
#3618 = CARTESIAN_POINT('',(7.211152422707,-40.14,-1.012150697964));
#3619 = VECTOR('',#3620,1.);
#3620 = DIRECTION('',(0.,1.,0.));
#3621 = ORIENTED_EDGE('',*,*,#1751,.F.);
#3622 = ORIENTED_EDGE('',*,*,#3587,.F.);
#3623 = PLANE('',#3624);
#3624 = AXIS2_PLACEMENT_3D('',#3625,#3626,#3627);
#3625 = CARTESIAN_POINT('',(7.211152422707,-40.14,-1.012150697964));
#3626 = DIRECTION('',(0.866025403784,0.,-0.5));
#3627 = DIRECTION('',(0.5,-5.8E-16,0.866025403784));
#3628 = ADVANCED_FACE('',(#3629),#3647,.F.);
#3629 = FACE_BOUND('',#3630,.F.);
#3630 = EDGE_LOOP('',(#3631,#3639,#3645,#3646));
#3631 = ORIENTED_EDGE('',*,*,#3632,.T.);
#3632 = EDGE_CURVE('',#3609,#3633,#3635,.T.);
#3633 = VERTEX_POINT('',#3634);
#3634 = CARTESIAN_POINT('',(4.461152422707,-37.,-1.012150697964));
#3635 = LINE('',#3636,#3637);
#3636 = CARTESIAN_POINT('',(2.230576211353,-37.,-1.012150697964));
#3637 = VECTOR('',#3638,1.);
#3638 = DIRECTION('',(-1.,0.,-1.6E-16));
#3639 = ORIENTED_EDGE('',*,*,#3640,.T.);
#3640 = EDGE_CURVE('',#3633,#1736,#3641,.T.);
#3641 = LINE('',#3642,#3643);
#3642 = CARTESIAN_POINT('',(4.461152422707,-40.14,-1.012150697964));
#3643 = VECTOR('',#3644,1.);
#3644 = DIRECTION('',(0.,1.,0.));
#3645 = ORIENTED_EDGE('',*,*,#1743,.F.);
#3646 = ORIENTED_EDGE('',*,*,#3616,.F.);
#3647 = PLANE('',#3648);
#3648 = AXIS2_PLACEMENT_3D('',#3649,#3650,#3651);
#3649 = CARTESIAN_POINT('',(4.461152422707,-40.14,-1.012150697964));
#3650 = DIRECTION('',(1.6E-16,0.,-1.));
#3651 = DIRECTION('',(1.,0.,1.6E-16));
#3652 = ADVANCED_FACE('',(#3653),#3671,.F.);
#3653 = FACE_BOUND('',#3654,.F.);
#3654 = EDGE_LOOP('',(#3655,#3663,#3669,#3670));
#3655 = ORIENTED_EDGE('',*,*,#3656,.T.);
#3656 = EDGE_CURVE('',#3633,#3657,#3659,.T.);
#3657 = VERTEX_POINT('',#3658);
#3658 = CARTESIAN_POINT('',(3.086152422707,-37.,1.369419162443));
#3659 = LINE('',#3660,#3661);
#3660 = CARTESIAN_POINT('',(3.484010605273,-37.,0.680308576031));
#3661 = VECTOR('',#3662,1.);
#3662 = DIRECTION('',(-0.5,0.,0.866025403784));
#3663 = ORIENTED_EDGE('',*,*,#3664,.T.);
#3664 = EDGE_CURVE('',#3657,#1728,#3665,.T.);
#3665 = LINE('',#3666,#3667);
#3666 = CARTESIAN_POINT('',(3.086152422707,-40.14,1.369419162443));
#3667 = VECTOR('',#3668,1.);
#3668 = DIRECTION('',(0.,1.,0.));
#3669 = ORIENTED_EDGE('',*,*,#1735,.F.);
#3670 = ORIENTED_EDGE('',*,*,#3640,.F.);
#3671 = PLANE('',#3672);
#3672 = AXIS2_PLACEMENT_3D('',#3673,#3674,#3675);
#3673 = CARTESIAN_POINT('',(3.086152422707,-40.14,1.369419162443));
#3674 = DIRECTION('',(-0.866025403784,0.,-0.5));
#3675 = DIRECTION('',(0.5,5.8E-16,-0.866025403784));
#3676 = ADVANCED_FACE('',(#3677),#3695,.F.);
#3677 = FACE_BOUND('',#3678,.F.);
#3678 = EDGE_LOOP('',(#3679,#3687,#3693,#3694));
#3679 = ORIENTED_EDGE('',*,*,#3680,.T.);
#3680 = EDGE_CURVE('',#3657,#3681,#3683,.T.);
#3681 = VERTEX_POINT('',#3682);
#3682 = CARTESIAN_POINT('',(4.461152422707,-37.,3.75098902285));
#3683 = LINE('',#3684,#3685);
#3684 = CARTESIAN_POINT('',(2.604256134463,-37.,0.534750307227));
#3685 = VECTOR('',#3686,1.);
#3686 = DIRECTION('',(0.5,0.,0.866025403784));
#3687 = ORIENTED_EDGE('',*,*,#3688,.T.);
#3688 = EDGE_CURVE('',#3681,#1720,#3689,.T.);
#3689 = LINE('',#3690,#3691);
#3690 = CARTESIAN_POINT('',(4.461152422707,-40.14,3.75098902285));
#3691 = VECTOR('',#3692,1.);
#3692 = DIRECTION('',(0.,1.,0.));
#3693 = ORIENTED_EDGE('',*,*,#1727,.F.);
#3694 = ORIENTED_EDGE('',*,*,#3664,.F.);
#3695 = PLANE('',#3696);
#3696 = AXIS2_PLACEMENT_3D('',#3697,#3698,#3699);
#3697 = CARTESIAN_POINT('',(4.461152422707,-40.14,3.75098902285));
#3698 = DIRECTION('',(-0.866025403784,0.,0.5));
#3699 = DIRECTION('',(-0.5,5.8E-16,-0.866025403784));
#3700 = ADVANCED_FACE('',(#3701),#3712,.F.);
#3701 = FACE_BOUND('',#3702,.F.);
#3702 = EDGE_LOOP('',(#3703,#3709,#3710,#3711));
#3703 = ORIENTED_EDGE('',*,*,#3704,.T.);
#3704 = EDGE_CURVE('',#3681,#3578,#3705,.T.);
#3705 = LINE('',#3706,#3707);
#3706 = CARTESIAN_POINT('',(3.605576211353,-37.,3.75098902285));
#3707 = VECTOR('',#3708,1.);
#3708 = DIRECTION('',(1.,0.,0.));
#3709 = ORIENTED_EDGE('',*,*,#3594,.T.);
#3710 = ORIENTED_EDGE('',*,*,#1719,.F.);
#3711 = ORIENTED_EDGE('',*,*,#3688,.F.);
#3712 = PLANE('',#3713);
#3713 = AXIS2_PLACEMENT_3D('',#3714,#3715,#3716);
#3714 = CARTESIAN_POINT('',(7.211152422707,-40.14,3.75098902285));
#3715 = DIRECTION('',(0.,0.,1.));
#3716 = DIRECTION('',(-1.,0.,0.));
#3717 = ADVANCED_FACE('',(#3718,#3734,#3742,#3750,#3758,#3766,#3774,
    #3782,#3790,#3798,#3805,#3813,#3819,#3826,#3832,#3840,#3847,#3853,
    #3859,#3865,#3868,#3871,#3874),#3880,.T.);
#3718 = FACE_BOUND('',#3719,.T.);
#3719 = EDGE_LOOP('',(#3720,#3721,#3722,#3723,#3724,#3725,#3726,#3727,
    #3728,#3729,#3730,#3731,#3732,#3733));
#3720 = ORIENTED_EDGE('',*,*,#31,.T.);
#3721 = ORIENTED_EDGE('',*,*,#104,.F.);
#3722 = ORIENTED_EDGE('',*,*,#298,.T.);
#3723 = ORIENTED_EDGE('',*,*,#330,.F.);
#3724 = ORIENTED_EDGE('',*,*,#347,.T.);
#3725 = ORIENTED_EDGE('',*,*,#372,.T.);
#3726 = ORIENTED_EDGE('',*,*,#396,.T.);
#3727 = ORIENTED_EDGE('',*,*,#421,.T.);
#3728 = ORIENTED_EDGE('',*,*,#445,.T.);
#3729 = ORIENTED_EDGE('',*,*,#477,.F.);
#3730 = ORIENTED_EDGE('',*,*,#494,.T.);
#3731 = ORIENTED_EDGE('',*,*,#519,.T.);
#3732 = ORIENTED_EDGE('',*,*,#280,.T.);
#3733 = ORIENTED_EDGE('',*,*,#64,.F.);
#3734 = FACE_BOUND('',#3735,.T.);
#3735 = EDGE_LOOP('',(#3736,#3737,#3738,#3739,#3740,#3741));
#3736 = ORIENTED_EDGE('',*,*,#3289,.T.);
#3737 = ORIENTED_EDGE('',*,*,#3320,.T.);
#3738 = ORIENTED_EDGE('',*,*,#3344,.T.);
#3739 = ORIENTED_EDGE('',*,*,#3368,.T.);
#3740 = ORIENTED_EDGE('',*,*,#3392,.T.);
#3741 = ORIENTED_EDGE('',*,*,#3416,.T.);
#3742 = FACE_BOUND('',#3743,.T.);
#3743 = EDGE_LOOP('',(#3744,#3745,#3746,#3747,#3748,#3749));
#3744 = ORIENTED_EDGE('',*,*,#3001,.T.);
#3745 = ORIENTED_EDGE('',*,*,#3032,.T.);
#3746 = ORIENTED_EDGE('',*,*,#3056,.T.);
#3747 = ORIENTED_EDGE('',*,*,#3080,.T.);
#3748 = ORIENTED_EDGE('',*,*,#3104,.T.);
#3749 = ORIENTED_EDGE('',*,*,#3128,.T.);
#3750 = FACE_BOUND('',#3751,.T.);
#3751 = EDGE_LOOP('',(#3752,#3753,#3754,#3755,#3756,#3757));
#3752 = ORIENTED_EDGE('',*,*,#2857,.T.);
#3753 = ORIENTED_EDGE('',*,*,#2888,.T.);
#3754 = ORIENTED_EDGE('',*,*,#2912,.T.);
#3755 = ORIENTED_EDGE('',*,*,#2936,.T.);
#3756 = ORIENTED_EDGE('',*,*,#2960,.T.);
#3757 = ORIENTED_EDGE('',*,*,#2984,.T.);
#3758 = FACE_BOUND('',#3759,.T.);
#3759 = EDGE_LOOP('',(#3760,#3761,#3762,#3763,#3764,#3765));
#3760 = ORIENTED_EDGE('',*,*,#3145,.T.);
#3761 = ORIENTED_EDGE('',*,*,#3176,.T.);
#3762 = ORIENTED_EDGE('',*,*,#3200,.T.);
#3763 = ORIENTED_EDGE('',*,*,#3224,.T.);
#3764 = ORIENTED_EDGE('',*,*,#3248,.T.);
#3765 = ORIENTED_EDGE('',*,*,#3272,.T.);
#3766 = FACE_BOUND('',#3767,.T.);
#3767 = EDGE_LOOP('',(#3768,#3769,#3770,#3771,#3772,#3773));
#3768 = ORIENTED_EDGE('',*,*,#3433,.T.);
#3769 = ORIENTED_EDGE('',*,*,#3464,.T.);
#3770 = ORIENTED_EDGE('',*,*,#3488,.T.);
#3771 = ORIENTED_EDGE('',*,*,#3512,.T.);
#3772 = ORIENTED_EDGE('',*,*,#3536,.T.);
#3773 = ORIENTED_EDGE('',*,*,#3560,.T.);
#3774 = FACE_BOUND('',#3775,.T.);
#3775 = EDGE_LOOP('',(#3776,#3777,#3778,#3779,#3780,#3781));
#3776 = ORIENTED_EDGE('',*,*,#3577,.T.);
#3777 = ORIENTED_EDGE('',*,*,#3608,.T.);
#3778 = ORIENTED_EDGE('',*,*,#3632,.T.);
#3779 = ORIENTED_EDGE('',*,*,#3656,.T.);
#3780 = ORIENTED_EDGE('',*,*,#3680,.T.);
#3781 = ORIENTED_EDGE('',*,*,#3704,.T.);
#3782 = FACE_BOUND('',#3783,.T.);
#3783 = EDGE_LOOP('',(#3784,#3785,#3786,#3787,#3788,#3789));
#3784 = ORIENTED_EDGE('',*,*,#2713,.T.);
#3785 = ORIENTED_EDGE('',*,*,#2744,.T.);
#3786 = ORIENTED_EDGE('',*,*,#2768,.T.);
#3787 = ORIENTED_EDGE('',*,*,#2792,.T.);
#3788 = ORIENTED_EDGE('',*,*,#2816,.T.);
#3789 = ORIENTED_EDGE('',*,*,#2840,.T.);
#3790 = FACE_BOUND('',#3791,.T.);
#3791 = EDGE_LOOP('',(#3792,#3793,#3794,#3795,#3796,#3797));
#3792 = ORIENTED_EDGE('',*,*,#816,.F.);
#3793 = ORIENTED_EDGE('',*,*,#1933,.T.);
#3794 = ORIENTED_EDGE('',*,*,#2532,.T.);
#3795 = ORIENTED_EDGE('',*,*,#2556,.T.);
#3796 = ORIENTED_EDGE('',*,*,#2580,.T.);
#3797 = ORIENTED_EDGE('',*,*,#1917,.T.);
#3798 = FACE_BOUND('',#3799,.T.);
#3799 = EDGE_LOOP('',(#3800,#3801,#3802,#3803,#3804));
#3800 = ORIENTED_EDGE('',*,*,#884,.F.);
#3801 = ORIENTED_EDGE('',*,*,#1837,.T.);
#3802 = ORIENTED_EDGE('',*,*,#2614,.T.);
#3803 = ORIENTED_EDGE('',*,*,#2638,.T.);
#3804 = ORIENTED_EDGE('',*,*,#1821,.T.);
#3805 = FACE_BOUND('',#3806,.T.);
#3806 = EDGE_LOOP('',(#3807,#3808,#3809,#3810,#3811,#3812));
#3807 = ORIENTED_EDGE('',*,*,#748,.F.);
#3808 = ORIENTED_EDGE('',*,*,#2029,.T.);
#3809 = ORIENTED_EDGE('',*,*,#2450,.T.);
#3810 = ORIENTED_EDGE('',*,*,#2474,.T.);
#3811 = ORIENTED_EDGE('',*,*,#2498,.T.);
#3812 = ORIENTED_EDGE('',*,*,#2013,.T.);
#3813 = FACE_BOUND('',#3814,.T.);
#3814 = EDGE_LOOP('',(#3815,#3816,#3817,#3818));
#3815 = ORIENTED_EDGE('',*,*,#782,.F.);
#3816 = ORIENTED_EDGE('',*,*,#1981,.T.);
#3817 = ORIENTED_EDGE('',*,*,#2515,.T.);
#3818 = ORIENTED_EDGE('',*,*,#1965,.T.);
#3819 = FACE_BOUND('',#3820,.T.);
#3820 = EDGE_LOOP('',(#3821,#3822,#3823,#3824,#3825));
#3821 = ORIENTED_EDGE('',*,*,#680,.F.);
#3822 = ORIENTED_EDGE('',*,*,#2125,.T.);
#3823 = ORIENTED_EDGE('',*,*,#2392,.T.);
#3824 = ORIENTED_EDGE('',*,*,#2416,.T.);
#3825 = ORIENTED_EDGE('',*,*,#2109,.T.);
#3826 = FACE_BOUND('',#3827,.T.);
#3827 = EDGE_LOOP('',(#3828,#3829,#3830,#3831));
#3828 = ORIENTED_EDGE('',*,*,#850,.F.);
#3829 = ORIENTED_EDGE('',*,*,#1885,.T.);
#3830 = ORIENTED_EDGE('',*,*,#2597,.T.);
#3831 = ORIENTED_EDGE('',*,*,#1869,.T.);
#3832 = FACE_BOUND('',#3833,.T.);
#3833 = EDGE_LOOP('',(#3834,#3835,#3836,#3837,#3838,#3839));
#3834 = ORIENTED_EDGE('',*,*,#544,.F.);
#3835 = ORIENTED_EDGE('',*,*,#952,.F.);
#3836 = ORIENTED_EDGE('',*,*,#1043,.T.);
#3837 = ORIENTED_EDGE('',*,*,#2672,.T.);
#3838 = ORIENTED_EDGE('',*,*,#2696,.T.);
#3839 = ORIENTED_EDGE('',*,*,#2301,.T.);
#3840 = FACE_BOUND('',#3841,.T.);
#3841 = EDGE_LOOP('',(#3842,#3843,#3844,#3845,#3846));
#3842 = ORIENTED_EDGE('',*,*,#612,.F.);
#3843 = ORIENTED_EDGE('',*,*,#2221,.T.);
#3844 = ORIENTED_EDGE('',*,*,#2334,.T.);
#3845 = ORIENTED_EDGE('',*,*,#2358,.T.);
#3846 = ORIENTED_EDGE('',*,*,#2205,.T.);
#3847 = FACE_BOUND('',#3848,.T.);
#3848 = EDGE_LOOP('',(#3849,#3850,#3851,#3852));
#3849 = ORIENTED_EDGE('',*,*,#714,.F.);
#3850 = ORIENTED_EDGE('',*,*,#2077,.T.);
#3851 = ORIENTED_EDGE('',*,*,#2433,.T.);
#3852 = ORIENTED_EDGE('',*,*,#2061,.T.);
#3853 = FACE_BOUND('',#3854,.T.);
#3854 = EDGE_LOOP('',(#3855,#3856,#3857,#3858));
#3855 = ORIENTED_EDGE('',*,*,#918,.F.);
#3856 = ORIENTED_EDGE('',*,*,#1789,.T.);
#3857 = ORIENTED_EDGE('',*,*,#2655,.T.);
#3858 = ORIENTED_EDGE('',*,*,#1773,.T.);
#3859 = FACE_BOUND('',#3860,.T.);
#3860 = EDGE_LOOP('',(#3861,#3862,#3863,#3864));
#3861 = ORIENTED_EDGE('',*,*,#646,.F.);
#3862 = ORIENTED_EDGE('',*,*,#2173,.T.);
#3863 = ORIENTED_EDGE('',*,*,#2375,.T.);
#3864 = ORIENTED_EDGE('',*,*,#2157,.T.);
#3865 = FACE_BOUND('',#3866,.T.);
#3866 = EDGE_LOOP('',(#3867));
#3867 = ORIENTED_EDGE('',*,*,#976,.F.);
#3868 = FACE_BOUND('',#3869,.T.);
#3869 = EDGE_LOOP('',(#3870));
#3870 = ORIENTED_EDGE('',*,*,#1001,.F.);
#3871 = FACE_BOUND('',#3872,.T.);
#3872 = EDGE_LOOP('',(#3873));
#3873 = ORIENTED_EDGE('',*,*,#1026,.F.);
#3874 = FACE_BOUND('',#3875,.T.);
#3875 = EDGE_LOOP('',(#3876,#3877,#3878,#3879));
#3876 = ORIENTED_EDGE('',*,*,#578,.F.);
#3877 = ORIENTED_EDGE('',*,*,#2269,.T.);
#3878 = ORIENTED_EDGE('',*,*,#2317,.T.);
#3879 = ORIENTED_EDGE('',*,*,#2253,.T.);
#3880 = PLANE('',#3881);
#3881 = AXIS2_PLACEMENT_3D('',#3882,#3883,#3884);
#3882 = CARTESIAN_POINT('',(-3.095308155574E-04,-37.,-1.457756711191));
#3883 = DIRECTION('',(-0.,-1.,-0.));
#3884 = DIRECTION('',(0.,0.,-1.));
#3885 = ( GEOMETRIC_REPRESENTATION_CONTEXT(3) 
GLOBAL_UNCERTAINTY_ASSIGNED_CONTEXT((#3889)) 
GLOBAL_UNIT_ASSIGNED_CONTEXT((#3886,#3887,#3888)) REPRESENTATION_CONTEXT
('Context #1','3D Context with UNIT and UNCERTAINTY') );
#3886 = ( LENGTH_UNIT() NAMED_UNIT(*) SI_UNIT(.MILLI.,.METRE.) );
#3887 = ( NAMED_UNIT(*) PLANE_ANGLE_UNIT() SI_UNIT($,.RADIAN.) );
#3888 = ( NAMED_UNIT(*) SI_UNIT($,.STERADIAN.) SOLID_ANGLE_UNIT() );
#3889 = UNCERTAINTY_MEASURE_WITH_UNIT(LENGTH_MEASURE(5.E-05),#3886,
  'distance_accuracy_value','confusion accuracy');
#3890 = PRODUCT_RELATED_PRODUCT_CATEGORY('part',$,(#7));
#3891 = MECHANICAL_DESIGN_GEOMETRIC_PRESENTATION_REPRESENTATION('',(
    #3892),#3885);
#3892 = STYLED_ITEM('color',(#3893),#15);
#3893 = PRESENTATION_STYLE_ASSIGNMENT((#3894,#3900));
#3894 = SURFACE_STYLE_USAGE(.BOTH.,#3895);
#3895 = SURFACE_SIDE_STYLE('',(#3896));
#3896 = SURFACE_STYLE_FILL_AREA(#3897);
#3897 = FILL_AREA_STYLE('',(#3898));
#3898 = FILL_AREA_STYLE_COLOUR('',#3899);
#3899 = COLOUR_RGB('',0.447058818107,0.474509808674,0.501960817233);
#3900 = CURVE_STYLE('',#3901,POSITIVE_LENGTH_MEASURE(0.1),#3902);
#3901 = DRAUGHTING_PRE_DEFINED_CURVE_FONT('continuous');
#3902 = COLOUR_RGB('',9.803921802644E-02,9.803921802644E-02,
  9.803921802644E-02);
ENDSEC;
END-ISO-10303-21;
