ISO-10303-21;
HEADER;
FILE_DESCRIPTION(('FreeCAD Model'),'2;1');
FILE_NAME('Open CASCADE Shape Model','2025-11-02T18:38:04',(''),(''),
  'Open CASCADE STEP processor 7.8','FreeCAD','Unknown');
FILE_SCHEMA(('AUTOMOTIVE_DESIGN { 1 0 10303 214 1 1 1 1 }'));
ENDSEC;
DATA;
#1 = APPLICATION_PROTOCOL_DEFINITION('international standard',
  'automotive_design',2000,#2);
#2 = APPLICATION_CONTEXT(
  'core data for automotive mechanical design processes');
#3 = SHAPE_DEFINITION_REPRESENTATION(#4,#10);
#4 = PRODUCT_DEFINITION_SHAPE('','',#5);
#5 = PRODUCT_DEFINITION('design','',#6,#9);
#6 = PRODUCT_DEFINITION_FORMATION('','',#7);
#7 = PRODUCT('FrontPart','FrontPart','',(#8));
#8 = PRODUCT_CONTEXT('',#2,'mechanical');
#9 = PRODUCT_DEFINITION_CONTEXT('part definition',#2,'design');
#10 = ADVANCED_BREP_SHAPE_REPRESENTATION('',(#11,#15),#4158);
#11 = AXIS2_PLACEMENT_3D('',#12,#13,#14);
#12 = CARTESIAN_POINT('',(0.,0.,0.));
#13 = DIRECTION('',(0.,0.,1.));
#14 = DIRECTION('',(1.,0.,-0.));
#15 = MANIFOLD_SOLID_BREP('',#16);
#16 = CLOSED_SHELL('',(#17,#57,#120,#183,#342,#359,#408,#432,#479,#496,
    #508,#525,#701,#725,#749,#773,#797,#844,#891,#915,#939,#963,#987,
    #1020,#1045,#1070,#1095,#1120,#1209,#1298,#1315,#1332,#1356,#1380,
    #1405,#1430,#1454,#1478,#1503,#1528,#1552,#1576,#1594,#1619,#1644,
    #1669,#1694,#1705,#1716,#1791,#1808,#1825,#1857,#1889,#1938,#1947,
    #1956,#1965,#1974,#1996,#2008,#2025,#2042,#2360,#2384,#2408,#2464,
    #2488,#2505,#2514,#2548,#2557,#2566,#2647,#2671,#2695,#2719,#2793,
    #3012,#3029,#3046,#3068,#3085,#3102,#3114,#3131,#3148,#3165,#3182,
    #3199,#3216,#3233,#3250,#3267,#3284,#3301,#3318,#3330,#3347,#3364,
    #3376,#3415,#3455,#3479,#3503,#3520,#3554,#3566,#3583,#3600,#3631,
    #3667,#3703,#3720,#3745,#3770,#3813,#3837,#3861,#3890,#3915,#3940,
    #3965,#3990,#4002,#4027,#4052,#4064,#4081,#4093,#4105,#4117,#4134,
    #4146));
#17 = ADVANCED_FACE('',(#18),#52,.F.);
#18 = FACE_BOUND('',#19,.F.);
#19 = EDGE_LOOP('',(#20,#30,#38,#46));
#20 = ORIENTED_EDGE('',*,*,#21,.T.);
#21 = EDGE_CURVE('',#22,#24,#26,.T.);
#22 = VERTEX_POINT('',#23);
#23 = CARTESIAN_POINT('',(-7.95,-24.975,18.5739));
#24 = VERTEX_POINT('',#25);
#25 = CARTESIAN_POINT('',(-7.95,-24.975,15.3739));
#26 = LINE('',#27,#28);
#27 = CARTESIAN_POINT('',(-7.95,-24.975,18.5739));
#28 = VECTOR('',#29,1.);
#29 = DIRECTION('',(0.,0.,-1.));
#30 = ORIENTED_EDGE('',*,*,#31,.T.);
#31 = EDGE_CURVE('',#24,#32,#34,.T.);
#32 = VERTEX_POINT('',#33);
#33 = CARTESIAN_POINT('',(7.95,-24.975,15.3739));
#34 = LINE('',#35,#36);
#35 = CARTESIAN_POINT('',(-7.95,-24.975,15.3739));
#36 = VECTOR('',#37,1.);
#37 = DIRECTION('',(1.,0.,0.));
#38 = ORIENTED_EDGE('',*,*,#39,.F.);
#39 = EDGE_CURVE('',#40,#32,#42,.T.);
#40 = VERTEX_POINT('',#41);
#41 = CARTESIAN_POINT('',(7.95,-24.975,18.5739));
#42 = LINE('',#43,#44);
#43 = CARTESIAN_POINT('',(7.95,-24.975,18.5739));
#44 = VECTOR('',#45,1.);
#45 = DIRECTION('',(0.,0.,-1.));
#46 = ORIENTED_EDGE('',*,*,#47,.F.);
#47 = EDGE_CURVE('',#22,#40,#48,.T.);
#48 = LINE('',#49,#50);
#49 = CARTESIAN_POINT('',(-7.95,-24.975,18.5739));
#50 = VECTOR('',#51,1.);
#51 = DIRECTION('',(1.,0.,0.));
#52 = PLANE('',#53);
#53 = AXIS2_PLACEMENT_3D('',#54,#55,#56);
#54 = CARTESIAN_POINT('',(-7.95,-24.975,18.5739));
#55 = DIRECTION('',(0.,-1.,0.));
#56 = DIRECTION('',(1.,0.,0.));
#57 = ADVANCED_FACE('',(#58),#115,.F.);
#58 = FACE_BOUND('',#59,.F.);
#59 = EDGE_LOOP('',(#60,#68,#76,#84,#92,#100,#108,#114));
#60 = ORIENTED_EDGE('',*,*,#61,.F.);
#61 = EDGE_CURVE('',#62,#22,#64,.T.);
#62 = VERTEX_POINT('',#63);
#63 = CARTESIAN_POINT('',(-7.95,-11.125,18.5739));
#64 = LINE('',#65,#66);
#65 = CARTESIAN_POINT('',(-7.95,-11.125,18.5739));
#66 = VECTOR('',#67,1.);
#67 = DIRECTION('',(0.,-1.,0.));
#68 = ORIENTED_EDGE('',*,*,#69,.T.);
#69 = EDGE_CURVE('',#62,#70,#72,.T.);
#70 = VERTEX_POINT('',#71);
#71 = CARTESIAN_POINT('',(-7.95,-11.125,15.3739));
#72 = LINE('',#73,#74);
#73 = CARTESIAN_POINT('',(-7.95,-11.125,18.5739));
#74 = VECTOR('',#75,1.);
#75 = DIRECTION('',(0.,0.,-1.));
#76 = ORIENTED_EDGE('',*,*,#77,.T.);
#77 = EDGE_CURVE('',#70,#78,#80,.T.);
#78 = VERTEX_POINT('',#79);
#79 = CARTESIAN_POINT('',(-7.95,-16.40858956048,15.3739));
#80 = LINE('',#81,#82);
#81 = CARTESIAN_POINT('',(-7.95,-11.125,15.3739));
#82 = VECTOR('',#83,1.);
#83 = DIRECTION('',(0.,-1.,0.));
#84 = ORIENTED_EDGE('',*,*,#85,.T.);
#85 = EDGE_CURVE('',#78,#86,#88,.T.);
#86 = VERTEX_POINT('',#87);
#87 = CARTESIAN_POINT('',(-7.95,-16.626776,15.766041));
#88 = LINE('',#89,#90);
#89 = CARTESIAN_POINT('',(-7.95,-16.5729627078,15.669323723429));
#90 = VECTOR('',#91,1.);
#91 = DIRECTION('',(0.,-0.48620532352,0.873844599102));
#92 = ORIENTED_EDGE('',*,*,#93,.T.);
#93 = EDGE_CURVE('',#86,#94,#96,.T.);
#94 = VERTEX_POINT('',#95);
#95 = CARTESIAN_POINT('',(-7.95,-23.726341,15.766041));
#96 = LINE('',#97,#98);
#97 = CARTESIAN_POINT('',(-7.95,-17.4256705,15.766041));
#98 = VECTOR('',#99,1.);
#99 = DIRECTION('',(0.,-1.,0.));
#100 = ORIENTED_EDGE('',*,*,#101,.T.);
#101 = EDGE_CURVE('',#94,#102,#104,.T.);
#102 = VERTEX_POINT('',#103);
#103 = CARTESIAN_POINT('',(-7.95,-23.451346005,15.3739));
#104 = LINE('',#105,#106);
#105 = CARTESIAN_POINT('',(-7.95,-21.32182601092,12.33721891419));
#106 = VECTOR('',#107,1.);
#107 = DIRECTION('',(0.,0.574157578176,-0.818744817036));
#108 = ORIENTED_EDGE('',*,*,#109,.T.);
#109 = EDGE_CURVE('',#102,#24,#110,.T.);
#110 = LINE('',#111,#112);
#111 = CARTESIAN_POINT('',(-7.95,-11.125,15.3739));
#112 = VECTOR('',#113,1.);
#113 = DIRECTION('',(0.,-1.,0.));
#114 = ORIENTED_EDGE('',*,*,#21,.F.);
#115 = PLANE('',#116);
#116 = AXIS2_PLACEMENT_3D('',#117,#118,#119);
#117 = CARTESIAN_POINT('',(-7.95,-11.125,18.5739));
#118 = DIRECTION('',(-1.,0.,0.));
#119 = DIRECTION('',(0.,-1.,0.));
#120 = ADVANCED_FACE('',(#121),#178,.F.);
#121 = FACE_BOUND('',#122,.F.);
#122 = EDGE_LOOP('',(#123,#131,#132,#140,#148,#156,#164,#172));
#123 = ORIENTED_EDGE('',*,*,#124,.F.);
#124 = EDGE_CURVE('',#40,#125,#127,.T.);
#125 = VERTEX_POINT('',#126);
#126 = CARTESIAN_POINT('',(7.95,-11.125,18.5739));
#127 = LINE('',#128,#129);
#128 = CARTESIAN_POINT('',(7.95,-24.975,18.5739));
#129 = VECTOR('',#130,1.);
#130 = DIRECTION('',(0.,1.,0.));
#131 = ORIENTED_EDGE('',*,*,#39,.T.);
#132 = ORIENTED_EDGE('',*,*,#133,.T.);
#133 = EDGE_CURVE('',#32,#134,#136,.T.);
#134 = VERTEX_POINT('',#135);
#135 = CARTESIAN_POINT('',(7.95,-23.451346005,15.3739));
#136 = LINE('',#137,#138);
#137 = CARTESIAN_POINT('',(7.95,-24.975,15.3739));
#138 = VECTOR('',#139,1.);
#139 = DIRECTION('',(0.,1.,0.));
#140 = ORIENTED_EDGE('',*,*,#141,.T.);
#141 = EDGE_CURVE('',#134,#142,#144,.T.);
#142 = VERTEX_POINT('',#143);
#143 = CARTESIAN_POINT('',(7.95,-23.726341,15.766041));
#144 = LINE('',#145,#146);
#145 = CARTESIAN_POINT('',(7.95,-23.60470021362,15.592582062648));
#146 = VECTOR('',#147,1.);
#147 = DIRECTION('',(0.,-0.574157578176,0.818744817036));
#148 = ORIENTED_EDGE('',*,*,#149,.T.);
#149 = EDGE_CURVE('',#142,#150,#152,.T.);
#150 = VERTEX_POINT('',#151);
#151 = CARTESIAN_POINT('',(7.95,-16.626776,15.766041));
#152 = LINE('',#153,#154);
#153 = CARTESIAN_POINT('',(7.95,-24.3506705,15.766041));
#154 = VECTOR('',#155,1.);
#155 = DIRECTION('',(0.,1.,0.));
#156 = ORIENTED_EDGE('',*,*,#157,.T.);
#157 = EDGE_CURVE('',#150,#158,#160,.T.);
#158 = VERTEX_POINT('',#159);
#159 = CARTESIAN_POINT('',(7.95,-16.40858956048,15.3739));
#160 = LINE('',#161,#162);
#161 = CARTESIAN_POINT('',(7.95,-18.21000235289,18.61153390332));
#162 = VECTOR('',#163,1.);
#163 = DIRECTION('',(0.,0.48620532352,-0.873844599102));
#164 = ORIENTED_EDGE('',*,*,#165,.T.);
#165 = EDGE_CURVE('',#158,#166,#168,.T.);
#166 = VERTEX_POINT('',#167);
#167 = CARTESIAN_POINT('',(7.95,-11.125,15.3739));
#168 = LINE('',#169,#170);
#169 = CARTESIAN_POINT('',(7.95,-24.975,15.3739));
#170 = VECTOR('',#171,1.);
#171 = DIRECTION('',(0.,1.,0.));
#172 = ORIENTED_EDGE('',*,*,#173,.F.);
#173 = EDGE_CURVE('',#125,#166,#174,.T.);
#174 = LINE('',#175,#176);
#175 = CARTESIAN_POINT('',(7.95,-11.125,18.5739));
#176 = VECTOR('',#177,1.);
#177 = DIRECTION('',(0.,0.,-1.));
#178 = PLANE('',#179);
#179 = AXIS2_PLACEMENT_3D('',#180,#181,#182);
#180 = CARTESIAN_POINT('',(7.95,-24.975,18.5739));
#181 = DIRECTION('',(1.,0.,0.));
#182 = DIRECTION('',(0.,1.,0.));
#183 = ADVANCED_FACE('',(#184,#282,#293,#304,#315,#326),#337,.T.);
#184 = FACE_BOUND('',#185,.T.);
#185 = EDGE_LOOP('',(#186,#196,#204,#212,#220,#228,#236,#244,#252,#260,
    #268,#276));
#186 = ORIENTED_EDGE('',*,*,#187,.T.);
#187 = EDGE_CURVE('',#188,#190,#192,.T.);
#188 = VERTEX_POINT('',#189);
#189 = CARTESIAN_POINT('',(-12.5,-29.,18.5739));
#190 = VERTEX_POINT('',#191);
#191 = CARTESIAN_POINT('',(12.5,-29.,18.5739));
#192 = LINE('',#193,#194);
#193 = CARTESIAN_POINT('',(-12.5,-29.,18.5739));
#194 = VECTOR('',#195,1.);
#195 = DIRECTION('',(1.,0.,0.));
#196 = ORIENTED_EDGE('',*,*,#197,.T.);
#197 = EDGE_CURVE('',#190,#198,#200,.T.);
#198 = VERTEX_POINT('',#199);
#199 = CARTESIAN_POINT('',(13.8239,-26.125,18.5739));
#200 = LINE('',#201,#202);
#201 = CARTESIAN_POINT('',(12.5,-29.,18.5739));
#202 = VECTOR('',#203,1.);
#203 = DIRECTION('',(0.418270640141,0.908322449131,0.));
#204 = ORIENTED_EDGE('',*,*,#205,.T.);
#205 = EDGE_CURVE('',#198,#206,#208,.T.);
#206 = VERTEX_POINT('',#207);
#207 = CARTESIAN_POINT('',(12.5,-23.25,18.5739));
#208 = LINE('',#209,#210);
#209 = CARTESIAN_POINT('',(13.8239,-26.125,18.5739));
#210 = VECTOR('',#211,1.);
#211 = DIRECTION('',(-0.418270640141,0.908322449131,0.));
#212 = ORIENTED_EDGE('',*,*,#213,.T.);
#213 = EDGE_CURVE('',#206,#214,#216,.T.);
#214 = VERTEX_POINT('',#215);
#215 = CARTESIAN_POINT('',(12.5,-14.,18.5739));
#216 = LINE('',#217,#218);
#217 = CARTESIAN_POINT('',(12.5,-29.,18.5739));
#218 = VECTOR('',#219,1.);
#219 = DIRECTION('',(0.,1.,0.));
#220 = ORIENTED_EDGE('',*,*,#221,.F.);
#221 = EDGE_CURVE('',#222,#214,#224,.T.);
#222 = VERTEX_POINT('',#223);
#223 = CARTESIAN_POINT('',(13.8239,-11.125,18.5739));
#224 = LINE('',#225,#226);
#225 = CARTESIAN_POINT('',(13.8239,-11.125,18.5739));
#226 = VECTOR('',#227,1.);
#227 = DIRECTION('',(-0.418270640141,-0.908322449131,0.));
#228 = ORIENTED_EDGE('',*,*,#229,.F.);
#229 = EDGE_CURVE('',#230,#222,#232,.T.);
#230 = VERTEX_POINT('',#231);
#231 = CARTESIAN_POINT('',(12.5,-8.25,18.5739));
#232 = LINE('',#233,#234);
#233 = CARTESIAN_POINT('',(12.5,-8.25,18.5739));
#234 = VECTOR('',#235,1.);
#235 = DIRECTION('',(0.418270640141,-0.908322449131,0.));
#236 = ORIENTED_EDGE('',*,*,#237,.T.);
#237 = EDGE_CURVE('',#230,#238,#240,.T.);
#238 = VERTEX_POINT('',#239);
#239 = CARTESIAN_POINT('',(-12.5,-8.25,18.5739));
#240 = LINE('',#241,#242);
#241 = CARTESIAN_POINT('',(12.5,-8.25,18.5739));
#242 = VECTOR('',#243,1.);
#243 = DIRECTION('',(-1.,0.,0.));
#244 = ORIENTED_EDGE('',*,*,#245,.F.);
#245 = EDGE_CURVE('',#246,#238,#248,.T.);
#246 = VERTEX_POINT('',#247);
#247 = CARTESIAN_POINT('',(-13.8239,-11.125,18.5739));
#248 = LINE('',#249,#250);
#249 = CARTESIAN_POINT('',(-13.8239,-11.125,18.5739));
#250 = VECTOR('',#251,1.);
#251 = DIRECTION('',(0.418270640141,0.908322449131,0.));
#252 = ORIENTED_EDGE('',*,*,#253,.F.);
#253 = EDGE_CURVE('',#254,#246,#256,.T.);
#254 = VERTEX_POINT('',#255);
#255 = CARTESIAN_POINT('',(-12.5,-14.,18.5739));
#256 = LINE('',#257,#258);
#257 = CARTESIAN_POINT('',(-12.5,-14.,18.5739));
#258 = VECTOR('',#259,1.);
#259 = DIRECTION('',(-0.418270640141,0.908322449131,0.));
#260 = ORIENTED_EDGE('',*,*,#261,.T.);
#261 = EDGE_CURVE('',#254,#262,#264,.T.);
#262 = VERTEX_POINT('',#263);
#263 = CARTESIAN_POINT('',(-12.5,-23.25,18.5739));
#264 = LINE('',#265,#266);
#265 = CARTESIAN_POINT('',(-12.5,-8.25,18.5739));
#266 = VECTOR('',#267,1.);
#267 = DIRECTION('',(0.,-1.,0.));
#268 = ORIENTED_EDGE('',*,*,#269,.F.);
#269 = EDGE_CURVE('',#270,#262,#272,.T.);
#270 = VERTEX_POINT('',#271);
#271 = CARTESIAN_POINT('',(-13.8239,-26.125,18.5739));
#272 = LINE('',#273,#274);
#273 = CARTESIAN_POINT('',(-13.8239,-26.125,18.5739));
#274 = VECTOR('',#275,1.);
#275 = DIRECTION('',(0.418270640141,0.908322449131,0.));
#276 = ORIENTED_EDGE('',*,*,#277,.F.);
#277 = EDGE_CURVE('',#188,#270,#278,.T.);
#278 = LINE('',#279,#280);
#279 = CARTESIAN_POINT('',(-12.5,-29.,18.5739));
#280 = VECTOR('',#281,1.);
#281 = DIRECTION('',(-0.418270640141,0.908322449131,0.));
#282 = FACE_BOUND('',#283,.T.);
#283 = EDGE_LOOP('',(#284));
#284 = ORIENTED_EDGE('',*,*,#285,.F.);
#285 = EDGE_CURVE('',#286,#286,#288,.T.);
#286 = VERTEX_POINT('',#287);
#287 = CARTESIAN_POINT('',(-8.9,-11.125,18.5739));
#288 = CIRCLE('',#289,1.6);
#289 = AXIS2_PLACEMENT_3D('',#290,#291,#292);
#290 = CARTESIAN_POINT('',(-10.5,-11.125,18.5739));
#291 = DIRECTION('',(0.,0.,1.));
#292 = DIRECTION('',(1.,0.,0.));
#293 = FACE_BOUND('',#294,.T.);
#294 = EDGE_LOOP('',(#295));
#295 = ORIENTED_EDGE('',*,*,#296,.F.);
#296 = EDGE_CURVE('',#297,#297,#299,.T.);
#297 = VERTEX_POINT('',#298);
#298 = CARTESIAN_POINT('',(-8.9,-26.125,18.5739));
#299 = CIRCLE('',#300,1.6);
#300 = AXIS2_PLACEMENT_3D('',#301,#302,#303);
#301 = CARTESIAN_POINT('',(-10.5,-26.125,18.5739));
#302 = DIRECTION('',(0.,0.,1.));
#303 = DIRECTION('',(1.,0.,0.));
#304 = FACE_BOUND('',#305,.T.);
#305 = EDGE_LOOP('',(#306,#307,#308,#314));
#306 = ORIENTED_EDGE('',*,*,#47,.F.);
#307 = ORIENTED_EDGE('',*,*,#61,.F.);
#308 = ORIENTED_EDGE('',*,*,#309,.F.);
#309 = EDGE_CURVE('',#125,#62,#310,.T.);
#310 = LINE('',#311,#312);
#311 = CARTESIAN_POINT('',(7.95,-11.125,18.5739));
#312 = VECTOR('',#313,1.);
#313 = DIRECTION('',(-1.,0.,0.));
#314 = ORIENTED_EDGE('',*,*,#124,.F.);
#315 = FACE_BOUND('',#316,.T.);
#316 = EDGE_LOOP('',(#317));
#317 = ORIENTED_EDGE('',*,*,#318,.F.);
#318 = EDGE_CURVE('',#319,#319,#321,.T.);
#319 = VERTEX_POINT('',#320);
#320 = CARTESIAN_POINT('',(12.1,-11.125,18.5739));
#321 = CIRCLE('',#322,1.6);
#322 = AXIS2_PLACEMENT_3D('',#323,#324,#325);
#323 = CARTESIAN_POINT('',(10.5,-11.125,18.5739));
#324 = DIRECTION('',(0.,0.,1.));
#325 = DIRECTION('',(1.,0.,0.));
#326 = FACE_BOUND('',#327,.T.);
#327 = EDGE_LOOP('',(#328));
#328 = ORIENTED_EDGE('',*,*,#329,.F.);
#329 = EDGE_CURVE('',#330,#330,#332,.T.);
#330 = VERTEX_POINT('',#331);
#331 = CARTESIAN_POINT('',(12.1,-26.125,18.5739));
#332 = CIRCLE('',#333,1.6);
#333 = AXIS2_PLACEMENT_3D('',#334,#335,#336);
#334 = CARTESIAN_POINT('',(10.5,-26.125,18.5739));
#335 = DIRECTION('',(0.,0.,1.));
#336 = DIRECTION('',(1.,0.,0.));
#337 = PLANE('',#338);
#338 = AXIS2_PLACEMENT_3D('',#339,#340,#341);
#339 = CARTESIAN_POINT('',(-7.573354298039E-17,-18.625,18.5739));
#340 = DIRECTION('',(0.,-2.22044604925E-16,1.));
#341 = DIRECTION('',(0.,-1.,-2.22044604925E-16));
#342 = ADVANCED_FACE('',(#343),#354,.T.);
#343 = FACE_BOUND('',#344,.T.);
#344 = EDGE_LOOP('',(#345,#346,#347,#348));
#345 = ORIENTED_EDGE('',*,*,#109,.T.);
#346 = ORIENTED_EDGE('',*,*,#31,.T.);
#347 = ORIENTED_EDGE('',*,*,#133,.T.);
#348 = ORIENTED_EDGE('',*,*,#349,.T.);
#349 = EDGE_CURVE('',#134,#102,#350,.T.);
#350 = LINE('',#351,#352);
#351 = CARTESIAN_POINT('',(4.,-23.451346005,15.3739));
#352 = VECTOR('',#353,1.);
#353 = DIRECTION('',(-1.,0.,0.));
#354 = PLANE('',#355);
#355 = AXIS2_PLACEMENT_3D('',#356,#357,#358);
#356 = CARTESIAN_POINT('',(-2.388378943731E-16,-18.05,15.3739));
#357 = DIRECTION('',(0.,0.,1.));
#358 = DIRECTION('',(1.,0.,0.));
#359 = ADVANCED_FACE('',(#360),#403,.T.);
#360 = FACE_BOUND('',#361,.T.);
#361 = EDGE_LOOP('',(#362,#372,#380,#388,#394,#395,#396,#397));
#362 = ORIENTED_EDGE('',*,*,#363,.F.);
#363 = EDGE_CURVE('',#364,#366,#368,.T.);
#364 = VERTEX_POINT('',#365);
#365 = CARTESIAN_POINT('',(8.,-21.751488,12.949914));
#366 = VERTEX_POINT('',#367);
#367 = CARTESIAN_POINT('',(8.,-23.726341,15.766041));
#368 = LINE('',#369,#370);
#369 = CARTESIAN_POINT('',(8.,-21.751488,12.949914));
#370 = VECTOR('',#371,1.);
#371 = DIRECTION('',(0.,-0.574157578176,0.818744817036));
#372 = ORIENTED_EDGE('',*,*,#373,.T.);
#373 = EDGE_CURVE('',#364,#374,#376,.T.);
#374 = VERTEX_POINT('',#375);
#375 = CARTESIAN_POINT('',(-8.,-21.751488,12.949914));
#376 = LINE('',#377,#378);
#377 = CARTESIAN_POINT('',(8.,-21.751488,12.949914));
#378 = VECTOR('',#379,1.);
#379 = DIRECTION('',(-1.,0.,0.));
#380 = ORIENTED_EDGE('',*,*,#381,.T.);
#381 = EDGE_CURVE('',#374,#382,#384,.T.);
#382 = VERTEX_POINT('',#383);
#383 = CARTESIAN_POINT('',(-8.,-23.726341,15.766041));
#384 = LINE('',#385,#386);
#385 = CARTESIAN_POINT('',(-8.,-21.751488,12.949914));
#386 = VECTOR('',#387,1.);
#387 = DIRECTION('',(0.,-0.574157578176,0.818744817036));
#388 = ORIENTED_EDGE('',*,*,#389,.F.);
#389 = EDGE_CURVE('',#94,#382,#390,.T.);
#390 = LINE('',#391,#392);
#391 = CARTESIAN_POINT('',(8.,-23.726341,15.766041));
#392 = VECTOR('',#393,1.);
#393 = DIRECTION('',(-1.,0.,0.));
#394 = ORIENTED_EDGE('',*,*,#101,.T.);
#395 = ORIENTED_EDGE('',*,*,#349,.F.);
#396 = ORIENTED_EDGE('',*,*,#141,.T.);
#397 = ORIENTED_EDGE('',*,*,#398,.F.);
#398 = EDGE_CURVE('',#366,#142,#399,.T.);
#399 = LINE('',#400,#401);
#400 = CARTESIAN_POINT('',(8.,-23.726341,15.766041));
#401 = VECTOR('',#402,1.);
#402 = DIRECTION('',(-1.,0.,0.));
#403 = PLANE('',#404);
#404 = AXIS2_PLACEMENT_3D('',#405,#406,#407);
#405 = CARTESIAN_POINT('',(8.,-21.751488,12.949914));
#406 = DIRECTION('',(0.,0.818744817036,0.574157578176));
#407 = DIRECTION('',(0.,-0.574157578176,0.818744817036));
#408 = ADVANCED_FACE('',(#409),#427,.T.);
#409 = FACE_BOUND('',#410,.T.);
#410 = EDGE_LOOP('',(#411,#412,#413,#421));
#411 = ORIENTED_EDGE('',*,*,#93,.T.);
#412 = ORIENTED_EDGE('',*,*,#389,.T.);
#413 = ORIENTED_EDGE('',*,*,#414,.T.);
#414 = EDGE_CURVE('',#382,#415,#417,.T.);
#415 = VERTEX_POINT('',#416);
#416 = CARTESIAN_POINT('',(-8.,-16.626776,15.766041));
#417 = LINE('',#418,#419);
#418 = CARTESIAN_POINT('',(-8.,-23.726341,15.766041));
#419 = VECTOR('',#420,1.);
#420 = DIRECTION('',(0.,1.,0.));
#421 = ORIENTED_EDGE('',*,*,#422,.F.);
#422 = EDGE_CURVE('',#86,#415,#423,.T.);
#423 = LINE('',#424,#425);
#424 = CARTESIAN_POINT('',(8.,-16.626776,15.766041));
#425 = VECTOR('',#426,1.);
#426 = DIRECTION('',(-1.,0.,0.));
#427 = PLANE('',#428);
#428 = AXIS2_PLACEMENT_3D('',#429,#430,#431);
#429 = CARTESIAN_POINT('',(8.,-23.726341,15.766041));
#430 = DIRECTION('',(0.,0.,-1.));
#431 = DIRECTION('',(0.,1.,0.));
#432 = ADVANCED_FACE('',(#433),#474,.T.);
#433 = FACE_BOUND('',#434,.T.);
#434 = EDGE_LOOP('',(#435,#445,#451,#452,#458,#459,#460,#468));
#435 = ORIENTED_EDGE('',*,*,#436,.F.);
#436 = EDGE_CURVE('',#437,#439,#441,.T.);
#437 = VERTEX_POINT('',#438);
#438 = CARTESIAN_POINT('',(8.,-16.626776,15.766041));
#439 = VERTEX_POINT('',#440);
#440 = CARTESIAN_POINT('',(8.,-15.558285,13.845669));
#441 = LINE('',#442,#443);
#442 = CARTESIAN_POINT('',(8.,-16.626776,15.766041));
#443 = VECTOR('',#444,1.);
#444 = DIRECTION('',(0.,0.48620532352,-0.873844599102));
#445 = ORIENTED_EDGE('',*,*,#446,.T.);
#446 = EDGE_CURVE('',#437,#150,#447,.T.);
#447 = LINE('',#448,#449);
#448 = CARTESIAN_POINT('',(8.,-16.626776,15.766041));
#449 = VECTOR('',#450,1.);
#450 = DIRECTION('',(-1.,0.,0.));
#451 = ORIENTED_EDGE('',*,*,#157,.T.);
#452 = ORIENTED_EDGE('',*,*,#453,.F.);
#453 = EDGE_CURVE('',#78,#158,#454,.T.);
#454 = LINE('',#455,#456);
#455 = CARTESIAN_POINT('',(4.,-16.40858956048,15.3739));
#456 = VECTOR('',#457,1.);
#457 = DIRECTION('',(1.,0.,0.));
#458 = ORIENTED_EDGE('',*,*,#85,.T.);
#459 = ORIENTED_EDGE('',*,*,#422,.T.);
#460 = ORIENTED_EDGE('',*,*,#461,.T.);
#461 = EDGE_CURVE('',#415,#462,#464,.T.);
#462 = VERTEX_POINT('',#463);
#463 = CARTESIAN_POINT('',(-8.,-15.558285,13.845669));
#464 = LINE('',#465,#466);
#465 = CARTESIAN_POINT('',(-8.,-16.626776,15.766041));
#466 = VECTOR('',#467,1.);
#467 = DIRECTION('',(0.,0.48620532352,-0.873844599102));
#468 = ORIENTED_EDGE('',*,*,#469,.F.);
#469 = EDGE_CURVE('',#439,#462,#470,.T.);
#470 = LINE('',#471,#472);
#471 = CARTESIAN_POINT('',(8.,-15.558285,13.845669));
#472 = VECTOR('',#473,1.);
#473 = DIRECTION('',(-1.,0.,0.));
#474 = PLANE('',#475);
#475 = AXIS2_PLACEMENT_3D('',#476,#477,#478);
#476 = CARTESIAN_POINT('',(8.,-16.626776,15.766041));
#477 = DIRECTION('',(0.,-0.873844599102,-0.48620532352));
#478 = DIRECTION('',(0.,0.48620532352,-0.873844599102));
#479 = ADVANCED_FACE('',(#480),#491,.T.);
#480 = FACE_BOUND('',#481,.T.);
#481 = EDGE_LOOP('',(#482,#483,#484,#485));
#482 = ORIENTED_EDGE('',*,*,#77,.T.);
#483 = ORIENTED_EDGE('',*,*,#453,.T.);
#484 = ORIENTED_EDGE('',*,*,#165,.T.);
#485 = ORIENTED_EDGE('',*,*,#486,.T.);
#486 = EDGE_CURVE('',#166,#70,#487,.T.);
#487 = LINE('',#488,#489);
#488 = CARTESIAN_POINT('',(7.95,-11.125,15.3739));
#489 = VECTOR('',#490,1.);
#490 = DIRECTION('',(-1.,0.,0.));
#491 = PLANE('',#492);
#492 = AXIS2_PLACEMENT_3D('',#493,#494,#495);
#493 = CARTESIAN_POINT('',(-2.388378943731E-16,-18.05,15.3739));
#494 = DIRECTION('',(0.,0.,1.));
#495 = DIRECTION('',(1.,0.,0.));
#496 = ADVANCED_FACE('',(#497),#503,.F.);
#497 = FACE_BOUND('',#498,.F.);
#498 = EDGE_LOOP('',(#499,#500,#501,#502));
#499 = ORIENTED_EDGE('',*,*,#173,.T.);
#500 = ORIENTED_EDGE('',*,*,#486,.T.);
#501 = ORIENTED_EDGE('',*,*,#69,.F.);
#502 = ORIENTED_EDGE('',*,*,#309,.F.);
#503 = PLANE('',#504);
#504 = AXIS2_PLACEMENT_3D('',#505,#506,#507);
#505 = CARTESIAN_POINT('',(7.95,-11.125,18.5739));
#506 = DIRECTION('',(0.,1.,0.));
#507 = DIRECTION('',(-1.,0.,0.));
#508 = ADVANCED_FACE('',(#509),#520,.T.);
#509 = FACE_BOUND('',#510,.T.);
#510 = EDGE_LOOP('',(#511,#517,#518,#519));
#511 = ORIENTED_EDGE('',*,*,#512,.F.);
#512 = EDGE_CURVE('',#366,#437,#513,.T.);
#513 = LINE('',#514,#515);
#514 = CARTESIAN_POINT('',(8.,-23.726341,15.766041));
#515 = VECTOR('',#516,1.);
#516 = DIRECTION('',(0.,1.,0.));
#517 = ORIENTED_EDGE('',*,*,#398,.T.);
#518 = ORIENTED_EDGE('',*,*,#149,.T.);
#519 = ORIENTED_EDGE('',*,*,#446,.F.);
#520 = PLANE('',#521);
#521 = AXIS2_PLACEMENT_3D('',#522,#523,#524);
#522 = CARTESIAN_POINT('',(8.,-23.726341,15.766041));
#523 = DIRECTION('',(0.,0.,-1.));
#524 = DIRECTION('',(0.,1.,0.));
#525 = ADVANCED_FACE('',(#526,#652,#663,#674,#685),#696,.T.);
#526 = FACE_BOUND('',#527,.T.);
#527 = EDGE_LOOP('',(#528,#529,#537,#545,#553,#562,#570,#579,#587,#596,
    #604,#613,#621,#630,#638,#646));
#528 = ORIENTED_EDGE('',*,*,#187,.F.);
#529 = ORIENTED_EDGE('',*,*,#530,.T.);
#530 = EDGE_CURVE('',#188,#531,#533,.T.);
#531 = VERTEX_POINT('',#532);
#532 = CARTESIAN_POINT('',(-12.5,-29.,6.5739));
#533 = LINE('',#534,#535);
#534 = CARTESIAN_POINT('',(-12.5,-29.,18.5739));
#535 = VECTOR('',#536,1.);
#536 = DIRECTION('',(0.,0.,-1.));
#537 = ORIENTED_EDGE('',*,*,#538,.T.);
#538 = EDGE_CURVE('',#531,#539,#541,.T.);
#539 = VERTEX_POINT('',#540);
#540 = CARTESIAN_POINT('',(-12.5,-29.,-2.4261));
#541 = LINE('',#542,#543);
#542 = CARTESIAN_POINT('',(-12.5,-29.,18.5739));
#543 = VECTOR('',#544,1.);
#544 = DIRECTION('',(0.,0.,-1.));
#545 = ORIENTED_EDGE('',*,*,#546,.T.);
#546 = EDGE_CURVE('',#539,#547,#549,.T.);
#547 = VERTEX_POINT('',#548);
#548 = CARTESIAN_POINT('',(-12.49875949004,-29.,-2.4261));
#549 = LINE('',#550,#551);
#550 = CARTESIAN_POINT('',(-12.5,-29.,-2.4261));
#551 = VECTOR('',#552,1.);
#552 = DIRECTION('',(1.,0.,0.));
#553 = ORIENTED_EDGE('',*,*,#554,.T.);
#554 = EDGE_CURVE('',#547,#555,#557,.T.);
#555 = VERTEX_POINT('',#556);
#556 = CARTESIAN_POINT('',(-10.80441758203,-29.,-8.536060826393));
#557 = CIRCLE('',#558,12.5);
#558 = AXIS2_PLACEMENT_3D('',#559,#560,#561);
#559 = CARTESIAN_POINT('',(0.,-29.,-2.25));
#560 = DIRECTION('',(0.,-1.,2.22044604925E-16));
#561 = DIRECTION('',(1.,0.,0.));
#562 = ORIENTED_EDGE('',*,*,#563,.F.);
#563 = EDGE_CURVE('',#564,#555,#566,.T.);
#564 = VERTEX_POINT('',#565);
#565 = CARTESIAN_POINT('',(-12.20487908898,-29.,-11.08896363973));
#566 = LINE('',#567,#568);
#567 = CARTESIAN_POINT('',(-12.20487908898,-29.,-11.08896363973));
#568 = VECTOR('',#569,1.);
#569 = DIRECTION('',(0.480960011816,1.946759490902E-16,0.876742531781));
#570 = ORIENTED_EDGE('',*,*,#571,.T.);
#571 = EDGE_CURVE('',#564,#572,#574,.T.);
#572 = VERTEX_POINT('',#573);
#573 = CARTESIAN_POINT('',(-8.297356362262,-29.,-14.82935726493));
#574 = CIRCLE('',#575,2.8);
#575 = AXIS2_PLACEMENT_3D('',#576,#577,#578);
#576 = CARTESIAN_POINT('',(-9.75,-29.,-12.43565167281));
#577 = DIRECTION('',(0.,-1.,2.22044604925E-16));
#578 = DIRECTION('',(1.,0.,0.));
#579 = ORIENTED_EDGE('',*,*,#580,.T.);
#580 = EDGE_CURVE('',#572,#581,#583,.T.);
#581 = VERTEX_POINT('',#582);
#582 = CARTESIAN_POINT('',(-5.808069713546,-29.,-13.31870932867));
#583 = LINE('',#584,#585);
#584 = CARTESIAN_POINT('',(-8.297356362262,-29.,-14.82935726493));
#585 = VECTOR('',#586,1.);
#586 = DIRECTION('',(0.854894854328,1.151970295137E-16,0.518801299192));
#587 = ORIENTED_EDGE('',*,*,#588,.T.);
#588 = EDGE_CURVE('',#581,#589,#591,.T.);
#589 = VERTEX_POINT('',#590);
#590 = CARTESIAN_POINT('',(5.808069713546,-29.,-13.31870932867));
#591 = CIRCLE('',#592,12.5);
#592 = AXIS2_PLACEMENT_3D('',#593,#594,#595);
#593 = CARTESIAN_POINT('',(0.,-29.,-2.25));
#594 = DIRECTION('',(0.,-1.,2.22044604925E-16));
#595 = DIRECTION('',(1.,0.,0.));
#596 = ORIENTED_EDGE('',*,*,#597,.F.);
#597 = EDGE_CURVE('',#598,#589,#600,.T.);
#598 = VERTEX_POINT('',#599);
#599 = CARTESIAN_POINT('',(8.297356362262,-29.,-14.82935726493));
#600 = LINE('',#601,#602);
#601 = CARTESIAN_POINT('',(8.297356362262,-29.,-14.82935726493));
#602 = VECTOR('',#603,1.);
#603 = DIRECTION('',(-0.854894854328,1.151970295137E-16,0.518801299192)
  );
#604 = ORIENTED_EDGE('',*,*,#605,.T.);
#605 = EDGE_CURVE('',#598,#606,#608,.T.);
#606 = VERTEX_POINT('',#607);
#607 = CARTESIAN_POINT('',(12.204879088986,-29.,-11.08896363973));
#608 = CIRCLE('',#609,2.8);
#609 = AXIS2_PLACEMENT_3D('',#610,#611,#612);
#610 = CARTESIAN_POINT('',(9.75,-29.,-12.43565167281));
#611 = DIRECTION('',(0.,-1.,2.22044604925E-16));
#612 = DIRECTION('',(1.,0.,0.));
#613 = ORIENTED_EDGE('',*,*,#614,.T.);
#614 = EDGE_CURVE('',#606,#615,#617,.T.);
#615 = VERTEX_POINT('',#616);
#616 = CARTESIAN_POINT('',(10.80441758203,-29.,-8.536060826393));
#617 = LINE('',#618,#619);
#618 = CARTESIAN_POINT('',(12.204879088986,-29.,-11.08896363973));
#619 = VECTOR('',#620,1.);
#620 = DIRECTION('',(-0.480960011816,1.946759490902E-16,0.876742531781)
  );
#621 = ORIENTED_EDGE('',*,*,#622,.T.);
#622 = EDGE_CURVE('',#615,#623,#625,.T.);
#623 = VERTEX_POINT('',#624);
#624 = CARTESIAN_POINT('',(12.498759490045,-29.,-2.4261));
#625 = CIRCLE('',#626,12.5);
#626 = AXIS2_PLACEMENT_3D('',#627,#628,#629);
#627 = CARTESIAN_POINT('',(0.,-29.,-2.25));
#628 = DIRECTION('',(0.,-1.,2.22044604925E-16));
#629 = DIRECTION('',(1.,0.,0.));
#630 = ORIENTED_EDGE('',*,*,#631,.T.);
#631 = EDGE_CURVE('',#623,#632,#634,.T.);
#632 = VERTEX_POINT('',#633);
#633 = CARTESIAN_POINT('',(12.5,-29.,-2.4261));
#634 = LINE('',#635,#636);
#635 = CARTESIAN_POINT('',(-12.5,-29.,-2.4261));
#636 = VECTOR('',#637,1.);
#637 = DIRECTION('',(1.,0.,0.));
#638 = ORIENTED_EDGE('',*,*,#639,.F.);
#639 = EDGE_CURVE('',#640,#632,#642,.T.);
#640 = VERTEX_POINT('',#641);
#641 = CARTESIAN_POINT('',(12.5,-29.,6.5739));
#642 = LINE('',#643,#644);
#643 = CARTESIAN_POINT('',(12.5,-29.,18.5739));
#644 = VECTOR('',#645,1.);
#645 = DIRECTION('',(0.,0.,-1.));
#646 = ORIENTED_EDGE('',*,*,#647,.F.);
#647 = EDGE_CURVE('',#190,#640,#648,.T.);
#648 = LINE('',#649,#650);
#649 = CARTESIAN_POINT('',(12.5,-29.,18.5739));
#650 = VECTOR('',#651,1.);
#651 = DIRECTION('',(0.,0.,-1.));
#652 = FACE_BOUND('',#653,.T.);
#653 = EDGE_LOOP('',(#654));
#654 = ORIENTED_EDGE('',*,*,#655,.F.);
#655 = EDGE_CURVE('',#656,#656,#658,.T.);
#656 = VERTEX_POINT('',#657);
#657 = CARTESIAN_POINT('',(11.35,-29.,-12.43565167281));
#658 = CIRCLE('',#659,1.6);
#659 = AXIS2_PLACEMENT_3D('',#660,#661,#662);
#660 = CARTESIAN_POINT('',(9.75,-29.,-12.43565167281));
#661 = DIRECTION('',(0.,-1.,2.22044604925E-16));
#662 = DIRECTION('',(1.,0.,0.));
#663 = FACE_BOUND('',#664,.T.);
#664 = EDGE_LOOP('',(#665));
#665 = ORIENTED_EDGE('',*,*,#666,.T.);
#666 = EDGE_CURVE('',#667,#667,#669,.T.);
#667 = VERTEX_POINT('',#668);
#668 = CARTESIAN_POINT('',(10.15,-29.,-2.25));
#669 = CIRCLE('',#670,10.15);
#670 = AXIS2_PLACEMENT_3D('',#671,#672,#673);
#671 = CARTESIAN_POINT('',(0.,-29.,-2.25));
#672 = DIRECTION('',(0.,1.,-2.22044604925E-16));
#673 = DIRECTION('',(1.,0.,0.));
#674 = FACE_BOUND('',#675,.T.);
#675 = EDGE_LOOP('',(#676));
#676 = ORIENTED_EDGE('',*,*,#677,.F.);
#677 = EDGE_CURVE('',#678,#678,#680,.T.);
#678 = VERTEX_POINT('',#679);
#679 = CARTESIAN_POINT('',(-8.15,-29.,-12.43565167281));
#680 = CIRCLE('',#681,1.6);
#681 = AXIS2_PLACEMENT_3D('',#682,#683,#684);
#682 = CARTESIAN_POINT('',(-9.75,-29.,-12.43565167281));
#683 = DIRECTION('',(0.,-1.,2.22044604925E-16));
#684 = DIRECTION('',(1.,0.,0.));
#685 = FACE_BOUND('',#686,.T.);
#686 = EDGE_LOOP('',(#687));
#687 = ORIENTED_EDGE('',*,*,#688,.F.);
#688 = EDGE_CURVE('',#689,#689,#691,.T.);
#689 = VERTEX_POINT('',#690);
#690 = CARTESIAN_POINT('',(1.6,-29.,12.));
#691 = CIRCLE('',#692,1.6);
#692 = AXIS2_PLACEMENT_3D('',#693,#694,#695);
#693 = CARTESIAN_POINT('',(0.,-29.,12.));
#694 = DIRECTION('',(0.,-1.,2.22044604925E-16));
#695 = DIRECTION('',(1.,0.,0.));
#696 = PLANE('',#697);
#697 = AXIS2_PLACEMENT_3D('',#698,#699,#700);
#698 = CARTESIAN_POINT('',(-1.255846636627E-14,-29.,1.924805594915));
#699 = DIRECTION('',(0.,-1.,7.451348143509E-17));
#700 = DIRECTION('',(0.,7.451348143509E-17,1.));
#701 = ADVANCED_FACE('',(#702),#720,.F.);
#702 = FACE_BOUND('',#703,.F.);
#703 = EDGE_LOOP('',(#704,#705,#713,#719));
#704 = ORIENTED_EDGE('',*,*,#530,.T.);
#705 = ORIENTED_EDGE('',*,*,#706,.T.);
#706 = EDGE_CURVE('',#531,#707,#709,.T.);
#707 = VERTEX_POINT('',#708);
#708 = CARTESIAN_POINT('',(-13.8239,-26.125,6.5739));
#709 = LINE('',#710,#711);
#710 = CARTESIAN_POINT('',(-12.5,-29.,6.5739));
#711 = VECTOR('',#712,1.);
#712 = DIRECTION('',(-0.418270640141,0.908322449131,0.));
#713 = ORIENTED_EDGE('',*,*,#714,.F.);
#714 = EDGE_CURVE('',#270,#707,#715,.T.);
#715 = LINE('',#716,#717);
#716 = CARTESIAN_POINT('',(-13.8239,-26.125,18.5739));
#717 = VECTOR('',#718,1.);
#718 = DIRECTION('',(0.,0.,-1.));
#719 = ORIENTED_EDGE('',*,*,#277,.F.);
#720 = PLANE('',#721);
#721 = AXIS2_PLACEMENT_3D('',#722,#723,#724);
#722 = CARTESIAN_POINT('',(-12.5,-29.,18.5739));
#723 = DIRECTION('',(0.908322449131,0.418270640141,0.));
#724 = DIRECTION('',(-0.418270640141,0.908322449131,0.));
#725 = ADVANCED_FACE('',(#726),#744,.T.);
#726 = FACE_BOUND('',#727,.T.);
#727 = EDGE_LOOP('',(#728,#729,#737,#743));
#728 = ORIENTED_EDGE('',*,*,#647,.T.);
#729 = ORIENTED_EDGE('',*,*,#730,.T.);
#730 = EDGE_CURVE('',#640,#731,#733,.T.);
#731 = VERTEX_POINT('',#732);
#732 = CARTESIAN_POINT('',(13.8239,-26.125,6.5739));
#733 = LINE('',#734,#735);
#734 = CARTESIAN_POINT('',(12.5,-29.,6.5739));
#735 = VECTOR('',#736,1.);
#736 = DIRECTION('',(0.418270640141,0.908322449131,0.));
#737 = ORIENTED_EDGE('',*,*,#738,.F.);
#738 = EDGE_CURVE('',#198,#731,#739,.T.);
#739 = LINE('',#740,#741);
#740 = CARTESIAN_POINT('',(13.8239,-26.125,18.5739));
#741 = VECTOR('',#742,1.);
#742 = DIRECTION('',(0.,0.,-1.));
#743 = ORIENTED_EDGE('',*,*,#197,.F.);
#744 = PLANE('',#745);
#745 = AXIS2_PLACEMENT_3D('',#746,#747,#748);
#746 = CARTESIAN_POINT('',(12.5,-29.,18.5739));
#747 = DIRECTION('',(0.908322449131,-0.418270640141,0.));
#748 = DIRECTION('',(0.418270640141,0.908322449131,0.));
#749 = ADVANCED_FACE('',(#750),#768,.F.);
#750 = FACE_BOUND('',#751,.F.);
#751 = EDGE_LOOP('',(#752,#753,#761,#767));
#752 = ORIENTED_EDGE('',*,*,#714,.T.);
#753 = ORIENTED_EDGE('',*,*,#754,.T.);
#754 = EDGE_CURVE('',#707,#755,#757,.T.);
#755 = VERTEX_POINT('',#756);
#756 = CARTESIAN_POINT('',(-12.5,-23.25,6.5739));
#757 = LINE('',#758,#759);
#758 = CARTESIAN_POINT('',(-13.8239,-26.125,6.5739));
#759 = VECTOR('',#760,1.);
#760 = DIRECTION('',(0.418270640141,0.908322449131,0.));
#761 = ORIENTED_EDGE('',*,*,#762,.F.);
#762 = EDGE_CURVE('',#262,#755,#763,.T.);
#763 = LINE('',#764,#765);
#764 = CARTESIAN_POINT('',(-12.5,-23.25,18.5739));
#765 = VECTOR('',#766,1.);
#766 = DIRECTION('',(0.,0.,-1.));
#767 = ORIENTED_EDGE('',*,*,#269,.F.);
#768 = PLANE('',#769);
#769 = AXIS2_PLACEMENT_3D('',#770,#771,#772);
#770 = CARTESIAN_POINT('',(-13.8239,-26.125,18.5739));
#771 = DIRECTION('',(0.908322449131,-0.418270640141,0.));
#772 = DIRECTION('',(0.418270640141,0.908322449131,0.));
#773 = ADVANCED_FACE('',(#774),#792,.T.);
#774 = FACE_BOUND('',#775,.T.);
#775 = EDGE_LOOP('',(#776,#777,#785,#791));
#776 = ORIENTED_EDGE('',*,*,#738,.T.);
#777 = ORIENTED_EDGE('',*,*,#778,.T.);
#778 = EDGE_CURVE('',#731,#779,#781,.T.);
#779 = VERTEX_POINT('',#780);
#780 = CARTESIAN_POINT('',(12.5,-23.25,6.5739));
#781 = LINE('',#782,#783);
#782 = CARTESIAN_POINT('',(13.8239,-26.125,6.5739));
#783 = VECTOR('',#784,1.);
#784 = DIRECTION('',(-0.418270640141,0.908322449131,0.));
#785 = ORIENTED_EDGE('',*,*,#786,.F.);
#786 = EDGE_CURVE('',#206,#779,#787,.T.);
#787 = LINE('',#788,#789);
#788 = CARTESIAN_POINT('',(12.5,-23.25,18.5739));
#789 = VECTOR('',#790,1.);
#790 = DIRECTION('',(0.,0.,-1.));
#791 = ORIENTED_EDGE('',*,*,#205,.F.);
#792 = PLANE('',#793);
#793 = AXIS2_PLACEMENT_3D('',#794,#795,#796);
#794 = CARTESIAN_POINT('',(13.8239,-26.125,18.5739));
#795 = DIRECTION('',(0.908322449131,0.418270640141,0.));
#796 = DIRECTION('',(-0.418270640141,0.908322449131,0.));
#797 = ADVANCED_FACE('',(#798),#839,.T.);
#798 = FACE_BOUND('',#799,.T.);
#799 = EDGE_LOOP('',(#800,#801,#809,#817,#825,#831,#832,#838));
#800 = ORIENTED_EDGE('',*,*,#261,.F.);
#801 = ORIENTED_EDGE('',*,*,#802,.T.);
#802 = EDGE_CURVE('',#254,#803,#805,.T.);
#803 = VERTEX_POINT('',#804);
#804 = CARTESIAN_POINT('',(-12.5,-14.,9.3978));
#805 = LINE('',#806,#807);
#806 = CARTESIAN_POINT('',(-12.5,-14.,18.5739));
#807 = VECTOR('',#808,1.);
#808 = DIRECTION('',(0.,0.,-1.));
#809 = ORIENTED_EDGE('',*,*,#810,.T.);
#810 = EDGE_CURVE('',#803,#811,#813,.T.);
#811 = VERTEX_POINT('',#812);
#812 = CARTESIAN_POINT('',(-12.5,-22.,9.3978));
#813 = LINE('',#814,#815);
#814 = CARTESIAN_POINT('',(-12.5,-15.125,9.3978));
#815 = VECTOR('',#816,1.);
#816 = DIRECTION('',(0.,-1.,2.22044604925E-16));
#817 = ORIENTED_EDGE('',*,*,#818,.F.);
#818 = EDGE_CURVE('',#819,#811,#821,.T.);
#819 = VERTEX_POINT('',#820);
#820 = CARTESIAN_POINT('',(-12.5,-22.,-2.4261));
#821 = LINE('',#822,#823);
#822 = CARTESIAN_POINT('',(-12.5,-22.,8.071757504484));
#823 = VECTOR('',#824,1.);
#824 = DIRECTION('',(0.,2.840478894751E-16,1.));
#825 = ORIENTED_EDGE('',*,*,#826,.T.);
#826 = EDGE_CURVE('',#819,#539,#827,.T.);
#827 = LINE('',#828,#829);
#828 = CARTESIAN_POINT('',(-12.5,-8.25,-2.4261));
#829 = VECTOR('',#830,1.);
#830 = DIRECTION('',(0.,-1.,0.));
#831 = ORIENTED_EDGE('',*,*,#538,.F.);
#832 = ORIENTED_EDGE('',*,*,#833,.T.);
#833 = EDGE_CURVE('',#531,#755,#834,.T.);
#834 = LINE('',#835,#836);
#835 = CARTESIAN_POINT('',(-12.5,-29.,6.5739));
#836 = VECTOR('',#837,1.);
#837 = DIRECTION('',(0.,1.,0.));
#838 = ORIENTED_EDGE('',*,*,#762,.F.);
#839 = PLANE('',#840);
#840 = AXIS2_PLACEMENT_3D('',#841,#842,#843);
#841 = CARTESIAN_POINT('',(-12.5,-20.57204940119,10.020949401198));
#842 = DIRECTION('',(-1.,0.,0.));
#843 = DIRECTION('',(0.,1.,2.22044604925E-16));
#844 = ADVANCED_FACE('',(#845),#886,.T.);
#845 = FACE_BOUND('',#846,.T.);
#846 = EDGE_LOOP('',(#847,#848,#849,#855,#856,#864,#872,#880));
#847 = ORIENTED_EDGE('',*,*,#213,.F.);
#848 = ORIENTED_EDGE('',*,*,#786,.T.);
#849 = ORIENTED_EDGE('',*,*,#850,.T.);
#850 = EDGE_CURVE('',#779,#640,#851,.T.);
#851 = LINE('',#852,#853);
#852 = CARTESIAN_POINT('',(12.5,-23.25,6.5739));
#853 = VECTOR('',#854,1.);
#854 = DIRECTION('',(3.089316242435E-16,-1.,0.));
#855 = ORIENTED_EDGE('',*,*,#639,.T.);
#856 = ORIENTED_EDGE('',*,*,#857,.T.);
#857 = EDGE_CURVE('',#632,#858,#860,.T.);
#858 = VERTEX_POINT('',#859);
#859 = CARTESIAN_POINT('',(12.5,-22.,-2.4261));
#860 = LINE('',#861,#862);
#861 = CARTESIAN_POINT('',(12.5,-29.,-2.4261));
#862 = VECTOR('',#863,1.);
#863 = DIRECTION('',(0.,1.,0.));
#864 = ORIENTED_EDGE('',*,*,#865,.F.);
#865 = EDGE_CURVE('',#866,#858,#868,.T.);
#866 = VERTEX_POINT('',#867);
#867 = CARTESIAN_POINT('',(12.5,-22.,9.3978));
#868 = LINE('',#869,#870);
#869 = CARTESIAN_POINT('',(12.5,-22.,8.071757504484));
#870 = VECTOR('',#871,1.);
#871 = DIRECTION('',(0.,-2.840478894751E-16,-1.));
#872 = ORIENTED_EDGE('',*,*,#873,.T.);
#873 = EDGE_CURVE('',#866,#874,#876,.T.);
#874 = VERTEX_POINT('',#875);
#875 = CARTESIAN_POINT('',(12.5,-14.,9.3978));
#876 = LINE('',#877,#878);
#877 = CARTESIAN_POINT('',(12.5,-25.5,9.3978));
#878 = VECTOR('',#879,1.);
#879 = DIRECTION('',(0.,1.,-2.22044604925E-16));
#880 = ORIENTED_EDGE('',*,*,#881,.F.);
#881 = EDGE_CURVE('',#214,#874,#882,.T.);
#882 = LINE('',#883,#884);
#883 = CARTESIAN_POINT('',(12.5,-14.,18.5739));
#884 = VECTOR('',#885,1.);
#885 = DIRECTION('',(0.,0.,-1.));
#886 = PLANE('',#887);
#887 = AXIS2_PLACEMENT_3D('',#888,#889,#890);
#888 = CARTESIAN_POINT('',(12.5,-20.57204940119,10.020949401198));
#889 = DIRECTION('',(1.,0.,0.));
#890 = DIRECTION('',(0.,-1.,-2.22044604925E-16));
#891 = ADVANCED_FACE('',(#892),#910,.F.);
#892 = FACE_BOUND('',#893,.F.);
#893 = EDGE_LOOP('',(#894,#895,#896,#904));
#894 = ORIENTED_EDGE('',*,*,#253,.F.);
#895 = ORIENTED_EDGE('',*,*,#802,.T.);
#896 = ORIENTED_EDGE('',*,*,#897,.T.);
#897 = EDGE_CURVE('',#803,#898,#900,.T.);
#898 = VERTEX_POINT('',#899);
#899 = CARTESIAN_POINT('',(-13.8239,-11.125,8.0739));
#900 = LINE('',#901,#902);
#901 = CARTESIAN_POINT('',(-10.19940171296,-18.9960118402,11.69839828704
    ));
#902 = VECTOR('',#903,1.);
#903 = DIRECTION('',(-0.385875875219,0.837973518584,-0.385875875219));
#904 = ORIENTED_EDGE('',*,*,#905,.F.);
#905 = EDGE_CURVE('',#246,#898,#906,.T.);
#906 = LINE('',#907,#908);
#907 = CARTESIAN_POINT('',(-13.8239,-11.125,18.5739));
#908 = VECTOR('',#909,1.);
#909 = DIRECTION('',(0.,0.,-1.));
#910 = PLANE('',#911);
#911 = AXIS2_PLACEMENT_3D('',#912,#913,#914);
#912 = CARTESIAN_POINT('',(-12.5,-14.,18.5739));
#913 = DIRECTION('',(0.908322449131,0.418270640141,0.));
#914 = DIRECTION('',(-0.418270640141,0.908322449131,0.));
#915 = ADVANCED_FACE('',(#916),#934,.F.);
#916 = FACE_BOUND('',#917,.F.);
#917 = EDGE_LOOP('',(#918,#919,#927,#933));
#918 = ORIENTED_EDGE('',*,*,#221,.F.);
#919 = ORIENTED_EDGE('',*,*,#920,.T.);
#920 = EDGE_CURVE('',#222,#921,#923,.T.);
#921 = VERTEX_POINT('',#922);
#922 = CARTESIAN_POINT('',(13.8239,-11.125,8.0739));
#923 = LINE('',#924,#925);
#924 = CARTESIAN_POINT('',(13.8239,-11.125,18.5739));
#925 = VECTOR('',#926,1.);
#926 = DIRECTION('',(0.,0.,-1.));
#927 = ORIENTED_EDGE('',*,*,#928,.T.);
#928 = EDGE_CURVE('',#921,#874,#929,.T.);
#929 = LINE('',#930,#931);
#930 = CARTESIAN_POINT('',(11.283937900242,-16.64081768774,
    10.613862099758));
#931 = VECTOR('',#932,1.);
#932 = DIRECTION('',(-0.385875875219,-0.837973518584,0.385875875219));
#933 = ORIENTED_EDGE('',*,*,#881,.F.);
#934 = PLANE('',#935);
#935 = AXIS2_PLACEMENT_3D('',#936,#937,#938);
#936 = CARTESIAN_POINT('',(13.8239,-11.125,18.5739));
#937 = DIRECTION('',(-0.908322449131,0.418270640141,0.));
#938 = DIRECTION('',(-0.418270640141,-0.908322449131,0.));
#939 = ADVANCED_FACE('',(#940),#958,.F.);
#940 = FACE_BOUND('',#941,.F.);
#941 = EDGE_LOOP('',(#942,#943,#944,#952));
#942 = ORIENTED_EDGE('',*,*,#245,.F.);
#943 = ORIENTED_EDGE('',*,*,#905,.T.);
#944 = ORIENTED_EDGE('',*,*,#945,.T.);
#945 = EDGE_CURVE('',#898,#946,#948,.T.);
#946 = VERTEX_POINT('',#947);
#947 = CARTESIAN_POINT('',(-12.5,-8.25,9.3978));
#948 = LINE('',#949,#950);
#949 = CARTESIAN_POINT('',(-14.27925942469,-12.11386497923,
    7.618540575303));
#950 = VECTOR('',#951,1.);
#951 = DIRECTION('',(0.385875875219,0.837973518584,0.385875875219));
#952 = ORIENTED_EDGE('',*,*,#953,.F.);
#953 = EDGE_CURVE('',#238,#946,#954,.T.);
#954 = LINE('',#955,#956);
#955 = CARTESIAN_POINT('',(-12.5,-8.25,18.5739));
#956 = VECTOR('',#957,1.);
#957 = DIRECTION('',(0.,0.,-1.));
#958 = PLANE('',#959);
#959 = AXIS2_PLACEMENT_3D('',#960,#961,#962);
#960 = CARTESIAN_POINT('',(-13.8239,-11.125,18.5739));
#961 = DIRECTION('',(0.908322449131,-0.418270640141,0.));
#962 = DIRECTION('',(0.418270640141,0.908322449131,0.));
#963 = ADVANCED_FACE('',(#964),#982,.F.);
#964 = FACE_BOUND('',#965,.F.);
#965 = EDGE_LOOP('',(#966,#967,#975,#981));
#966 = ORIENTED_EDGE('',*,*,#229,.F.);
#967 = ORIENTED_EDGE('',*,*,#968,.T.);
#968 = EDGE_CURVE('',#230,#969,#971,.T.);
#969 = VERTEX_POINT('',#970);
#970 = CARTESIAN_POINT('',(12.5,-8.25,9.3978));
#971 = LINE('',#972,#973);
#972 = CARTESIAN_POINT('',(12.5,-8.25,18.5739));
#973 = VECTOR('',#974,1.);
#974 = DIRECTION('',(0.,0.,-1.));
#975 = ORIENTED_EDGE('',*,*,#976,.T.);
#976 = EDGE_CURVE('',#969,#921,#977,.T.);
#977 = LINE('',#978,#979);
#978 = CARTESIAN_POINT('',(14.237024574945,-12.02214718103,
    7.660775425055));
#979 = VECTOR('',#980,1.);
#980 = DIRECTION('',(0.385875875219,-0.837973518584,-0.385875875219));
#981 = ORIENTED_EDGE('',*,*,#920,.F.);
#982 = PLANE('',#983);
#983 = AXIS2_PLACEMENT_3D('',#984,#985,#986);
#984 = CARTESIAN_POINT('',(12.5,-8.25,18.5739));
#985 = DIRECTION('',(-0.908322449131,-0.418270640141,0.));
#986 = DIRECTION('',(0.418270640141,-0.908322449131,0.));
#987 = ADVANCED_FACE('',(#988),#1015,.T.);
#988 = FACE_BOUND('',#989,.T.);
#989 = EDGE_LOOP('',(#990,#991,#992,#1000,#1008,#1014));
#990 = ORIENTED_EDGE('',*,*,#237,.F.);
#991 = ORIENTED_EDGE('',*,*,#968,.T.);
#992 = ORIENTED_EDGE('',*,*,#993,.T.);
#993 = EDGE_CURVE('',#969,#994,#996,.T.);
#994 = VERTEX_POINT('',#995);
#995 = CARTESIAN_POINT('',(10.3239,-8.25,11.5739));
#996 = LINE('',#997,#998);
#997 = CARTESIAN_POINT('',(10.867925,-8.25,11.029875));
#998 = VECTOR('',#999,1.);
#999 = DIRECTION('',(-0.707106781187,0.,0.707106781187));
#1000 = ORIENTED_EDGE('',*,*,#1001,.T.);
#1001 = EDGE_CURVE('',#994,#1002,#1004,.T.);
#1002 = VERTEX_POINT('',#1003);
#1003 = CARTESIAN_POINT('',(-10.3239,-8.25,11.5739));
#1004 = LINE('',#1005,#1006);
#1005 = CARTESIAN_POINT('',(11.41195,-8.25,11.5739));
#1006 = VECTOR('',#1007,1.);
#1007 = DIRECTION('',(-1.,0.,0.));
#1008 = ORIENTED_EDGE('',*,*,#1009,.T.);
#1009 = EDGE_CURVE('',#1002,#946,#1010,.T.);
#1010 = LINE('',#1011,#1012);
#1011 = CARTESIAN_POINT('',(-2.867925,-8.25,19.029875));
#1012 = VECTOR('',#1013,1.);
#1013 = DIRECTION('',(-0.707106781187,0.,-0.707106781187));
#1014 = ORIENTED_EDGE('',*,*,#953,.F.);
#1015 = PLANE('',#1016);
#1016 = AXIS2_PLACEMENT_3D('',#1017,#1018,#1019);
#1017 = CARTESIAN_POINT('',(12.5,-8.25,18.5739));
#1018 = DIRECTION('',(0.,1.,0.));
#1019 = DIRECTION('',(-1.,0.,0.));
#1020 = ADVANCED_FACE('',(#1021),#1040,.F.);
#1021 = FACE_BOUND('',#1022,.F.);
#1022 = EDGE_LOOP('',(#1023,#1031,#1038,#1039));
#1023 = ORIENTED_EDGE('',*,*,#1024,.T.);
#1024 = EDGE_CURVE('',#286,#1025,#1027,.T.);
#1025 = VERTEX_POINT('',#1026);
#1026 = CARTESIAN_POINT('',(-8.9,-11.125,14.5739));
#1027 = LINE('',#1028,#1029);
#1028 = CARTESIAN_POINT('',(-8.9,-11.125,18.5739));
#1029 = VECTOR('',#1030,1.);
#1030 = DIRECTION('',(0.,0.,-1.));
#1031 = ORIENTED_EDGE('',*,*,#1032,.T.);
#1032 = EDGE_CURVE('',#1025,#1025,#1033,.T.);
#1033 = CIRCLE('',#1034,1.6);
#1034 = AXIS2_PLACEMENT_3D('',#1035,#1036,#1037);
#1035 = CARTESIAN_POINT('',(-10.5,-11.125,14.5739));
#1036 = DIRECTION('',(0.,0.,1.));
#1037 = DIRECTION('',(1.,0.,0.));
#1038 = ORIENTED_EDGE('',*,*,#1024,.F.);
#1039 = ORIENTED_EDGE('',*,*,#285,.F.);
#1040 = CYLINDRICAL_SURFACE('',#1041,1.6);
#1041 = AXIS2_PLACEMENT_3D('',#1042,#1043,#1044);
#1042 = CARTESIAN_POINT('',(-10.5,-11.125,18.5739));
#1043 = DIRECTION('',(0.,0.,1.));
#1044 = DIRECTION('',(1.,0.,0.));
#1045 = ADVANCED_FACE('',(#1046),#1065,.F.);
#1046 = FACE_BOUND('',#1047,.F.);
#1047 = EDGE_LOOP('',(#1048,#1056,#1063,#1064));
#1048 = ORIENTED_EDGE('',*,*,#1049,.T.);
#1049 = EDGE_CURVE('',#297,#1050,#1052,.T.);
#1050 = VERTEX_POINT('',#1051);
#1051 = CARTESIAN_POINT('',(-8.9,-26.125,14.5739));
#1052 = LINE('',#1053,#1054);
#1053 = CARTESIAN_POINT('',(-8.9,-26.125,18.5739));
#1054 = VECTOR('',#1055,1.);
#1055 = DIRECTION('',(0.,0.,-1.));
#1056 = ORIENTED_EDGE('',*,*,#1057,.T.);
#1057 = EDGE_CURVE('',#1050,#1050,#1058,.T.);
#1058 = CIRCLE('',#1059,1.6);
#1059 = AXIS2_PLACEMENT_3D('',#1060,#1061,#1062);
#1060 = CARTESIAN_POINT('',(-10.5,-26.125,14.5739));
#1061 = DIRECTION('',(0.,0.,1.));
#1062 = DIRECTION('',(1.,0.,0.));
#1063 = ORIENTED_EDGE('',*,*,#1049,.F.);
#1064 = ORIENTED_EDGE('',*,*,#296,.F.);
#1065 = CYLINDRICAL_SURFACE('',#1066,1.6);
#1066 = AXIS2_PLACEMENT_3D('',#1067,#1068,#1069);
#1067 = CARTESIAN_POINT('',(-10.5,-26.125,18.5739));
#1068 = DIRECTION('',(0.,0.,1.));
#1069 = DIRECTION('',(1.,0.,0.));
#1070 = ADVANCED_FACE('',(#1071),#1090,.F.);
#1071 = FACE_BOUND('',#1072,.F.);
#1072 = EDGE_LOOP('',(#1073,#1081,#1088,#1089));
#1073 = ORIENTED_EDGE('',*,*,#1074,.T.);
#1074 = EDGE_CURVE('',#319,#1075,#1077,.T.);
#1075 = VERTEX_POINT('',#1076);
#1076 = CARTESIAN_POINT('',(12.1,-11.125,14.5739));
#1077 = LINE('',#1078,#1079);
#1078 = CARTESIAN_POINT('',(12.1,-11.125,18.5739));
#1079 = VECTOR('',#1080,1.);
#1080 = DIRECTION('',(0.,0.,-1.));
#1081 = ORIENTED_EDGE('',*,*,#1082,.T.);
#1082 = EDGE_CURVE('',#1075,#1075,#1083,.T.);
#1083 = CIRCLE('',#1084,1.6);
#1084 = AXIS2_PLACEMENT_3D('',#1085,#1086,#1087);
#1085 = CARTESIAN_POINT('',(10.5,-11.125,14.5739));
#1086 = DIRECTION('',(0.,0.,1.));
#1087 = DIRECTION('',(1.,0.,0.));
#1088 = ORIENTED_EDGE('',*,*,#1074,.F.);
#1089 = ORIENTED_EDGE('',*,*,#318,.F.);
#1090 = CYLINDRICAL_SURFACE('',#1091,1.6);
#1091 = AXIS2_PLACEMENT_3D('',#1092,#1093,#1094);
#1092 = CARTESIAN_POINT('',(10.5,-11.125,18.5739));
#1093 = DIRECTION('',(0.,0.,1.));
#1094 = DIRECTION('',(1.,0.,0.));
#1095 = ADVANCED_FACE('',(#1096),#1115,.F.);
#1096 = FACE_BOUND('',#1097,.F.);
#1097 = EDGE_LOOP('',(#1098,#1106,#1113,#1114));
#1098 = ORIENTED_EDGE('',*,*,#1099,.T.);
#1099 = EDGE_CURVE('',#330,#1100,#1102,.T.);
#1100 = VERTEX_POINT('',#1101);
#1101 = CARTESIAN_POINT('',(12.1,-26.125,14.5739));
#1102 = LINE('',#1103,#1104);
#1103 = CARTESIAN_POINT('',(12.1,-26.125,18.5739));
#1104 = VECTOR('',#1105,1.);
#1105 = DIRECTION('',(0.,0.,-1.));
#1106 = ORIENTED_EDGE('',*,*,#1107,.T.);
#1107 = EDGE_CURVE('',#1100,#1100,#1108,.T.);
#1108 = CIRCLE('',#1109,1.6);
#1109 = AXIS2_PLACEMENT_3D('',#1110,#1111,#1112);
#1110 = CARTESIAN_POINT('',(10.5,-26.125,14.5739));
#1111 = DIRECTION('',(0.,0.,1.));
#1112 = DIRECTION('',(1.,0.,0.));
#1113 = ORIENTED_EDGE('',*,*,#1099,.F.);
#1114 = ORIENTED_EDGE('',*,*,#329,.F.);
#1115 = CYLINDRICAL_SURFACE('',#1116,1.6);
#1116 = AXIS2_PLACEMENT_3D('',#1117,#1118,#1119);
#1117 = CARTESIAN_POINT('',(10.5,-26.125,18.5739));
#1118 = DIRECTION('',(0.,0.,1.));
#1119 = DIRECTION('',(1.,0.,0.));
#1120 = ADVANCED_FACE('',(#1121),#1204,.F.);
#1121 = FACE_BOUND('',#1122,.F.);
#1122 = EDGE_LOOP('',(#1123,#1133,#1141,#1149,#1157,#1165,#1173,#1181,
    #1187,#1188,#1189,#1190,#1198));
#1123 = ORIENTED_EDGE('',*,*,#1124,.F.);
#1124 = EDGE_CURVE('',#1125,#1127,#1129,.T.);
#1125 = VERTEX_POINT('',#1126);
#1126 = CARTESIAN_POINT('',(8.,-18.247023,8.35));
#1127 = VERTEX_POINT('',#1128);
#1128 = CARTESIAN_POINT('',(8.,-18.247023,9.713554));
#1129 = LINE('',#1130,#1131);
#1130 = CARTESIAN_POINT('',(8.,-18.247023,6.623349));
#1131 = VECTOR('',#1132,1.);
#1132 = DIRECTION('',(0.,0.,1.));
#1133 = ORIENTED_EDGE('',*,*,#1134,.F.);
#1134 = EDGE_CURVE('',#1135,#1125,#1137,.T.);
#1135 = VERTEX_POINT('',#1136);
#1136 = CARTESIAN_POINT('',(8.,-1.,8.35));
#1137 = LINE('',#1138,#1139);
#1138 = CARTESIAN_POINT('',(8.,-11.10516107086,8.35));
#1139 = VECTOR('',#1140,1.);
#1140 = DIRECTION('',(0.,-1.,1.364100204982E-16));
#1141 = ORIENTED_EDGE('',*,*,#1142,.F.);
#1142 = EDGE_CURVE('',#1143,#1135,#1145,.T.);
#1143 = VERTEX_POINT('',#1144);
#1144 = CARTESIAN_POINT('',(8.,-1.,8.75));
#1145 = LINE('',#1146,#1147);
#1146 = CARTESIAN_POINT('',(8.,-1.,3.737043637778));
#1147 = VECTOR('',#1148,1.);
#1148 = DIRECTION('',(0.,-2.840478894751E-16,-1.));
#1149 = ORIENTED_EDGE('',*,*,#1150,.F.);
#1150 = EDGE_CURVE('',#1151,#1143,#1153,.T.);
#1151 = VERTEX_POINT('',#1152);
#1152 = CARTESIAN_POINT('',(8.,9.71445146547E-16,8.75));
#1153 = LINE('',#1154,#1155);
#1154 = CARTESIAN_POINT('',(8.,-6.187890916687,8.75));
#1155 = VECTOR('',#1156,1.);
#1156 = DIRECTION('',(0.,-1.,2.22044604925E-16));
#1157 = ORIENTED_EDGE('',*,*,#1158,.F.);
#1158 = EDGE_CURVE('',#1159,#1151,#1161,.T.);
#1159 = VERTEX_POINT('',#1160);
#1160 = CARTESIAN_POINT('',(8.,0.,8.805288));
#1161 = LINE('',#1162,#1163);
#1162 = CARTESIAN_POINT('',(8.,0.,8.805288));
#1163 = VECTOR('',#1164,1.);
#1164 = DIRECTION('',(0.,0.,-1.));
#1165 = ORIENTED_EDGE('',*,*,#1166,.F.);
#1166 = EDGE_CURVE('',#1167,#1159,#1169,.T.);
#1167 = VERTEX_POINT('',#1168);
#1168 = CARTESIAN_POINT('',(8.,-11.72766,8.805288));
#1169 = LINE('',#1170,#1171);
#1170 = CARTESIAN_POINT('',(8.,-11.72766,8.805288));
#1171 = VECTOR('',#1172,1.);
#1172 = DIRECTION('',(0.,1.,0.));
#1173 = ORIENTED_EDGE('',*,*,#1174,.F.);
#1174 = EDGE_CURVE('',#1175,#1167,#1177,.T.);
#1175 = VERTEX_POINT('',#1176);
#1176 = CARTESIAN_POINT('',(8.,-14.520932,12.365879));
#1177 = LINE('',#1178,#1179);
#1178 = CARTESIAN_POINT('',(8.,-14.520932,12.365879));
#1179 = VECTOR('',#1180,1.);
#1180 = DIRECTION('',(0.,0.617229078301,-0.786783493027));
#1181 = ORIENTED_EDGE('',*,*,#1182,.F.);
#1182 = EDGE_CURVE('',#439,#1175,#1183,.T.);
#1183 = LINE('',#1184,#1185);
#1184 = CARTESIAN_POINT('',(8.,-15.558285,13.845669));
#1185 = VECTOR('',#1186,1.);
#1186 = DIRECTION('',(0.,0.574019275537,-0.818841786496));
#1187 = ORIENTED_EDGE('',*,*,#436,.F.);
#1188 = ORIENTED_EDGE('',*,*,#512,.F.);
#1189 = ORIENTED_EDGE('',*,*,#363,.F.);
#1190 = ORIENTED_EDGE('',*,*,#1191,.F.);
#1191 = EDGE_CURVE('',#1192,#364,#1194,.T.);
#1192 = VERTEX_POINT('',#1193);
#1193 = CARTESIAN_POINT('',(8.,-20.443666,11.325685));
#1194 = LINE('',#1195,#1196);
#1195 = CARTESIAN_POINT('',(8.,-20.443666,11.325685));
#1196 = VECTOR('',#1197,1.);
#1197 = DIRECTION('',(0.,-0.627159479902,0.778890869615));
#1198 = ORIENTED_EDGE('',*,*,#1199,.F.);
#1199 = EDGE_CURVE('',#1127,#1192,#1200,.T.);
#1200 = LINE('',#1201,#1202);
#1201 = CARTESIAN_POINT('',(8.,-18.247023,9.713554));
#1202 = VECTOR('',#1203,1.);
#1203 = DIRECTION('',(0.,-0.806184510448,0.591664208072));
#1204 = PLANE('',#1205);
#1205 = AXIS2_PLACEMENT_3D('',#1206,#1207,#1208);
#1206 = CARTESIAN_POINT('',(8.,-12.37578183337,9.904472266589));
#1207 = DIRECTION('',(1.,0.,0.));
#1208 = DIRECTION('',(0.,0.,1.));
#1209 = ADVANCED_FACE('',(#1210),#1293,.T.);
#1210 = FACE_BOUND('',#1211,.T.);
#1211 = EDGE_LOOP('',(#1212,#1222,#1230,#1238,#1246,#1254,#1262,#1270,
    #1276,#1277,#1278,#1279,#1287));
#1212 = ORIENTED_EDGE('',*,*,#1213,.F.);
#1213 = EDGE_CURVE('',#1214,#1216,#1218,.T.);
#1214 = VERTEX_POINT('',#1215);
#1215 = CARTESIAN_POINT('',(-8.,-18.247023,8.35));
#1216 = VERTEX_POINT('',#1217);
#1217 = CARTESIAN_POINT('',(-8.,-18.247023,9.713554));
#1218 = LINE('',#1219,#1220);
#1219 = CARTESIAN_POINT('',(-8.,-18.247023,6.623349));
#1220 = VECTOR('',#1221,1.);
#1221 = DIRECTION('',(0.,0.,1.));
#1222 = ORIENTED_EDGE('',*,*,#1223,.F.);
#1223 = EDGE_CURVE('',#1224,#1214,#1226,.T.);
#1224 = VERTEX_POINT('',#1225);
#1225 = CARTESIAN_POINT('',(-8.,-1.,8.35));
#1226 = LINE('',#1227,#1228);
#1227 = CARTESIAN_POINT('',(-8.,-11.10516107086,8.35));
#1228 = VECTOR('',#1229,1.);
#1229 = DIRECTION('',(0.,-1.,1.364100204982E-16));
#1230 = ORIENTED_EDGE('',*,*,#1231,.F.);
#1231 = EDGE_CURVE('',#1232,#1224,#1234,.T.);
#1232 = VERTEX_POINT('',#1233);
#1233 = CARTESIAN_POINT('',(-8.,-1.,8.75));
#1234 = LINE('',#1235,#1236);
#1235 = CARTESIAN_POINT('',(-8.,-1.,3.737043637778));
#1236 = VECTOR('',#1237,1.);
#1237 = DIRECTION('',(0.,-2.840478894751E-16,-1.));
#1238 = ORIENTED_EDGE('',*,*,#1239,.F.);
#1239 = EDGE_CURVE('',#1240,#1232,#1242,.T.);
#1240 = VERTEX_POINT('',#1241);
#1241 = CARTESIAN_POINT('',(-8.,9.71445146547E-16,8.75));
#1242 = LINE('',#1243,#1244);
#1243 = CARTESIAN_POINT('',(-8.,-6.187890916687,8.75));
#1244 = VECTOR('',#1245,1.);
#1245 = DIRECTION('',(0.,-1.,2.22044604925E-16));
#1246 = ORIENTED_EDGE('',*,*,#1247,.F.);
#1247 = EDGE_CURVE('',#1248,#1240,#1250,.T.);
#1248 = VERTEX_POINT('',#1249);
#1249 = CARTESIAN_POINT('',(-8.,0.,8.805288));
#1250 = LINE('',#1251,#1252);
#1251 = CARTESIAN_POINT('',(-8.,0.,8.805288));
#1252 = VECTOR('',#1253,1.);
#1253 = DIRECTION('',(0.,0.,-1.));
#1254 = ORIENTED_EDGE('',*,*,#1255,.F.);
#1255 = EDGE_CURVE('',#1256,#1248,#1258,.T.);
#1256 = VERTEX_POINT('',#1257);
#1257 = CARTESIAN_POINT('',(-8.,-11.72766,8.805288));
#1258 = LINE('',#1259,#1260);
#1259 = CARTESIAN_POINT('',(-8.,-11.72766,8.805288));
#1260 = VECTOR('',#1261,1.);
#1261 = DIRECTION('',(0.,1.,0.));
#1262 = ORIENTED_EDGE('',*,*,#1263,.F.);
#1263 = EDGE_CURVE('',#1264,#1256,#1266,.T.);
#1264 = VERTEX_POINT('',#1265);
#1265 = CARTESIAN_POINT('',(-8.,-14.520932,12.365879));
#1266 = LINE('',#1267,#1268);
#1267 = CARTESIAN_POINT('',(-8.,-14.520932,12.365879));
#1268 = VECTOR('',#1269,1.);
#1269 = DIRECTION('',(0.,0.617229078301,-0.786783493027));
#1270 = ORIENTED_EDGE('',*,*,#1271,.F.);
#1271 = EDGE_CURVE('',#462,#1264,#1272,.T.);
#1272 = LINE('',#1273,#1274);
#1273 = CARTESIAN_POINT('',(-8.,-15.558285,13.845669));
#1274 = VECTOR('',#1275,1.);
#1275 = DIRECTION('',(0.,0.574019275537,-0.818841786496));
#1276 = ORIENTED_EDGE('',*,*,#461,.F.);
#1277 = ORIENTED_EDGE('',*,*,#414,.F.);
#1278 = ORIENTED_EDGE('',*,*,#381,.F.);
#1279 = ORIENTED_EDGE('',*,*,#1280,.F.);
#1280 = EDGE_CURVE('',#1281,#374,#1283,.T.);
#1281 = VERTEX_POINT('',#1282);
#1282 = CARTESIAN_POINT('',(-8.,-20.443666,11.325685));
#1283 = LINE('',#1284,#1285);
#1284 = CARTESIAN_POINT('',(-8.,-20.443666,11.325685));
#1285 = VECTOR('',#1286,1.);
#1286 = DIRECTION('',(0.,-0.627159479902,0.778890869615));
#1287 = ORIENTED_EDGE('',*,*,#1288,.F.);
#1288 = EDGE_CURVE('',#1216,#1281,#1289,.T.);
#1289 = LINE('',#1290,#1291);
#1290 = CARTESIAN_POINT('',(-8.,-18.247023,9.713554));
#1291 = VECTOR('',#1292,1.);
#1292 = DIRECTION('',(0.,-0.806184510448,0.591664208072));
#1293 = PLANE('',#1294);
#1294 = AXIS2_PLACEMENT_3D('',#1295,#1296,#1297);
#1295 = CARTESIAN_POINT('',(-8.,-12.37578183337,9.904472266589));
#1296 = DIRECTION('',(1.,0.,0.));
#1297 = DIRECTION('',(0.,0.,1.));
#1298 = ADVANCED_FACE('',(#1299),#1310,.T.);
#1299 = FACE_BOUND('',#1300,.T.);
#1300 = EDGE_LOOP('',(#1301,#1307,#1308,#1309));
#1301 = ORIENTED_EDGE('',*,*,#1302,.T.);
#1302 = EDGE_CURVE('',#1192,#1281,#1303,.T.);
#1303 = LINE('',#1304,#1305);
#1304 = CARTESIAN_POINT('',(8.,-20.443666,11.325685));
#1305 = VECTOR('',#1306,1.);
#1306 = DIRECTION('',(-1.,0.,0.));
#1307 = ORIENTED_EDGE('',*,*,#1280,.T.);
#1308 = ORIENTED_EDGE('',*,*,#373,.F.);
#1309 = ORIENTED_EDGE('',*,*,#1191,.F.);
#1310 = PLANE('',#1311);
#1311 = AXIS2_PLACEMENT_3D('',#1312,#1313,#1314);
#1312 = CARTESIAN_POINT('',(8.,-20.443666,11.325685));
#1313 = DIRECTION('',(0.,0.778890869615,0.627159479902));
#1314 = DIRECTION('',(0.,-0.627159479902,0.778890869615));
#1315 = ADVANCED_FACE('',(#1316),#1327,.T.);
#1316 = FACE_BOUND('',#1317,.T.);
#1317 = EDGE_LOOP('',(#1318,#1319,#1320,#1326));
#1318 = ORIENTED_EDGE('',*,*,#469,.T.);
#1319 = ORIENTED_EDGE('',*,*,#1271,.T.);
#1320 = ORIENTED_EDGE('',*,*,#1321,.F.);
#1321 = EDGE_CURVE('',#1175,#1264,#1322,.T.);
#1322 = LINE('',#1323,#1324);
#1323 = CARTESIAN_POINT('',(8.,-14.520932,12.365879));
#1324 = VECTOR('',#1325,1.);
#1325 = DIRECTION('',(-1.,0.,0.));
#1326 = ORIENTED_EDGE('',*,*,#1182,.F.);
#1327 = PLANE('',#1328);
#1328 = AXIS2_PLACEMENT_3D('',#1329,#1330,#1331);
#1329 = CARTESIAN_POINT('',(8.,-15.558285,13.845669));
#1330 = DIRECTION('',(0.,-0.818841786496,-0.574019275537));
#1331 = DIRECTION('',(0.,0.574019275537,-0.818841786496));
#1332 = ADVANCED_FACE('',(#1333),#1351,.F.);
#1333 = FACE_BOUND('',#1334,.F.);
#1334 = EDGE_LOOP('',(#1335,#1336,#1337,#1345));
#1335 = ORIENTED_EDGE('',*,*,#826,.T.);
#1336 = ORIENTED_EDGE('',*,*,#546,.T.);
#1337 = ORIENTED_EDGE('',*,*,#1338,.T.);
#1338 = EDGE_CURVE('',#547,#1339,#1341,.T.);
#1339 = VERTEX_POINT('',#1340);
#1340 = CARTESIAN_POINT('',(-12.49875949004,-22.,-2.4261));
#1341 = LINE('',#1342,#1343);
#1342 = CARTESIAN_POINT('',(-12.49875949004,-22.,-2.4261));
#1343 = VECTOR('',#1344,1.);
#1344 = DIRECTION('',(0.,1.,-2.22044604925E-16));
#1345 = ORIENTED_EDGE('',*,*,#1346,.F.);
#1346 = EDGE_CURVE('',#819,#1339,#1347,.T.);
#1347 = LINE('',#1348,#1349);
#1348 = CARTESIAN_POINT('',(2.020580087938E-13,-22.,-2.4261));
#1349 = VECTOR('',#1350,1.);
#1350 = DIRECTION('',(1.,0.,0.));
#1351 = PLANE('',#1352);
#1352 = AXIS2_PLACEMENT_3D('',#1353,#1354,#1355);
#1353 = CARTESIAN_POINT('',(0.,-18.625,-2.4261));
#1354 = DIRECTION('',(0.,0.,1.));
#1355 = DIRECTION('',(1.,0.,0.));
#1356 = ADVANCED_FACE('',(#1357),#1375,.F.);
#1357 = FACE_BOUND('',#1358,.F.);
#1358 = EDGE_LOOP('',(#1359,#1367,#1368,#1369));
#1359 = ORIENTED_EDGE('',*,*,#1360,.F.);
#1360 = EDGE_CURVE('',#623,#1361,#1363,.T.);
#1361 = VERTEX_POINT('',#1362);
#1362 = CARTESIAN_POINT('',(12.498759490045,-22.,-2.4261));
#1363 = LINE('',#1364,#1365);
#1364 = CARTESIAN_POINT('',(12.498759490045,-22.,-2.4261));
#1365 = VECTOR('',#1366,1.);
#1366 = DIRECTION('',(0.,1.,-2.22044604925E-16));
#1367 = ORIENTED_EDGE('',*,*,#631,.T.);
#1368 = ORIENTED_EDGE('',*,*,#857,.T.);
#1369 = ORIENTED_EDGE('',*,*,#1370,.F.);
#1370 = EDGE_CURVE('',#1361,#858,#1371,.T.);
#1371 = LINE('',#1372,#1373);
#1372 = CARTESIAN_POINT('',(2.020580087938E-13,-22.,-2.4261));
#1373 = VECTOR('',#1374,1.);
#1374 = DIRECTION('',(1.,0.,0.));
#1375 = PLANE('',#1376);
#1376 = AXIS2_PLACEMENT_3D('',#1377,#1378,#1379);
#1377 = CARTESIAN_POINT('',(0.,-18.625,-2.4261));
#1378 = DIRECTION('',(0.,0.,1.));
#1379 = DIRECTION('',(1.,0.,0.));
#1380 = ADVANCED_FACE('',(#1381),#1400,.T.);
#1381 = FACE_BOUND('',#1382,.F.);
#1382 = EDGE_LOOP('',(#1383,#1384,#1392,#1399));
#1383 = ORIENTED_EDGE('',*,*,#554,.T.);
#1384 = ORIENTED_EDGE('',*,*,#1385,.T.);
#1385 = EDGE_CURVE('',#555,#1386,#1388,.T.);
#1386 = VERTEX_POINT('',#1387);
#1387 = CARTESIAN_POINT('',(-10.80441758203,-22.,-8.536060826393));
#1388 = LINE('',#1389,#1390);
#1389 = CARTESIAN_POINT('',(-10.80441758203,-29.,-8.536060826393));
#1390 = VECTOR('',#1391,1.);
#1391 = DIRECTION('',(0.,1.,-2.22044604925E-16));
#1392 = ORIENTED_EDGE('',*,*,#1393,.F.);
#1393 = EDGE_CURVE('',#1339,#1386,#1394,.T.);
#1394 = CIRCLE('',#1395,12.5);
#1395 = AXIS2_PLACEMENT_3D('',#1396,#1397,#1398);
#1396 = CARTESIAN_POINT('',(0.,-22.,-2.25));
#1397 = DIRECTION('',(0.,-1.,2.22044604925E-16));
#1398 = DIRECTION('',(1.,0.,0.));
#1399 = ORIENTED_EDGE('',*,*,#1338,.F.);
#1400 = CYLINDRICAL_SURFACE('',#1401,12.5);
#1401 = AXIS2_PLACEMENT_3D('',#1402,#1403,#1404);
#1402 = CARTESIAN_POINT('',(0.,-22.,-2.25));
#1403 = DIRECTION('',(0.,1.,-2.22044604925E-16));
#1404 = DIRECTION('',(1.,0.,0.));
#1405 = ADVANCED_FACE('',(#1406),#1425,.T.);
#1406 = FACE_BOUND('',#1407,.F.);
#1407 = EDGE_LOOP('',(#1408,#1409,#1410,#1419));
#1408 = ORIENTED_EDGE('',*,*,#622,.T.);
#1409 = ORIENTED_EDGE('',*,*,#1360,.T.);
#1410 = ORIENTED_EDGE('',*,*,#1411,.F.);
#1411 = EDGE_CURVE('',#1412,#1361,#1414,.T.);
#1412 = VERTEX_POINT('',#1413);
#1413 = CARTESIAN_POINT('',(10.80441758203,-22.,-8.536060826393));
#1414 = CIRCLE('',#1415,12.5);
#1415 = AXIS2_PLACEMENT_3D('',#1416,#1417,#1418);
#1416 = CARTESIAN_POINT('',(0.,-22.,-2.25));
#1417 = DIRECTION('',(0.,-1.,2.22044604925E-16));
#1418 = DIRECTION('',(1.,0.,0.));
#1419 = ORIENTED_EDGE('',*,*,#1420,.F.);
#1420 = EDGE_CURVE('',#615,#1412,#1421,.T.);
#1421 = LINE('',#1422,#1423);
#1422 = CARTESIAN_POINT('',(10.80441758203,-29.,-8.536060826393));
#1423 = VECTOR('',#1424,1.);
#1424 = DIRECTION('',(0.,1.,-2.22044604925E-16));
#1425 = CYLINDRICAL_SURFACE('',#1426,12.5);
#1426 = AXIS2_PLACEMENT_3D('',#1427,#1428,#1429);
#1427 = CARTESIAN_POINT('',(0.,-22.,-2.25));
#1428 = DIRECTION('',(0.,1.,-2.22044604925E-16));
#1429 = DIRECTION('',(1.,0.,0.));
#1430 = ADVANCED_FACE('',(#1431),#1449,.F.);
#1431 = FACE_BOUND('',#1432,.F.);
#1432 = EDGE_LOOP('',(#1433,#1441,#1447,#1448));
#1433 = ORIENTED_EDGE('',*,*,#1434,.T.);
#1434 = EDGE_CURVE('',#564,#1435,#1437,.T.);
#1435 = VERTEX_POINT('',#1436);
#1436 = CARTESIAN_POINT('',(-12.20487908898,-22.,-11.08896363973));
#1437 = LINE('',#1438,#1439);
#1438 = CARTESIAN_POINT('',(-12.20487908898,-29.,-11.08896363973));
#1439 = VECTOR('',#1440,1.);
#1440 = DIRECTION('',(0.,1.,-2.22044604925E-16));
#1441 = ORIENTED_EDGE('',*,*,#1442,.T.);
#1442 = EDGE_CURVE('',#1435,#1386,#1443,.T.);
#1443 = LINE('',#1444,#1445);
#1444 = CARTESIAN_POINT('',(-12.20487908898,-22.,-11.08896363973));
#1445 = VECTOR('',#1446,1.);
#1446 = DIRECTION('',(0.480960011816,1.946759490902E-16,0.876742531781)
  );
#1447 = ORIENTED_EDGE('',*,*,#1385,.F.);
#1448 = ORIENTED_EDGE('',*,*,#563,.F.);
#1449 = PLANE('',#1450);
#1450 = AXIS2_PLACEMENT_3D('',#1451,#1452,#1453);
#1451 = CARTESIAN_POINT('',(-12.20487908898,-29.,-11.08896363973));
#1452 = DIRECTION('',(0.876742531781,-1.067945758085E-16,-0.480960011816
    ));
#1453 = DIRECTION('',(0.480960011816,1.946759490902E-16,0.876742531781)
  );
#1454 = ADVANCED_FACE('',(#1455),#1473,.T.);
#1455 = FACE_BOUND('',#1456,.T.);
#1456 = EDGE_LOOP('',(#1457,#1465,#1471,#1472));
#1457 = ORIENTED_EDGE('',*,*,#1458,.T.);
#1458 = EDGE_CURVE('',#606,#1459,#1461,.T.);
#1459 = VERTEX_POINT('',#1460);
#1460 = CARTESIAN_POINT('',(12.204879088986,-22.,-11.08896363973));
#1461 = LINE('',#1462,#1463);
#1462 = CARTESIAN_POINT('',(12.204879088986,-29.,-11.08896363973));
#1463 = VECTOR('',#1464,1.);
#1464 = DIRECTION('',(0.,1.,-2.22044604925E-16));
#1465 = ORIENTED_EDGE('',*,*,#1466,.T.);
#1466 = EDGE_CURVE('',#1459,#1412,#1467,.T.);
#1467 = LINE('',#1468,#1469);
#1468 = CARTESIAN_POINT('',(12.204879088986,-22.,-11.08896363973));
#1469 = VECTOR('',#1470,1.);
#1470 = DIRECTION('',(-0.480960011816,1.946759490902E-16,0.876742531781)
  );
#1471 = ORIENTED_EDGE('',*,*,#1420,.F.);
#1472 = ORIENTED_EDGE('',*,*,#614,.F.);
#1473 = PLANE('',#1474);
#1474 = AXIS2_PLACEMENT_3D('',#1475,#1476,#1477);
#1475 = CARTESIAN_POINT('',(12.204879088986,-29.,-11.08896363973));
#1476 = DIRECTION('',(0.876742531781,1.067945758085E-16,0.480960011816)
  );
#1477 = DIRECTION('',(-0.480960011816,1.946759490902E-16,0.876742531781)
  );
#1478 = ADVANCED_FACE('',(#1479),#1498,.T.);
#1479 = FACE_BOUND('',#1480,.T.);
#1480 = EDGE_LOOP('',(#1481,#1482,#1491,#1497));
#1481 = ORIENTED_EDGE('',*,*,#1434,.T.);
#1482 = ORIENTED_EDGE('',*,*,#1483,.T.);
#1483 = EDGE_CURVE('',#1435,#1484,#1486,.T.);
#1484 = VERTEX_POINT('',#1485);
#1485 = CARTESIAN_POINT('',(-8.297356362262,-22.,-14.82935726493));
#1486 = CIRCLE('',#1487,2.8);
#1487 = AXIS2_PLACEMENT_3D('',#1488,#1489,#1490);
#1488 = CARTESIAN_POINT('',(-9.75,-22.,-12.43565167281));
#1489 = DIRECTION('',(0.,-1.,2.22044604925E-16));
#1490 = DIRECTION('',(1.,0.,0.));
#1491 = ORIENTED_EDGE('',*,*,#1492,.F.);
#1492 = EDGE_CURVE('',#572,#1484,#1493,.T.);
#1493 = LINE('',#1494,#1495);
#1494 = CARTESIAN_POINT('',(-8.297356362262,-29.,-14.82935726493));
#1495 = VECTOR('',#1496,1.);
#1496 = DIRECTION('',(0.,1.,-2.22044604925E-16));
#1497 = ORIENTED_EDGE('',*,*,#571,.F.);
#1498 = CYLINDRICAL_SURFACE('',#1499,2.8);
#1499 = AXIS2_PLACEMENT_3D('',#1500,#1501,#1502);
#1500 = CARTESIAN_POINT('',(-9.75,-29.,-12.43565167281));
#1501 = DIRECTION('',(0.,-1.,2.22044604925E-16));
#1502 = DIRECTION('',(1.,0.,0.));
#1503 = ADVANCED_FACE('',(#1504),#1523,.T.);
#1504 = FACE_BOUND('',#1505,.T.);
#1505 = EDGE_LOOP('',(#1506,#1514,#1521,#1522));
#1506 = ORIENTED_EDGE('',*,*,#1507,.T.);
#1507 = EDGE_CURVE('',#598,#1508,#1510,.T.);
#1508 = VERTEX_POINT('',#1509);
#1509 = CARTESIAN_POINT('',(8.297356362262,-22.,-14.82935726493));
#1510 = LINE('',#1511,#1512);
#1511 = CARTESIAN_POINT('',(8.297356362262,-29.,-14.82935726493));
#1512 = VECTOR('',#1513,1.);
#1513 = DIRECTION('',(0.,1.,-2.22044604925E-16));
#1514 = ORIENTED_EDGE('',*,*,#1515,.T.);
#1515 = EDGE_CURVE('',#1508,#1459,#1516,.T.);
#1516 = CIRCLE('',#1517,2.8);
#1517 = AXIS2_PLACEMENT_3D('',#1518,#1519,#1520);
#1518 = CARTESIAN_POINT('',(9.75,-22.,-12.43565167281));
#1519 = DIRECTION('',(0.,-1.,2.22044604925E-16));
#1520 = DIRECTION('',(1.,0.,0.));
#1521 = ORIENTED_EDGE('',*,*,#1458,.F.);
#1522 = ORIENTED_EDGE('',*,*,#605,.F.);
#1523 = CYLINDRICAL_SURFACE('',#1524,2.8);
#1524 = AXIS2_PLACEMENT_3D('',#1525,#1526,#1527);
#1525 = CARTESIAN_POINT('',(9.75,-29.,-12.43565167281));
#1526 = DIRECTION('',(0.,-1.,2.22044604925E-16));
#1527 = DIRECTION('',(1.,0.,0.));
#1528 = ADVANCED_FACE('',(#1529),#1547,.T.);
#1529 = FACE_BOUND('',#1530,.T.);
#1530 = EDGE_LOOP('',(#1531,#1532,#1540,#1546));
#1531 = ORIENTED_EDGE('',*,*,#1492,.T.);
#1532 = ORIENTED_EDGE('',*,*,#1533,.T.);
#1533 = EDGE_CURVE('',#1484,#1534,#1536,.T.);
#1534 = VERTEX_POINT('',#1535);
#1535 = CARTESIAN_POINT('',(-5.808069713546,-22.,-13.31870932867));
#1536 = LINE('',#1537,#1538);
#1537 = CARTESIAN_POINT('',(-8.297356362262,-22.,-14.82935726493));
#1538 = VECTOR('',#1539,1.);
#1539 = DIRECTION('',(0.854894854328,1.151970295137E-16,0.518801299192)
  );
#1540 = ORIENTED_EDGE('',*,*,#1541,.F.);
#1541 = EDGE_CURVE('',#581,#1534,#1542,.T.);
#1542 = LINE('',#1543,#1544);
#1543 = CARTESIAN_POINT('',(-5.808069713546,-29.,-13.31870932867));
#1544 = VECTOR('',#1545,1.);
#1545 = DIRECTION('',(0.,1.,-2.22044604925E-16));
#1546 = ORIENTED_EDGE('',*,*,#580,.F.);
#1547 = PLANE('',#1548);
#1548 = AXIS2_PLACEMENT_3D('',#1549,#1550,#1551);
#1549 = CARTESIAN_POINT('',(-8.297356362262,-29.,-14.82935726493));
#1550 = DIRECTION('',(0.518801299192,-1.898247901817E-16,-0.854894854328
    ));
#1551 = DIRECTION('',(0.854894854328,1.151970295137E-16,0.518801299192)
  );
#1552 = ADVANCED_FACE('',(#1553),#1571,.F.);
#1553 = FACE_BOUND('',#1554,.F.);
#1554 = EDGE_LOOP('',(#1555,#1556,#1564,#1570));
#1555 = ORIENTED_EDGE('',*,*,#1507,.T.);
#1556 = ORIENTED_EDGE('',*,*,#1557,.T.);
#1557 = EDGE_CURVE('',#1508,#1558,#1560,.T.);
#1558 = VERTEX_POINT('',#1559);
#1559 = CARTESIAN_POINT('',(5.808069713546,-22.,-13.31870932867));
#1560 = LINE('',#1561,#1562);
#1561 = CARTESIAN_POINT('',(8.297356362262,-22.,-14.82935726493));
#1562 = VECTOR('',#1563,1.);
#1563 = DIRECTION('',(-0.854894854328,1.151970295137E-16,0.518801299192)
  );
#1564 = ORIENTED_EDGE('',*,*,#1565,.F.);
#1565 = EDGE_CURVE('',#589,#1558,#1566,.T.);
#1566 = LINE('',#1567,#1568);
#1567 = CARTESIAN_POINT('',(5.808069713546,-29.,-13.31870932867));
#1568 = VECTOR('',#1569,1.);
#1569 = DIRECTION('',(0.,1.,-2.22044604925E-16));
#1570 = ORIENTED_EDGE('',*,*,#597,.F.);
#1571 = PLANE('',#1572);
#1572 = AXIS2_PLACEMENT_3D('',#1573,#1574,#1575);
#1573 = CARTESIAN_POINT('',(8.297356362262,-29.,-14.82935726493));
#1574 = DIRECTION('',(0.518801299192,1.898247901817E-16,0.854894854328)
  );
#1575 = DIRECTION('',(-0.854894854328,1.151970295137E-16,0.518801299192)
  );
#1576 = ADVANCED_FACE('',(#1577),#1589,.T.);
#1577 = FACE_BOUND('',#1578,.F.);
#1578 = EDGE_LOOP('',(#1579,#1580,#1581,#1588));
#1579 = ORIENTED_EDGE('',*,*,#588,.T.);
#1580 = ORIENTED_EDGE('',*,*,#1565,.T.);
#1581 = ORIENTED_EDGE('',*,*,#1582,.F.);
#1582 = EDGE_CURVE('',#1534,#1558,#1583,.T.);
#1583 = CIRCLE('',#1584,12.5);
#1584 = AXIS2_PLACEMENT_3D('',#1585,#1586,#1587);
#1585 = CARTESIAN_POINT('',(0.,-22.,-2.25));
#1586 = DIRECTION('',(0.,-1.,2.22044604925E-16));
#1587 = DIRECTION('',(1.,0.,0.));
#1588 = ORIENTED_EDGE('',*,*,#1541,.F.);
#1589 = CYLINDRICAL_SURFACE('',#1590,12.5);
#1590 = AXIS2_PLACEMENT_3D('',#1591,#1592,#1593);
#1591 = CARTESIAN_POINT('',(0.,-22.,-2.25));
#1592 = DIRECTION('',(0.,1.,-2.22044604925E-16));
#1593 = DIRECTION('',(1.,0.,0.));
#1594 = ADVANCED_FACE('',(#1595),#1614,.F.);
#1595 = FACE_BOUND('',#1596,.F.);
#1596 = EDGE_LOOP('',(#1597,#1605,#1612,#1613));
#1597 = ORIENTED_EDGE('',*,*,#1598,.T.);
#1598 = EDGE_CURVE('',#656,#1599,#1601,.T.);
#1599 = VERTEX_POINT('',#1600);
#1600 = CARTESIAN_POINT('',(11.35,-25.,-12.43565167281));
#1601 = LINE('',#1602,#1603);
#1602 = CARTESIAN_POINT('',(11.35,-29.,-12.43565167281));
#1603 = VECTOR('',#1604,1.);
#1604 = DIRECTION('',(0.,1.,-2.22044604925E-16));
#1605 = ORIENTED_EDGE('',*,*,#1606,.T.);
#1606 = EDGE_CURVE('',#1599,#1599,#1607,.T.);
#1607 = CIRCLE('',#1608,1.6);
#1608 = AXIS2_PLACEMENT_3D('',#1609,#1610,#1611);
#1609 = CARTESIAN_POINT('',(9.75,-25.,-12.43565167281));
#1610 = DIRECTION('',(0.,-1.,2.22044604925E-16));
#1611 = DIRECTION('',(1.,0.,0.));
#1612 = ORIENTED_EDGE('',*,*,#1598,.F.);
#1613 = ORIENTED_EDGE('',*,*,#655,.F.);
#1614 = CYLINDRICAL_SURFACE('',#1615,1.6);
#1615 = AXIS2_PLACEMENT_3D('',#1616,#1617,#1618);
#1616 = CARTESIAN_POINT('',(9.75,-29.,-12.43565167281));
#1617 = DIRECTION('',(0.,-1.,2.22044604925E-16));
#1618 = DIRECTION('',(1.,0.,0.));
#1619 = ADVANCED_FACE('',(#1620),#1639,.F.);
#1620 = FACE_BOUND('',#1621,.T.);
#1621 = EDGE_LOOP('',(#1622,#1630,#1637,#1638));
#1622 = ORIENTED_EDGE('',*,*,#1623,.F.);
#1623 = EDGE_CURVE('',#1624,#667,#1626,.T.);
#1624 = VERTEX_POINT('',#1625);
#1625 = CARTESIAN_POINT('',(10.15,-20.,-2.25));
#1626 = LINE('',#1627,#1628);
#1627 = CARTESIAN_POINT('',(10.15,0.,-2.25));
#1628 = VECTOR('',#1629,1.);
#1629 = DIRECTION('',(0.,-1.,2.22044604925E-16));
#1630 = ORIENTED_EDGE('',*,*,#1631,.T.);
#1631 = EDGE_CURVE('',#1624,#1624,#1632,.T.);
#1632 = CIRCLE('',#1633,10.15);
#1633 = AXIS2_PLACEMENT_3D('',#1634,#1635,#1636);
#1634 = CARTESIAN_POINT('',(0.,-20.,-2.25));
#1635 = DIRECTION('',(0.,1.,-2.22044604925E-16));
#1636 = DIRECTION('',(1.,0.,0.));
#1637 = ORIENTED_EDGE('',*,*,#1623,.T.);
#1638 = ORIENTED_EDGE('',*,*,#666,.F.);
#1639 = CYLINDRICAL_SURFACE('',#1640,10.15);
#1640 = AXIS2_PLACEMENT_3D('',#1641,#1642,#1643);
#1641 = CARTESIAN_POINT('',(0.,0.,-2.25));
#1642 = DIRECTION('',(0.,1.,-2.22044604925E-16));
#1643 = DIRECTION('',(1.,0.,0.));
#1644 = ADVANCED_FACE('',(#1645),#1664,.F.);
#1645 = FACE_BOUND('',#1646,.F.);
#1646 = EDGE_LOOP('',(#1647,#1655,#1662,#1663));
#1647 = ORIENTED_EDGE('',*,*,#1648,.T.);
#1648 = EDGE_CURVE('',#678,#1649,#1651,.T.);
#1649 = VERTEX_POINT('',#1650);
#1650 = CARTESIAN_POINT('',(-8.15,-25.,-12.43565167281));
#1651 = LINE('',#1652,#1653);
#1652 = CARTESIAN_POINT('',(-8.15,-29.,-12.43565167281));
#1653 = VECTOR('',#1654,1.);
#1654 = DIRECTION('',(0.,1.,-2.22044604925E-16));
#1655 = ORIENTED_EDGE('',*,*,#1656,.T.);
#1656 = EDGE_CURVE('',#1649,#1649,#1657,.T.);
#1657 = CIRCLE('',#1658,1.6);
#1658 = AXIS2_PLACEMENT_3D('',#1659,#1660,#1661);
#1659 = CARTESIAN_POINT('',(-9.75,-25.,-12.43565167281));
#1660 = DIRECTION('',(0.,-1.,2.22044604925E-16));
#1661 = DIRECTION('',(1.,0.,0.));
#1662 = ORIENTED_EDGE('',*,*,#1648,.F.);
#1663 = ORIENTED_EDGE('',*,*,#677,.F.);
#1664 = CYLINDRICAL_SURFACE('',#1665,1.6);
#1665 = AXIS2_PLACEMENT_3D('',#1666,#1667,#1668);
#1666 = CARTESIAN_POINT('',(-9.75,-29.,-12.43565167281));
#1667 = DIRECTION('',(0.,-1.,2.22044604925E-16));
#1668 = DIRECTION('',(1.,0.,0.));
#1669 = ADVANCED_FACE('',(#1670),#1689,.F.);
#1670 = FACE_BOUND('',#1671,.F.);
#1671 = EDGE_LOOP('',(#1672,#1680,#1687,#1688));
#1672 = ORIENTED_EDGE('',*,*,#1673,.T.);
#1673 = EDGE_CURVE('',#689,#1674,#1676,.T.);
#1674 = VERTEX_POINT('',#1675);
#1675 = CARTESIAN_POINT('',(1.6,-25.,12.));
#1676 = LINE('',#1677,#1678);
#1677 = CARTESIAN_POINT('',(1.6,-29.,12.));
#1678 = VECTOR('',#1679,1.);
#1679 = DIRECTION('',(0.,1.,-2.22044604925E-16));
#1680 = ORIENTED_EDGE('',*,*,#1681,.T.);
#1681 = EDGE_CURVE('',#1674,#1674,#1682,.T.);
#1682 = CIRCLE('',#1683,1.6);
#1683 = AXIS2_PLACEMENT_3D('',#1684,#1685,#1686);
#1684 = CARTESIAN_POINT('',(0.,-25.,12.));
#1685 = DIRECTION('',(0.,-1.,2.22044604925E-16));
#1686 = DIRECTION('',(1.,0.,0.));
#1687 = ORIENTED_EDGE('',*,*,#1673,.F.);
#1688 = ORIENTED_EDGE('',*,*,#688,.F.);
#1689 = CYLINDRICAL_SURFACE('',#1690,1.6);
#1690 = AXIS2_PLACEMENT_3D('',#1691,#1692,#1693);
#1691 = CARTESIAN_POINT('',(0.,-29.,12.));
#1692 = DIRECTION('',(0.,-1.,2.22044604925E-16));
#1693 = DIRECTION('',(1.,0.,0.));
#1694 = ADVANCED_FACE('',(#1695),#1700,.F.);
#1695 = FACE_BOUND('',#1696,.T.);
#1696 = EDGE_LOOP('',(#1697,#1698,#1699));
#1697 = ORIENTED_EDGE('',*,*,#706,.T.);
#1698 = ORIENTED_EDGE('',*,*,#754,.T.);
#1699 = ORIENTED_EDGE('',*,*,#833,.F.);
#1700 = PLANE('',#1701);
#1701 = AXIS2_PLACEMENT_3D('',#1702,#1703,#1704);
#1702 = CARTESIAN_POINT('',(2.205677004492E-16,-18.625,6.5739));
#1703 = DIRECTION('',(0.,0.,1.));
#1704 = DIRECTION('',(1.,0.,0.));
#1705 = ADVANCED_FACE('',(#1706),#1711,.F.);
#1706 = FACE_BOUND('',#1707,.F.);
#1707 = EDGE_LOOP('',(#1708,#1709,#1710));
#1708 = ORIENTED_EDGE('',*,*,#850,.T.);
#1709 = ORIENTED_EDGE('',*,*,#730,.T.);
#1710 = ORIENTED_EDGE('',*,*,#778,.T.);
#1711 = PLANE('',#1712);
#1712 = AXIS2_PLACEMENT_3D('',#1713,#1714,#1715);
#1713 = CARTESIAN_POINT('',(2.205677004492E-16,-18.625,6.5739));
#1714 = DIRECTION('',(0.,0.,1.));
#1715 = DIRECTION('',(1.,0.,0.));
#1716 = ADVANCED_FACE('',(#1717),#1786,.F.);
#1717 = FACE_BOUND('',#1718,.F.);
#1718 = EDGE_LOOP('',(#1719,#1727,#1728,#1729,#1730,#1731,#1732,#1733,
    #1734,#1735,#1736,#1737,#1738,#1739,#1740,#1748,#1756,#1764,#1772,
    #1780));
#1719 = ORIENTED_EDGE('',*,*,#1720,.F.);
#1720 = EDGE_CURVE('',#811,#1721,#1723,.T.);
#1721 = VERTEX_POINT('',#1722);
#1722 = CARTESIAN_POINT('',(-13.8239,-22.,8.0739));
#1723 = LINE('',#1724,#1725);
#1724 = CARTESIAN_POINT('',(-10.3239,-22.,11.5739));
#1725 = VECTOR('',#1726,1.);
#1726 = DIRECTION('',(-0.707106781187,-1.570092458684E-16,
    -0.707106781187));
#1727 = ORIENTED_EDGE('',*,*,#818,.F.);
#1728 = ORIENTED_EDGE('',*,*,#1346,.T.);
#1729 = ORIENTED_EDGE('',*,*,#1393,.T.);
#1730 = ORIENTED_EDGE('',*,*,#1442,.F.);
#1731 = ORIENTED_EDGE('',*,*,#1483,.T.);
#1732 = ORIENTED_EDGE('',*,*,#1533,.T.);
#1733 = ORIENTED_EDGE('',*,*,#1582,.T.);
#1734 = ORIENTED_EDGE('',*,*,#1557,.F.);
#1735 = ORIENTED_EDGE('',*,*,#1515,.T.);
#1736 = ORIENTED_EDGE('',*,*,#1466,.T.);
#1737 = ORIENTED_EDGE('',*,*,#1411,.T.);
#1738 = ORIENTED_EDGE('',*,*,#1370,.T.);
#1739 = ORIENTED_EDGE('',*,*,#865,.F.);
#1740 = ORIENTED_EDGE('',*,*,#1741,.F.);
#1741 = EDGE_CURVE('',#1742,#866,#1744,.T.);
#1742 = VERTEX_POINT('',#1743);
#1743 = CARTESIAN_POINT('',(13.8239,-22.,8.0739));
#1744 = LINE('',#1745,#1746);
#1745 = CARTESIAN_POINT('',(13.8239,-22.,8.0739));
#1746 = VECTOR('',#1747,1.);
#1747 = DIRECTION('',(-0.707106781187,1.570092458684E-16,0.707106781187)
  );
#1748 = ORIENTED_EDGE('',*,*,#1749,.F.);
#1749 = EDGE_CURVE('',#1750,#1742,#1752,.T.);
#1750 = VERTEX_POINT('',#1751);
#1751 = CARTESIAN_POINT('',(13.8239,-22.,-13.57390000001));
#1752 = LINE('',#1753,#1754);
#1753 = CARTESIAN_POINT('',(13.8239,-22.,-13.57390000001));
#1754 = VECTOR('',#1755,1.);
#1755 = DIRECTION('',(0.,2.22044604925E-16,1.));
#1756 = ORIENTED_EDGE('',*,*,#1757,.F.);
#1757 = EDGE_CURVE('',#1758,#1750,#1760,.T.);
#1758 = VERTEX_POINT('',#1759);
#1759 = CARTESIAN_POINT('',(11.323900000016,-22.,-16.0739));
#1760 = LINE('',#1761,#1762);
#1761 = CARTESIAN_POINT('',(11.323900000016,-22.,-16.0739));
#1762 = VECTOR('',#1763,1.);
#1763 = DIRECTION('',(0.707106781186,1.570092458684E-16,0.707106781187)
  );
#1764 = ORIENTED_EDGE('',*,*,#1765,.F.);
#1765 = EDGE_CURVE('',#1766,#1758,#1768,.T.);
#1766 = VERTEX_POINT('',#1767);
#1767 = CARTESIAN_POINT('',(-11.32390000002,-22.,-16.0739));
#1768 = LINE('',#1769,#1770);
#1769 = CARTESIAN_POINT('',(-11.32390000002,-22.,-16.0739));
#1770 = VECTOR('',#1771,1.);
#1771 = DIRECTION('',(1.,0.,0.));
#1772 = ORIENTED_EDGE('',*,*,#1773,.F.);
#1773 = EDGE_CURVE('',#1774,#1766,#1776,.T.);
#1774 = VERTEX_POINT('',#1775);
#1775 = CARTESIAN_POINT('',(-13.8239,-22.,-13.5739));
#1776 = LINE('',#1777,#1778);
#1777 = CARTESIAN_POINT('',(-13.8239,-22.,-13.5739));
#1778 = VECTOR('',#1779,1.);
#1779 = DIRECTION('',(0.707106781183,-1.570092458691E-16,-0.70710678119)
  );
#1780 = ORIENTED_EDGE('',*,*,#1781,.F.);
#1781 = EDGE_CURVE('',#1721,#1774,#1782,.T.);
#1782 = LINE('',#1783,#1784);
#1783 = CARTESIAN_POINT('',(-13.8239,-22.,8.0739));
#1784 = VECTOR('',#1785,1.);
#1785 = DIRECTION('',(0.,-2.22044604925E-16,-1.));
#1786 = PLANE('',#1787);
#1787 = AXIS2_PLACEMENT_3D('',#1788,#1789,#1790);
#1788 = CARTESIAN_POINT('',(4.041160175876E-13,-22.,-2.430384991033));
#1789 = DIRECTION('',(0.,1.,-2.840478894751E-16));
#1790 = DIRECTION('',(0.,2.840478894751E-16,1.));
#1791 = ADVANCED_FACE('',(#1792),#1803,.T.);
#1792 = FACE_BOUND('',#1793,.T.);
#1793 = EDGE_LOOP('',(#1794,#1795,#1796,#1802));
#1794 = ORIENTED_EDGE('',*,*,#810,.F.);
#1795 = ORIENTED_EDGE('',*,*,#897,.T.);
#1796 = ORIENTED_EDGE('',*,*,#1797,.F.);
#1797 = EDGE_CURVE('',#1721,#898,#1798,.T.);
#1798 = LINE('',#1799,#1800);
#1799 = CARTESIAN_POINT('',(-13.8239,-22.,8.0739));
#1800 = VECTOR('',#1801,1.);
#1801 = DIRECTION('',(0.,1.,-2.22044604925E-16));
#1802 = ORIENTED_EDGE('',*,*,#1720,.F.);
#1803 = PLANE('',#1804);
#1804 = AXIS2_PLACEMENT_3D('',#1805,#1806,#1807);
#1805 = CARTESIAN_POINT('',(-10.3239,-22.,11.5739));
#1806 = DIRECTION('',(-0.707106781187,1.570092458684E-16,0.707106781187)
  );
#1807 = DIRECTION('',(-0.707106781187,-1.570092458684E-16,
    -0.707106781187));
#1808 = ADVANCED_FACE('',(#1809),#1820,.T.);
#1809 = FACE_BOUND('',#1810,.T.);
#1810 = EDGE_LOOP('',(#1811,#1812,#1818,#1819));
#1811 = ORIENTED_EDGE('',*,*,#1741,.F.);
#1812 = ORIENTED_EDGE('',*,*,#1813,.T.);
#1813 = EDGE_CURVE('',#1742,#921,#1814,.T.);
#1814 = LINE('',#1815,#1816);
#1815 = CARTESIAN_POINT('',(13.8239,-22.,8.0739));
#1816 = VECTOR('',#1817,1.);
#1817 = DIRECTION('',(0.,1.,-2.22044604925E-16));
#1818 = ORIENTED_EDGE('',*,*,#928,.T.);
#1819 = ORIENTED_EDGE('',*,*,#873,.F.);
#1820 = PLANE('',#1821);
#1821 = AXIS2_PLACEMENT_3D('',#1822,#1823,#1824);
#1822 = CARTESIAN_POINT('',(13.8239,-22.,8.0739));
#1823 = DIRECTION('',(0.707106781187,1.570092458684E-16,0.707106781187)
  );
#1824 = DIRECTION('',(-0.707106781187,1.570092458684E-16,0.707106781187)
  );
#1825 = ADVANCED_FACE('',(#1826),#1852,.T.);
#1826 = FACE_BOUND('',#1827,.T.);
#1827 = EDGE_LOOP('',(#1828,#1829,#1837,#1845,#1851));
#1828 = ORIENTED_EDGE('',*,*,#1009,.F.);
#1829 = ORIENTED_EDGE('',*,*,#1830,.T.);
#1830 = EDGE_CURVE('',#1002,#1831,#1833,.T.);
#1831 = VERTEX_POINT('',#1832);
#1832 = CARTESIAN_POINT('',(-10.3239,-2.,11.5739));
#1833 = LINE('',#1834,#1835);
#1834 = CARTESIAN_POINT('',(-10.3239,-22.,11.5739));
#1835 = VECTOR('',#1836,1.);
#1836 = DIRECTION('',(0.,1.,-2.22044604925E-16));
#1837 = ORIENTED_EDGE('',*,*,#1838,.T.);
#1838 = EDGE_CURVE('',#1831,#1839,#1841,.T.);
#1839 = VERTEX_POINT('',#1840);
#1840 = CARTESIAN_POINT('',(-13.8239,-2.,8.0739));
#1841 = LINE('',#1842,#1843);
#1842 = CARTESIAN_POINT('',(-11.2120683486,-2.,10.685731651392));
#1843 = VECTOR('',#1844,1.);
#1844 = DIRECTION('',(-0.707106781187,0.,-0.707106781187));
#1845 = ORIENTED_EDGE('',*,*,#1846,.F.);
#1846 = EDGE_CURVE('',#898,#1839,#1847,.T.);
#1847 = LINE('',#1848,#1849);
#1848 = CARTESIAN_POINT('',(-13.8239,-22.,8.0739));
#1849 = VECTOR('',#1850,1.);
#1850 = DIRECTION('',(0.,1.,-2.22044604925E-16));
#1851 = ORIENTED_EDGE('',*,*,#945,.T.);
#1852 = PLANE('',#1853);
#1853 = AXIS2_PLACEMENT_3D('',#1854,#1855,#1856);
#1854 = CARTESIAN_POINT('',(-10.3239,-22.,11.5739));
#1855 = DIRECTION('',(-0.707106781187,1.570092458684E-16,0.707106781187)
  );
#1856 = DIRECTION('',(-0.707106781187,-1.570092458684E-16,
    -0.707106781187));
#1857 = ADVANCED_FACE('',(#1858),#1884,.T.);
#1858 = FACE_BOUND('',#1859,.T.);
#1859 = EDGE_LOOP('',(#1860,#1861,#1869,#1877,#1883));
#1860 = ORIENTED_EDGE('',*,*,#976,.T.);
#1861 = ORIENTED_EDGE('',*,*,#1862,.T.);
#1862 = EDGE_CURVE('',#921,#1863,#1865,.T.);
#1863 = VERTEX_POINT('',#1864);
#1864 = CARTESIAN_POINT('',(13.8239,-2.,8.0739));
#1865 = LINE('',#1866,#1867);
#1866 = CARTESIAN_POINT('',(13.8239,-22.,8.0739));
#1867 = VECTOR('',#1868,1.);
#1868 = DIRECTION('',(0.,1.,-2.22044604925E-16));
#1869 = ORIENTED_EDGE('',*,*,#1870,.T.);
#1870 = EDGE_CURVE('',#1863,#1871,#1873,.T.);
#1871 = VERTEX_POINT('',#1872);
#1872 = CARTESIAN_POINT('',(10.3239,-2.,11.5739));
#1873 = LINE('',#1874,#1875);
#1874 = CARTESIAN_POINT('',(12.962068348608,-2.,8.935731651392));
#1875 = VECTOR('',#1876,1.);
#1876 = DIRECTION('',(-0.707106781187,0.,0.707106781187));
#1877 = ORIENTED_EDGE('',*,*,#1878,.F.);
#1878 = EDGE_CURVE('',#994,#1871,#1879,.T.);
#1879 = LINE('',#1880,#1881);
#1880 = CARTESIAN_POINT('',(10.3239,-22.,11.5739));
#1881 = VECTOR('',#1882,1.);
#1882 = DIRECTION('',(0.,1.,-2.22044604925E-16));
#1883 = ORIENTED_EDGE('',*,*,#993,.F.);
#1884 = PLANE('',#1885);
#1885 = AXIS2_PLACEMENT_3D('',#1886,#1887,#1888);
#1886 = CARTESIAN_POINT('',(13.8239,-22.,8.0739));
#1887 = DIRECTION('',(0.707106781187,1.570092458684E-16,0.707106781187)
  );
#1888 = DIRECTION('',(-0.707106781187,1.570092458684E-16,0.707106781187)
  );
#1889 = ADVANCED_FACE('',(#1890),#1933,.T.);
#1890 = FACE_BOUND('',#1891,.T.);
#1891 = EDGE_LOOP('',(#1892,#1893,#1894,#1902,#1910,#1918,#1926,#1932));
#1892 = ORIENTED_EDGE('',*,*,#1001,.F.);
#1893 = ORIENTED_EDGE('',*,*,#1878,.T.);
#1894 = ORIENTED_EDGE('',*,*,#1895,.F.);
#1895 = EDGE_CURVE('',#1896,#1871,#1898,.T.);
#1896 = VERTEX_POINT('',#1897);
#1897 = CARTESIAN_POINT('',(16.,-2.,11.5739));
#1898 = LINE('',#1899,#1900);
#1899 = CARTESIAN_POINT('',(16.,-2.,11.5739));
#1900 = VECTOR('',#1901,1.);
#1901 = DIRECTION('',(-1.,0.,0.));
#1902 = ORIENTED_EDGE('',*,*,#1903,.F.);
#1903 = EDGE_CURVE('',#1904,#1896,#1906,.T.);
#1904 = VERTEX_POINT('',#1905);
#1905 = CARTESIAN_POINT('',(16.,2.569922052942E-15,11.5739));
#1906 = LINE('',#1907,#1908);
#1907 = CARTESIAN_POINT('',(16.,2.569922052942E-15,11.5739));
#1908 = VECTOR('',#1909,1.);
#1909 = DIRECTION('',(0.,-1.,2.22044604925E-16));
#1910 = ORIENTED_EDGE('',*,*,#1911,.T.);
#1911 = EDGE_CURVE('',#1904,#1912,#1914,.T.);
#1912 = VERTEX_POINT('',#1913);
#1913 = CARTESIAN_POINT('',(-16.,2.569922052942E-15,11.5739));
#1914 = LINE('',#1915,#1916);
#1915 = CARTESIAN_POINT('',(16.,2.569922052942E-15,11.5739));
#1916 = VECTOR('',#1917,1.);
#1917 = DIRECTION('',(-1.,0.,0.));
#1918 = ORIENTED_EDGE('',*,*,#1919,.T.);
#1919 = EDGE_CURVE('',#1912,#1920,#1922,.T.);
#1920 = VERTEX_POINT('',#1921);
#1921 = CARTESIAN_POINT('',(-16.,-2.,11.5739));
#1922 = LINE('',#1923,#1924);
#1923 = CARTESIAN_POINT('',(-16.,2.569922052942E-15,11.5739));
#1924 = VECTOR('',#1925,1.);
#1925 = DIRECTION('',(0.,-1.,2.22044604925E-16));
#1926 = ORIENTED_EDGE('',*,*,#1927,.F.);
#1927 = EDGE_CURVE('',#1831,#1920,#1928,.T.);
#1928 = LINE('',#1929,#1930);
#1929 = CARTESIAN_POINT('',(16.,-2.,11.5739));
#1930 = VECTOR('',#1931,1.);
#1931 = DIRECTION('',(-1.,0.,0.));
#1932 = ORIENTED_EDGE('',*,*,#1830,.F.);
#1933 = PLANE('',#1934);
#1934 = AXIS2_PLACEMENT_3D('',#1935,#1936,#1937);
#1935 = CARTESIAN_POINT('',(0.,-3.243618012422,11.5739));
#1936 = DIRECTION('',(0.,2.197521623467E-16,1.));
#1937 = DIRECTION('',(0.,-1.,2.197521623467E-16));
#1938 = ADVANCED_FACE('',(#1939),#1942,.T.);
#1939 = FACE_BOUND('',#1940,.T.);
#1940 = EDGE_LOOP('',(#1941));
#1941 = ORIENTED_EDGE('',*,*,#1032,.T.);
#1942 = PLANE('',#1943);
#1943 = AXIS2_PLACEMENT_3D('',#1944,#1945,#1946);
#1944 = CARTESIAN_POINT('',(-5.341563017732E-17,-18.625,14.5739));
#1945 = DIRECTION('',(0.,0.,1.));
#1946 = DIRECTION('',(1.,0.,0.));
#1947 = ADVANCED_FACE('',(#1948),#1951,.T.);
#1948 = FACE_BOUND('',#1949,.T.);
#1949 = EDGE_LOOP('',(#1950));
#1950 = ORIENTED_EDGE('',*,*,#1057,.T.);
#1951 = PLANE('',#1952);
#1952 = AXIS2_PLACEMENT_3D('',#1953,#1954,#1955);
#1953 = CARTESIAN_POINT('',(-5.341563017732E-17,-18.625,14.5739));
#1954 = DIRECTION('',(0.,0.,1.));
#1955 = DIRECTION('',(1.,0.,0.));
#1956 = ADVANCED_FACE('',(#1957),#1960,.T.);
#1957 = FACE_BOUND('',#1958,.T.);
#1958 = EDGE_LOOP('',(#1959));
#1959 = ORIENTED_EDGE('',*,*,#1082,.T.);
#1960 = PLANE('',#1961);
#1961 = AXIS2_PLACEMENT_3D('',#1962,#1963,#1964);
#1962 = CARTESIAN_POINT('',(-5.341563017732E-17,-18.625,14.5739));
#1963 = DIRECTION('',(0.,0.,1.));
#1964 = DIRECTION('',(1.,0.,0.));
#1965 = ADVANCED_FACE('',(#1966),#1969,.T.);
#1966 = FACE_BOUND('',#1967,.T.);
#1967 = EDGE_LOOP('',(#1968));
#1968 = ORIENTED_EDGE('',*,*,#1107,.T.);
#1969 = PLANE('',#1970);
#1970 = AXIS2_PLACEMENT_3D('',#1971,#1972,#1973);
#1971 = CARTESIAN_POINT('',(-5.341563017732E-17,-18.625,14.5739));
#1972 = DIRECTION('',(0.,0.,1.));
#1973 = DIRECTION('',(1.,0.,0.));
#1974 = ADVANCED_FACE('',(#1975),#1991,.T.);
#1975 = FACE_BOUND('',#1976,.T.);
#1976 = EDGE_LOOP('',(#1977,#1978,#1984,#1985));
#1977 = ORIENTED_EDGE('',*,*,#1124,.F.);
#1978 = ORIENTED_EDGE('',*,*,#1979,.F.);
#1979 = EDGE_CURVE('',#1214,#1125,#1980,.T.);
#1980 = LINE('',#1981,#1982);
#1981 = CARTESIAN_POINT('',(4.,-18.247023,8.35));
#1982 = VECTOR('',#1983,1.);
#1983 = DIRECTION('',(1.,0.,0.));
#1984 = ORIENTED_EDGE('',*,*,#1213,.T.);
#1985 = ORIENTED_EDGE('',*,*,#1986,.F.);
#1986 = EDGE_CURVE('',#1127,#1216,#1987,.T.);
#1987 = LINE('',#1988,#1989);
#1988 = CARTESIAN_POINT('',(8.,-18.247023,9.713554));
#1989 = VECTOR('',#1990,1.);
#1990 = DIRECTION('',(-1.,0.,0.));
#1991 = PLANE('',#1992);
#1992 = AXIS2_PLACEMENT_3D('',#1993,#1994,#1995);
#1993 = CARTESIAN_POINT('',(8.,-18.247023,6.623349));
#1994 = DIRECTION('',(0.,1.,0.));
#1995 = DIRECTION('',(0.,0.,1.));
#1996 = ADVANCED_FACE('',(#1997),#2003,.T.);
#1997 = FACE_BOUND('',#1998,.T.);
#1998 = EDGE_LOOP('',(#1999,#2000,#2001,#2002));
#1999 = ORIENTED_EDGE('',*,*,#1986,.T.);
#2000 = ORIENTED_EDGE('',*,*,#1288,.T.);
#2001 = ORIENTED_EDGE('',*,*,#1302,.F.);
#2002 = ORIENTED_EDGE('',*,*,#1199,.F.);
#2003 = PLANE('',#2004);
#2004 = AXIS2_PLACEMENT_3D('',#2005,#2006,#2007);
#2005 = CARTESIAN_POINT('',(8.,-18.247023,9.713554));
#2006 = DIRECTION('',(0.,0.591664208072,0.806184510448));
#2007 = DIRECTION('',(0.,-0.806184510448,0.591664208072));
#2008 = ADVANCED_FACE('',(#2009),#2020,.T.);
#2009 = FACE_BOUND('',#2010,.T.);
#2010 = EDGE_LOOP('',(#2011,#2012,#2013,#2019));
#2011 = ORIENTED_EDGE('',*,*,#1321,.T.);
#2012 = ORIENTED_EDGE('',*,*,#1263,.T.);
#2013 = ORIENTED_EDGE('',*,*,#2014,.F.);
#2014 = EDGE_CURVE('',#1167,#1256,#2015,.T.);
#2015 = LINE('',#2016,#2017);
#2016 = CARTESIAN_POINT('',(8.,-11.72766,8.805288));
#2017 = VECTOR('',#2018,1.);
#2018 = DIRECTION('',(-1.,0.,0.));
#2019 = ORIENTED_EDGE('',*,*,#1174,.F.);
#2020 = PLANE('',#2021);
#2021 = AXIS2_PLACEMENT_3D('',#2022,#2023,#2024);
#2022 = CARTESIAN_POINT('',(8.,-14.520932,12.365879));
#2023 = DIRECTION('',(0.,-0.786783493027,-0.617229078301));
#2024 = DIRECTION('',(0.,0.617229078301,-0.786783493027));
#2025 = ADVANCED_FACE('',(#2026),#2037,.T.);
#2026 = FACE_BOUND('',#2027,.T.);
#2027 = EDGE_LOOP('',(#2028,#2029,#2030,#2036));
#2028 = ORIENTED_EDGE('',*,*,#2014,.T.);
#2029 = ORIENTED_EDGE('',*,*,#1255,.T.);
#2030 = ORIENTED_EDGE('',*,*,#2031,.F.);
#2031 = EDGE_CURVE('',#1159,#1248,#2032,.T.);
#2032 = LINE('',#2033,#2034);
#2033 = CARTESIAN_POINT('',(8.,0.,8.805288));
#2034 = VECTOR('',#2035,1.);
#2035 = DIRECTION('',(-1.,0.,0.));
#2036 = ORIENTED_EDGE('',*,*,#1166,.F.);
#2037 = PLANE('',#2038);
#2038 = AXIS2_PLACEMENT_3D('',#2039,#2040,#2041);
#2039 = CARTESIAN_POINT('',(8.,-11.72766,8.805288));
#2040 = DIRECTION('',(0.,0.,-1.));
#2041 = DIRECTION('',(0.,1.,0.));
#2042 = ADVANCED_FACE('',(#2043,#2204,#2215,#2226,#2333,#2344),#2355,.T.
  );
#2043 = FACE_BOUND('',#2044,.T.);
#2044 = EDGE_LOOP('',(#2045,#2056,#2064,#2072,#2079,#2080,#2089,#2097,
    #2105,#2114,#2122,#2131,#2139,#2147,#2156,#2164,#2173,#2181,#2189,
    #2198));
#2045 = ORIENTED_EDGE('',*,*,#2046,.F.);
#2046 = EDGE_CURVE('',#2047,#2049,#2051,.T.);
#2047 = VERTEX_POINT('',#2048);
#2048 = CARTESIAN_POINT('',(-20.56998392357,1.249604698243E-15,
    5.627719253367));
#2049 = VERTEX_POINT('',#2050);
#2050 = CARTESIAN_POINT('',(-21.,5.910716360802E-16,2.66195));
#2051 = CIRCLE('',#2052,10.44228528025);
#2052 = AXIS2_PLACEMENT_3D('',#2053,#2054,#2055);
#2053 = CARTESIAN_POINT('',(-10.55771471975,5.910716360802E-16,2.66195)
  );
#2054 = DIRECTION('',(0.,-1.,2.22044604925E-16));
#2055 = DIRECTION('',(1.,0.,0.));
#2056 = ORIENTED_EDGE('',*,*,#2057,.T.);
#2057 = EDGE_CURVE('',#2047,#2058,#2060,.T.);
#2058 = VERTEX_POINT('',#2059);
#2059 = CARTESIAN_POINT('',(-20.07795480324,2.213137928054E-15,
    9.967087148105));
#2060 = LINE('',#2061,#2062);
#2061 = CARTESIAN_POINT('',(-20.56998392357,1.249604698243E-15,
    5.627719253367));
#2062 = VECTOR('',#2063,1.);
#2063 = DIRECTION('',(0.11266534167,2.206308449252E-16,0.993632990991));
#2064 = ORIENTED_EDGE('',*,*,#2065,.T.);
#2065 = EDGE_CURVE('',#2058,#2066,#2068,.T.);
#2066 = VERTEX_POINT('',#2067);
#2067 = CARTESIAN_POINT('',(-16.01379379103,2.568048404502E-15,
    11.565461837585));
#2068 = LINE('',#2069,#2070);
#2069 = CARTESIAN_POINT('',(-20.07795480324,2.213137928054E-15,
    9.967087148105));
#2070 = VECTOR('',#2071,1.);
#2071 = DIRECTION('',(0.930615831704,8.126777143616E-17,0.365997505157)
  );
#2072 = ORIENTED_EDGE('',*,*,#2073,.F.);
#2073 = EDGE_CURVE('',#1912,#2066,#2074,.T.);
#2074 = CIRCLE('',#2075,10.44228528025);
#2075 = AXIS2_PLACEMENT_3D('',#2076,#2077,#2078);
#2076 = CARTESIAN_POINT('',(-10.55771471975,5.910716360802E-16,2.66195)
  );
#2077 = DIRECTION('',(0.,-1.,2.22044604925E-16));
#2078 = DIRECTION('',(1.,0.,0.));
#2079 = ORIENTED_EDGE('',*,*,#1911,.F.);
#2080 = ORIENTED_EDGE('',*,*,#2081,.F.);
#2081 = EDGE_CURVE('',#2082,#1904,#2084,.T.);
#2082 = VERTEX_POINT('',#2083);
#2083 = CARTESIAN_POINT('',(16.013793791035,2.568048404502E-15,
    11.565461837585));
#2084 = CIRCLE('',#2085,10.44228528025);
#2085 = AXIS2_PLACEMENT_3D('',#2086,#2087,#2088);
#2086 = CARTESIAN_POINT('',(10.55771471975,5.910716360802E-16,2.66195));
#2087 = DIRECTION('',(0.,-1.,2.22044604925E-16));
#2088 = DIRECTION('',(1.,0.,0.));
#2089 = ORIENTED_EDGE('',*,*,#2090,.T.);
#2090 = EDGE_CURVE('',#2082,#2091,#2093,.T.);
#2091 = VERTEX_POINT('',#2092);
#2092 = CARTESIAN_POINT('',(20.077954803245,2.213137928054E-15,
    9.967087148105));
#2093 = LINE('',#2094,#2095);
#2094 = CARTESIAN_POINT('',(16.013793791035,2.568048404502E-15,
    11.565461837585));
#2095 = VECTOR('',#2096,1.);
#2096 = DIRECTION('',(0.930615831704,-8.126777143616E-17,-0.365997505157
    ));
#2097 = ORIENTED_EDGE('',*,*,#2098,.T.);
#2098 = EDGE_CURVE('',#2091,#2099,#2101,.T.);
#2099 = VERTEX_POINT('',#2100);
#2100 = CARTESIAN_POINT('',(20.569983923577,1.249604698243E-15,
    5.627719253367));
#2101 = LINE('',#2102,#2103);
#2102 = CARTESIAN_POINT('',(20.077954803245,2.213137928054E-15,
    9.967087148105));
#2103 = VECTOR('',#2104,1.);
#2104 = DIRECTION('',(0.11266534167,-2.206308449252E-16,-0.993632990991)
  );
#2105 = ORIENTED_EDGE('',*,*,#2106,.F.);
#2106 = EDGE_CURVE('',#2107,#2099,#2109,.T.);
#2107 = VERTEX_POINT('',#2108);
#2108 = CARTESIAN_POINT('',(21.,5.910716360802E-16,2.66195));
#2109 = CIRCLE('',#2110,10.44228528025);
#2110 = AXIS2_PLACEMENT_3D('',#2111,#2112,#2113);
#2111 = CARTESIAN_POINT('',(10.55771471975,5.910716360802E-16,2.66195));
#2112 = DIRECTION('',(0.,-1.,2.22044604925E-16));
#2113 = DIRECTION('',(1.,0.,0.));
#2114 = ORIENTED_EDGE('',*,*,#2115,.F.);
#2115 = EDGE_CURVE('',#2116,#2107,#2118,.T.);
#2116 = VERTEX_POINT('',#2117);
#2117 = CARTESIAN_POINT('',(21.,-1.62937441317E-15,-7.33805));
#2118 = LINE('',#2119,#2120);
#2119 = CARTESIAN_POINT('',(21.,-1.62937441317E-15,-7.33805));
#2120 = VECTOR('',#2121,1.);
#2121 = DIRECTION('',(0.,2.22044604925E-16,1.));
#2122 = ORIENTED_EDGE('',*,*,#2123,.F.);
#2123 = EDGE_CURVE('',#2124,#2116,#2126,.T.);
#2124 = VERTEX_POINT('',#2125);
#2125 = CARTESIAN_POINT('',(20.569983923577,-2.287907475333E-15,
    -10.30381925336));
#2126 = CIRCLE('',#2127,10.44228528025);
#2127 = AXIS2_PLACEMENT_3D('',#2128,#2129,#2130);
#2128 = CARTESIAN_POINT('',(10.55771471975,-1.62937441317E-15,-7.33805)
  );
#2129 = DIRECTION('',(0.,-1.,2.22044604925E-16));
#2130 = DIRECTION('',(1.,0.,0.));
#2131 = ORIENTED_EDGE('',*,*,#2132,.F.);
#2132 = EDGE_CURVE('',#2133,#2124,#2135,.T.);
#2133 = VERTEX_POINT('',#2134);
#2134 = CARTESIAN_POINT('',(20.077954803245,-3.251440705144E-15,
    -14.6431871481));
#2135 = LINE('',#2136,#2137);
#2136 = CARTESIAN_POINT('',(20.077954803245,-3.251440705144E-15,
    -14.6431871481));
#2137 = VECTOR('',#2138,1.);
#2138 = DIRECTION('',(0.11266534167,2.206308449252E-16,0.993632990991));
#2139 = ORIENTED_EDGE('',*,*,#2140,.F.);
#2140 = EDGE_CURVE('',#2141,#2133,#2143,.T.);
#2141 = VERTEX_POINT('',#2142);
#2142 = CARTESIAN_POINT('',(16.013793791035,-3.606351181592E-15,
    -16.24156183758));
#2143 = LINE('',#2144,#2145);
#2144 = CARTESIAN_POINT('',(16.013793791035,-3.606351181592E-15,
    -16.24156183758));
#2145 = VECTOR('',#2146,1.);
#2146 = DIRECTION('',(0.930615831704,8.126777143616E-17,0.365997505157)
  );
#2147 = ORIENTED_EDGE('',*,*,#2148,.F.);
#2148 = EDGE_CURVE('',#2149,#2141,#2151,.T.);
#2149 = VERTEX_POINT('',#2150);
#2150 = CARTESIAN_POINT('',(16.,-3.608224830032E-15,-16.25));
#2151 = CIRCLE('',#2152,10.44228528025);
#2152 = AXIS2_PLACEMENT_3D('',#2153,#2154,#2155);
#2153 = CARTESIAN_POINT('',(10.55771471975,-1.62937441317E-15,-7.33805)
  );
#2154 = DIRECTION('',(0.,-1.,2.22044604925E-16));
#2155 = DIRECTION('',(1.,0.,0.));
#2156 = ORIENTED_EDGE('',*,*,#2157,.F.);
#2157 = EDGE_CURVE('',#2158,#2149,#2160,.T.);
#2158 = VERTEX_POINT('',#2159);
#2159 = CARTESIAN_POINT('',(-16.,-3.608224830032E-15,-16.25));
#2160 = LINE('',#2161,#2162);
#2161 = CARTESIAN_POINT('',(-16.,-3.608224830032E-15,-16.25));
#2162 = VECTOR('',#2163,1.);
#2163 = DIRECTION('',(1.,0.,0.));
#2164 = ORIENTED_EDGE('',*,*,#2165,.F.);
#2165 = EDGE_CURVE('',#2166,#2158,#2168,.T.);
#2166 = VERTEX_POINT('',#2167);
#2167 = CARTESIAN_POINT('',(-16.01379379103,-3.606351181592E-15,
    -16.24156183758));
#2168 = CIRCLE('',#2169,10.44228528025);
#2169 = AXIS2_PLACEMENT_3D('',#2170,#2171,#2172);
#2170 = CARTESIAN_POINT('',(-10.55771471975,-1.62937441317E-15,-7.33805)
  );
#2171 = DIRECTION('',(0.,-1.,2.22044604925E-16));
#2172 = DIRECTION('',(1.,0.,0.));
#2173 = ORIENTED_EDGE('',*,*,#2174,.F.);
#2174 = EDGE_CURVE('',#2175,#2166,#2177,.T.);
#2175 = VERTEX_POINT('',#2176);
#2176 = CARTESIAN_POINT('',(-20.07795480324,-3.251440705144E-15,
    -14.6431871481));
#2177 = LINE('',#2178,#2179);
#2178 = CARTESIAN_POINT('',(-20.07795480324,-3.251440705144E-15,
    -14.6431871481));
#2179 = VECTOR('',#2180,1.);
#2180 = DIRECTION('',(0.930615831704,-8.126777143616E-17,-0.365997505157
    ));
#2181 = ORIENTED_EDGE('',*,*,#2182,.F.);
#2182 = EDGE_CURVE('',#2183,#2175,#2185,.T.);
#2183 = VERTEX_POINT('',#2184);
#2184 = CARTESIAN_POINT('',(-20.56998392357,-2.287907475333E-15,
    -10.30381925336));
#2185 = LINE('',#2186,#2187);
#2186 = CARTESIAN_POINT('',(-20.56998392357,-2.287907475333E-15,
    -10.30381925336));
#2187 = VECTOR('',#2188,1.);
#2188 = DIRECTION('',(0.11266534167,-2.206308449252E-16,-0.993632990991)
  );
#2189 = ORIENTED_EDGE('',*,*,#2190,.F.);
#2190 = EDGE_CURVE('',#2191,#2183,#2193,.T.);
#2191 = VERTEX_POINT('',#2192);
#2192 = CARTESIAN_POINT('',(-21.,-1.62937441317E-15,-7.33805));
#2193 = CIRCLE('',#2194,10.44228528025);
#2194 = AXIS2_PLACEMENT_3D('',#2195,#2196,#2197);
#2195 = CARTESIAN_POINT('',(-10.55771471975,-1.62937441317E-15,-7.33805)
  );
#2196 = DIRECTION('',(0.,-1.,2.22044604925E-16));
#2197 = DIRECTION('',(1.,0.,0.));
#2198 = ORIENTED_EDGE('',*,*,#2199,.F.);
#2199 = EDGE_CURVE('',#2049,#2191,#2200,.T.);
#2200 = LINE('',#2201,#2202);
#2201 = CARTESIAN_POINT('',(-21.,5.910716360802E-16,2.66195));
#2202 = VECTOR('',#2203,1.);
#2203 = DIRECTION('',(0.,-2.22044604925E-16,-1.));
#2204 = FACE_BOUND('',#2205,.T.);
#2205 = EDGE_LOOP('',(#2206));
#2206 = ORIENTED_EDGE('',*,*,#2207,.T.);
#2207 = EDGE_CURVE('',#2208,#2208,#2210,.T.);
#2208 = VERTEX_POINT('',#2209);
#2209 = CARTESIAN_POINT('',(-16.4,-2.731148640578E-15,-12.3));
#2210 = CIRCLE('',#2211,1.1);
#2211 = AXIS2_PLACEMENT_3D('',#2212,#2213,#2214);
#2212 = CARTESIAN_POINT('',(-17.5,-2.731148640578E-15,-12.3));
#2213 = DIRECTION('',(0.,-1.,2.22044604925E-16));
#2214 = DIRECTION('',(1.,0.,0.));
#2215 = FACE_BOUND('',#2216,.T.);
#2216 = EDGE_LOOP('',(#2217));
#2217 = ORIENTED_EDGE('',*,*,#2218,.T.);
#2218 = EDGE_CURVE('',#2219,#2219,#2221,.T.);
#2219 = VERTEX_POINT('',#2220);
#2220 = CARTESIAN_POINT('',(-16.4,1.798561299893E-15,8.1));
#2221 = CIRCLE('',#2222,1.1);
#2222 = AXIS2_PLACEMENT_3D('',#2223,#2224,#2225);
#2223 = CARTESIAN_POINT('',(-17.5,1.798561299893E-15,8.1));
#2224 = DIRECTION('',(0.,-1.,2.22044604925E-16));
#2225 = DIRECTION('',(1.,0.,0.));
#2226 = FACE_BOUND('',#2227,.T.);
#2227 = EDGE_LOOP('',(#2228,#2236,#2244,#2252,#2260,#2268,#2276,#2284,
    #2292,#2300,#2308,#2316,#2324,#2330,#2331,#2332));
#2228 = ORIENTED_EDGE('',*,*,#2229,.T.);
#2229 = EDGE_CURVE('',#1240,#2230,#2232,.T.);
#2230 = VERTEX_POINT('',#2231);
#2231 = CARTESIAN_POINT('',(-11.,1.942890293094E-15,8.75));
#2232 = LINE('',#2233,#2234);
#2233 = CARTESIAN_POINT('',(11.,1.942890293094E-15,8.75));
#2234 = VECTOR('',#2235,1.);
#2235 = DIRECTION('',(-1.,0.,0.));
#2236 = ORIENTED_EDGE('',*,*,#2237,.T.);
#2237 = EDGE_CURVE('',#2230,#2238,#2240,.T.);
#2238 = VERTEX_POINT('',#2239);
#2239 = CARTESIAN_POINT('',(-11.,2.103872631665E-15,8.35));
#2240 = LINE('',#2241,#2242);
#2241 = CARTESIAN_POINT('',(-11.,1.942890293094E-15,8.75));
#2242 = VECTOR('',#2243,1.);
#2243 = DIRECTION('',(0.,-2.22044604925E-16,-1.));
#2244 = ORIENTED_EDGE('',*,*,#2245,.T.);
#2245 = EDGE_CURVE('',#2238,#2246,#2248,.T.);
#2246 = VERTEX_POINT('',#2247);
#2247 = CARTESIAN_POINT('',(-11.44841538983,0.,8.35));
#2248 = LINE('',#2249,#2250);
#2249 = CARTESIAN_POINT('',(10.75,2.353672812205E-15,8.35));
#2250 = VECTOR('',#2251,1.);
#2251 = DIRECTION('',(-1.,0.,0.));
#2252 = ORIENTED_EDGE('',*,*,#2253,.F.);
#2253 = EDGE_CURVE('',#2254,#2246,#2256,.T.);
#2254 = VERTEX_POINT('',#2255);
#2255 = CARTESIAN_POINT('',(-11.44841538983,0.,-12.85));
#2256 = LINE('',#2257,#2258);
#2257 = CARTESIAN_POINT('',(-11.44841538983,0.,-12.85));
#2258 = VECTOR('',#2259,1.);
#2259 = DIRECTION('',(0.,0.,1.));
#2260 = ORIENTED_EDGE('',*,*,#2261,.T.);
#2261 = EDGE_CURVE('',#2254,#2262,#2264,.T.);
#2262 = VERTEX_POINT('',#2263);
#2263 = CARTESIAN_POINT('',(-11.,-2.603472992746E-15,-12.85));
#2264 = LINE('',#2265,#2266);
#2265 = CARTESIAN_POINT('',(-10.75,-2.353672812205E-15,-12.85));
#2266 = VECTOR('',#2267,1.);
#2267 = DIRECTION('',(1.,0.,0.));
#2268 = ORIENTED_EDGE('',*,*,#2269,.T.);
#2269 = EDGE_CURVE('',#2262,#2270,#2272,.T.);
#2270 = VERTEX_POINT('',#2271);
#2271 = CARTESIAN_POINT('',(-11.,-2.942091015257E-15,-13.25));
#2272 = LINE('',#2273,#2274);
#2273 = CARTESIAN_POINT('',(-11.,1.942890293094E-15,8.75));
#2274 = VECTOR('',#2275,1.);
#2275 = DIRECTION('',(0.,-2.22044604925E-16,-1.));
#2276 = ORIENTED_EDGE('',*,*,#2277,.T.);
#2277 = EDGE_CURVE('',#2270,#2278,#2280,.T.);
#2278 = VERTEX_POINT('',#2279);
#2279 = CARTESIAN_POINT('',(11.,-2.942091015257E-15,-13.25));
#2280 = LINE('',#2281,#2282);
#2281 = CARTESIAN_POINT('',(-11.,-2.942091015257E-15,-13.25));
#2282 = VECTOR('',#2283,1.);
#2283 = DIRECTION('',(1.,0.,0.));
#2284 = ORIENTED_EDGE('',*,*,#2285,.T.);
#2285 = EDGE_CURVE('',#2278,#2286,#2288,.T.);
#2286 = VERTEX_POINT('',#2287);
#2287 = CARTESIAN_POINT('',(11.,-2.603472992746E-15,-12.85));
#2288 = LINE('',#2289,#2290);
#2289 = CARTESIAN_POINT('',(11.,-2.942091015257E-15,-13.25));
#2290 = VECTOR('',#2291,1.);
#2291 = DIRECTION('',(0.,2.22044604925E-16,1.));
#2292 = ORIENTED_EDGE('',*,*,#2293,.T.);
#2293 = EDGE_CURVE('',#2286,#2294,#2296,.T.);
#2294 = VERTEX_POINT('',#2295);
#2295 = CARTESIAN_POINT('',(11.448415389835,0.,-12.85));
#2296 = LINE('',#2297,#2298);
#2297 = CARTESIAN_POINT('',(-10.75,-2.353672812205E-15,-12.85));
#2298 = VECTOR('',#2299,1.);
#2299 = DIRECTION('',(1.,0.,0.));
#2300 = ORIENTED_EDGE('',*,*,#2301,.T.);
#2301 = EDGE_CURVE('',#2294,#2302,#2304,.T.);
#2302 = VERTEX_POINT('',#2303);
#2303 = CARTESIAN_POINT('',(11.448415389835,0.,8.35));
#2304 = LINE('',#2305,#2306);
#2305 = CARTESIAN_POINT('',(11.448415389835,0.,-12.85));
#2306 = VECTOR('',#2307,1.);
#2307 = DIRECTION('',(0.,0.,1.));
#2308 = ORIENTED_EDGE('',*,*,#2309,.T.);
#2309 = EDGE_CURVE('',#2302,#2310,#2312,.T.);
#2310 = VERTEX_POINT('',#2311);
#2311 = CARTESIAN_POINT('',(11.,2.103872631665E-15,8.35));
#2312 = LINE('',#2313,#2314);
#2313 = CARTESIAN_POINT('',(10.75,2.353672812205E-15,8.35));
#2314 = VECTOR('',#2315,1.);
#2315 = DIRECTION('',(-1.,0.,0.));
#2316 = ORIENTED_EDGE('',*,*,#2317,.T.);
#2317 = EDGE_CURVE('',#2310,#2318,#2320,.T.);
#2318 = VERTEX_POINT('',#2319);
#2319 = CARTESIAN_POINT('',(11.,1.942890293094E-15,8.75));
#2320 = LINE('',#2321,#2322);
#2321 = CARTESIAN_POINT('',(11.,-2.942091015257E-15,-13.25));
#2322 = VECTOR('',#2323,1.);
#2323 = DIRECTION('',(0.,2.22044604925E-16,1.));
#2324 = ORIENTED_EDGE('',*,*,#2325,.T.);
#2325 = EDGE_CURVE('',#2318,#1151,#2326,.T.);
#2326 = LINE('',#2327,#2328);
#2327 = CARTESIAN_POINT('',(11.,1.942890293094E-15,8.75));
#2328 = VECTOR('',#2329,1.);
#2329 = DIRECTION('',(-1.,0.,0.));
#2330 = ORIENTED_EDGE('',*,*,#1158,.F.);
#2331 = ORIENTED_EDGE('',*,*,#2031,.T.);
#2332 = ORIENTED_EDGE('',*,*,#1247,.T.);
#2333 = FACE_BOUND('',#2334,.T.);
#2334 = EDGE_LOOP('',(#2335));
#2335 = ORIENTED_EDGE('',*,*,#2336,.T.);
#2336 = EDGE_CURVE('',#2337,#2337,#2339,.T.);
#2337 = VERTEX_POINT('',#2338);
#2338 = CARTESIAN_POINT('',(18.6,-2.731148640578E-15,-12.3));
#2339 = CIRCLE('',#2340,1.1);
#2340 = AXIS2_PLACEMENT_3D('',#2341,#2342,#2343);
#2341 = CARTESIAN_POINT('',(17.5,-2.731148640578E-15,-12.3));
#2342 = DIRECTION('',(0.,-1.,2.22044604925E-16));
#2343 = DIRECTION('',(1.,0.,0.));
#2344 = FACE_BOUND('',#2345,.T.);
#2345 = EDGE_LOOP('',(#2346));
#2346 = ORIENTED_EDGE('',*,*,#2347,.T.);
#2347 = EDGE_CURVE('',#2348,#2348,#2350,.T.);
#2348 = VERTEX_POINT('',#2349);
#2349 = CARTESIAN_POINT('',(18.6,1.798561299893E-15,8.1));
#2350 = CIRCLE('',#2351,1.1);
#2351 = AXIS2_PLACEMENT_3D('',#2352,#2353,#2354);
#2352 = CARTESIAN_POINT('',(17.5,1.798561299893E-15,8.1));
#2353 = DIRECTION('',(0.,-1.,2.22044604925E-16));
#2354 = DIRECTION('',(1.,0.,0.));
#2355 = PLANE('',#2356);
#2356 = AXIS2_PLACEMENT_3D('',#2357,#2358,#2359);
#2357 = CARTESIAN_POINT('',(2.332508425317E-13,-5.112962041384E-16,
    -2.302673394434));
#2358 = DIRECTION('',(0.,1.,0.));
#2359 = DIRECTION('',(0.,0.,1.));
#2360 = ADVANCED_FACE('',(#2361),#2379,.T.);
#2361 = FACE_BOUND('',#2362,.T.);
#2362 = EDGE_LOOP('',(#2363,#2364,#2372,#2378));
#2363 = ORIENTED_EDGE('',*,*,#2325,.F.);
#2364 = ORIENTED_EDGE('',*,*,#2365,.T.);
#2365 = EDGE_CURVE('',#2318,#2366,#2368,.T.);
#2366 = VERTEX_POINT('',#2367);
#2367 = CARTESIAN_POINT('',(11.,-1.,8.75));
#2368 = LINE('',#2369,#2370);
#2369 = CARTESIAN_POINT('',(11.,1.942890293094E-15,8.75));
#2370 = VECTOR('',#2371,1.);
#2371 = DIRECTION('',(0.,-1.,2.22044604925E-16));
#2372 = ORIENTED_EDGE('',*,*,#2373,.T.);
#2373 = EDGE_CURVE('',#2366,#1143,#2374,.T.);
#2374 = LINE('',#2375,#2376);
#2375 = CARTESIAN_POINT('',(5.5,-1.,8.75));
#2376 = VECTOR('',#2377,1.);
#2377 = DIRECTION('',(-1.,0.,0.));
#2378 = ORIENTED_EDGE('',*,*,#1150,.F.);
#2379 = PLANE('',#2380);
#2380 = AXIS2_PLACEMENT_3D('',#2381,#2382,#2383);
#2381 = CARTESIAN_POINT('',(11.,1.942890293094E-15,8.75));
#2382 = DIRECTION('',(0.,-2.22044604925E-16,-1.));
#2383 = DIRECTION('',(-1.,0.,0.));
#2384 = ADVANCED_FACE('',(#2385),#2403,.T.);
#2385 = FACE_BOUND('',#2386,.T.);
#2386 = EDGE_LOOP('',(#2387,#2395,#2401,#2402));
#2387 = ORIENTED_EDGE('',*,*,#2388,.F.);
#2388 = EDGE_CURVE('',#2389,#2366,#2391,.T.);
#2389 = VERTEX_POINT('',#2390);
#2390 = CARTESIAN_POINT('',(11.,-1.,8.35));
#2391 = LINE('',#2392,#2393);
#2392 = CARTESIAN_POINT('',(11.,-1.,-7.840192495516));
#2393 = VECTOR('',#2394,1.);
#2394 = DIRECTION('',(0.,2.840478894751E-16,1.));
#2395 = ORIENTED_EDGE('',*,*,#2396,.F.);
#2396 = EDGE_CURVE('',#1135,#2389,#2397,.T.);
#2397 = LINE('',#2398,#2399);
#2398 = CARTESIAN_POINT('',(2.020369672003E-13,-1.,8.35));
#2399 = VECTOR('',#2400,1.);
#2400 = DIRECTION('',(1.,-0.,0.));
#2401 = ORIENTED_EDGE('',*,*,#1142,.F.);
#2402 = ORIENTED_EDGE('',*,*,#2373,.F.);
#2403 = PLANE('',#2404);
#2404 = AXIS2_PLACEMENT_3D('',#2405,#2406,#2407);
#2405 = CARTESIAN_POINT('',(4.041160175876E-13,-1.,-2.430384991033));
#2406 = DIRECTION('',(0.,1.,-2.840478894751E-16));
#2407 = DIRECTION('',(0.,2.840478894751E-16,1.));
#2408 = ADVANCED_FACE('',(#2409),#2459,.F.);
#2409 = FACE_BOUND('',#2410,.F.);
#2410 = EDGE_LOOP('',(#2411,#2419,#2420,#2426,#2427,#2428,#2429,#2430,
    #2438,#2444,#2445,#2453));
#2411 = ORIENTED_EDGE('',*,*,#2412,.F.);
#2412 = EDGE_CURVE('',#2302,#2413,#2415,.T.);
#2413 = VERTEX_POINT('',#2414);
#2414 = CARTESIAN_POINT('',(10.75,-20.,8.35));
#2415 = LINE('',#2416,#2417);
#2416 = CARTESIAN_POINT('',(11.448415389835,0.,8.35));
#2417 = VECTOR('',#2418,1.);
#2418 = DIRECTION('',(-3.489949670249E-02,-0.999390827019,0.));
#2419 = ORIENTED_EDGE('',*,*,#2309,.T.);
#2420 = ORIENTED_EDGE('',*,*,#2421,.F.);
#2421 = EDGE_CURVE('',#2389,#2310,#2422,.T.);
#2422 = LINE('',#2423,#2424);
#2423 = CARTESIAN_POINT('',(11.,-4.91727015418,8.35));
#2424 = VECTOR('',#2425,1.);
#2425 = DIRECTION('',(0.,1.,-1.364100204982E-16));
#2426 = ORIENTED_EDGE('',*,*,#2396,.F.);
#2427 = ORIENTED_EDGE('',*,*,#1134,.T.);
#2428 = ORIENTED_EDGE('',*,*,#1979,.F.);
#2429 = ORIENTED_EDGE('',*,*,#1223,.F.);
#2430 = ORIENTED_EDGE('',*,*,#2431,.F.);
#2431 = EDGE_CURVE('',#2432,#1224,#2434,.T.);
#2432 = VERTEX_POINT('',#2433);
#2433 = CARTESIAN_POINT('',(-11.,-1.,8.35));
#2434 = LINE('',#2435,#2436);
#2435 = CARTESIAN_POINT('',(2.020369672003E-13,-1.,8.35));
#2436 = VECTOR('',#2437,1.);
#2437 = DIRECTION('',(1.,-0.,0.));
#2438 = ORIENTED_EDGE('',*,*,#2439,.F.);
#2439 = EDGE_CURVE('',#2238,#2432,#2440,.T.);
#2440 = LINE('',#2441,#2442);
#2441 = CARTESIAN_POINT('',(-11.,-4.91727015418,8.35));
#2442 = VECTOR('',#2443,1.);
#2443 = DIRECTION('',(0.,-1.,1.364100204982E-16));
#2444 = ORIENTED_EDGE('',*,*,#2245,.T.);
#2445 = ORIENTED_EDGE('',*,*,#2446,.T.);
#2446 = EDGE_CURVE('',#2246,#2447,#2449,.T.);
#2447 = VERTEX_POINT('',#2448);
#2448 = CARTESIAN_POINT('',(-10.75,-20.,8.35));
#2449 = LINE('',#2450,#2451);
#2450 = CARTESIAN_POINT('',(-11.44841538983,0.,8.35));
#2451 = VECTOR('',#2452,1.);
#2452 = DIRECTION('',(3.489949670249E-02,-0.999390827019,0.));
#2453 = ORIENTED_EDGE('',*,*,#2454,.F.);
#2454 = EDGE_CURVE('',#2413,#2447,#2455,.T.);
#2455 = LINE('',#2456,#2457);
#2456 = CARTESIAN_POINT('',(10.75,-20.,8.35));
#2457 = VECTOR('',#2458,1.);
#2458 = DIRECTION('',(-1.,0.,0.));
#2459 = PLANE('',#2460);
#2460 = AXIS2_PLACEMENT_3D('',#2461,#2462,#2463);
#2461 = CARTESIAN_POINT('',(-4.208318705003E-17,-9.83454030836,8.35));
#2462 = DIRECTION('',(0.,1.364100204982E-16,1.));
#2463 = DIRECTION('',(0.,-1.,1.364100204982E-16));
#2464 = ADVANCED_FACE('',(#2465),#2483,.T.);
#2465 = FACE_BOUND('',#2466,.T.);
#2466 = EDGE_LOOP('',(#2467,#2468,#2469,#2477));
#2467 = ORIENTED_EDGE('',*,*,#2229,.F.);
#2468 = ORIENTED_EDGE('',*,*,#1239,.T.);
#2469 = ORIENTED_EDGE('',*,*,#2470,.T.);
#2470 = EDGE_CURVE('',#1232,#2471,#2473,.T.);
#2471 = VERTEX_POINT('',#2472);
#2472 = CARTESIAN_POINT('',(-11.,-1.,8.75));
#2473 = LINE('',#2474,#2475);
#2474 = CARTESIAN_POINT('',(5.5,-1.,8.75));
#2475 = VECTOR('',#2476,1.);
#2476 = DIRECTION('',(-1.,0.,0.));
#2477 = ORIENTED_EDGE('',*,*,#2478,.F.);
#2478 = EDGE_CURVE('',#2230,#2471,#2479,.T.);
#2479 = LINE('',#2480,#2481);
#2480 = CARTESIAN_POINT('',(-11.,1.942890293094E-15,8.75));
#2481 = VECTOR('',#2482,1.);
#2482 = DIRECTION('',(0.,-1.,2.22044604925E-16));
#2483 = PLANE('',#2484);
#2484 = AXIS2_PLACEMENT_3D('',#2485,#2486,#2487);
#2485 = CARTESIAN_POINT('',(11.,1.942890293094E-15,8.75));
#2486 = DIRECTION('',(0.,-2.22044604925E-16,-1.));
#2487 = DIRECTION('',(-1.,0.,0.));
#2488 = ADVANCED_FACE('',(#2489),#2500,.T.);
#2489 = FACE_BOUND('',#2490,.T.);
#2490 = EDGE_LOOP('',(#2491,#2492,#2498,#2499));
#2491 = ORIENTED_EDGE('',*,*,#2431,.F.);
#2492 = ORIENTED_EDGE('',*,*,#2493,.F.);
#2493 = EDGE_CURVE('',#2471,#2432,#2494,.T.);
#2494 = LINE('',#2495,#2496);
#2495 = CARTESIAN_POINT('',(-11.,-1.,3.159807504484));
#2496 = VECTOR('',#2497,1.);
#2497 = DIRECTION('',(0.,-2.840478894751E-16,-1.));
#2498 = ORIENTED_EDGE('',*,*,#2470,.F.);
#2499 = ORIENTED_EDGE('',*,*,#1231,.T.);
#2500 = PLANE('',#2501);
#2501 = AXIS2_PLACEMENT_3D('',#2502,#2503,#2504);
#2502 = CARTESIAN_POINT('',(4.041160175876E-13,-1.,-2.430384991033));
#2503 = DIRECTION('',(0.,1.,-2.840478894751E-16));
#2504 = DIRECTION('',(0.,2.840478894751E-16,1.));
#2505 = ADVANCED_FACE('',(#2506),#2509,.F.);
#2506 = FACE_BOUND('',#2507,.T.);
#2507 = EDGE_LOOP('',(#2508));
#2508 = ORIENTED_EDGE('',*,*,#1606,.T.);
#2509 = PLANE('',#2510);
#2510 = AXIS2_PLACEMENT_3D('',#2511,#2512,#2513);
#2511 = CARTESIAN_POINT('',(5.341563017732E-17,-25.,-4.290434448546));
#2512 = DIRECTION('',(0.,1.,-2.880029176977E-16));
#2513 = DIRECTION('',(0.,2.880029176977E-16,1.));
#2514 = ADVANCED_FACE('',(#2515,#2540),#2543,.T.);
#2515 = FACE_BOUND('',#2516,.T.);
#2516 = EDGE_LOOP('',(#2517,#2525,#2526,#2534));
#2517 = ORIENTED_EDGE('',*,*,#2518,.F.);
#2518 = EDGE_CURVE('',#2447,#2519,#2521,.T.);
#2519 = VERTEX_POINT('',#2520);
#2520 = CARTESIAN_POINT('',(-10.75,-20.,-12.85));
#2521 = LINE('',#2522,#2523);
#2522 = CARTESIAN_POINT('',(-10.75,-20.,8.35));
#2523 = VECTOR('',#2524,1.);
#2524 = DIRECTION('',(0.,-2.22044604925E-16,-1.));
#2525 = ORIENTED_EDGE('',*,*,#2454,.F.);
#2526 = ORIENTED_EDGE('',*,*,#2527,.F.);
#2527 = EDGE_CURVE('',#2528,#2413,#2530,.T.);
#2528 = VERTEX_POINT('',#2529);
#2529 = CARTESIAN_POINT('',(10.75,-20.,-12.85));
#2530 = LINE('',#2531,#2532);
#2531 = CARTESIAN_POINT('',(10.75,-20.,-12.85));
#2532 = VECTOR('',#2533,1.);
#2533 = DIRECTION('',(0.,2.22044604925E-16,1.));
#2534 = ORIENTED_EDGE('',*,*,#2535,.F.);
#2535 = EDGE_CURVE('',#2519,#2528,#2536,.T.);
#2536 = LINE('',#2537,#2538);
#2537 = CARTESIAN_POINT('',(-10.75,-20.,-12.85));
#2538 = VECTOR('',#2539,1.);
#2539 = DIRECTION('',(1.,0.,0.));
#2540 = FACE_BOUND('',#2541,.T.);
#2541 = EDGE_LOOP('',(#2542));
#2542 = ORIENTED_EDGE('',*,*,#1631,.F.);
#2543 = PLANE('',#2544);
#2544 = AXIS2_PLACEMENT_3D('',#2545,#2546,#2547);
#2545 = CARTESIAN_POINT('',(3.328069019954E-16,-20.,-2.25));
#2546 = DIRECTION('',(0.,1.,0.));
#2547 = DIRECTION('',(0.,0.,1.));
#2548 = ADVANCED_FACE('',(#2549),#2552,.F.);
#2549 = FACE_BOUND('',#2550,.T.);
#2550 = EDGE_LOOP('',(#2551));
#2551 = ORIENTED_EDGE('',*,*,#1656,.T.);
#2552 = PLANE('',#2553);
#2553 = AXIS2_PLACEMENT_3D('',#2554,#2555,#2556);
#2554 = CARTESIAN_POINT('',(5.341563017732E-17,-25.,-4.290434448546));
#2555 = DIRECTION('',(0.,1.,-2.880029176977E-16));
#2556 = DIRECTION('',(0.,2.880029176977E-16,1.));
#2557 = ADVANCED_FACE('',(#2558),#2561,.F.);
#2558 = FACE_BOUND('',#2559,.T.);
#2559 = EDGE_LOOP('',(#2560));
#2560 = ORIENTED_EDGE('',*,*,#1681,.T.);
#2561 = PLANE('',#2562);
#2562 = AXIS2_PLACEMENT_3D('',#2563,#2564,#2565);
#2563 = CARTESIAN_POINT('',(5.341563017732E-17,-25.,-4.290434448546));
#2564 = DIRECTION('',(0.,1.,-2.880029176977E-16));
#2565 = DIRECTION('',(0.,2.880029176977E-16,1.));
#2566 = ADVANCED_FACE('',(#2567,#2586,#2620,#2631),#2642,.T.);
#2567 = FACE_BOUND('',#2568,.T.);
#2568 = EDGE_LOOP('',(#2569,#2570,#2571,#2572,#2580));
#2569 = ORIENTED_EDGE('',*,*,#1781,.F.);
#2570 = ORIENTED_EDGE('',*,*,#1797,.T.);
#2571 = ORIENTED_EDGE('',*,*,#1846,.T.);
#2572 = ORIENTED_EDGE('',*,*,#2573,.T.);
#2573 = EDGE_CURVE('',#1839,#2574,#2576,.T.);
#2574 = VERTEX_POINT('',#2575);
#2575 = CARTESIAN_POINT('',(-13.8239,-2.,-13.5739));
#2576 = LINE('',#2577,#2578);
#2577 = CARTESIAN_POINT('',(-13.8239,-2.,2.885613302783));
#2578 = VECTOR('',#2579,1.);
#2579 = DIRECTION('',(0.,0.,-1.));
#2580 = ORIENTED_EDGE('',*,*,#2581,.F.);
#2581 = EDGE_CURVE('',#1774,#2574,#2582,.T.);
#2582 = LINE('',#2583,#2584);
#2583 = CARTESIAN_POINT('',(-13.8239,-22.,-13.5739));
#2584 = VECTOR('',#2585,1.);
#2585 = DIRECTION('',(0.,1.,-2.22044604925E-16));
#2586 = FACE_BOUND('',#2587,.T.);
#2587 = EDGE_LOOP('',(#2588,#2598,#2606,#2614));
#2588 = ORIENTED_EDGE('',*,*,#2589,.F.);
#2589 = EDGE_CURVE('',#2590,#2592,#2594,.T.);
#2590 = VERTEX_POINT('',#2591);
#2591 = CARTESIAN_POINT('',(-13.8239,-7.,-6.));
#2592 = VERTEX_POINT('',#2593);
#2593 = CARTESIAN_POINT('',(-13.8239,-13.,-6.));
#2594 = LINE('',#2595,#2596);
#2595 = CARTESIAN_POINT('',(-13.8239,-7.,-6.));
#2596 = VECTOR('',#2597,1.);
#2597 = DIRECTION('',(0.,-1.,2.22044604925E-16));
#2598 = ORIENTED_EDGE('',*,*,#2599,.T.);
#2599 = EDGE_CURVE('',#2590,#2600,#2602,.T.);
#2600 = VERTEX_POINT('',#2601);
#2601 = CARTESIAN_POINT('',(-13.8239,-7.,1.5));
#2602 = LINE('',#2603,#2604);
#2603 = CARTESIAN_POINT('',(-13.8239,-7.,-6.));
#2604 = VECTOR('',#2605,1.);
#2605 = DIRECTION('',(0.,2.22044604925E-16,1.));
#2606 = ORIENTED_EDGE('',*,*,#2607,.T.);
#2607 = EDGE_CURVE('',#2600,#2608,#2610,.T.);
#2608 = VERTEX_POINT('',#2609);
#2609 = CARTESIAN_POINT('',(-13.8239,-13.,1.5));
#2610 = LINE('',#2611,#2612);
#2611 = CARTESIAN_POINT('',(-13.8239,-7.,1.5));
#2612 = VECTOR('',#2613,1.);
#2613 = DIRECTION('',(0.,-1.,2.22044604925E-16));
#2614 = ORIENTED_EDGE('',*,*,#2615,.F.);
#2615 = EDGE_CURVE('',#2592,#2608,#2616,.T.);
#2616 = LINE('',#2617,#2618);
#2617 = CARTESIAN_POINT('',(-13.8239,-13.,-6.));
#2618 = VECTOR('',#2619,1.);
#2619 = DIRECTION('',(0.,2.22044604925E-16,1.));
#2620 = FACE_BOUND('',#2621,.T.);
#2621 = EDGE_LOOP('',(#2622));
#2622 = ORIENTED_EDGE('',*,*,#2623,.T.);
#2623 = EDGE_CURVE('',#2624,#2624,#2626,.T.);
#2624 = VERTEX_POINT('',#2625);
#2625 = CARTESIAN_POINT('',(-13.8239,-17.9,1.75));
#2626 = CIRCLE('',#2627,2.);
#2627 = AXIS2_PLACEMENT_3D('',#2628,#2629,#2630);
#2628 = CARTESIAN_POINT('',(-13.8239,-17.9,3.75));
#2629 = DIRECTION('',(1.,0.,2.22044604925E-16));
#2630 = DIRECTION('',(2.22044604925E-16,0.,-1.));
#2631 = FACE_BOUND('',#2632,.T.);
#2632 = EDGE_LOOP('',(#2633));
#2633 = ORIENTED_EDGE('',*,*,#2634,.T.);
#2634 = EDGE_CURVE('',#2635,#2635,#2637,.T.);
#2635 = VERTEX_POINT('',#2636);
#2636 = CARTESIAN_POINT('',(-13.8239,-17.9,-10.25));
#2637 = CIRCLE('',#2638,2.);
#2638 = AXIS2_PLACEMENT_3D('',#2639,#2640,#2641);
#2639 = CARTESIAN_POINT('',(-13.8239,-17.9,-8.25));
#2640 = DIRECTION('',(1.,0.,2.22044604925E-16));
#2641 = DIRECTION('',(2.22044604925E-16,0.,-1.));
#2642 = PLANE('',#2643);
#2643 = AXIS2_PLACEMENT_3D('',#2644,#2645,#2646);
#2644 = CARTESIAN_POINT('',(-13.8239,-22.,8.0739));
#2645 = DIRECTION('',(-1.,0.,0.));
#2646 = DIRECTION('',(0.,-2.22044604925E-16,-1.));
#2647 = ADVANCED_FACE('',(#2648),#2666,.T.);
#2648 = FACE_BOUND('',#2649,.T.);
#2649 = EDGE_LOOP('',(#2650,#2651,#2652,#2660));
#2650 = ORIENTED_EDGE('',*,*,#1773,.F.);
#2651 = ORIENTED_EDGE('',*,*,#2581,.T.);
#2652 = ORIENTED_EDGE('',*,*,#2653,.T.);
#2653 = EDGE_CURVE('',#2574,#2654,#2656,.T.);
#2654 = VERTEX_POINT('',#2655);
#2655 = CARTESIAN_POINT('',(-11.32390000002,-2.,-16.0739));
#2656 = LINE('',#2657,#2658);
#2657 = CARTESIAN_POINT('',(-13.18573165142,-2.,-14.21206834858));
#2658 = VECTOR('',#2659,1.);
#2659 = DIRECTION('',(0.707106781183,0.,-0.70710678119));
#2660 = ORIENTED_EDGE('',*,*,#2661,.F.);
#2661 = EDGE_CURVE('',#1766,#2654,#2662,.T.);
#2662 = LINE('',#2663,#2664);
#2663 = CARTESIAN_POINT('',(-11.32390000002,-22.,-16.0739));
#2664 = VECTOR('',#2665,1.);
#2665 = DIRECTION('',(0.,1.,-2.22044604925E-16));
#2666 = PLANE('',#2667);
#2667 = AXIS2_PLACEMENT_3D('',#2668,#2669,#2670);
#2668 = CARTESIAN_POINT('',(-13.8239,-22.,-13.5739));
#2669 = DIRECTION('',(-0.70710678119,-1.570092458677E-16,-0.707106781183
    ));
#2670 = DIRECTION('',(0.707106781183,-1.570092458691E-16,-0.70710678119)
  );
#2671 = ADVANCED_FACE('',(#2672),#2690,.T.);
#2672 = FACE_BOUND('',#2673,.T.);
#2673 = EDGE_LOOP('',(#2674,#2675,#2676,#2684));
#2674 = ORIENTED_EDGE('',*,*,#1765,.F.);
#2675 = ORIENTED_EDGE('',*,*,#2661,.T.);
#2676 = ORIENTED_EDGE('',*,*,#2677,.T.);
#2677 = EDGE_CURVE('',#2654,#2678,#2680,.T.);
#2678 = VERTEX_POINT('',#2679);
#2679 = CARTESIAN_POINT('',(11.323900000016,-2.,-16.0739));
#2680 = LINE('',#2681,#2682);
#2681 = CARTESIAN_POINT('',(-5.661950000011,-2.,-16.0739));
#2682 = VECTOR('',#2683,1.);
#2683 = DIRECTION('',(1.,0.,0.));
#2684 = ORIENTED_EDGE('',*,*,#2685,.F.);
#2685 = EDGE_CURVE('',#1758,#2678,#2686,.T.);
#2686 = LINE('',#2687,#2688);
#2687 = CARTESIAN_POINT('',(11.323900000016,-22.,-16.0739));
#2688 = VECTOR('',#2689,1.);
#2689 = DIRECTION('',(0.,1.,-2.22044604925E-16));
#2690 = PLANE('',#2691);
#2691 = AXIS2_PLACEMENT_3D('',#2692,#2693,#2694);
#2692 = CARTESIAN_POINT('',(-11.32390000002,-22.,-16.0739));
#2693 = DIRECTION('',(0.,-2.22044604925E-16,-1.));
#2694 = DIRECTION('',(1.,0.,0.));
#2695 = ADVANCED_FACE('',(#2696),#2714,.T.);
#2696 = FACE_BOUND('',#2697,.T.);
#2697 = EDGE_LOOP('',(#2698,#2699,#2700,#2708));
#2698 = ORIENTED_EDGE('',*,*,#1757,.F.);
#2699 = ORIENTED_EDGE('',*,*,#2685,.T.);
#2700 = ORIENTED_EDGE('',*,*,#2701,.T.);
#2701 = EDGE_CURVE('',#2678,#2702,#2704,.T.);
#2702 = VERTEX_POINT('',#2703);
#2703 = CARTESIAN_POINT('',(13.8239,-2.,-13.57390000001));
#2704 = LINE('',#2705,#2706);
#2705 = CARTESIAN_POINT('',(11.935731651406,-2.,-15.4620683486));
#2706 = VECTOR('',#2707,1.);
#2707 = DIRECTION('',(0.707106781186,0.,0.707106781187));
#2708 = ORIENTED_EDGE('',*,*,#2709,.F.);
#2709 = EDGE_CURVE('',#1750,#2702,#2710,.T.);
#2710 = LINE('',#2711,#2712);
#2711 = CARTESIAN_POINT('',(13.8239,-22.,-13.57390000001));
#2712 = VECTOR('',#2713,1.);
#2713 = DIRECTION('',(0.,1.,-2.22044604925E-16));
#2714 = PLANE('',#2715);
#2715 = AXIS2_PLACEMENT_3D('',#2716,#2717,#2718);
#2716 = CARTESIAN_POINT('',(11.323900000016,-22.,-16.0739));
#2717 = DIRECTION('',(0.707106781187,-1.570092458683E-16,-0.707106781186
    ));
#2718 = DIRECTION('',(0.707106781186,1.570092458684E-16,0.707106781187)
  );
#2719 = ADVANCED_FACE('',(#2720,#2732,#2766,#2777),#2788,.T.);
#2720 = FACE_BOUND('',#2721,.T.);
#2721 = EDGE_LOOP('',(#2722,#2723,#2724,#2730,#2731));
#2722 = ORIENTED_EDGE('',*,*,#1749,.F.);
#2723 = ORIENTED_EDGE('',*,*,#2709,.T.);
#2724 = ORIENTED_EDGE('',*,*,#2725,.T.);
#2725 = EDGE_CURVE('',#2702,#1863,#2726,.T.);
#2726 = LINE('',#2727,#2728);
#2727 = CARTESIAN_POINT('',(13.8239,-2.,-7.938286697224));
#2728 = VECTOR('',#2729,1.);
#2729 = DIRECTION('',(0.,0.,1.));
#2730 = ORIENTED_EDGE('',*,*,#1862,.F.);
#2731 = ORIENTED_EDGE('',*,*,#1813,.F.);
#2732 = FACE_BOUND('',#2733,.T.);
#2733 = EDGE_LOOP('',(#2734,#2744,#2752,#2760));
#2734 = ORIENTED_EDGE('',*,*,#2735,.F.);
#2735 = EDGE_CURVE('',#2736,#2738,#2740,.T.);
#2736 = VERTEX_POINT('',#2737);
#2737 = CARTESIAN_POINT('',(13.8239,-7.,-6.));
#2738 = VERTEX_POINT('',#2739);
#2739 = CARTESIAN_POINT('',(13.8239,-7.,1.5));
#2740 = LINE('',#2741,#2742);
#2741 = CARTESIAN_POINT('',(13.8239,-7.,-6.));
#2742 = VECTOR('',#2743,1.);
#2743 = DIRECTION('',(0.,2.22044604925E-16,1.));
#2744 = ORIENTED_EDGE('',*,*,#2745,.T.);
#2745 = EDGE_CURVE('',#2736,#2746,#2748,.T.);
#2746 = VERTEX_POINT('',#2747);
#2747 = CARTESIAN_POINT('',(13.8239,-13.,-6.));
#2748 = LINE('',#2749,#2750);
#2749 = CARTESIAN_POINT('',(13.8239,-7.,-6.));
#2750 = VECTOR('',#2751,1.);
#2751 = DIRECTION('',(0.,-1.,2.22044604925E-16));
#2752 = ORIENTED_EDGE('',*,*,#2753,.T.);
#2753 = EDGE_CURVE('',#2746,#2754,#2756,.T.);
#2754 = VERTEX_POINT('',#2755);
#2755 = CARTESIAN_POINT('',(13.8239,-13.,1.5));
#2756 = LINE('',#2757,#2758);
#2757 = CARTESIAN_POINT('',(13.8239,-13.,-6.));
#2758 = VECTOR('',#2759,1.);
#2759 = DIRECTION('',(0.,2.22044604925E-16,1.));
#2760 = ORIENTED_EDGE('',*,*,#2761,.F.);
#2761 = EDGE_CURVE('',#2738,#2754,#2762,.T.);
#2762 = LINE('',#2763,#2764);
#2763 = CARTESIAN_POINT('',(13.8239,-7.,1.5));
#2764 = VECTOR('',#2765,1.);
#2765 = DIRECTION('',(0.,-1.,2.22044604925E-16));
#2766 = FACE_BOUND('',#2767,.T.);
#2767 = EDGE_LOOP('',(#2768));
#2768 = ORIENTED_EDGE('',*,*,#2769,.T.);
#2769 = EDGE_CURVE('',#2770,#2770,#2772,.T.);
#2770 = VERTEX_POINT('',#2771);
#2771 = CARTESIAN_POINT('',(13.8239,-17.9,-6.25));
#2772 = CIRCLE('',#2773,2.);
#2773 = AXIS2_PLACEMENT_3D('',#2774,#2775,#2776);
#2774 = CARTESIAN_POINT('',(13.8239,-17.9,-8.25));
#2775 = DIRECTION('',(-1.,0.,2.22044604925E-16));
#2776 = DIRECTION('',(2.22044604925E-16,0.,1.));
#2777 = FACE_BOUND('',#2778,.T.);
#2778 = EDGE_LOOP('',(#2779));
#2779 = ORIENTED_EDGE('',*,*,#2780,.T.);
#2780 = EDGE_CURVE('',#2781,#2781,#2783,.T.);
#2781 = VERTEX_POINT('',#2782);
#2782 = CARTESIAN_POINT('',(13.8239,-17.9,5.75));
#2783 = CIRCLE('',#2784,2.);
#2784 = AXIS2_PLACEMENT_3D('',#2785,#2786,#2787);
#2785 = CARTESIAN_POINT('',(13.8239,-17.9,3.75));
#2786 = DIRECTION('',(-1.,0.,2.22044604925E-16));
#2787 = DIRECTION('',(2.22044604925E-16,0.,1.));
#2788 = PLANE('',#2789);
#2789 = AXIS2_PLACEMENT_3D('',#2790,#2791,#2792);
#2790 = CARTESIAN_POINT('',(13.8239,-22.,-13.57390000001));
#2791 = DIRECTION('',(1.,0.,0.));
#2792 = DIRECTION('',(0.,2.22044604925E-16,1.));
#2793 = ADVANCED_FACE('',(#2794,#2963,#2974,#2985,#2996),#3007,.F.);
#2794 = FACE_BOUND('',#2795,.F.);
#2795 = EDGE_LOOP('',(#2796,#2807,#2815,#2823,#2830,#2831,#2832,#2833,
    #2834,#2835,#2836,#2837,#2838,#2839,#2848,#2856,#2864,#2873,#2881,
    #2890,#2898,#2906,#2915,#2923,#2932,#2940,#2948,#2957));
#2796 = ORIENTED_EDGE('',*,*,#2797,.F.);
#2797 = EDGE_CURVE('',#2798,#2800,#2802,.T.);
#2798 = VERTEX_POINT('',#2799);
#2799 = CARTESIAN_POINT('',(-20.56998392357,-2.,5.627719253367));
#2800 = VERTEX_POINT('',#2801);
#2801 = CARTESIAN_POINT('',(-21.,-2.,2.66195));
#2802 = CIRCLE('',#2803,10.44228528025);
#2803 = AXIS2_PLACEMENT_3D('',#2804,#2805,#2806);
#2804 = CARTESIAN_POINT('',(-10.55771471975,-2.,2.66195));
#2805 = DIRECTION('',(0.,-1.,2.22044604925E-16));
#2806 = DIRECTION('',(1.,0.,0.));
#2807 = ORIENTED_EDGE('',*,*,#2808,.T.);
#2808 = EDGE_CURVE('',#2798,#2809,#2811,.T.);
#2809 = VERTEX_POINT('',#2810);
#2810 = CARTESIAN_POINT('',(-20.07795480324,-2.,9.967087148105));
#2811 = LINE('',#2812,#2813);
#2812 = CARTESIAN_POINT('',(-20.56998392357,-2.,5.627719253367));
#2813 = VECTOR('',#2814,1.);
#2814 = DIRECTION('',(0.11266534167,2.206308449252E-16,0.993632990991));
#2815 = ORIENTED_EDGE('',*,*,#2816,.T.);
#2816 = EDGE_CURVE('',#2809,#2817,#2819,.T.);
#2817 = VERTEX_POINT('',#2818);
#2818 = CARTESIAN_POINT('',(-16.01379379103,-2.,11.565461837585));
#2819 = LINE('',#2820,#2821);
#2820 = CARTESIAN_POINT('',(-20.07795480324,-2.,9.967087148105));
#2821 = VECTOR('',#2822,1.);
#2822 = DIRECTION('',(0.930615831704,8.126777143616E-17,0.365997505157)
  );
#2823 = ORIENTED_EDGE('',*,*,#2824,.F.);
#2824 = EDGE_CURVE('',#1920,#2817,#2825,.T.);
#2825 = CIRCLE('',#2826,10.44228528025);
#2826 = AXIS2_PLACEMENT_3D('',#2827,#2828,#2829);
#2827 = CARTESIAN_POINT('',(-10.55771471975,-2.,2.66195));
#2828 = DIRECTION('',(0.,-1.,2.22044604925E-16));
#2829 = DIRECTION('',(1.,0.,0.));
#2830 = ORIENTED_EDGE('',*,*,#1927,.F.);
#2831 = ORIENTED_EDGE('',*,*,#1838,.T.);
#2832 = ORIENTED_EDGE('',*,*,#2573,.T.);
#2833 = ORIENTED_EDGE('',*,*,#2653,.T.);
#2834 = ORIENTED_EDGE('',*,*,#2677,.T.);
#2835 = ORIENTED_EDGE('',*,*,#2701,.T.);
#2836 = ORIENTED_EDGE('',*,*,#2725,.T.);
#2837 = ORIENTED_EDGE('',*,*,#1870,.T.);
#2838 = ORIENTED_EDGE('',*,*,#1895,.F.);
#2839 = ORIENTED_EDGE('',*,*,#2840,.F.);
#2840 = EDGE_CURVE('',#2841,#1896,#2843,.T.);
#2841 = VERTEX_POINT('',#2842);
#2842 = CARTESIAN_POINT('',(16.013793791035,-2.,11.565461837585));
#2843 = CIRCLE('',#2844,10.44228528025);
#2844 = AXIS2_PLACEMENT_3D('',#2845,#2846,#2847);
#2845 = CARTESIAN_POINT('',(10.55771471975,-2.,2.66195));
#2846 = DIRECTION('',(0.,-1.,2.22044604925E-16));
#2847 = DIRECTION('',(1.,0.,0.));
#2848 = ORIENTED_EDGE('',*,*,#2849,.T.);
#2849 = EDGE_CURVE('',#2841,#2850,#2852,.T.);
#2850 = VERTEX_POINT('',#2851);
#2851 = CARTESIAN_POINT('',(20.077954803245,-2.,9.967087148105));
#2852 = LINE('',#2853,#2854);
#2853 = CARTESIAN_POINT('',(16.013793791035,-2.,11.565461837585));
#2854 = VECTOR('',#2855,1.);
#2855 = DIRECTION('',(0.930615831704,-8.126777143616E-17,-0.365997505157
    ));
#2856 = ORIENTED_EDGE('',*,*,#2857,.T.);
#2857 = EDGE_CURVE('',#2850,#2858,#2860,.T.);
#2858 = VERTEX_POINT('',#2859);
#2859 = CARTESIAN_POINT('',(20.569983923577,-2.,5.627719253367));
#2860 = LINE('',#2861,#2862);
#2861 = CARTESIAN_POINT('',(20.077954803245,-2.,9.967087148105));
#2862 = VECTOR('',#2863,1.);
#2863 = DIRECTION('',(0.11266534167,-2.206308449252E-16,-0.993632990991)
  );
#2864 = ORIENTED_EDGE('',*,*,#2865,.F.);
#2865 = EDGE_CURVE('',#2866,#2858,#2868,.T.);
#2866 = VERTEX_POINT('',#2867);
#2867 = CARTESIAN_POINT('',(21.,-2.,2.66195));
#2868 = CIRCLE('',#2869,10.44228528025);
#2869 = AXIS2_PLACEMENT_3D('',#2870,#2871,#2872);
#2870 = CARTESIAN_POINT('',(10.55771471975,-2.,2.66195));
#2871 = DIRECTION('',(0.,-1.,2.22044604925E-16));
#2872 = DIRECTION('',(1.,0.,0.));
#2873 = ORIENTED_EDGE('',*,*,#2874,.F.);
#2874 = EDGE_CURVE('',#2875,#2866,#2877,.T.);
#2875 = VERTEX_POINT('',#2876);
#2876 = CARTESIAN_POINT('',(21.,-2.,-7.33805));
#2877 = LINE('',#2878,#2879);
#2878 = CARTESIAN_POINT('',(21.,-2.,-7.33805));
#2879 = VECTOR('',#2880,1.);
#2880 = DIRECTION('',(0.,2.22044604925E-16,1.));
#2881 = ORIENTED_EDGE('',*,*,#2882,.F.);
#2882 = EDGE_CURVE('',#2883,#2875,#2885,.T.);
#2883 = VERTEX_POINT('',#2884);
#2884 = CARTESIAN_POINT('',(20.569983923577,-2.,-10.30381925336));
#2885 = CIRCLE('',#2886,10.44228528025);
#2886 = AXIS2_PLACEMENT_3D('',#2887,#2888,#2889);
#2887 = CARTESIAN_POINT('',(10.55771471975,-2.,-7.33805));
#2888 = DIRECTION('',(0.,-1.,2.22044604925E-16));
#2889 = DIRECTION('',(1.,0.,0.));
#2890 = ORIENTED_EDGE('',*,*,#2891,.F.);
#2891 = EDGE_CURVE('',#2892,#2883,#2894,.T.);
#2892 = VERTEX_POINT('',#2893);
#2893 = CARTESIAN_POINT('',(20.077954803245,-2.,-14.6431871481));
#2894 = LINE('',#2895,#2896);
#2895 = CARTESIAN_POINT('',(20.077954803245,-2.,-14.6431871481));
#2896 = VECTOR('',#2897,1.);
#2897 = DIRECTION('',(0.11266534167,2.206308449252E-16,0.993632990991));
#2898 = ORIENTED_EDGE('',*,*,#2899,.F.);
#2899 = EDGE_CURVE('',#2900,#2892,#2902,.T.);
#2900 = VERTEX_POINT('',#2901);
#2901 = CARTESIAN_POINT('',(16.013793791035,-2.,-16.24156183758));
#2902 = LINE('',#2903,#2904);
#2903 = CARTESIAN_POINT('',(16.013793791035,-2.,-16.24156183758));
#2904 = VECTOR('',#2905,1.);
#2905 = DIRECTION('',(0.930615831704,8.126777143616E-17,0.365997505157)
  );
#2906 = ORIENTED_EDGE('',*,*,#2907,.F.);
#2907 = EDGE_CURVE('',#2908,#2900,#2910,.T.);
#2908 = VERTEX_POINT('',#2909);
#2909 = CARTESIAN_POINT('',(16.,-2.,-16.25));
#2910 = CIRCLE('',#2911,10.44228528025);
#2911 = AXIS2_PLACEMENT_3D('',#2912,#2913,#2914);
#2912 = CARTESIAN_POINT('',(10.55771471975,-2.,-7.33805));
#2913 = DIRECTION('',(0.,-1.,2.22044604925E-16));
#2914 = DIRECTION('',(1.,0.,0.));
#2915 = ORIENTED_EDGE('',*,*,#2916,.F.);
#2916 = EDGE_CURVE('',#2917,#2908,#2919,.T.);
#2917 = VERTEX_POINT('',#2918);
#2918 = CARTESIAN_POINT('',(-16.,-2.,-16.25));
#2919 = LINE('',#2920,#2921);
#2920 = CARTESIAN_POINT('',(-16.,-2.,-16.25));
#2921 = VECTOR('',#2922,1.);
#2922 = DIRECTION('',(1.,0.,0.));
#2923 = ORIENTED_EDGE('',*,*,#2924,.F.);
#2924 = EDGE_CURVE('',#2925,#2917,#2927,.T.);
#2925 = VERTEX_POINT('',#2926);
#2926 = CARTESIAN_POINT('',(-16.01379379103,-2.,-16.24156183758));
#2927 = CIRCLE('',#2928,10.44228528025);
#2928 = AXIS2_PLACEMENT_3D('',#2929,#2930,#2931);
#2929 = CARTESIAN_POINT('',(-10.55771471975,-2.,-7.33805));
#2930 = DIRECTION('',(0.,-1.,2.22044604925E-16));
#2931 = DIRECTION('',(1.,0.,0.));
#2932 = ORIENTED_EDGE('',*,*,#2933,.F.);
#2933 = EDGE_CURVE('',#2934,#2925,#2936,.T.);
#2934 = VERTEX_POINT('',#2935);
#2935 = CARTESIAN_POINT('',(-20.07795480324,-2.,-14.6431871481));
#2936 = LINE('',#2937,#2938);
#2937 = CARTESIAN_POINT('',(-20.07795480324,-2.,-14.6431871481));
#2938 = VECTOR('',#2939,1.);
#2939 = DIRECTION('',(0.930615831704,-8.126777143616E-17,-0.365997505157
    ));
#2940 = ORIENTED_EDGE('',*,*,#2941,.F.);
#2941 = EDGE_CURVE('',#2942,#2934,#2944,.T.);
#2942 = VERTEX_POINT('',#2943);
#2943 = CARTESIAN_POINT('',(-20.56998392357,-2.,-10.30381925336));
#2944 = LINE('',#2945,#2946);
#2945 = CARTESIAN_POINT('',(-20.56998392357,-2.,-10.30381925336));
#2946 = VECTOR('',#2947,1.);
#2947 = DIRECTION('',(0.11266534167,-2.206308449252E-16,-0.993632990991)
  );
#2948 = ORIENTED_EDGE('',*,*,#2949,.F.);
#2949 = EDGE_CURVE('',#2950,#2942,#2952,.T.);
#2950 = VERTEX_POINT('',#2951);
#2951 = CARTESIAN_POINT('',(-21.,-2.,-7.33805));
#2952 = CIRCLE('',#2953,10.44228528025);
#2953 = AXIS2_PLACEMENT_3D('',#2954,#2955,#2956);
#2954 = CARTESIAN_POINT('',(-10.55771471975,-2.,-7.33805));
#2955 = DIRECTION('',(0.,-1.,2.22044604925E-16));
#2956 = DIRECTION('',(1.,0.,0.));
#2957 = ORIENTED_EDGE('',*,*,#2958,.F.);
#2958 = EDGE_CURVE('',#2800,#2950,#2959,.T.);
#2959 = LINE('',#2960,#2961);
#2960 = CARTESIAN_POINT('',(-21.,-2.,2.66195));
#2961 = VECTOR('',#2962,1.);
#2962 = DIRECTION('',(0.,-2.22044604925E-16,-1.));
#2963 = FACE_BOUND('',#2964,.F.);
#2964 = EDGE_LOOP('',(#2965));
#2965 = ORIENTED_EDGE('',*,*,#2966,.F.);
#2966 = EDGE_CURVE('',#2967,#2967,#2969,.T.);
#2967 = VERTEX_POINT('',#2968);
#2968 = CARTESIAN_POINT('',(-16.4,-2.,-12.3));
#2969 = CIRCLE('',#2970,1.1);
#2970 = AXIS2_PLACEMENT_3D('',#2971,#2972,#2973);
#2971 = CARTESIAN_POINT('',(-17.5,-2.,-12.3));
#2972 = DIRECTION('',(0.,1.,-2.22044604925E-16));
#2973 = DIRECTION('',(1.,0.,0.));
#2974 = FACE_BOUND('',#2975,.F.);
#2975 = EDGE_LOOP('',(#2976));
#2976 = ORIENTED_EDGE('',*,*,#2977,.F.);
#2977 = EDGE_CURVE('',#2978,#2978,#2980,.T.);
#2978 = VERTEX_POINT('',#2979);
#2979 = CARTESIAN_POINT('',(-16.4,-2.,8.1));
#2980 = CIRCLE('',#2981,1.1);
#2981 = AXIS2_PLACEMENT_3D('',#2982,#2983,#2984);
#2982 = CARTESIAN_POINT('',(-17.5,-2.,8.1));
#2983 = DIRECTION('',(0.,1.,-2.22044604925E-16));
#2984 = DIRECTION('',(1.,0.,0.));
#2985 = FACE_BOUND('',#2986,.F.);
#2986 = EDGE_LOOP('',(#2987));
#2987 = ORIENTED_EDGE('',*,*,#2988,.F.);
#2988 = EDGE_CURVE('',#2989,#2989,#2991,.T.);
#2989 = VERTEX_POINT('',#2990);
#2990 = CARTESIAN_POINT('',(18.6,-2.,-12.3));
#2991 = CIRCLE('',#2992,1.1);
#2992 = AXIS2_PLACEMENT_3D('',#2993,#2994,#2995);
#2993 = CARTESIAN_POINT('',(17.5,-2.,-12.3));
#2994 = DIRECTION('',(0.,1.,-2.22044604925E-16));
#2995 = DIRECTION('',(1.,0.,0.));
#2996 = FACE_BOUND('',#2997,.F.);
#2997 = EDGE_LOOP('',(#2998));
#2998 = ORIENTED_EDGE('',*,*,#2999,.F.);
#2999 = EDGE_CURVE('',#3000,#3000,#3002,.T.);
#3000 = VERTEX_POINT('',#3001);
#3001 = CARTESIAN_POINT('',(18.6,-2.,8.1));
#3002 = CIRCLE('',#3003,1.1);
#3003 = AXIS2_PLACEMENT_3D('',#3004,#3005,#3006);
#3004 = CARTESIAN_POINT('',(17.5,-2.,8.1));
#3005 = DIRECTION('',(0.,1.,-2.22044604925E-16));
#3006 = DIRECTION('',(1.,0.,0.));
#3007 = PLANE('',#3008);
#3008 = AXIS2_PLACEMENT_3D('',#3009,#3010,#3011);
#3009 = CARTESIAN_POINT('',(2.332508425317E-13,-2.,-2.302673394434));
#3010 = DIRECTION('',(0.,1.,0.));
#3011 = DIRECTION('',(0.,0.,1.));
#3012 = ADVANCED_FACE('',(#3013),#3024,.T.);
#3013 = FACE_BOUND('',#3014,.F.);
#3014 = EDGE_LOOP('',(#3015,#3021,#3022,#3023));
#3015 = ORIENTED_EDGE('',*,*,#3016,.T.);
#3016 = EDGE_CURVE('',#2082,#2841,#3017,.T.);
#3017 = LINE('',#3018,#3019);
#3018 = CARTESIAN_POINT('',(16.013793791035,2.568048404502E-15,
    11.565461837585));
#3019 = VECTOR('',#3020,1.);
#3020 = DIRECTION('',(0.,-1.,2.22044604925E-16));
#3021 = ORIENTED_EDGE('',*,*,#2840,.T.);
#3022 = ORIENTED_EDGE('',*,*,#1903,.F.);
#3023 = ORIENTED_EDGE('',*,*,#2081,.F.);
#3024 = CYLINDRICAL_SURFACE('',#3025,10.44228528025);
#3025 = AXIS2_PLACEMENT_3D('',#3026,#3027,#3028);
#3026 = CARTESIAN_POINT('',(10.55771471975,5.910716360802E-16,2.66195));
#3027 = DIRECTION('',(0.,1.,-2.22044604925E-16));
#3028 = DIRECTION('',(1.,0.,0.));
#3029 = ADVANCED_FACE('',(#3030),#3041,.T.);
#3030 = FACE_BOUND('',#3031,.F.);
#3031 = EDGE_LOOP('',(#3032,#3033,#3034,#3040));
#3032 = ORIENTED_EDGE('',*,*,#1919,.T.);
#3033 = ORIENTED_EDGE('',*,*,#2824,.T.);
#3034 = ORIENTED_EDGE('',*,*,#3035,.F.);
#3035 = EDGE_CURVE('',#2066,#2817,#3036,.T.);
#3036 = LINE('',#3037,#3038);
#3037 = CARTESIAN_POINT('',(-16.01379379103,2.568048404502E-15,
    11.565461837585));
#3038 = VECTOR('',#3039,1.);
#3039 = DIRECTION('',(0.,-1.,2.22044604925E-16));
#3040 = ORIENTED_EDGE('',*,*,#2073,.F.);
#3041 = CYLINDRICAL_SURFACE('',#3042,10.44228528025);
#3042 = AXIS2_PLACEMENT_3D('',#3043,#3044,#3045);
#3043 = CARTESIAN_POINT('',(-10.55771471975,5.910716360802E-16,2.66195)
  );
#3044 = DIRECTION('',(0.,1.,-2.22044604925E-16));
#3045 = DIRECTION('',(1.,0.,0.));
#3046 = ADVANCED_FACE('',(#3047),#3063,.T.);
#3047 = FACE_BOUND('',#3048,.F.);
#3048 = EDGE_LOOP('',(#3049,#3055,#3056,#3062));
#3049 = ORIENTED_EDGE('',*,*,#3050,.T.);
#3050 = EDGE_CURVE('',#2047,#2798,#3051,.T.);
#3051 = LINE('',#3052,#3053);
#3052 = CARTESIAN_POINT('',(-20.56998392357,1.249604698243E-15,
    5.627719253367));
#3053 = VECTOR('',#3054,1.);
#3054 = DIRECTION('',(0.,-1.,2.22044604925E-16));
#3055 = ORIENTED_EDGE('',*,*,#2797,.T.);
#3056 = ORIENTED_EDGE('',*,*,#3057,.F.);
#3057 = EDGE_CURVE('',#2049,#2800,#3058,.T.);
#3058 = LINE('',#3059,#3060);
#3059 = CARTESIAN_POINT('',(-21.,5.910716360802E-16,2.66195));
#3060 = VECTOR('',#3061,1.);
#3061 = DIRECTION('',(0.,-1.,2.22044604925E-16));
#3062 = ORIENTED_EDGE('',*,*,#2046,.F.);
#3063 = CYLINDRICAL_SURFACE('',#3064,10.44228528025);
#3064 = AXIS2_PLACEMENT_3D('',#3065,#3066,#3067);
#3065 = CARTESIAN_POINT('',(-10.55771471975,5.910716360802E-16,2.66195)
  );
#3066 = DIRECTION('',(0.,1.,-2.22044604925E-16));
#3067 = DIRECTION('',(1.,0.,0.));
#3068 = ADVANCED_FACE('',(#3069),#3080,.T.);
#3069 = FACE_BOUND('',#3070,.T.);
#3070 = EDGE_LOOP('',(#3071,#3072,#3073,#3079));
#3071 = ORIENTED_EDGE('',*,*,#3050,.T.);
#3072 = ORIENTED_EDGE('',*,*,#2808,.T.);
#3073 = ORIENTED_EDGE('',*,*,#3074,.F.);
#3074 = EDGE_CURVE('',#2058,#2809,#3075,.T.);
#3075 = LINE('',#3076,#3077);
#3076 = CARTESIAN_POINT('',(-20.07795480324,2.213137928054E-15,
    9.967087148105));
#3077 = VECTOR('',#3078,1.);
#3078 = DIRECTION('',(0.,-1.,2.22044604925E-16));
#3079 = ORIENTED_EDGE('',*,*,#2057,.F.);
#3080 = PLANE('',#3081);
#3081 = AXIS2_PLACEMENT_3D('',#3082,#3083,#3084);
#3082 = CARTESIAN_POINT('',(-20.56998392357,1.249604698243E-15,
    5.627719253367));
#3083 = DIRECTION('',(-0.993632990991,2.501673127978E-17,0.11266534167)
  );
#3084 = DIRECTION('',(0.11266534167,2.206308449252E-16,0.993632990991));
#3085 = ADVANCED_FACE('',(#3086),#3097,.F.);
#3086 = FACE_BOUND('',#3087,.F.);
#3087 = EDGE_LOOP('',(#3088,#3089,#3090,#3096));
#3088 = ORIENTED_EDGE('',*,*,#3057,.T.);
#3089 = ORIENTED_EDGE('',*,*,#2958,.T.);
#3090 = ORIENTED_EDGE('',*,*,#3091,.F.);
#3091 = EDGE_CURVE('',#2191,#2950,#3092,.T.);
#3092 = LINE('',#3093,#3094);
#3093 = CARTESIAN_POINT('',(-21.,-1.62937441317E-15,-7.33805));
#3094 = VECTOR('',#3095,1.);
#3095 = DIRECTION('',(0.,-1.,2.22044604925E-16));
#3096 = ORIENTED_EDGE('',*,*,#2199,.F.);
#3097 = PLANE('',#3098);
#3098 = AXIS2_PLACEMENT_3D('',#3099,#3100,#3101);
#3099 = CARTESIAN_POINT('',(-21.,5.910716360802E-16,2.66195));
#3100 = DIRECTION('',(1.,0.,0.));
#3101 = DIRECTION('',(0.,-2.22044604925E-16,-1.));
#3102 = ADVANCED_FACE('',(#3103),#3109,.T.);
#3103 = FACE_BOUND('',#3104,.T.);
#3104 = EDGE_LOOP('',(#3105,#3106,#3107,#3108));
#3105 = ORIENTED_EDGE('',*,*,#3074,.T.);
#3106 = ORIENTED_EDGE('',*,*,#2816,.T.);
#3107 = ORIENTED_EDGE('',*,*,#3035,.F.);
#3108 = ORIENTED_EDGE('',*,*,#2065,.F.);
#3109 = PLANE('',#3110);
#3110 = AXIS2_PLACEMENT_3D('',#3111,#3112,#3113);
#3111 = CARTESIAN_POINT('',(-20.07795480324,2.213137928054E-15,
    9.967087148105));
#3112 = DIRECTION('',(-0.365997505157,2.066382246878E-16,0.930615831704)
  );
#3113 = DIRECTION('',(0.930615831704,8.126777143616E-17,0.365997505157)
  );
#3114 = ADVANCED_FACE('',(#3115),#3126,.T.);
#3115 = FACE_BOUND('',#3116,.F.);
#3116 = EDGE_LOOP('',(#3117,#3118,#3119,#3125));
#3117 = ORIENTED_EDGE('',*,*,#3091,.T.);
#3118 = ORIENTED_EDGE('',*,*,#2949,.T.);
#3119 = ORIENTED_EDGE('',*,*,#3120,.F.);
#3120 = EDGE_CURVE('',#2183,#2942,#3121,.T.);
#3121 = LINE('',#3122,#3123);
#3122 = CARTESIAN_POINT('',(-20.56998392357,-2.287907475333E-15,
    -10.30381925336));
#3123 = VECTOR('',#3124,1.);
#3124 = DIRECTION('',(0.,-1.,2.22044604925E-16));
#3125 = ORIENTED_EDGE('',*,*,#2190,.F.);
#3126 = CYLINDRICAL_SURFACE('',#3127,10.44228528025);
#3127 = AXIS2_PLACEMENT_3D('',#3128,#3129,#3130);
#3128 = CARTESIAN_POINT('',(-10.55771471975,-1.62937441317E-15,-7.33805)
  );
#3129 = DIRECTION('',(0.,1.,-2.22044604925E-16));
#3130 = DIRECTION('',(1.,0.,0.));
#3131 = ADVANCED_FACE('',(#3132),#3143,.F.);
#3132 = FACE_BOUND('',#3133,.F.);
#3133 = EDGE_LOOP('',(#3134,#3135,#3136,#3142));
#3134 = ORIENTED_EDGE('',*,*,#3120,.T.);
#3135 = ORIENTED_EDGE('',*,*,#2941,.T.);
#3136 = ORIENTED_EDGE('',*,*,#3137,.F.);
#3137 = EDGE_CURVE('',#2175,#2934,#3138,.T.);
#3138 = LINE('',#3139,#3140);
#3139 = CARTESIAN_POINT('',(-20.07795480324,-3.251440705144E-15,
    -14.6431871481));
#3140 = VECTOR('',#3141,1.);
#3141 = DIRECTION('',(0.,-1.,2.22044604925E-16));
#3142 = ORIENTED_EDGE('',*,*,#2182,.F.);
#3143 = PLANE('',#3144);
#3144 = AXIS2_PLACEMENT_3D('',#3145,#3146,#3147);
#3145 = CARTESIAN_POINT('',(-20.56998392357,-2.287907475333E-15,
    -10.30381925336));
#3146 = DIRECTION('',(0.993632990991,2.501673127978E-17,0.11266534167));
#3147 = DIRECTION('',(0.11266534167,-2.206308449252E-16,-0.993632990991)
  );
#3148 = ADVANCED_FACE('',(#3149),#3160,.F.);
#3149 = FACE_BOUND('',#3150,.F.);
#3150 = EDGE_LOOP('',(#3151,#3152,#3153,#3159));
#3151 = ORIENTED_EDGE('',*,*,#3137,.T.);
#3152 = ORIENTED_EDGE('',*,*,#2933,.T.);
#3153 = ORIENTED_EDGE('',*,*,#3154,.F.);
#3154 = EDGE_CURVE('',#2166,#2925,#3155,.T.);
#3155 = LINE('',#3156,#3157);
#3156 = CARTESIAN_POINT('',(-16.01379379103,-3.606351181592E-15,
    -16.24156183758));
#3157 = VECTOR('',#3158,1.);
#3158 = DIRECTION('',(0.,-1.,2.22044604925E-16));
#3159 = ORIENTED_EDGE('',*,*,#2174,.F.);
#3160 = PLANE('',#3161);
#3161 = AXIS2_PLACEMENT_3D('',#3162,#3163,#3164);
#3162 = CARTESIAN_POINT('',(-20.07795480324,-3.251440705144E-15,
    -14.6431871481));
#3163 = DIRECTION('',(0.365997505157,2.066382246878E-16,0.930615831704)
  );
#3164 = DIRECTION('',(0.930615831704,-8.126777143616E-17,-0.365997505157
    ));
#3165 = ADVANCED_FACE('',(#3166),#3177,.T.);
#3166 = FACE_BOUND('',#3167,.F.);
#3167 = EDGE_LOOP('',(#3168,#3169,#3170,#3176));
#3168 = ORIENTED_EDGE('',*,*,#3154,.T.);
#3169 = ORIENTED_EDGE('',*,*,#2924,.T.);
#3170 = ORIENTED_EDGE('',*,*,#3171,.F.);
#3171 = EDGE_CURVE('',#2158,#2917,#3172,.T.);
#3172 = LINE('',#3173,#3174);
#3173 = CARTESIAN_POINT('',(-16.,-3.608224830032E-15,-16.25));
#3174 = VECTOR('',#3175,1.);
#3175 = DIRECTION('',(0.,-1.,2.22044604925E-16));
#3176 = ORIENTED_EDGE('',*,*,#2165,.F.);
#3177 = CYLINDRICAL_SURFACE('',#3178,10.44228528025);
#3178 = AXIS2_PLACEMENT_3D('',#3179,#3180,#3181);
#3179 = CARTESIAN_POINT('',(-10.55771471975,-1.62937441317E-15,-7.33805)
  );
#3180 = DIRECTION('',(0.,1.,-2.22044604925E-16));
#3181 = DIRECTION('',(1.,0.,0.));
#3182 = ADVANCED_FACE('',(#3183),#3194,.T.);
#3183 = FACE_BOUND('',#3184,.T.);
#3184 = EDGE_LOOP('',(#3185,#3186,#3187,#3193));
#3185 = ORIENTED_EDGE('',*,*,#3016,.T.);
#3186 = ORIENTED_EDGE('',*,*,#2849,.T.);
#3187 = ORIENTED_EDGE('',*,*,#3188,.F.);
#3188 = EDGE_CURVE('',#2091,#2850,#3189,.T.);
#3189 = LINE('',#3190,#3191);
#3190 = CARTESIAN_POINT('',(20.077954803245,2.213137928054E-15,
    9.967087148105));
#3191 = VECTOR('',#3192,1.);
#3192 = DIRECTION('',(0.,-1.,2.22044604925E-16));
#3193 = ORIENTED_EDGE('',*,*,#2090,.F.);
#3194 = PLANE('',#3195);
#3195 = AXIS2_PLACEMENT_3D('',#3196,#3197,#3198);
#3196 = CARTESIAN_POINT('',(16.013793791035,2.568048404502E-15,
    11.565461837585));
#3197 = DIRECTION('',(0.365997505157,2.066382246878E-16,0.930615831704)
  );
#3198 = DIRECTION('',(0.930615831704,-8.126777143616E-17,-0.365997505157
    ));
#3199 = ADVANCED_FACE('',(#3200),#3211,.F.);
#3200 = FACE_BOUND('',#3201,.F.);
#3201 = EDGE_LOOP('',(#3202,#3203,#3204,#3210));
#3202 = ORIENTED_EDGE('',*,*,#3171,.T.);
#3203 = ORIENTED_EDGE('',*,*,#2916,.T.);
#3204 = ORIENTED_EDGE('',*,*,#3205,.F.);
#3205 = EDGE_CURVE('',#2149,#2908,#3206,.T.);
#3206 = LINE('',#3207,#3208);
#3207 = CARTESIAN_POINT('',(16.,-3.608224830032E-15,-16.25));
#3208 = VECTOR('',#3209,1.);
#3209 = DIRECTION('',(0.,-1.,2.22044604925E-16));
#3210 = ORIENTED_EDGE('',*,*,#2157,.F.);
#3211 = PLANE('',#3212);
#3212 = AXIS2_PLACEMENT_3D('',#3213,#3214,#3215);
#3213 = CARTESIAN_POINT('',(-16.,-3.608224830032E-15,-16.25));
#3214 = DIRECTION('',(0.,2.22044604925E-16,1.));
#3215 = DIRECTION('',(1.,0.,0.));
#3216 = ADVANCED_FACE('',(#3217),#3228,.T.);
#3217 = FACE_BOUND('',#3218,.T.);
#3218 = EDGE_LOOP('',(#3219,#3220,#3221,#3227));
#3219 = ORIENTED_EDGE('',*,*,#3188,.T.);
#3220 = ORIENTED_EDGE('',*,*,#2857,.T.);
#3221 = ORIENTED_EDGE('',*,*,#3222,.F.);
#3222 = EDGE_CURVE('',#2099,#2858,#3223,.T.);
#3223 = LINE('',#3224,#3225);
#3224 = CARTESIAN_POINT('',(20.569983923577,1.249604698243E-15,
    5.627719253367));
#3225 = VECTOR('',#3226,1.);
#3226 = DIRECTION('',(0.,-1.,2.22044604925E-16));
#3227 = ORIENTED_EDGE('',*,*,#2098,.F.);
#3228 = PLANE('',#3229);
#3229 = AXIS2_PLACEMENT_3D('',#3230,#3231,#3232);
#3230 = CARTESIAN_POINT('',(20.077954803245,2.213137928054E-15,
    9.967087148105));
#3231 = DIRECTION('',(0.993632990991,2.501673127978E-17,0.11266534167));
#3232 = DIRECTION('',(0.11266534167,-2.206308449252E-16,-0.993632990991)
  );
#3233 = ADVANCED_FACE('',(#3234),#3245,.T.);
#3234 = FACE_BOUND('',#3235,.F.);
#3235 = EDGE_LOOP('',(#3236,#3237,#3238,#3244));
#3236 = ORIENTED_EDGE('',*,*,#3205,.T.);
#3237 = ORIENTED_EDGE('',*,*,#2907,.T.);
#3238 = ORIENTED_EDGE('',*,*,#3239,.F.);
#3239 = EDGE_CURVE('',#2141,#2900,#3240,.T.);
#3240 = LINE('',#3241,#3242);
#3241 = CARTESIAN_POINT('',(16.013793791035,-3.606351181592E-15,
    -16.24156183758));
#3242 = VECTOR('',#3243,1.);
#3243 = DIRECTION('',(0.,-1.,2.22044604925E-16));
#3244 = ORIENTED_EDGE('',*,*,#2148,.F.);
#3245 = CYLINDRICAL_SURFACE('',#3246,10.44228528025);
#3246 = AXIS2_PLACEMENT_3D('',#3247,#3248,#3249);
#3247 = CARTESIAN_POINT('',(10.55771471975,-1.62937441317E-15,-7.33805)
  );
#3248 = DIRECTION('',(0.,1.,-2.22044604925E-16));
#3249 = DIRECTION('',(1.,0.,0.));
#3250 = ADVANCED_FACE('',(#3251),#3262,.T.);
#3251 = FACE_BOUND('',#3252,.F.);
#3252 = EDGE_LOOP('',(#3253,#3259,#3260,#3261));
#3253 = ORIENTED_EDGE('',*,*,#3254,.T.);
#3254 = EDGE_CURVE('',#2107,#2866,#3255,.T.);
#3255 = LINE('',#3256,#3257);
#3256 = CARTESIAN_POINT('',(21.,5.910716360802E-16,2.66195));
#3257 = VECTOR('',#3258,1.);
#3258 = DIRECTION('',(0.,-1.,2.22044604925E-16));
#3259 = ORIENTED_EDGE('',*,*,#2865,.T.);
#3260 = ORIENTED_EDGE('',*,*,#3222,.F.);
#3261 = ORIENTED_EDGE('',*,*,#2106,.F.);
#3262 = CYLINDRICAL_SURFACE('',#3263,10.44228528025);
#3263 = AXIS2_PLACEMENT_3D('',#3264,#3265,#3266);
#3264 = CARTESIAN_POINT('',(10.55771471975,5.910716360802E-16,2.66195));
#3265 = DIRECTION('',(0.,1.,-2.22044604925E-16));
#3266 = DIRECTION('',(1.,0.,0.));
#3267 = ADVANCED_FACE('',(#3268),#3279,.F.);
#3268 = FACE_BOUND('',#3269,.F.);
#3269 = EDGE_LOOP('',(#3270,#3271,#3272,#3278));
#3270 = ORIENTED_EDGE('',*,*,#3239,.T.);
#3271 = ORIENTED_EDGE('',*,*,#2899,.T.);
#3272 = ORIENTED_EDGE('',*,*,#3273,.F.);
#3273 = EDGE_CURVE('',#2133,#2892,#3274,.T.);
#3274 = LINE('',#3275,#3276);
#3275 = CARTESIAN_POINT('',(20.077954803245,-3.251440705144E-15,
    -14.6431871481));
#3276 = VECTOR('',#3277,1.);
#3277 = DIRECTION('',(0.,-1.,2.22044604925E-16));
#3278 = ORIENTED_EDGE('',*,*,#2140,.F.);
#3279 = PLANE('',#3280);
#3280 = AXIS2_PLACEMENT_3D('',#3281,#3282,#3283);
#3281 = CARTESIAN_POINT('',(16.013793791035,-3.606351181592E-15,
    -16.24156183758));
#3282 = DIRECTION('',(-0.365997505157,2.066382246878E-16,0.930615831704)
  );
#3283 = DIRECTION('',(0.930615831704,8.126777143616E-17,0.365997505157)
  );
#3284 = ADVANCED_FACE('',(#3285),#3296,.F.);
#3285 = FACE_BOUND('',#3286,.F.);
#3286 = EDGE_LOOP('',(#3287,#3293,#3294,#3295));
#3287 = ORIENTED_EDGE('',*,*,#3288,.T.);
#3288 = EDGE_CURVE('',#2116,#2875,#3289,.T.);
#3289 = LINE('',#3290,#3291);
#3290 = CARTESIAN_POINT('',(21.,-1.62937441317E-15,-7.33805));
#3291 = VECTOR('',#3292,1.);
#3292 = DIRECTION('',(0.,-1.,2.22044604925E-16));
#3293 = ORIENTED_EDGE('',*,*,#2874,.T.);
#3294 = ORIENTED_EDGE('',*,*,#3254,.F.);
#3295 = ORIENTED_EDGE('',*,*,#2115,.F.);
#3296 = PLANE('',#3297);
#3297 = AXIS2_PLACEMENT_3D('',#3298,#3299,#3300);
#3298 = CARTESIAN_POINT('',(21.,-1.62937441317E-15,-7.33805));
#3299 = DIRECTION('',(-1.,0.,0.));
#3300 = DIRECTION('',(0.,2.22044604925E-16,1.));
#3301 = ADVANCED_FACE('',(#3302),#3313,.F.);
#3302 = FACE_BOUND('',#3303,.F.);
#3303 = EDGE_LOOP('',(#3304,#3305,#3306,#3312));
#3304 = ORIENTED_EDGE('',*,*,#3273,.T.);
#3305 = ORIENTED_EDGE('',*,*,#2891,.T.);
#3306 = ORIENTED_EDGE('',*,*,#3307,.F.);
#3307 = EDGE_CURVE('',#2124,#2883,#3308,.T.);
#3308 = LINE('',#3309,#3310);
#3309 = CARTESIAN_POINT('',(20.569983923577,-2.287907475333E-15,
    -10.30381925336));
#3310 = VECTOR('',#3311,1.);
#3311 = DIRECTION('',(0.,-1.,2.22044604925E-16));
#3312 = ORIENTED_EDGE('',*,*,#2132,.F.);
#3313 = PLANE('',#3314);
#3314 = AXIS2_PLACEMENT_3D('',#3315,#3316,#3317);
#3315 = CARTESIAN_POINT('',(20.077954803245,-3.251440705144E-15,
    -14.6431871481));
#3316 = DIRECTION('',(-0.993632990991,2.501673127978E-17,0.11266534167)
  );
#3317 = DIRECTION('',(0.11266534167,2.206308449252E-16,0.993632990991));
#3318 = ADVANCED_FACE('',(#3319),#3325,.T.);
#3319 = FACE_BOUND('',#3320,.F.);
#3320 = EDGE_LOOP('',(#3321,#3322,#3323,#3324));
#3321 = ORIENTED_EDGE('',*,*,#3307,.T.);
#3322 = ORIENTED_EDGE('',*,*,#2882,.T.);
#3323 = ORIENTED_EDGE('',*,*,#3288,.F.);
#3324 = ORIENTED_EDGE('',*,*,#2123,.F.);
#3325 = CYLINDRICAL_SURFACE('',#3326,10.44228528025);
#3326 = AXIS2_PLACEMENT_3D('',#3327,#3328,#3329);
#3327 = CARTESIAN_POINT('',(10.55771471975,-1.62937441317E-15,-7.33805)
  );
#3328 = DIRECTION('',(0.,1.,-2.22044604925E-16));
#3329 = DIRECTION('',(1.,0.,0.));
#3330 = ADVANCED_FACE('',(#3331),#3342,.F.);
#3331 = FACE_BOUND('',#3332,.T.);
#3332 = EDGE_LOOP('',(#3333,#3334,#3340,#3341));
#3333 = ORIENTED_EDGE('',*,*,#2207,.F.);
#3334 = ORIENTED_EDGE('',*,*,#3335,.T.);
#3335 = EDGE_CURVE('',#2208,#2967,#3336,.T.);
#3336 = LINE('',#3337,#3338);
#3337 = CARTESIAN_POINT('',(-16.4,-2.731148640578E-15,-12.3));
#3338 = VECTOR('',#3339,1.);
#3339 = DIRECTION('',(0.,-1.,2.22044604925E-16));
#3340 = ORIENTED_EDGE('',*,*,#2966,.F.);
#3341 = ORIENTED_EDGE('',*,*,#3335,.F.);
#3342 = CYLINDRICAL_SURFACE('',#3343,1.1);
#3343 = AXIS2_PLACEMENT_3D('',#3344,#3345,#3346);
#3344 = CARTESIAN_POINT('',(-17.5,-2.731148640578E-15,-12.3));
#3345 = DIRECTION('',(0.,1.,-2.22044604925E-16));
#3346 = DIRECTION('',(1.,0.,0.));
#3347 = ADVANCED_FACE('',(#3348),#3359,.F.);
#3348 = FACE_BOUND('',#3349,.T.);
#3349 = EDGE_LOOP('',(#3350,#3351,#3357,#3358));
#3350 = ORIENTED_EDGE('',*,*,#2218,.F.);
#3351 = ORIENTED_EDGE('',*,*,#3352,.T.);
#3352 = EDGE_CURVE('',#2219,#2978,#3353,.T.);
#3353 = LINE('',#3354,#3355);
#3354 = CARTESIAN_POINT('',(-16.4,1.798561299893E-15,8.1));
#3355 = VECTOR('',#3356,1.);
#3356 = DIRECTION('',(0.,-1.,2.22044604925E-16));
#3357 = ORIENTED_EDGE('',*,*,#2977,.F.);
#3358 = ORIENTED_EDGE('',*,*,#3352,.F.);
#3359 = CYLINDRICAL_SURFACE('',#3360,1.1);
#3360 = AXIS2_PLACEMENT_3D('',#3361,#3362,#3363);
#3361 = CARTESIAN_POINT('',(-17.5,1.798561299893E-15,8.1));
#3362 = DIRECTION('',(0.,1.,-2.22044604925E-16));
#3363 = DIRECTION('',(1.,0.,0.));
#3364 = ADVANCED_FACE('',(#3365),#3371,.T.);
#3365 = FACE_BOUND('',#3366,.T.);
#3366 = EDGE_LOOP('',(#3367,#3368,#3369,#3370));
#3367 = ORIENTED_EDGE('',*,*,#2317,.F.);
#3368 = ORIENTED_EDGE('',*,*,#2421,.F.);
#3369 = ORIENTED_EDGE('',*,*,#2388,.T.);
#3370 = ORIENTED_EDGE('',*,*,#2365,.F.);
#3371 = PLANE('',#3372);
#3372 = AXIS2_PLACEMENT_3D('',#3373,#3374,#3375);
#3373 = CARTESIAN_POINT('',(11.,-2.942091015257E-15,-13.25));
#3374 = DIRECTION('',(-1.,0.,0.));
#3375 = DIRECTION('',(0.,2.22044604925E-16,1.));
#3376 = ADVANCED_FACE('',(#3377,#3388,#3399),#3410,.T.);
#3377 = FACE_BOUND('',#3378,.F.);
#3378 = EDGE_LOOP('',(#3379,#3380,#3381,#3382));
#3379 = ORIENTED_EDGE('',*,*,#2301,.T.);
#3380 = ORIENTED_EDGE('',*,*,#2412,.T.);
#3381 = ORIENTED_EDGE('',*,*,#2527,.F.);
#3382 = ORIENTED_EDGE('',*,*,#3383,.F.);
#3383 = EDGE_CURVE('',#2294,#2528,#3384,.T.);
#3384 = LINE('',#3385,#3386);
#3385 = CARTESIAN_POINT('',(11.448415389835,0.,-12.85));
#3386 = VECTOR('',#3387,1.);
#3387 = DIRECTION('',(-3.489949670249E-02,-0.999390827019,0.));
#3388 = FACE_BOUND('',#3389,.F.);
#3389 = EDGE_LOOP('',(#3390));
#3390 = ORIENTED_EDGE('',*,*,#3391,.T.);
#3391 = EDGE_CURVE('',#3392,#3392,#3394,.T.);
#3392 = VERTEX_POINT('',#3393);
#3393 = CARTESIAN_POINT('',(10.861746462374,-16.8,3.75));
#3394 = ELLIPSE('',#3395,1.100670498729,1.1);
#3395 = AXIS2_PLACEMENT_3D('',#3396,#3397,#3398);
#3396 = CARTESIAN_POINT('',(10.823333615933,-17.9,3.75));
#3397 = DIRECTION('',(-0.999390827019,3.489949670249E-02,0.));
#3398 = DIRECTION('',(-3.489949670249E-02,-0.999390827019,0.));
#3399 = FACE_BOUND('',#3400,.F.);
#3400 = EDGE_LOOP('',(#3401));
#3401 = ORIENTED_EDGE('',*,*,#3402,.T.);
#3402 = EDGE_CURVE('',#3403,#3403,#3405,.T.);
#3403 = VERTEX_POINT('',#3404);
#3404 = CARTESIAN_POINT('',(10.861746462374,-16.8,-8.25));
#3405 = ELLIPSE('',#3406,1.100670498729,1.1);
#3406 = AXIS2_PLACEMENT_3D('',#3407,#3408,#3409);
#3407 = CARTESIAN_POINT('',(10.823333615933,-17.9,-8.25));
#3408 = DIRECTION('',(-0.999390827019,3.489949670249E-02,0.));
#3409 = DIRECTION('',(-3.489949670249E-02,-0.999390827019,0.));
#3410 = PLANE('',#3411);
#3411 = AXIS2_PLACEMENT_3D('',#3412,#3413,#3414);
#3412 = CARTESIAN_POINT('',(11.448415389835,0.,-12.85));
#3413 = DIRECTION('',(-0.999390827019,3.489949670249E-02,0.));
#3414 = DIRECTION('',(3.489949670249E-02,0.999390827019,0.));
#3415 = ADVANCED_FACE('',(#3416),#3450,.F.);
#3416 = FACE_BOUND('',#3417,.F.);
#3417 = EDGE_LOOP('',(#3418,#3419,#3425,#3426,#3434,#3442,#3448,#3449));
#3418 = ORIENTED_EDGE('',*,*,#2535,.F.);
#3419 = ORIENTED_EDGE('',*,*,#3420,.F.);
#3420 = EDGE_CURVE('',#2254,#2519,#3421,.T.);
#3421 = LINE('',#3422,#3423);
#3422 = CARTESIAN_POINT('',(-11.44841538983,0.,-12.85));
#3423 = VECTOR('',#3424,1.);
#3424 = DIRECTION('',(3.489949670249E-02,-0.999390827019,0.));
#3425 = ORIENTED_EDGE('',*,*,#2261,.T.);
#3426 = ORIENTED_EDGE('',*,*,#3427,.F.);
#3427 = EDGE_CURVE('',#3428,#2262,#3430,.T.);
#3428 = VERTEX_POINT('',#3429);
#3429 = CARTESIAN_POINT('',(-11.,-1.,-12.85));
#3430 = LINE('',#3431,#3432);
#3431 = CARTESIAN_POINT('',(-11.,-4.91727015418,-12.85));
#3432 = VECTOR('',#3433,1.);
#3433 = DIRECTION('',(0.,1.,-1.364100204982E-16));
#3434 = ORIENTED_EDGE('',*,*,#3435,.F.);
#3435 = EDGE_CURVE('',#3436,#3428,#3438,.T.);
#3436 = VERTEX_POINT('',#3437);
#3437 = CARTESIAN_POINT('',(11.,-1.,-12.85));
#3438 = LINE('',#3439,#3440);
#3439 = CARTESIAN_POINT('',(2.020580087938E-13,-1.,-12.85));
#3440 = VECTOR('',#3441,1.);
#3441 = DIRECTION('',(-1.,0.,-0.));
#3442 = ORIENTED_EDGE('',*,*,#3443,.F.);
#3443 = EDGE_CURVE('',#2286,#3436,#3444,.T.);
#3444 = LINE('',#3445,#3446);
#3445 = CARTESIAN_POINT('',(11.,-4.91727015418,-12.85));
#3446 = VECTOR('',#3447,1.);
#3447 = DIRECTION('',(0.,-1.,1.364100204982E-16));
#3448 = ORIENTED_EDGE('',*,*,#2293,.T.);
#3449 = ORIENTED_EDGE('',*,*,#3383,.T.);
#3450 = PLANE('',#3451);
#3451 = AXIS2_PLACEMENT_3D('',#3452,#3453,#3454);
#3452 = CARTESIAN_POINT('',(0.,-9.83454030836,-12.85));
#3453 = DIRECTION('',(0.,-1.364100204982E-16,-1.));
#3454 = DIRECTION('',(0.,1.,-1.364100204982E-16));
#3455 = ADVANCED_FACE('',(#3456),#3474,.T.);
#3456 = FACE_BOUND('',#3457,.T.);
#3457 = EDGE_LOOP('',(#3458,#3459,#3467,#3473));
#3458 = ORIENTED_EDGE('',*,*,#2285,.F.);
#3459 = ORIENTED_EDGE('',*,*,#3460,.T.);
#3460 = EDGE_CURVE('',#2278,#3461,#3463,.T.);
#3461 = VERTEX_POINT('',#3462);
#3462 = CARTESIAN_POINT('',(11.,-1.,-13.25));
#3463 = LINE('',#3464,#3465);
#3464 = CARTESIAN_POINT('',(11.,-2.942091015257E-15,-13.25));
#3465 = VECTOR('',#3466,1.);
#3466 = DIRECTION('',(0.,-1.,2.22044604925E-16));
#3467 = ORIENTED_EDGE('',*,*,#3468,.T.);
#3468 = EDGE_CURVE('',#3461,#3436,#3469,.T.);
#3469 = LINE('',#3470,#3471);
#3470 = CARTESIAN_POINT('',(11.,-1.,-7.840192495516));
#3471 = VECTOR('',#3472,1.);
#3472 = DIRECTION('',(0.,2.840478894751E-16,1.));
#3473 = ORIENTED_EDGE('',*,*,#3443,.F.);
#3474 = PLANE('',#3475);
#3475 = AXIS2_PLACEMENT_3D('',#3476,#3477,#3478);
#3476 = CARTESIAN_POINT('',(11.,-2.942091015257E-15,-13.25));
#3477 = DIRECTION('',(-1.,0.,0.));
#3478 = DIRECTION('',(0.,2.22044604925E-16,1.));
#3479 = ADVANCED_FACE('',(#3480),#3498,.T.);
#3480 = FACE_BOUND('',#3481,.T.);
#3481 = EDGE_LOOP('',(#3482,#3483,#3491,#3497));
#3482 = ORIENTED_EDGE('',*,*,#2277,.F.);
#3483 = ORIENTED_EDGE('',*,*,#3484,.T.);
#3484 = EDGE_CURVE('',#2270,#3485,#3487,.T.);
#3485 = VERTEX_POINT('',#3486);
#3486 = CARTESIAN_POINT('',(-11.,-1.,-13.25));
#3487 = LINE('',#3488,#3489);
#3488 = CARTESIAN_POINT('',(-11.,-2.942091015257E-15,-13.25));
#3489 = VECTOR('',#3490,1.);
#3490 = DIRECTION('',(0.,-1.,2.22044604925E-16));
#3491 = ORIENTED_EDGE('',*,*,#3492,.T.);
#3492 = EDGE_CURVE('',#3485,#3461,#3493,.T.);
#3493 = LINE('',#3494,#3495);
#3494 = CARTESIAN_POINT('',(-5.5,-1.,-13.25));
#3495 = VECTOR('',#3496,1.);
#3496 = DIRECTION('',(1.,0.,0.));
#3497 = ORIENTED_EDGE('',*,*,#3460,.F.);
#3498 = PLANE('',#3499);
#3499 = AXIS2_PLACEMENT_3D('',#3500,#3501,#3502);
#3500 = CARTESIAN_POINT('',(-11.,-2.942091015257E-15,-13.25));
#3501 = DIRECTION('',(0.,2.22044604925E-16,1.));
#3502 = DIRECTION('',(1.,0.,0.));
#3503 = ADVANCED_FACE('',(#3504),#3515,.T.);
#3504 = FACE_BOUND('',#3505,.T.);
#3505 = EDGE_LOOP('',(#3506,#3507,#3508,#3514));
#3506 = ORIENTED_EDGE('',*,*,#2269,.F.);
#3507 = ORIENTED_EDGE('',*,*,#3427,.F.);
#3508 = ORIENTED_EDGE('',*,*,#3509,.T.);
#3509 = EDGE_CURVE('',#3428,#3485,#3510,.T.);
#3510 = LINE('',#3511,#3512);
#3511 = CARTESIAN_POINT('',(-11.,-1.,3.159807504484));
#3512 = VECTOR('',#3513,1.);
#3513 = DIRECTION('',(0.,-2.840478894751E-16,-1.));
#3514 = ORIENTED_EDGE('',*,*,#3484,.F.);
#3515 = PLANE('',#3516);
#3516 = AXIS2_PLACEMENT_3D('',#3517,#3518,#3519);
#3517 = CARTESIAN_POINT('',(-11.,1.942890293094E-15,8.75));
#3518 = DIRECTION('',(1.,0.,0.));
#3519 = DIRECTION('',(0.,-2.22044604925E-16,-1.));
#3520 = ADVANCED_FACE('',(#3521,#3527,#3538),#3549,.T.);
#3521 = FACE_BOUND('',#3522,.T.);
#3522 = EDGE_LOOP('',(#3523,#3524,#3525,#3526));
#3523 = ORIENTED_EDGE('',*,*,#2253,.T.);
#3524 = ORIENTED_EDGE('',*,*,#2446,.T.);
#3525 = ORIENTED_EDGE('',*,*,#2518,.T.);
#3526 = ORIENTED_EDGE('',*,*,#3420,.F.);
#3527 = FACE_BOUND('',#3528,.T.);
#3528 = EDGE_LOOP('',(#3529));
#3529 = ORIENTED_EDGE('',*,*,#3530,.F.);
#3530 = EDGE_CURVE('',#3531,#3531,#3533,.T.);
#3531 = VERTEX_POINT('',#3532);
#3532 = CARTESIAN_POINT('',(-10.86174646237,-16.8,3.75));
#3533 = ELLIPSE('',#3534,1.100670498729,1.1);
#3534 = AXIS2_PLACEMENT_3D('',#3535,#3536,#3537);
#3535 = CARTESIAN_POINT('',(-10.82333361593,-17.9,3.75));
#3536 = DIRECTION('',(0.999390827019,3.489949670249E-02,-0.));
#3537 = DIRECTION('',(-3.489949670249E-02,0.999390827019,0.));
#3538 = FACE_BOUND('',#3539,.T.);
#3539 = EDGE_LOOP('',(#3540));
#3540 = ORIENTED_EDGE('',*,*,#3541,.F.);
#3541 = EDGE_CURVE('',#3542,#3542,#3544,.T.);
#3542 = VERTEX_POINT('',#3543);
#3543 = CARTESIAN_POINT('',(-10.86174646237,-16.8,-8.25));
#3544 = ELLIPSE('',#3545,1.100670498729,1.1);
#3545 = AXIS2_PLACEMENT_3D('',#3546,#3547,#3548);
#3546 = CARTESIAN_POINT('',(-10.82333361593,-17.9,-8.25));
#3547 = DIRECTION('',(0.999390827019,3.489949670249E-02,-0.));
#3548 = DIRECTION('',(-3.489949670249E-02,0.999390827019,0.));
#3549 = PLANE('',#3550);
#3550 = AXIS2_PLACEMENT_3D('',#3551,#3552,#3553);
#3551 = CARTESIAN_POINT('',(-11.44841538983,0.,-12.85));
#3552 = DIRECTION('',(0.999390827019,3.489949670249E-02,0.));
#3553 = DIRECTION('',(3.489949670249E-02,-0.999390827019,0.));
#3554 = ADVANCED_FACE('',(#3555),#3561,.T.);
#3555 = FACE_BOUND('',#3556,.T.);
#3556 = EDGE_LOOP('',(#3557,#3558,#3559,#3560));
#3557 = ORIENTED_EDGE('',*,*,#2237,.F.);
#3558 = ORIENTED_EDGE('',*,*,#2478,.T.);
#3559 = ORIENTED_EDGE('',*,*,#2493,.T.);
#3560 = ORIENTED_EDGE('',*,*,#2439,.F.);
#3561 = PLANE('',#3562);
#3562 = AXIS2_PLACEMENT_3D('',#3563,#3564,#3565);
#3563 = CARTESIAN_POINT('',(-11.,1.942890293094E-15,8.75));
#3564 = DIRECTION('',(1.,0.,0.));
#3565 = DIRECTION('',(0.,-2.22044604925E-16,-1.));
#3566 = ADVANCED_FACE('',(#3567),#3578,.F.);
#3567 = FACE_BOUND('',#3568,.T.);
#3568 = EDGE_LOOP('',(#3569,#3570,#3576,#3577));
#3569 = ORIENTED_EDGE('',*,*,#2336,.F.);
#3570 = ORIENTED_EDGE('',*,*,#3571,.T.);
#3571 = EDGE_CURVE('',#2337,#2989,#3572,.T.);
#3572 = LINE('',#3573,#3574);
#3573 = CARTESIAN_POINT('',(18.6,-2.731148640578E-15,-12.3));
#3574 = VECTOR('',#3575,1.);
#3575 = DIRECTION('',(0.,-1.,2.22044604925E-16));
#3576 = ORIENTED_EDGE('',*,*,#2988,.F.);
#3577 = ORIENTED_EDGE('',*,*,#3571,.F.);
#3578 = CYLINDRICAL_SURFACE('',#3579,1.1);
#3579 = AXIS2_PLACEMENT_3D('',#3580,#3581,#3582);
#3580 = CARTESIAN_POINT('',(17.5,-2.731148640578E-15,-12.3));
#3581 = DIRECTION('',(0.,1.,-2.22044604925E-16));
#3582 = DIRECTION('',(1.,0.,0.));
#3583 = ADVANCED_FACE('',(#3584),#3595,.F.);
#3584 = FACE_BOUND('',#3585,.T.);
#3585 = EDGE_LOOP('',(#3586,#3587,#3593,#3594));
#3586 = ORIENTED_EDGE('',*,*,#2347,.F.);
#3587 = ORIENTED_EDGE('',*,*,#3588,.T.);
#3588 = EDGE_CURVE('',#2348,#3000,#3589,.T.);
#3589 = LINE('',#3590,#3591);
#3590 = CARTESIAN_POINT('',(18.6,1.798561299893E-15,8.1));
#3591 = VECTOR('',#3592,1.);
#3592 = DIRECTION('',(0.,-1.,2.22044604925E-16));
#3593 = ORIENTED_EDGE('',*,*,#2999,.F.);
#3594 = ORIENTED_EDGE('',*,*,#3588,.F.);
#3595 = CYLINDRICAL_SURFACE('',#3596,1.1);
#3596 = AXIS2_PLACEMENT_3D('',#3597,#3598,#3599);
#3597 = CARTESIAN_POINT('',(17.5,1.798561299893E-15,8.1));
#3598 = DIRECTION('',(0.,1.,-2.22044604925E-16));
#3599 = DIRECTION('',(1.,0.,0.));
#3600 = ADVANCED_FACE('',(#3601),#3626,.F.);
#3601 = FACE_BOUND('',#3602,.T.);
#3602 = EDGE_LOOP('',(#3603,#3604,#3612,#3620));
#3603 = ORIENTED_EDGE('',*,*,#2589,.T.);
#3604 = ORIENTED_EDGE('',*,*,#3605,.T.);
#3605 = EDGE_CURVE('',#2592,#3606,#3608,.T.);
#3606 = VERTEX_POINT('',#3607);
#3607 = CARTESIAN_POINT('',(-17.68423518305,-13.,-4.952234628138));
#3608 = LINE('',#3609,#3610);
#3609 = CARTESIAN_POINT('',(-13.8239,-13.,-6.));
#3610 = VECTOR('',#3611,1.);
#3611 = DIRECTION('',(-0.965083795764,5.816266201231E-17,0.261941342965)
  );
#3612 = ORIENTED_EDGE('',*,*,#3613,.F.);
#3613 = EDGE_CURVE('',#3614,#3606,#3616,.T.);
#3614 = VERTEX_POINT('',#3615);
#3615 = CARTESIAN_POINT('',(-17.68423518305,-7.,-4.952234628138));
#3616 = LINE('',#3617,#3618);
#3617 = CARTESIAN_POINT('',(-17.68423518305,-7.,-4.952234628138));
#3618 = VECTOR('',#3619,1.);
#3619 = DIRECTION('',(0.,-1.,2.22044604925E-16));
#3620 = ORIENTED_EDGE('',*,*,#3621,.F.);
#3621 = EDGE_CURVE('',#2590,#3614,#3622,.T.);
#3622 = LINE('',#3623,#3624);
#3623 = CARTESIAN_POINT('',(-13.8239,-7.,-6.));
#3624 = VECTOR('',#3625,1.);
#3625 = DIRECTION('',(-0.965083795764,5.816266201231E-17,0.261941342965)
  );
#3626 = PLANE('',#3627);
#3627 = AXIS2_PLACEMENT_3D('',#3628,#3629,#3630);
#3628 = CARTESIAN_POINT('',(-13.8239,-7.,-6.));
#3629 = DIRECTION('',(0.261941342965,2.142916501499E-16,0.965083795764)
  );
#3630 = DIRECTION('',(0.965083795764,-5.816266201231E-17,-0.261941342965
    ));
#3631 = ADVANCED_FACE('',(#3632,#3651),#3662,.T.);
#3632 = FACE_BOUND('',#3633,.F.);
#3633 = EDGE_LOOP('',(#3634,#3635,#3643,#3650));
#3634 = ORIENTED_EDGE('',*,*,#2599,.T.);
#3635 = ORIENTED_EDGE('',*,*,#3636,.T.);
#3636 = EDGE_CURVE('',#2600,#3637,#3639,.T.);
#3637 = VERTEX_POINT('',#3638);
#3638 = CARTESIAN_POINT('',(-17.68423518305,-7.,0.452234628138));
#3639 = LINE('',#3640,#3641);
#3640 = CARTESIAN_POINT('',(-13.8239,-7.,1.5));
#3641 = VECTOR('',#3642,1.);
#3642 = DIRECTION('',(-0.965083795764,-5.816266201231E-17,
    -0.261941342965));
#3643 = ORIENTED_EDGE('',*,*,#3644,.F.);
#3644 = EDGE_CURVE('',#3614,#3637,#3645,.T.);
#3645 = CIRCLE('',#3646,2.8);
#3646 = AXIS2_PLACEMENT_3D('',#3647,#3648,#3649);
#3647 = CARTESIAN_POINT('',(-16.95079942275,-7.,-2.25));
#3648 = DIRECTION('',(0.,1.,-2.22044604925E-16));
#3649 = DIRECTION('',(-1.,0.,0.));
#3650 = ORIENTED_EDGE('',*,*,#3621,.F.);
#3651 = FACE_BOUND('',#3652,.F.);
#3652 = EDGE_LOOP('',(#3653));
#3653 = ORIENTED_EDGE('',*,*,#3654,.T.);
#3654 = EDGE_CURVE('',#3655,#3655,#3657,.T.);
#3655 = VERTEX_POINT('',#3656);
#3656 = CARTESIAN_POINT('',(-18.35079942275,-7.,-2.25));
#3657 = CIRCLE('',#3658,2.);
#3658 = AXIS2_PLACEMENT_3D('',#3659,#3660,#3661);
#3659 = CARTESIAN_POINT('',(-16.35079942275,-7.,-2.25));
#3660 = DIRECTION('',(0.,1.,-2.22044604925E-16));
#3661 = DIRECTION('',(-1.,0.,0.));
#3662 = PLANE('',#3663);
#3663 = AXIS2_PLACEMENT_3D('',#3664,#3665,#3666);
#3664 = CARTESIAN_POINT('',(-16.17631254571,-7.,-2.25));
#3665 = DIRECTION('',(0.,1.,-2.281666407932E-16));
#3666 = DIRECTION('',(0.,-2.281666407932E-16,-1.));
#3667 = ADVANCED_FACE('',(#3668,#3687),#3698,.F.);
#3668 = FACE_BOUND('',#3669,.T.);
#3669 = EDGE_LOOP('',(#3670,#3671,#3679,#3686));
#3670 = ORIENTED_EDGE('',*,*,#2615,.T.);
#3671 = ORIENTED_EDGE('',*,*,#3672,.T.);
#3672 = EDGE_CURVE('',#2608,#3673,#3675,.T.);
#3673 = VERTEX_POINT('',#3674);
#3674 = CARTESIAN_POINT('',(-17.68423518305,-13.,0.452234628138));
#3675 = LINE('',#3676,#3677);
#3676 = CARTESIAN_POINT('',(-13.8239,-13.,1.5));
#3677 = VECTOR('',#3678,1.);
#3678 = DIRECTION('',(-0.965083795764,-5.816266201231E-17,
    -0.261941342965));
#3679 = ORIENTED_EDGE('',*,*,#3680,.F.);
#3680 = EDGE_CURVE('',#3606,#3673,#3681,.T.);
#3681 = CIRCLE('',#3682,2.8);
#3682 = AXIS2_PLACEMENT_3D('',#3683,#3684,#3685);
#3683 = CARTESIAN_POINT('',(-16.95079942275,-13.,-2.25));
#3684 = DIRECTION('',(0.,1.,-2.22044604925E-16));
#3685 = DIRECTION('',(-1.,0.,0.));
#3686 = ORIENTED_EDGE('',*,*,#3605,.F.);
#3687 = FACE_BOUND('',#3688,.T.);
#3688 = EDGE_LOOP('',(#3689));
#3689 = ORIENTED_EDGE('',*,*,#3690,.T.);
#3690 = EDGE_CURVE('',#3691,#3691,#3693,.T.);
#3691 = VERTEX_POINT('',#3692);
#3692 = CARTESIAN_POINT('',(-18.35079942275,-13.,-2.25));
#3693 = CIRCLE('',#3694,2.);
#3694 = AXIS2_PLACEMENT_3D('',#3695,#3696,#3697);
#3695 = CARTESIAN_POINT('',(-16.35079942275,-13.,-2.25));
#3696 = DIRECTION('',(0.,1.,-2.22044604925E-16));
#3697 = DIRECTION('',(-1.,0.,0.));
#3698 = PLANE('',#3699);
#3699 = AXIS2_PLACEMENT_3D('',#3700,#3701,#3702);
#3700 = CARTESIAN_POINT('',(-16.17631254571,-13.,-2.25));
#3701 = DIRECTION('',(0.,1.,-2.281666407932E-16));
#3702 = DIRECTION('',(0.,-2.281666407932E-16,-1.));
#3703 = ADVANCED_FACE('',(#3704),#3715,.T.);
#3704 = FACE_BOUND('',#3705,.F.);
#3705 = EDGE_LOOP('',(#3706,#3707,#3708,#3714));
#3706 = ORIENTED_EDGE('',*,*,#2607,.T.);
#3707 = ORIENTED_EDGE('',*,*,#3672,.T.);
#3708 = ORIENTED_EDGE('',*,*,#3709,.F.);
#3709 = EDGE_CURVE('',#3637,#3673,#3710,.T.);
#3710 = LINE('',#3711,#3712);
#3711 = CARTESIAN_POINT('',(-17.68423518305,-7.,0.452234628138));
#3712 = VECTOR('',#3713,1.);
#3713 = DIRECTION('',(0.,-1.,2.22044604925E-16));
#3714 = ORIENTED_EDGE('',*,*,#3636,.F.);
#3715 = PLANE('',#3716);
#3716 = AXIS2_PLACEMENT_3D('',#3717,#3718,#3719);
#3717 = CARTESIAN_POINT('',(-13.8239,-7.,1.5));
#3718 = DIRECTION('',(-0.261941342965,2.142916501499E-16,0.965083795764)
  );
#3719 = DIRECTION('',(0.965083795764,5.816266201231E-17,0.261941342965)
  );
#3720 = ADVANCED_FACE('',(#3721),#3740,.F.);
#3721 = FACE_BOUND('',#3722,.T.);
#3722 = EDGE_LOOP('',(#3723,#3732,#3738,#3739));
#3723 = ORIENTED_EDGE('',*,*,#3724,.F.);
#3724 = EDGE_CURVE('',#3725,#3725,#3727,.T.);
#3725 = VERTEX_POINT('',#3726);
#3726 = CARTESIAN_POINT('',(-12.35,-17.9,1.75));
#3727 = CIRCLE('',#3728,2.);
#3728 = AXIS2_PLACEMENT_3D('',#3729,#3730,#3731);
#3729 = CARTESIAN_POINT('',(-12.35,-17.9,3.75));
#3730 = DIRECTION('',(-1.,-2.430865342915E-63,-2.22044604925E-16));
#3731 = DIRECTION('',(2.22044604925E-16,1.094764425254E-47,-1.));
#3732 = ORIENTED_EDGE('',*,*,#3733,.T.);
#3733 = EDGE_CURVE('',#3725,#2624,#3734,.T.);
#3734 = LINE('',#3735,#3736);
#3735 = CARTESIAN_POINT('',(-12.35,-17.9,1.75));
#3736 = VECTOR('',#3737,1.);
#3737 = DIRECTION('',(-1.,0.,-2.22044604925E-16));
#3738 = ORIENTED_EDGE('',*,*,#2623,.F.);
#3739 = ORIENTED_EDGE('',*,*,#3733,.F.);
#3740 = CYLINDRICAL_SURFACE('',#3741,2.);
#3741 = AXIS2_PLACEMENT_3D('',#3742,#3743,#3744);
#3742 = CARTESIAN_POINT('',(-12.35,-17.9,3.75));
#3743 = DIRECTION('',(1.,0.,2.22044604925E-16));
#3744 = DIRECTION('',(2.22044604925E-16,0.,-1.));
#3745 = ADVANCED_FACE('',(#3746),#3765,.F.);
#3746 = FACE_BOUND('',#3747,.T.);
#3747 = EDGE_LOOP('',(#3748,#3757,#3763,#3764));
#3748 = ORIENTED_EDGE('',*,*,#3749,.F.);
#3749 = EDGE_CURVE('',#3750,#3750,#3752,.T.);
#3750 = VERTEX_POINT('',#3751);
#3751 = CARTESIAN_POINT('',(-12.35,-17.9,-10.25));
#3752 = CIRCLE('',#3753,2.);
#3753 = AXIS2_PLACEMENT_3D('',#3754,#3755,#3756);
#3754 = CARTESIAN_POINT('',(-12.35,-17.9,-8.25));
#3755 = DIRECTION('',(-1.,-2.430865342915E-63,-2.22044604925E-16));
#3756 = DIRECTION('',(2.22044604925E-16,1.094764425254E-47,-1.));
#3757 = ORIENTED_EDGE('',*,*,#3758,.T.);
#3758 = EDGE_CURVE('',#3750,#2635,#3759,.T.);
#3759 = LINE('',#3760,#3761);
#3760 = CARTESIAN_POINT('',(-12.35,-17.9,-10.25));
#3761 = VECTOR('',#3762,1.);
#3762 = DIRECTION('',(-1.,0.,-2.22044604925E-16));
#3763 = ORIENTED_EDGE('',*,*,#2634,.F.);
#3764 = ORIENTED_EDGE('',*,*,#3758,.F.);
#3765 = CYLINDRICAL_SURFACE('',#3766,2.);
#3766 = AXIS2_PLACEMENT_3D('',#3767,#3768,#3769);
#3767 = CARTESIAN_POINT('',(-12.35,-17.9,-8.25));
#3768 = DIRECTION('',(1.,0.,2.22044604925E-16));
#3769 = DIRECTION('',(2.22044604925E-16,0.,-1.));
#3770 = ADVANCED_FACE('',(#3771,#3797),#3808,.T.);
#3771 = FACE_BOUND('',#3772,.T.);
#3772 = EDGE_LOOP('',(#3773,#3774,#3782,#3791));
#3773 = ORIENTED_EDGE('',*,*,#2735,.T.);
#3774 = ORIENTED_EDGE('',*,*,#3775,.T.);
#3775 = EDGE_CURVE('',#2738,#3776,#3778,.T.);
#3776 = VERTEX_POINT('',#3777);
#3777 = CARTESIAN_POINT('',(17.684235183054,-7.,0.452234628138));
#3778 = LINE('',#3779,#3780);
#3779 = CARTESIAN_POINT('',(13.8239,-7.,1.5));
#3780 = VECTOR('',#3781,1.);
#3781 = DIRECTION('',(0.965083795764,-5.816266201231E-17,-0.261941342965
    ));
#3782 = ORIENTED_EDGE('',*,*,#3783,.F.);
#3783 = EDGE_CURVE('',#3784,#3776,#3786,.T.);
#3784 = VERTEX_POINT('',#3785);
#3785 = CARTESIAN_POINT('',(17.684235183054,-7.,-4.952234628138));
#3786 = CIRCLE('',#3787,2.8);
#3787 = AXIS2_PLACEMENT_3D('',#3788,#3789,#3790);
#3788 = CARTESIAN_POINT('',(16.950799422751,-7.,-2.25));
#3789 = DIRECTION('',(0.,-1.,2.22044604925E-16));
#3790 = DIRECTION('',(1.,0.,0.));
#3791 = ORIENTED_EDGE('',*,*,#3792,.F.);
#3792 = EDGE_CURVE('',#2736,#3784,#3793,.T.);
#3793 = LINE('',#3794,#3795);
#3794 = CARTESIAN_POINT('',(13.8239,-7.,-6.));
#3795 = VECTOR('',#3796,1.);
#3796 = DIRECTION('',(0.965083795764,5.816266201231E-17,0.261941342965)
  );
#3797 = FACE_BOUND('',#3798,.T.);
#3798 = EDGE_LOOP('',(#3799));
#3799 = ORIENTED_EDGE('',*,*,#3800,.T.);
#3800 = EDGE_CURVE('',#3801,#3801,#3803,.T.);
#3801 = VERTEX_POINT('',#3802);
#3802 = CARTESIAN_POINT('',(18.350799422751,-7.,-2.25));
#3803 = CIRCLE('',#3804,2.);
#3804 = AXIS2_PLACEMENT_3D('',#3805,#3806,#3807);
#3805 = CARTESIAN_POINT('',(16.350799422751,-7.,-2.25));
#3806 = DIRECTION('',(0.,-1.,2.22044604925E-16));
#3807 = DIRECTION('',(1.,0.,0.));
#3808 = PLANE('',#3809);
#3809 = AXIS2_PLACEMENT_3D('',#3810,#3811,#3812);
#3810 = CARTESIAN_POINT('',(16.176312545715,-7.,-2.25));
#3811 = DIRECTION('',(0.,1.,-2.281666407932E-16));
#3812 = DIRECTION('',(0.,2.281666407932E-16,1.));
#3813 = ADVANCED_FACE('',(#3814),#3832,.F.);
#3814 = FACE_BOUND('',#3815,.F.);
#3815 = EDGE_LOOP('',(#3816,#3817,#3825,#3831));
#3816 = ORIENTED_EDGE('',*,*,#2745,.T.);
#3817 = ORIENTED_EDGE('',*,*,#3818,.T.);
#3818 = EDGE_CURVE('',#2746,#3819,#3821,.T.);
#3819 = VERTEX_POINT('',#3820);
#3820 = CARTESIAN_POINT('',(17.684235183054,-13.,-4.952234628138));
#3821 = LINE('',#3822,#3823);
#3822 = CARTESIAN_POINT('',(13.8239,-13.,-6.));
#3823 = VECTOR('',#3824,1.);
#3824 = DIRECTION('',(0.965083795764,5.816266201231E-17,0.261941342965)
  );
#3825 = ORIENTED_EDGE('',*,*,#3826,.F.);
#3826 = EDGE_CURVE('',#3784,#3819,#3827,.T.);
#3827 = LINE('',#3828,#3829);
#3828 = CARTESIAN_POINT('',(17.684235183054,-7.,-4.952234628138));
#3829 = VECTOR('',#3830,1.);
#3830 = DIRECTION('',(0.,-1.,2.22044604925E-16));
#3831 = ORIENTED_EDGE('',*,*,#3792,.F.);
#3832 = PLANE('',#3833);
#3833 = AXIS2_PLACEMENT_3D('',#3834,#3835,#3836);
#3834 = CARTESIAN_POINT('',(13.8239,-7.,-6.));
#3835 = DIRECTION('',(-0.261941342965,2.142916501499E-16,0.965083795764)
  );
#3836 = DIRECTION('',(0.965083795764,5.816266201231E-17,0.261941342965)
  );
#3837 = ADVANCED_FACE('',(#3838),#3856,.T.);
#3838 = FACE_BOUND('',#3839,.T.);
#3839 = EDGE_LOOP('',(#3840,#3841,#3849,#3855));
#3840 = ORIENTED_EDGE('',*,*,#2761,.T.);
#3841 = ORIENTED_EDGE('',*,*,#3842,.T.);
#3842 = EDGE_CURVE('',#2754,#3843,#3845,.T.);
#3843 = VERTEX_POINT('',#3844);
#3844 = CARTESIAN_POINT('',(17.684235183054,-13.,0.452234628138));
#3845 = LINE('',#3846,#3847);
#3846 = CARTESIAN_POINT('',(13.8239,-13.,1.5));
#3847 = VECTOR('',#3848,1.);
#3848 = DIRECTION('',(0.965083795764,-5.816266201231E-17,-0.261941342965
    ));
#3849 = ORIENTED_EDGE('',*,*,#3850,.F.);
#3850 = EDGE_CURVE('',#3776,#3843,#3851,.T.);
#3851 = LINE('',#3852,#3853);
#3852 = CARTESIAN_POINT('',(17.684235183054,-7.,0.452234628138));
#3853 = VECTOR('',#3854,1.);
#3854 = DIRECTION('',(0.,-1.,2.22044604925E-16));
#3855 = ORIENTED_EDGE('',*,*,#3775,.F.);
#3856 = PLANE('',#3857);
#3857 = AXIS2_PLACEMENT_3D('',#3858,#3859,#3860);
#3858 = CARTESIAN_POINT('',(13.8239,-7.,1.5));
#3859 = DIRECTION('',(0.261941342965,2.142916501499E-16,0.965083795764)
  );
#3860 = DIRECTION('',(0.965083795764,-5.816266201231E-17,-0.261941342965
    ));
#3861 = ADVANCED_FACE('',(#3862,#3874),#3885,.F.);
#3862 = FACE_BOUND('',#3863,.F.);
#3863 = EDGE_LOOP('',(#3864,#3865,#3866,#3873));
#3864 = ORIENTED_EDGE('',*,*,#2753,.T.);
#3865 = ORIENTED_EDGE('',*,*,#3842,.T.);
#3866 = ORIENTED_EDGE('',*,*,#3867,.F.);
#3867 = EDGE_CURVE('',#3819,#3843,#3868,.T.);
#3868 = CIRCLE('',#3869,2.8);
#3869 = AXIS2_PLACEMENT_3D('',#3870,#3871,#3872);
#3870 = CARTESIAN_POINT('',(16.950799422751,-13.,-2.25));
#3871 = DIRECTION('',(0.,-1.,2.22044604925E-16));
#3872 = DIRECTION('',(1.,0.,0.));
#3873 = ORIENTED_EDGE('',*,*,#3818,.F.);
#3874 = FACE_BOUND('',#3875,.F.);
#3875 = EDGE_LOOP('',(#3876));
#3876 = ORIENTED_EDGE('',*,*,#3877,.T.);
#3877 = EDGE_CURVE('',#3878,#3878,#3880,.T.);
#3878 = VERTEX_POINT('',#3879);
#3879 = CARTESIAN_POINT('',(18.350799422751,-13.,-2.25));
#3880 = CIRCLE('',#3881,2.);
#3881 = AXIS2_PLACEMENT_3D('',#3882,#3883,#3884);
#3882 = CARTESIAN_POINT('',(16.350799422751,-13.,-2.25));
#3883 = DIRECTION('',(0.,-1.,2.22044604925E-16));
#3884 = DIRECTION('',(1.,0.,0.));
#3885 = PLANE('',#3886);
#3886 = AXIS2_PLACEMENT_3D('',#3887,#3888,#3889);
#3887 = CARTESIAN_POINT('',(16.176312545715,-13.,-2.25));
#3888 = DIRECTION('',(0.,1.,-2.281666407932E-16));
#3889 = DIRECTION('',(0.,2.281666407932E-16,1.));
#3890 = ADVANCED_FACE('',(#3891),#3910,.F.);
#3891 = FACE_BOUND('',#3892,.T.);
#3892 = EDGE_LOOP('',(#3893,#3902,#3908,#3909));
#3893 = ORIENTED_EDGE('',*,*,#3894,.F.);
#3894 = EDGE_CURVE('',#3895,#3895,#3897,.T.);
#3895 = VERTEX_POINT('',#3896);
#3896 = CARTESIAN_POINT('',(12.35,-17.9,-6.25));
#3897 = CIRCLE('',#3898,2.);
#3898 = AXIS2_PLACEMENT_3D('',#3899,#3900,#3901);
#3899 = CARTESIAN_POINT('',(12.35,-17.9,-8.25));
#3900 = DIRECTION('',(1.,-2.430865342915E-63,-2.22044604925E-16));
#3901 = DIRECTION('',(2.22044604925E-16,-1.094764425254E-47,1.));
#3902 = ORIENTED_EDGE('',*,*,#3903,.T.);
#3903 = EDGE_CURVE('',#3895,#2770,#3904,.T.);
#3904 = LINE('',#3905,#3906);
#3905 = CARTESIAN_POINT('',(12.35,-17.9,-6.25));
#3906 = VECTOR('',#3907,1.);
#3907 = DIRECTION('',(1.,0.,-2.22044604925E-16));
#3908 = ORIENTED_EDGE('',*,*,#2769,.F.);
#3909 = ORIENTED_EDGE('',*,*,#3903,.F.);
#3910 = CYLINDRICAL_SURFACE('',#3911,2.);
#3911 = AXIS2_PLACEMENT_3D('',#3912,#3913,#3914);
#3912 = CARTESIAN_POINT('',(12.35,-17.9,-8.25));
#3913 = DIRECTION('',(-1.,0.,2.22044604925E-16));
#3914 = DIRECTION('',(2.22044604925E-16,0.,1.));
#3915 = ADVANCED_FACE('',(#3916),#3935,.F.);
#3916 = FACE_BOUND('',#3917,.T.);
#3917 = EDGE_LOOP('',(#3918,#3927,#3933,#3934));
#3918 = ORIENTED_EDGE('',*,*,#3919,.F.);
#3919 = EDGE_CURVE('',#3920,#3920,#3922,.T.);
#3920 = VERTEX_POINT('',#3921);
#3921 = CARTESIAN_POINT('',(12.35,-17.9,5.75));
#3922 = CIRCLE('',#3923,2.);
#3923 = AXIS2_PLACEMENT_3D('',#3924,#3925,#3926);
#3924 = CARTESIAN_POINT('',(12.35,-17.9,3.75));
#3925 = DIRECTION('',(1.,-2.430865342915E-63,-2.22044604925E-16));
#3926 = DIRECTION('',(2.22044604925E-16,-1.094764425254E-47,1.));
#3927 = ORIENTED_EDGE('',*,*,#3928,.T.);
#3928 = EDGE_CURVE('',#3920,#2781,#3929,.T.);
#3929 = LINE('',#3930,#3931);
#3930 = CARTESIAN_POINT('',(12.35,-17.9,5.75));
#3931 = VECTOR('',#3932,1.);
#3932 = DIRECTION('',(1.,0.,-2.22044604925E-16));
#3933 = ORIENTED_EDGE('',*,*,#2780,.F.);
#3934 = ORIENTED_EDGE('',*,*,#3928,.F.);
#3935 = CYLINDRICAL_SURFACE('',#3936,2.);
#3936 = AXIS2_PLACEMENT_3D('',#3937,#3938,#3939);
#3937 = CARTESIAN_POINT('',(12.35,-17.9,3.75));
#3938 = DIRECTION('',(-1.,0.,2.22044604925E-16));
#3939 = DIRECTION('',(2.22044604925E-16,0.,1.));
#3940 = ADVANCED_FACE('',(#3941),#3960,.F.);
#3941 = FACE_BOUND('',#3942,.T.);
#3942 = EDGE_LOOP('',(#3943,#3944,#3952,#3959));
#3943 = ORIENTED_EDGE('',*,*,#3391,.T.);
#3944 = ORIENTED_EDGE('',*,*,#3945,.T.);
#3945 = EDGE_CURVE('',#3392,#3946,#3948,.T.);
#3946 = VERTEX_POINT('',#3947);
#3947 = CARTESIAN_POINT('',(12.35,-16.8,3.75));
#3948 = LINE('',#3949,#3950);
#3949 = CARTESIAN_POINT('',(-12.35,-16.8,3.75));
#3950 = VECTOR('',#3951,1.);
#3951 = DIRECTION('',(1.,0.,0.));
#3952 = ORIENTED_EDGE('',*,*,#3953,.T.);
#3953 = EDGE_CURVE('',#3946,#3946,#3954,.T.);
#3954 = CIRCLE('',#3955,1.1);
#3955 = AXIS2_PLACEMENT_3D('',#3956,#3957,#3958);
#3956 = CARTESIAN_POINT('',(12.35,-17.9,3.75));
#3957 = DIRECTION('',(1.,0.,0.));
#3958 = DIRECTION('',(0.,1.,0.));
#3959 = ORIENTED_EDGE('',*,*,#3945,.F.);
#3960 = CYLINDRICAL_SURFACE('',#3961,1.1);
#3961 = AXIS2_PLACEMENT_3D('',#3962,#3963,#3964);
#3962 = CARTESIAN_POINT('',(-12.35,-17.9,3.75));
#3963 = DIRECTION('',(-1.,0.,0.));
#3964 = DIRECTION('',(0.,1.,0.));
#3965 = ADVANCED_FACE('',(#3966),#3985,.F.);
#3966 = FACE_BOUND('',#3967,.T.);
#3967 = EDGE_LOOP('',(#3968,#3969,#3977,#3984));
#3968 = ORIENTED_EDGE('',*,*,#3402,.T.);
#3969 = ORIENTED_EDGE('',*,*,#3970,.T.);
#3970 = EDGE_CURVE('',#3403,#3971,#3973,.T.);
#3971 = VERTEX_POINT('',#3972);
#3972 = CARTESIAN_POINT('',(12.35,-16.8,-8.25));
#3973 = LINE('',#3974,#3975);
#3974 = CARTESIAN_POINT('',(-12.35,-16.8,-8.25));
#3975 = VECTOR('',#3976,1.);
#3976 = DIRECTION('',(1.,0.,0.));
#3977 = ORIENTED_EDGE('',*,*,#3978,.T.);
#3978 = EDGE_CURVE('',#3971,#3971,#3979,.T.);
#3979 = CIRCLE('',#3980,1.1);
#3980 = AXIS2_PLACEMENT_3D('',#3981,#3982,#3983);
#3981 = CARTESIAN_POINT('',(12.35,-17.9,-8.25));
#3982 = DIRECTION('',(1.,0.,0.));
#3983 = DIRECTION('',(0.,1.,0.));
#3984 = ORIENTED_EDGE('',*,*,#3970,.F.);
#3985 = CYLINDRICAL_SURFACE('',#3986,1.1);
#3986 = AXIS2_PLACEMENT_3D('',#3987,#3988,#3989);
#3987 = CARTESIAN_POINT('',(-12.35,-17.9,-8.25));
#3988 = DIRECTION('',(-1.,0.,0.));
#3989 = DIRECTION('',(0.,1.,0.));
#3990 = ADVANCED_FACE('',(#3991),#3997,.T.);
#3991 = FACE_BOUND('',#3992,.T.);
#3992 = EDGE_LOOP('',(#3993,#3994,#3995,#3996));
#3993 = ORIENTED_EDGE('',*,*,#3492,.F.);
#3994 = ORIENTED_EDGE('',*,*,#3509,.F.);
#3995 = ORIENTED_EDGE('',*,*,#3435,.F.);
#3996 = ORIENTED_EDGE('',*,*,#3468,.F.);
#3997 = PLANE('',#3998);
#3998 = AXIS2_PLACEMENT_3D('',#3999,#4000,#4001);
#3999 = CARTESIAN_POINT('',(4.041160175876E-13,-1.,-2.430384991033));
#4000 = DIRECTION('',(0.,1.,-2.840478894751E-16));
#4001 = DIRECTION('',(0.,2.840478894751E-16,1.));
#4002 = ADVANCED_FACE('',(#4003),#4022,.F.);
#4003 = FACE_BOUND('',#4004,.T.);
#4004 = EDGE_LOOP('',(#4005,#4014,#4020,#4021));
#4005 = ORIENTED_EDGE('',*,*,#4006,.F.);
#4006 = EDGE_CURVE('',#4007,#4007,#4009,.T.);
#4007 = VERTEX_POINT('',#4008);
#4008 = CARTESIAN_POINT('',(-12.35,-16.8,3.75));
#4009 = CIRCLE('',#4010,1.1);
#4010 = AXIS2_PLACEMENT_3D('',#4011,#4012,#4013);
#4011 = CARTESIAN_POINT('',(-12.35,-17.9,3.75));
#4012 = DIRECTION('',(1.,0.,0.));
#4013 = DIRECTION('',(0.,1.,0.));
#4014 = ORIENTED_EDGE('',*,*,#4015,.T.);
#4015 = EDGE_CURVE('',#4007,#3531,#4016,.T.);
#4016 = LINE('',#4017,#4018);
#4017 = CARTESIAN_POINT('',(-12.35,-16.8,3.75));
#4018 = VECTOR('',#4019,1.);
#4019 = DIRECTION('',(1.,0.,0.));
#4020 = ORIENTED_EDGE('',*,*,#3530,.T.);
#4021 = ORIENTED_EDGE('',*,*,#4015,.F.);
#4022 = CYLINDRICAL_SURFACE('',#4023,1.1);
#4023 = AXIS2_PLACEMENT_3D('',#4024,#4025,#4026);
#4024 = CARTESIAN_POINT('',(-12.35,-17.9,3.75));
#4025 = DIRECTION('',(-1.,0.,0.));
#4026 = DIRECTION('',(0.,1.,0.));
#4027 = ADVANCED_FACE('',(#4028),#4047,.F.);
#4028 = FACE_BOUND('',#4029,.T.);
#4029 = EDGE_LOOP('',(#4030,#4039,#4045,#4046));
#4030 = ORIENTED_EDGE('',*,*,#4031,.F.);
#4031 = EDGE_CURVE('',#4032,#4032,#4034,.T.);
#4032 = VERTEX_POINT('',#4033);
#4033 = CARTESIAN_POINT('',(-12.35,-16.8,-8.25));
#4034 = CIRCLE('',#4035,1.1);
#4035 = AXIS2_PLACEMENT_3D('',#4036,#4037,#4038);
#4036 = CARTESIAN_POINT('',(-12.35,-17.9,-8.25));
#4037 = DIRECTION('',(1.,0.,0.));
#4038 = DIRECTION('',(0.,1.,0.));
#4039 = ORIENTED_EDGE('',*,*,#4040,.T.);
#4040 = EDGE_CURVE('',#4032,#3542,#4041,.T.);
#4041 = LINE('',#4042,#4043);
#4042 = CARTESIAN_POINT('',(-12.35,-16.8,-8.25));
#4043 = VECTOR('',#4044,1.);
#4044 = DIRECTION('',(1.,0.,0.));
#4045 = ORIENTED_EDGE('',*,*,#3541,.T.);
#4046 = ORIENTED_EDGE('',*,*,#4040,.F.);
#4047 = CYLINDRICAL_SURFACE('',#4048,1.1);
#4048 = AXIS2_PLACEMENT_3D('',#4049,#4050,#4051);
#4049 = CARTESIAN_POINT('',(-12.35,-17.9,-8.25));
#4050 = DIRECTION('',(-1.,0.,0.));
#4051 = DIRECTION('',(0.,1.,0.));
#4052 = ADVANCED_FACE('',(#4053),#4059,.T.);
#4053 = FACE_BOUND('',#4054,.T.);
#4054 = EDGE_LOOP('',(#4055,#4056,#4057,#4058));
#4055 = ORIENTED_EDGE('',*,*,#3613,.T.);
#4056 = ORIENTED_EDGE('',*,*,#3680,.T.);
#4057 = ORIENTED_EDGE('',*,*,#3709,.F.);
#4058 = ORIENTED_EDGE('',*,*,#3644,.F.);
#4059 = CYLINDRICAL_SURFACE('',#4060,2.8);
#4060 = AXIS2_PLACEMENT_3D('',#4061,#4062,#4063);
#4061 = CARTESIAN_POINT('',(-16.95079942275,-7.,-2.25));
#4062 = DIRECTION('',(0.,1.,-2.22044604925E-16));
#4063 = DIRECTION('',(-1.,0.,0.));
#4064 = ADVANCED_FACE('',(#4065),#4076,.F.);
#4065 = FACE_BOUND('',#4066,.F.);
#4066 = EDGE_LOOP('',(#4067,#4073,#4074,#4075));
#4067 = ORIENTED_EDGE('',*,*,#4068,.T.);
#4068 = EDGE_CURVE('',#3655,#3691,#4069,.T.);
#4069 = LINE('',#4070,#4071);
#4070 = CARTESIAN_POINT('',(-18.35079942275,-7.,-2.25));
#4071 = VECTOR('',#4072,1.);
#4072 = DIRECTION('',(0.,-1.,2.22044604925E-16));
#4073 = ORIENTED_EDGE('',*,*,#3690,.T.);
#4074 = ORIENTED_EDGE('',*,*,#4068,.F.);
#4075 = ORIENTED_EDGE('',*,*,#3654,.F.);
#4076 = CYLINDRICAL_SURFACE('',#4077,2.);
#4077 = AXIS2_PLACEMENT_3D('',#4078,#4079,#4080);
#4078 = CARTESIAN_POINT('',(-16.35079942275,-7.,-2.25));
#4079 = DIRECTION('',(0.,1.,-2.22044604925E-16));
#4080 = DIRECTION('',(-1.,0.,0.));
#4081 = ADVANCED_FACE('',(#4082,#4085),#4088,.F.);
#4082 = FACE_BOUND('',#4083,.F.);
#4083 = EDGE_LOOP('',(#4084));
#4084 = ORIENTED_EDGE('',*,*,#3724,.F.);
#4085 = FACE_BOUND('',#4086,.F.);
#4086 = EDGE_LOOP('',(#4087));
#4087 = ORIENTED_EDGE('',*,*,#4006,.F.);
#4088 = PLANE('',#4089);
#4089 = AXIS2_PLACEMENT_3D('',#4090,#4091,#4092);
#4090 = CARTESIAN_POINT('',(-12.35,-17.9,-2.25));
#4091 = DIRECTION('',(1.,0.,2.804773956948E-16));
#4092 = DIRECTION('',(-2.804773956948E-16,0.,1.));
#4093 = ADVANCED_FACE('',(#4094,#4097),#4100,.F.);
#4094 = FACE_BOUND('',#4095,.F.);
#4095 = EDGE_LOOP('',(#4096));
#4096 = ORIENTED_EDGE('',*,*,#3749,.F.);
#4097 = FACE_BOUND('',#4098,.F.);
#4098 = EDGE_LOOP('',(#4099));
#4099 = ORIENTED_EDGE('',*,*,#4031,.F.);
#4100 = PLANE('',#4101);
#4101 = AXIS2_PLACEMENT_3D('',#4102,#4103,#4104);
#4102 = CARTESIAN_POINT('',(-12.35,-17.9,-2.25));
#4103 = DIRECTION('',(1.,0.,2.804773956948E-16));
#4104 = DIRECTION('',(-2.804773956948E-16,0.,1.));
#4105 = ADVANCED_FACE('',(#4106),#4112,.T.);
#4106 = FACE_BOUND('',#4107,.F.);
#4107 = EDGE_LOOP('',(#4108,#4109,#4110,#4111));
#4108 = ORIENTED_EDGE('',*,*,#3826,.T.);
#4109 = ORIENTED_EDGE('',*,*,#3867,.T.);
#4110 = ORIENTED_EDGE('',*,*,#3850,.F.);
#4111 = ORIENTED_EDGE('',*,*,#3783,.F.);
#4112 = CYLINDRICAL_SURFACE('',#4113,2.8);
#4113 = AXIS2_PLACEMENT_3D('',#4114,#4115,#4116);
#4114 = CARTESIAN_POINT('',(16.950799422751,-7.,-2.25));
#4115 = DIRECTION('',(0.,1.,-2.22044604925E-16));
#4116 = DIRECTION('',(1.,0.,0.));
#4117 = ADVANCED_FACE('',(#4118),#4129,.F.);
#4118 = FACE_BOUND('',#4119,.T.);
#4119 = EDGE_LOOP('',(#4120,#4126,#4127,#4128));
#4120 = ORIENTED_EDGE('',*,*,#4121,.T.);
#4121 = EDGE_CURVE('',#3801,#3878,#4122,.T.);
#4122 = LINE('',#4123,#4124);
#4123 = CARTESIAN_POINT('',(18.350799422751,-7.,-2.25));
#4124 = VECTOR('',#4125,1.);
#4125 = DIRECTION('',(0.,-1.,2.22044604925E-16));
#4126 = ORIENTED_EDGE('',*,*,#3877,.T.);
#4127 = ORIENTED_EDGE('',*,*,#4121,.F.);
#4128 = ORIENTED_EDGE('',*,*,#3800,.F.);
#4129 = CYLINDRICAL_SURFACE('',#4130,2.);
#4130 = AXIS2_PLACEMENT_3D('',#4131,#4132,#4133);
#4131 = CARTESIAN_POINT('',(16.350799422751,-7.,-2.25));
#4132 = DIRECTION('',(0.,1.,-2.22044604925E-16));
#4133 = DIRECTION('',(1.,0.,0.));
#4134 = ADVANCED_FACE('',(#4135,#4138),#4141,.T.);
#4135 = FACE_BOUND('',#4136,.T.);
#4136 = EDGE_LOOP('',(#4137));
#4137 = ORIENTED_EDGE('',*,*,#3894,.T.);
#4138 = FACE_BOUND('',#4139,.T.);
#4139 = EDGE_LOOP('',(#4140));
#4140 = ORIENTED_EDGE('',*,*,#3978,.F.);
#4141 = PLANE('',#4142);
#4142 = AXIS2_PLACEMENT_3D('',#4143,#4144,#4145);
#4143 = CARTESIAN_POINT('',(12.35,-17.9,-2.25));
#4144 = DIRECTION('',(1.,0.,-2.804773956948E-16));
#4145 = DIRECTION('',(2.804773956948E-16,0.,1.));
#4146 = ADVANCED_FACE('',(#4147,#4150),#4153,.T.);
#4147 = FACE_BOUND('',#4148,.T.);
#4148 = EDGE_LOOP('',(#4149));
#4149 = ORIENTED_EDGE('',*,*,#3919,.T.);
#4150 = FACE_BOUND('',#4151,.T.);
#4151 = EDGE_LOOP('',(#4152));
#4152 = ORIENTED_EDGE('',*,*,#3953,.F.);
#4153 = PLANE('',#4154);
#4154 = AXIS2_PLACEMENT_3D('',#4155,#4156,#4157);
#4155 = CARTESIAN_POINT('',(12.35,-17.9,-2.25));
#4156 = DIRECTION('',(1.,0.,-2.804773956948E-16));
#4157 = DIRECTION('',(2.804773956948E-16,0.,1.));
#4158 = ( GEOMETRIC_REPRESENTATION_CONTEXT(3) 
GLOBAL_UNCERTAINTY_ASSIGNED_CONTEXT((#4162)) 
GLOBAL_UNIT_ASSIGNED_CONTEXT((#4159,#4160,#4161)) REPRESENTATION_CONTEXT
('Context #1','3D Context with UNIT and UNCERTAINTY') );
#4159 = ( LENGTH_UNIT() NAMED_UNIT(*) SI_UNIT(.MILLI.,.METRE.) );
#4160 = ( NAMED_UNIT(*) PLANE_ANGLE_UNIT() SI_UNIT($,.RADIAN.) );
#4161 = ( NAMED_UNIT(*) SI_UNIT($,.STERADIAN.) SOLID_ANGLE_UNIT() );
#4162 = UNCERTAINTY_MEASURE_WITH_UNIT(LENGTH_MEASURE(1.E-05),#4159,
  'distance_accuracy_value','confusion accuracy');
#4163 = PRODUCT_RELATED_PRODUCT_CATEGORY('part',$,(#7));
#4164 = MECHANICAL_DESIGN_GEOMETRIC_PRESENTATION_REPRESENTATION('',(
    #4165),#4158);
#4165 = STYLED_ITEM('color',(#4166),#15);
#4166 = PRESENTATION_STYLE_ASSIGNMENT((#4167,#4173));
#4167 = SURFACE_STYLE_USAGE(.BOTH.,#4168);
#4168 = SURFACE_SIDE_STYLE('',(#4169));
#4169 = SURFACE_STYLE_FILL_AREA(#4170);
#4170 = FILL_AREA_STYLE('',(#4171));
#4171 = FILL_AREA_STYLE_COLOUR('',#4172);
#4172 = COLOUR_RGB('',0.447058818107,0.474509808674,0.501960817233);
#4173 = CURVE_STYLE('',#4174,POSITIVE_LENGTH_MEASURE(0.1),#4175);
#4174 = DRAUGHTING_PRE_DEFINED_CURVE_FONT('continuous');
#4175 = COLOUR_RGB('',9.803921802644E-02,9.803921802644E-02,
  9.803921802644E-02);
ENDSEC;
END-ISO-10303-21;
