ISO-10303-21;
HEADER;
FILE_DESCRIPTION(('FreeCAD Model'),'2;1');
FILE_NAME('Open CASCADE Shape Model','2026-07-14T14:32:11',(''),(''),
  'Open CASCADE STEP processor 7.8','FreeCAD','Unknown');
FILE_SCHEMA(('AUTOMOTIVE_DESIGN { 1 0 10303 214 1 1 1 1 }'));
ENDSEC;
DATA;
#1 = APPLICATION_PROTOCOL_DEFINITION('international standard',
  'automotive_design',2000,#2);
#2 = APPLICATION_CONTEXT(
  'core data for automotive mechanical design processes');
#3 = SHAPE_DEFINITION_REPRESENTATION(#4,#10);
#4 = PRODUCT_DEFINITION_SHAPE('','',#5);
#5 = PRODUCT_DEFINITION('design','',#6,#9);
#6 = PRODUCT_DEFINITION_FORMATION('','',#7);
#7 = PRODUCT('Fusion','Fusion','',(#8));
#8 = PRODUCT_CONTEXT('',#2,'mechanical');
#9 = PRODUCT_DEFINITION_CONTEXT('part definition',#2,'design');
#10 = ADVANCED_BREP_SHAPE_REPRESENTATION('',(#11,#15),#5743);
#11 = AXIS2_PLACEMENT_3D('',#12,#13,#14);
#12 = CARTESIAN_POINT('',(0.,0.,0.));
#13 = DIRECTION('',(0.,0.,1.));
#14 = DIRECTION('',(1.,0.,-0.));
#15 = MANIFOLD_SOLID_BREP('',#16);
#16 = CLOSED_SHELL('',(#17,#57,#90,#123,#306,#330,#355,#380,#405,#430,
    #454,#479,#503,#528,#553,#578,#602,#627,#651,#669,#1306,#1331,#1356,
    #1381,#2454,#2478,#2495,#2519,#2543,#2567,#2584,#2608,#2625,#2649,
    #2673,#2697,#2714,#2738,#2755,#2779,#2803,#2827,#2844,#2868,#2885,
    #2909,#2933,#2957,#2974,#2998,#3015,#3039,#3063,#3087,#3104,#3128,
    #3145,#3169,#3193,#3217,#3234,#3258,#3282,#3299,#3323,#3347,#3364,
    #3388,#3412,#3429,#3453,#3477,#3494,#3518,#3542,#3559,#3583,#3607,
    #3624,#3655,#3679,#3703,#3727,#3751,#3768,#3799,#3823,#3847,#3871,
    #3895,#3912,#3943,#3967,#3991,#4015,#4039,#4056,#4087,#4111,#4135,
    #4159,#4183,#4200,#4231,#4255,#4279,#4303,#4327,#4344,#4375,#4399,
    #4423,#4447,#4471,#4488,#4519,#4543,#4567,#4591,#4615,#4632,#4663,
    #4687,#4711,#4735,#4759,#4776,#4807,#4831,#4855,#4879,#4903,#4920,
    #4951,#4975,#4999,#5023,#5047,#5064,#5095,#5119,#5143,#5167,#5191,
    #5208,#5239,#5263,#5287,#5311,#5335,#5352,#5383,#5407,#5431,#5455,
    #5479,#5496));
#17 = ADVANCED_FACE('',(#18),#52,.T.);
#18 = FACE_BOUND('',#19,.T.);
#19 = EDGE_LOOP('',(#20,#30,#38,#46));
#20 = ORIENTED_EDGE('',*,*,#21,.T.);
#21 = EDGE_CURVE('',#22,#24,#26,.T.);
#22 = VERTEX_POINT('',#23);
#23 = CARTESIAN_POINT('',(-11.48373187757,2.,-8.526129640935));
#24 = VERTEX_POINT('',#25);
#25 = CARTESIAN_POINT('',(-11.48373187757,-1.5,-8.526129640935));
#26 = LINE('',#27,#28);
#27 = CARTESIAN_POINT('',(-11.48373187757,2.,-8.526129640935));
#28 = VECTOR('',#29,1.);
#29 = DIRECTION('',(0.,-1.,2.2E-16));
#30 = ORIENTED_EDGE('',*,*,#31,.T.);
#31 = EDGE_CURVE('',#24,#32,#34,.T.);
#32 = VERTEX_POINT('',#33);
#33 = CARTESIAN_POINT('',(-10.51759854031,-1.5,-7.516822529823));
#34 = LINE('',#35,#36);
#35 = CARTESIAN_POINT('',(-11.48373187757,-1.5,-8.526129640935));
#36 = VECTOR('',#37,1.);
#37 = DIRECTION('',(0.691487649612,-1.6E-16,0.722388282321));
#38 = ORIENTED_EDGE('',*,*,#39,.F.);
#39 = EDGE_CURVE('',#40,#32,#42,.T.);
#40 = VERTEX_POINT('',#41);
#41 = CARTESIAN_POINT('',(-10.51759854031,2.,-7.516822529823));
#42 = LINE('',#43,#44);
#43 = CARTESIAN_POINT('',(-10.51759854031,2.,-7.516822529823));
#44 = VECTOR('',#45,1.);
#45 = DIRECTION('',(0.,-1.,2.2E-16));
#46 = ORIENTED_EDGE('',*,*,#47,.F.);
#47 = EDGE_CURVE('',#22,#40,#48,.T.);
#48 = LINE('',#49,#50);
#49 = CARTESIAN_POINT('',(-11.48373187757,2.,-8.526129640935));
#50 = VECTOR('',#51,1.);
#51 = DIRECTION('',(0.691487649612,-1.6E-16,0.722388282321));
#52 = PLANE('',#53);
#53 = AXIS2_PLACEMENT_3D('',#54,#55,#56);
#54 = CARTESIAN_POINT('',(-11.48373187757,2.,-8.526129640935));
#55 = DIRECTION('',(-0.722388282321,1.5E-16,0.691487649612));
#56 = DIRECTION('',(0.691487649612,1.6E-16,0.722388282321));
#57 = ADVANCED_FACE('',(#58),#85,.T.);
#58 = FACE_BOUND('',#59,.F.);
#59 = EDGE_LOOP('',(#60,#61,#70,#78));
#60 = ORIENTED_EDGE('',*,*,#21,.T.);
#61 = ORIENTED_EDGE('',*,*,#62,.T.);
#62 = EDGE_CURVE('',#24,#63,#65,.T.);
#63 = VERTEX_POINT('',#64);
#64 = CARTESIAN_POINT('',(-8.016268122427,-1.5,-11.84527035906));
#65 = CIRCLE('',#66,2.4);
#66 = AXIS2_PLACEMENT_3D('',#67,#68,#69);
#67 = CARTESIAN_POINT('',(-9.75,-1.5,-10.1857));
#68 = DIRECTION('',(0.,-1.,-2.2E-16));
#69 = DIRECTION('',(1.,0.,0.));
#70 = ORIENTED_EDGE('',*,*,#71,.F.);
#71 = EDGE_CURVE('',#72,#63,#74,.T.);
#72 = VERTEX_POINT('',#73);
#73 = CARTESIAN_POINT('',(-8.016268122427,2.,-11.84527035906));
#74 = LINE('',#75,#76);
#75 = CARTESIAN_POINT('',(-8.016268122427,2.,-11.84527035906));
#76 = VECTOR('',#77,1.);
#77 = DIRECTION('',(0.,-1.,2.2E-16));
#78 = ORIENTED_EDGE('',*,*,#79,.F.);
#79 = EDGE_CURVE('',#22,#72,#80,.T.);
#80 = CIRCLE('',#81,2.4);
#81 = AXIS2_PLACEMENT_3D('',#82,#83,#84);
#82 = CARTESIAN_POINT('',(-9.75,2.,-10.1857));
#83 = DIRECTION('',(0.,-1.,-2.2E-16));
#84 = DIRECTION('',(1.,0.,0.));
#85 = CYLINDRICAL_SURFACE('',#86,2.4);
#86 = AXIS2_PLACEMENT_3D('',#87,#88,#89);
#87 = CARTESIAN_POINT('',(-9.75,2.,-10.1857));
#88 = DIRECTION('',(0.,1.,-2.2E-16));
#89 = DIRECTION('',(1.,0.,0.));
#90 = ADVANCED_FACE('',(#91),#118,.F.);
#91 = FACE_BOUND('',#92,.T.);
#92 = EDGE_LOOP('',(#93,#94,#103,#111));
#93 = ORIENTED_EDGE('',*,*,#39,.T.);
#94 = ORIENTED_EDGE('',*,*,#95,.T.);
#95 = EDGE_CURVE('',#32,#96,#98,.T.);
#96 = VERTEX_POINT('',#97);
#97 = CARTESIAN_POINT('',(-10.385234973,-1.5,-6.306298007193));
#98 = CIRCLE('',#99,1.);
#99 = AXIS2_PLACEMENT_3D('',#100,#101,#102);
#100 = CARTESIAN_POINT('',(-11.23998682263,-1.5,-6.825334880213));
#101 = DIRECTION('',(0.,-1.,-2.2E-16));
#102 = DIRECTION('',(1.,0.,0.));
#103 = ORIENTED_EDGE('',*,*,#104,.F.);
#104 = EDGE_CURVE('',#105,#96,#107,.T.);
#105 = VERTEX_POINT('',#106);
#106 = CARTESIAN_POINT('',(-10.385234973,2.,-6.306298007193));
#107 = LINE('',#108,#109);
#108 = CARTESIAN_POINT('',(-10.385234973,2.,-6.306298007193));
#109 = VECTOR('',#110,1.);
#110 = DIRECTION('',(0.,-1.,2.2E-16));
#111 = ORIENTED_EDGE('',*,*,#112,.F.);
#112 = EDGE_CURVE('',#40,#105,#113,.T.);
#113 = CIRCLE('',#114,1.);
#114 = AXIS2_PLACEMENT_3D('',#115,#116,#117);
#115 = CARTESIAN_POINT('',(-11.23998682263,2.,-6.825334880213));
#116 = DIRECTION('',(0.,-1.,-2.2E-16));
#117 = DIRECTION('',(1.,0.,0.));
#118 = CYLINDRICAL_SURFACE('',#119,1.);
#119 = AXIS2_PLACEMENT_3D('',#120,#121,#122);
#120 = CARTESIAN_POINT('',(-11.23998682263,2.,-6.825334880213));
#121 = DIRECTION('',(0.,1.,-2.2E-16));
#122 = DIRECTION('',(1.,0.,0.));
#123 = ADVANCED_FACE('',(#124,#257,#268,#279,#290),#301,.T.);
#124 = FACE_BOUND('',#125,.F.);
#125 = EDGE_LOOP('',(#126,#127,#128,#136,#145,#154,#163,#171,#180,#188,
    #197,#206,#215,#223,#232,#240,#249,#256));
#126 = ORIENTED_EDGE('',*,*,#47,.F.);
#127 = ORIENTED_EDGE('',*,*,#79,.T.);
#128 = ORIENTED_EDGE('',*,*,#129,.T.);
#129 = EDGE_CURVE('',#72,#130,#132,.T.);
#130 = VERTEX_POINT('',#131);
#131 = CARTESIAN_POINT('',(-7.050134785166,2.,-10.83596324795));
#132 = LINE('',#133,#134);
#133 = CARTESIAN_POINT('',(-8.016268122427,2.,-11.84527035906));
#134 = VECTOR('',#135,1.);
#135 = DIRECTION('',(0.691487649611,-1.6E-16,0.722388282322));
#136 = ORIENTED_EDGE('',*,*,#137,.F.);
#137 = EDGE_CURVE('',#138,#130,#140,.T.);
#138 = VERTEX_POINT('',#139);
#139 = CARTESIAN_POINT('',(-5.846549050156,2.,-10.650838662));
#140 = CIRCLE('',#141,1.);
#141 = AXIS2_PLACEMENT_3D('',#142,#143,#144);
#142 = CARTESIAN_POINT('',(-6.327746502844,2.,-11.52745089756));
#143 = DIRECTION('',(0.,-1.,-2.2E-16));
#144 = DIRECTION('',(1.,0.,0.));
#145 = ORIENTED_EDGE('',*,*,#146,.T.);
#146 = EDGE_CURVE('',#138,#147,#149,.T.);
#147 = VERTEX_POINT('',#148);
#148 = CARTESIAN_POINT('',(5.846549050156,2.,-10.650838662));
#149 = CIRCLE('',#150,12.15);
#150 = AXIS2_PLACEMENT_3D('',#151,#152,#153);
#151 = CARTESIAN_POINT('',(0.,2.,4.440892098501E-16));
#152 = DIRECTION('',(0.,-1.,-2.2E-16));
#153 = DIRECTION('',(1.,0.,0.));
#154 = ORIENTED_EDGE('',*,*,#155,.F.);
#155 = EDGE_CURVE('',#156,#147,#158,.T.);
#156 = VERTEX_POINT('',#157);
#157 = CARTESIAN_POINT('',(7.050134785166,2.,-10.83596324795));
#158 = CIRCLE('',#159,1.);
#159 = AXIS2_PLACEMENT_3D('',#160,#161,#162);
#160 = CARTESIAN_POINT('',(6.327746502844,2.,-11.52745089756));
#161 = DIRECTION('',(0.,-1.,-2.2E-16));
#162 = DIRECTION('',(1.,0.,0.));
#163 = ORIENTED_EDGE('',*,*,#164,.F.);
#164 = EDGE_CURVE('',#165,#156,#167,.T.);
#165 = VERTEX_POINT('',#166);
#166 = CARTESIAN_POINT('',(8.016268122427,2.,-11.84527035906));
#167 = LINE('',#168,#169);
#168 = CARTESIAN_POINT('',(8.016268122427,2.,-11.84527035906));
#169 = VECTOR('',#170,1.);
#170 = DIRECTION('',(-0.691487649611,-1.6E-16,0.722388282322));
#171 = ORIENTED_EDGE('',*,*,#172,.T.);
#172 = EDGE_CURVE('',#165,#173,#175,.T.);
#173 = VERTEX_POINT('',#174);
#174 = CARTESIAN_POINT('',(11.483731877573,2.,-8.526129640935));
#175 = CIRCLE('',#176,2.4);
#176 = AXIS2_PLACEMENT_3D('',#177,#178,#179);
#177 = CARTESIAN_POINT('',(9.75,2.,-10.1857));
#178 = DIRECTION('',(0.,-1.,-2.2E-16));
#179 = DIRECTION('',(1.,0.,0.));
#180 = ORIENTED_EDGE('',*,*,#181,.T.);
#181 = EDGE_CURVE('',#173,#182,#184,.T.);
#182 = VERTEX_POINT('',#183);
#183 = CARTESIAN_POINT('',(10.517598540311,2.,-7.516822529822));
#184 = LINE('',#185,#186);
#185 = CARTESIAN_POINT('',(11.483731877573,2.,-8.526129640935));
#186 = VECTOR('',#187,1.);
#187 = DIRECTION('',(-0.691487649611,-1.6E-16,0.722388282322));
#188 = ORIENTED_EDGE('',*,*,#189,.F.);
#189 = EDGE_CURVE('',#190,#182,#192,.T.);
#190 = VERTEX_POINT('',#191);
#191 = CARTESIAN_POINT('',(10.385234973003,2.,-6.306298007192));
#192 = CIRCLE('',#193,1.);
#193 = AXIS2_PLACEMENT_3D('',#194,#195,#196);
#194 = CARTESIAN_POINT('',(11.239986822633,2.,-6.825334880212));
#195 = DIRECTION('',(0.,-1.,-2.2E-16));
#196 = DIRECTION('',(1.,0.,0.));
#197 = ORIENTED_EDGE('',*,*,#198,.T.);
#198 = EDGE_CURVE('',#190,#199,#201,.T.);
#199 = VERTEX_POINT('',#200);
#200 = CARTESIAN_POINT('',(3.14144486692,2.,11.736857507361));
#201 = CIRCLE('',#202,12.15);
#202 = AXIS2_PLACEMENT_3D('',#203,#204,#205);
#203 = CARTESIAN_POINT('',(0.,2.,4.440892098501E-16));
#204 = DIRECTION('',(0.,-1.,-2.2E-16));
#205 = DIRECTION('',(1.,0.,0.));
#206 = ORIENTED_EDGE('',*,*,#207,.F.);
#207 = EDGE_CURVE('',#208,#199,#210,.T.);
#208 = VERTEX_POINT('',#209);
#209 = CARTESIAN_POINT('',(2.4,2.,12.702854010025));
#210 = CIRCLE('',#211,1.);
#211 = AXIS2_PLACEMENT_3D('',#212,#213,#214);
#212 = CARTESIAN_POINT('',(3.4,2.,12.702854010025));
#213 = DIRECTION('',(0.,-1.,-2.2E-16));
#214 = DIRECTION('',(1.,0.,0.));
#215 = ORIENTED_EDGE('',*,*,#216,.F.);
#216 = EDGE_CURVE('',#217,#208,#219,.T.);
#217 = VERTEX_POINT('',#218);
#218 = CARTESIAN_POINT('',(2.4,2.,14.25));
#219 = LINE('',#220,#221);
#220 = CARTESIAN_POINT('',(2.4,2.,14.25));
#221 = VECTOR('',#222,1.);
#222 = DIRECTION('',(0.,2.2E-16,-1.));
#223 = ORIENTED_EDGE('',*,*,#224,.T.);
#224 = EDGE_CURVE('',#217,#225,#227,.T.);
#225 = VERTEX_POINT('',#226);
#226 = CARTESIAN_POINT('',(-2.4,2.,14.25));
#227 = CIRCLE('',#228,2.4);
#228 = AXIS2_PLACEMENT_3D('',#229,#230,#231);
#229 = CARTESIAN_POINT('',(0.,2.,14.25));
#230 = DIRECTION('',(0.,-1.,-2.2E-16));
#231 = DIRECTION('',(1.,0.,0.));
#232 = ORIENTED_EDGE('',*,*,#233,.T.);
#233 = EDGE_CURVE('',#225,#234,#236,.T.);
#234 = VERTEX_POINT('',#235);
#235 = CARTESIAN_POINT('',(-2.4,2.,12.702854010025));
#236 = LINE('',#237,#238);
#237 = CARTESIAN_POINT('',(-2.4,2.,14.25));
#238 = VECTOR('',#239,1.);
#239 = DIRECTION('',(0.,2.2E-16,-1.));
#240 = ORIENTED_EDGE('',*,*,#241,.F.);
#241 = EDGE_CURVE('',#242,#234,#244,.T.);
#242 = VERTEX_POINT('',#243);
#243 = CARTESIAN_POINT('',(-3.14144486692,2.,11.736857507361));
#244 = CIRCLE('',#245,1.);
#245 = AXIS2_PLACEMENT_3D('',#246,#247,#248);
#246 = CARTESIAN_POINT('',(-3.4,2.,12.702854010025));
#247 = DIRECTION('',(0.,-1.,-2.2E-16));
#248 = DIRECTION('',(1.,0.,0.));
#249 = ORIENTED_EDGE('',*,*,#250,.T.);
#250 = EDGE_CURVE('',#242,#105,#251,.T.);
#251 = CIRCLE('',#252,12.15);
#252 = AXIS2_PLACEMENT_3D('',#253,#254,#255);
#253 = CARTESIAN_POINT('',(0.,2.,4.440892098501E-16));
#254 = DIRECTION('',(0.,-1.,-2.2E-16));
#255 = DIRECTION('',(1.,0.,0.));
#256 = ORIENTED_EDGE('',*,*,#112,.F.);
#257 = FACE_BOUND('',#258,.T.);
#258 = EDGE_LOOP('',(#259));
#259 = ORIENTED_EDGE('',*,*,#260,.T.);
#260 = EDGE_CURVE('',#261,#261,#263,.T.);
#261 = VERTEX_POINT('',#262);
#262 = CARTESIAN_POINT('',(10.65,2.,0.));
#263 = CIRCLE('',#264,10.65);
#264 = AXIS2_PLACEMENT_3D('',#265,#266,#267);
#265 = CARTESIAN_POINT('',(0.,2.,4.440892098501E-16));
#266 = DIRECTION('',(0.,-1.,-2.2E-16));
#267 = DIRECTION('',(1.,0.,0.));
#268 = FACE_BOUND('',#269,.T.);
#269 = EDGE_LOOP('',(#270));
#270 = ORIENTED_EDGE('',*,*,#271,.T.);
#271 = EDGE_CURVE('',#272,#272,#274,.T.);
#272 = VERTEX_POINT('',#273);
#273 = CARTESIAN_POINT('',(1.1,2.,14.25));
#274 = CIRCLE('',#275,1.1);
#275 = AXIS2_PLACEMENT_3D('',#276,#277,#278);
#276 = CARTESIAN_POINT('',(0.,2.,14.25));
#277 = DIRECTION('',(0.,-1.,-2.2E-16));
#278 = DIRECTION('',(1.,0.,0.));
#279 = FACE_BOUND('',#280,.T.);
#280 = EDGE_LOOP('',(#281));
#281 = ORIENTED_EDGE('',*,*,#282,.T.);
#282 = EDGE_CURVE('',#283,#283,#285,.T.);
#283 = VERTEX_POINT('',#284);
#284 = CARTESIAN_POINT('',(-8.65,2.,-10.1857));
#285 = CIRCLE('',#286,1.1);
#286 = AXIS2_PLACEMENT_3D('',#287,#288,#289);
#287 = CARTESIAN_POINT('',(-9.75,2.,-10.1857));
#288 = DIRECTION('',(0.,-1.,-2.2E-16));
#289 = DIRECTION('',(1.,0.,0.));
#290 = FACE_BOUND('',#291,.T.);
#291 = EDGE_LOOP('',(#292));
#292 = ORIENTED_EDGE('',*,*,#293,.T.);
#293 = EDGE_CURVE('',#294,#294,#296,.T.);
#294 = VERTEX_POINT('',#295);
#295 = CARTESIAN_POINT('',(10.85,2.,-10.1857));
#296 = CIRCLE('',#297,1.1);
#297 = AXIS2_PLACEMENT_3D('',#298,#299,#300);
#298 = CARTESIAN_POINT('',(9.75,2.,-10.1857));
#299 = DIRECTION('',(0.,-1.,-2.2E-16));
#300 = DIRECTION('',(1.,0.,0.));
#301 = PLANE('',#302);
#302 = AXIS2_PLACEMENT_3D('',#303,#304,#305);
#303 = CARTESIAN_POINT('',(-5.554E-14,2.,-0.492895108066));
#304 = DIRECTION('',(0.,1.,2.2E-16));
#305 = DIRECTION('',(0.,-2.2E-16,1.));
#306 = ADVANCED_FACE('',(#307),#325,.F.);
#307 = FACE_BOUND('',#308,.F.);
#308 = EDGE_LOOP('',(#309,#310,#318,#324));
#309 = ORIENTED_EDGE('',*,*,#71,.T.);
#310 = ORIENTED_EDGE('',*,*,#311,.T.);
#311 = EDGE_CURVE('',#63,#312,#314,.T.);
#312 = VERTEX_POINT('',#313);
#313 = CARTESIAN_POINT('',(-7.050134785166,-1.5,-10.83596324795));
#314 = LINE('',#315,#316);
#315 = CARTESIAN_POINT('',(-8.016268122427,-1.5,-11.84527035906));
#316 = VECTOR('',#317,1.);
#317 = DIRECTION('',(0.691487649611,-1.6E-16,0.722388282322));
#318 = ORIENTED_EDGE('',*,*,#319,.F.);
#319 = EDGE_CURVE('',#130,#312,#320,.T.);
#320 = LINE('',#321,#322);
#321 = CARTESIAN_POINT('',(-7.050134785166,2.,-10.83596324795));
#322 = VECTOR('',#323,1.);
#323 = DIRECTION('',(0.,-1.,2.2E-16));
#324 = ORIENTED_EDGE('',*,*,#129,.F.);
#325 = PLANE('',#326);
#326 = AXIS2_PLACEMENT_3D('',#327,#328,#329);
#327 = CARTESIAN_POINT('',(-8.016268122427,2.,-11.84527035906));
#328 = DIRECTION('',(-0.722388282322,1.5E-16,0.691487649611));
#329 = DIRECTION('',(0.691487649611,1.6E-16,0.722388282322));
#330 = ADVANCED_FACE('',(#331),#350,.T.);
#331 = FACE_BOUND('',#332,.F.);
#332 = EDGE_LOOP('',(#333,#341,#348,#349));
#333 = ORIENTED_EDGE('',*,*,#334,.T.);
#334 = EDGE_CURVE('',#242,#335,#337,.T.);
#335 = VERTEX_POINT('',#336);
#336 = CARTESIAN_POINT('',(-3.14144486692,-1.5,11.736857507361));
#337 = LINE('',#338,#339);
#338 = CARTESIAN_POINT('',(-3.14144486692,2.,11.736857507361));
#339 = VECTOR('',#340,1.);
#340 = DIRECTION('',(0.,-1.,2.2E-16));
#341 = ORIENTED_EDGE('',*,*,#342,.T.);
#342 = EDGE_CURVE('',#335,#96,#343,.T.);
#343 = CIRCLE('',#344,12.15);
#344 = AXIS2_PLACEMENT_3D('',#345,#346,#347);
#345 = CARTESIAN_POINT('',(0.,-1.5,-4.440892098501E-16));
#346 = DIRECTION('',(0.,-1.,-2.2E-16));
#347 = DIRECTION('',(1.,0.,0.));
#348 = ORIENTED_EDGE('',*,*,#104,.F.);
#349 = ORIENTED_EDGE('',*,*,#250,.F.);
#350 = CYLINDRICAL_SURFACE('',#351,12.15);
#351 = AXIS2_PLACEMENT_3D('',#352,#353,#354);
#352 = CARTESIAN_POINT('',(0.,2.,-4.4E-16));
#353 = DIRECTION('',(0.,1.,-2.2E-16));
#354 = DIRECTION('',(1.,0.,0.));
#355 = ADVANCED_FACE('',(#356),#375,.F.);
#356 = FACE_BOUND('',#357,.T.);
#357 = EDGE_LOOP('',(#358,#366,#373,#374));
#358 = ORIENTED_EDGE('',*,*,#359,.T.);
#359 = EDGE_CURVE('',#138,#360,#362,.T.);
#360 = VERTEX_POINT('',#361);
#361 = CARTESIAN_POINT('',(-5.846549050156,-1.5,-10.650838662));
#362 = LINE('',#363,#364);
#363 = CARTESIAN_POINT('',(-5.846549050156,2.,-10.650838662));
#364 = VECTOR('',#365,1.);
#365 = DIRECTION('',(0.,-1.,2.2E-16));
#366 = ORIENTED_EDGE('',*,*,#367,.T.);
#367 = EDGE_CURVE('',#360,#312,#368,.T.);
#368 = CIRCLE('',#369,1.);
#369 = AXIS2_PLACEMENT_3D('',#370,#371,#372);
#370 = CARTESIAN_POINT('',(-6.327746502844,-1.5,-11.52745089756));
#371 = DIRECTION('',(0.,-1.,-2.2E-16));
#372 = DIRECTION('',(1.,0.,0.));
#373 = ORIENTED_EDGE('',*,*,#319,.F.);
#374 = ORIENTED_EDGE('',*,*,#137,.F.);
#375 = CYLINDRICAL_SURFACE('',#376,1.);
#376 = AXIS2_PLACEMENT_3D('',#377,#378,#379);
#377 = CARTESIAN_POINT('',(-6.327746502844,2.,-11.52745089756));
#378 = DIRECTION('',(0.,1.,-2.2E-16));
#379 = DIRECTION('',(1.,0.,0.));
#380 = ADVANCED_FACE('',(#381),#400,.T.);
#381 = FACE_BOUND('',#382,.F.);
#382 = EDGE_LOOP('',(#383,#384,#393,#399));
#383 = ORIENTED_EDGE('',*,*,#359,.T.);
#384 = ORIENTED_EDGE('',*,*,#385,.T.);
#385 = EDGE_CURVE('',#360,#386,#388,.T.);
#386 = VERTEX_POINT('',#387);
#387 = CARTESIAN_POINT('',(5.846549050156,-1.5,-10.650838662));
#388 = CIRCLE('',#389,12.15);
#389 = AXIS2_PLACEMENT_3D('',#390,#391,#392);
#390 = CARTESIAN_POINT('',(0.,-1.5,-4.440892098501E-16));
#391 = DIRECTION('',(0.,-1.,-2.2E-16));
#392 = DIRECTION('',(1.,0.,0.));
#393 = ORIENTED_EDGE('',*,*,#394,.F.);
#394 = EDGE_CURVE('',#147,#386,#395,.T.);
#395 = LINE('',#396,#397);
#396 = CARTESIAN_POINT('',(5.846549050156,2.,-10.650838662));
#397 = VECTOR('',#398,1.);
#398 = DIRECTION('',(0.,-1.,2.2E-16));
#399 = ORIENTED_EDGE('',*,*,#146,.F.);
#400 = CYLINDRICAL_SURFACE('',#401,12.15);
#401 = AXIS2_PLACEMENT_3D('',#402,#403,#404);
#402 = CARTESIAN_POINT('',(0.,2.,-4.4E-16));
#403 = DIRECTION('',(0.,1.,-2.2E-16));
#404 = DIRECTION('',(1.,0.,0.));
#405 = ADVANCED_FACE('',(#406),#425,.F.);
#406 = FACE_BOUND('',#407,.T.);
#407 = EDGE_LOOP('',(#408,#416,#423,#424));
#408 = ORIENTED_EDGE('',*,*,#409,.T.);
#409 = EDGE_CURVE('',#156,#410,#412,.T.);
#410 = VERTEX_POINT('',#411);
#411 = CARTESIAN_POINT('',(7.050134785166,-1.5,-10.83596324795));
#412 = LINE('',#413,#414);
#413 = CARTESIAN_POINT('',(7.050134785166,2.,-10.83596324795));
#414 = VECTOR('',#415,1.);
#415 = DIRECTION('',(0.,-1.,2.2E-16));
#416 = ORIENTED_EDGE('',*,*,#417,.T.);
#417 = EDGE_CURVE('',#410,#386,#418,.T.);
#418 = CIRCLE('',#419,1.);
#419 = AXIS2_PLACEMENT_3D('',#420,#421,#422);
#420 = CARTESIAN_POINT('',(6.327746502844,-1.5,-11.52745089756));
#421 = DIRECTION('',(0.,-1.,-2.2E-16));
#422 = DIRECTION('',(1.,0.,0.));
#423 = ORIENTED_EDGE('',*,*,#394,.F.);
#424 = ORIENTED_EDGE('',*,*,#155,.F.);
#425 = CYLINDRICAL_SURFACE('',#426,1.);
#426 = AXIS2_PLACEMENT_3D('',#427,#428,#429);
#427 = CARTESIAN_POINT('',(6.327746502844,2.,-11.52745089756));
#428 = DIRECTION('',(0.,1.,-2.2E-16));
#429 = DIRECTION('',(1.,0.,0.));
#430 = ADVANCED_FACE('',(#431),#449,.T.);
#431 = FACE_BOUND('',#432,.T.);
#432 = EDGE_LOOP('',(#433,#441,#447,#448));
#433 = ORIENTED_EDGE('',*,*,#434,.T.);
#434 = EDGE_CURVE('',#165,#435,#437,.T.);
#435 = VERTEX_POINT('',#436);
#436 = CARTESIAN_POINT('',(8.016268122427,-1.5,-11.84527035906));
#437 = LINE('',#438,#439);
#438 = CARTESIAN_POINT('',(8.016268122427,2.,-11.84527035906));
#439 = VECTOR('',#440,1.);
#440 = DIRECTION('',(0.,-1.,2.2E-16));
#441 = ORIENTED_EDGE('',*,*,#442,.T.);
#442 = EDGE_CURVE('',#435,#410,#443,.T.);
#443 = LINE('',#444,#445);
#444 = CARTESIAN_POINT('',(8.016268122427,-1.5,-11.84527035906));
#445 = VECTOR('',#446,1.);
#446 = DIRECTION('',(-0.691487649611,-1.6E-16,0.722388282322));
#447 = ORIENTED_EDGE('',*,*,#409,.F.);
#448 = ORIENTED_EDGE('',*,*,#164,.F.);
#449 = PLANE('',#450);
#450 = AXIS2_PLACEMENT_3D('',#451,#452,#453);
#451 = CARTESIAN_POINT('',(8.016268122427,2.,-11.84527035906));
#452 = DIRECTION('',(-0.722388282322,-1.5E-16,-0.691487649611));
#453 = DIRECTION('',(-0.691487649611,1.6E-16,0.722388282322));
#454 = ADVANCED_FACE('',(#455),#474,.T.);
#455 = FACE_BOUND('',#456,.F.);
#456 = EDGE_LOOP('',(#457,#458,#467,#473));
#457 = ORIENTED_EDGE('',*,*,#434,.T.);
#458 = ORIENTED_EDGE('',*,*,#459,.T.);
#459 = EDGE_CURVE('',#435,#460,#462,.T.);
#460 = VERTEX_POINT('',#461);
#461 = CARTESIAN_POINT('',(11.483731877573,-1.5,-8.526129640935));
#462 = CIRCLE('',#463,2.4);
#463 = AXIS2_PLACEMENT_3D('',#464,#465,#466);
#464 = CARTESIAN_POINT('',(9.75,-1.5,-10.1857));
#465 = DIRECTION('',(0.,-1.,-2.2E-16));
#466 = DIRECTION('',(1.,0.,0.));
#467 = ORIENTED_EDGE('',*,*,#468,.F.);
#468 = EDGE_CURVE('',#173,#460,#469,.T.);
#469 = LINE('',#470,#471);
#470 = CARTESIAN_POINT('',(11.483731877573,2.,-8.526129640935));
#471 = VECTOR('',#472,1.);
#472 = DIRECTION('',(0.,-1.,2.2E-16));
#473 = ORIENTED_EDGE('',*,*,#172,.F.);
#474 = CYLINDRICAL_SURFACE('',#475,2.4);
#475 = AXIS2_PLACEMENT_3D('',#476,#477,#478);
#476 = CARTESIAN_POINT('',(9.75,2.,-10.1857));
#477 = DIRECTION('',(0.,1.,-2.2E-16));
#478 = DIRECTION('',(1.,0.,0.));
#479 = ADVANCED_FACE('',(#480),#498,.F.);
#480 = FACE_BOUND('',#481,.F.);
#481 = EDGE_LOOP('',(#482,#483,#491,#497));
#482 = ORIENTED_EDGE('',*,*,#468,.T.);
#483 = ORIENTED_EDGE('',*,*,#484,.T.);
#484 = EDGE_CURVE('',#460,#485,#487,.T.);
#485 = VERTEX_POINT('',#486);
#486 = CARTESIAN_POINT('',(10.517598540311,-1.5,-7.516822529822));
#487 = LINE('',#488,#489);
#488 = CARTESIAN_POINT('',(11.483731877573,-1.5,-8.526129640935));
#489 = VECTOR('',#490,1.);
#490 = DIRECTION('',(-0.691487649611,-1.6E-16,0.722388282322));
#491 = ORIENTED_EDGE('',*,*,#492,.F.);
#492 = EDGE_CURVE('',#182,#485,#493,.T.);
#493 = LINE('',#494,#495);
#494 = CARTESIAN_POINT('',(10.517598540311,2.,-7.516822529822));
#495 = VECTOR('',#496,1.);
#496 = DIRECTION('',(0.,-1.,2.2E-16));
#497 = ORIENTED_EDGE('',*,*,#181,.F.);
#498 = PLANE('',#499);
#499 = AXIS2_PLACEMENT_3D('',#500,#501,#502);
#500 = CARTESIAN_POINT('',(11.483731877573,2.,-8.526129640935));
#501 = DIRECTION('',(-0.722388282322,-1.5E-16,-0.691487649611));
#502 = DIRECTION('',(-0.691487649611,1.6E-16,0.722388282322));
#503 = ADVANCED_FACE('',(#504),#523,.F.);
#504 = FACE_BOUND('',#505,.T.);
#505 = EDGE_LOOP('',(#506,#514,#521,#522));
#506 = ORIENTED_EDGE('',*,*,#507,.T.);
#507 = EDGE_CURVE('',#190,#508,#510,.T.);
#508 = VERTEX_POINT('',#509);
#509 = CARTESIAN_POINT('',(10.385234973003,-1.5,-6.306298007192));
#510 = LINE('',#511,#512);
#511 = CARTESIAN_POINT('',(10.385234973003,2.,-6.306298007192));
#512 = VECTOR('',#513,1.);
#513 = DIRECTION('',(0.,-1.,2.2E-16));
#514 = ORIENTED_EDGE('',*,*,#515,.T.);
#515 = EDGE_CURVE('',#508,#485,#516,.T.);
#516 = CIRCLE('',#517,1.);
#517 = AXIS2_PLACEMENT_3D('',#518,#519,#520);
#518 = CARTESIAN_POINT('',(11.239986822633,-1.5,-6.825334880212));
#519 = DIRECTION('',(0.,-1.,-2.2E-16));
#520 = DIRECTION('',(1.,0.,0.));
#521 = ORIENTED_EDGE('',*,*,#492,.F.);
#522 = ORIENTED_EDGE('',*,*,#189,.F.);
#523 = CYLINDRICAL_SURFACE('',#524,1.);
#524 = AXIS2_PLACEMENT_3D('',#525,#526,#527);
#525 = CARTESIAN_POINT('',(11.239986822633,2.,-6.825334880212));
#526 = DIRECTION('',(0.,1.,-2.2E-16));
#527 = DIRECTION('',(1.,0.,0.));
#528 = ADVANCED_FACE('',(#529),#548,.T.);
#529 = FACE_BOUND('',#530,.F.);
#530 = EDGE_LOOP('',(#531,#532,#541,#547));
#531 = ORIENTED_EDGE('',*,*,#507,.T.);
#532 = ORIENTED_EDGE('',*,*,#533,.T.);
#533 = EDGE_CURVE('',#508,#534,#536,.T.);
#534 = VERTEX_POINT('',#535);
#535 = CARTESIAN_POINT('',(3.14144486692,-1.5,11.736857507361));
#536 = CIRCLE('',#537,12.15);
#537 = AXIS2_PLACEMENT_3D('',#538,#539,#540);
#538 = CARTESIAN_POINT('',(0.,-1.5,-4.440892098501E-16));
#539 = DIRECTION('',(0.,-1.,-2.2E-16));
#540 = DIRECTION('',(1.,0.,0.));
#541 = ORIENTED_EDGE('',*,*,#542,.F.);
#542 = EDGE_CURVE('',#199,#534,#543,.T.);
#543 = LINE('',#544,#545);
#544 = CARTESIAN_POINT('',(3.14144486692,2.,11.736857507361));
#545 = VECTOR('',#546,1.);
#546 = DIRECTION('',(0.,-1.,2.2E-16));
#547 = ORIENTED_EDGE('',*,*,#198,.F.);
#548 = CYLINDRICAL_SURFACE('',#549,12.15);
#549 = AXIS2_PLACEMENT_3D('',#550,#551,#552);
#550 = CARTESIAN_POINT('',(0.,2.,-4.4E-16));
#551 = DIRECTION('',(0.,1.,-2.2E-16));
#552 = DIRECTION('',(1.,0.,0.));
#553 = ADVANCED_FACE('',(#554),#573,.F.);
#554 = FACE_BOUND('',#555,.T.);
#555 = EDGE_LOOP('',(#556,#564,#571,#572));
#556 = ORIENTED_EDGE('',*,*,#557,.T.);
#557 = EDGE_CURVE('',#208,#558,#560,.T.);
#558 = VERTEX_POINT('',#559);
#559 = CARTESIAN_POINT('',(2.4,-1.5,12.702854010025));
#560 = LINE('',#561,#562);
#561 = CARTESIAN_POINT('',(2.4,2.,12.702854010025));
#562 = VECTOR('',#563,1.);
#563 = DIRECTION('',(0.,-1.,2.2E-16));
#564 = ORIENTED_EDGE('',*,*,#565,.T.);
#565 = EDGE_CURVE('',#558,#534,#566,.T.);
#566 = CIRCLE('',#567,1.);
#567 = AXIS2_PLACEMENT_3D('',#568,#569,#570);
#568 = CARTESIAN_POINT('',(3.4,-1.5,12.702854010025));
#569 = DIRECTION('',(0.,-1.,-2.2E-16));
#570 = DIRECTION('',(1.,0.,0.));
#571 = ORIENTED_EDGE('',*,*,#542,.F.);
#572 = ORIENTED_EDGE('',*,*,#207,.F.);
#573 = CYLINDRICAL_SURFACE('',#574,1.);
#574 = AXIS2_PLACEMENT_3D('',#575,#576,#577);
#575 = CARTESIAN_POINT('',(3.4,2.,12.702854010025));
#576 = DIRECTION('',(0.,1.,-2.2E-16));
#577 = DIRECTION('',(1.,0.,0.));
#578 = ADVANCED_FACE('',(#579),#597,.T.);
#579 = FACE_BOUND('',#580,.T.);
#580 = EDGE_LOOP('',(#581,#589,#595,#596));
#581 = ORIENTED_EDGE('',*,*,#582,.T.);
#582 = EDGE_CURVE('',#217,#583,#585,.T.);
#583 = VERTEX_POINT('',#584);
#584 = CARTESIAN_POINT('',(2.4,-1.5,14.25));
#585 = LINE('',#586,#587);
#586 = CARTESIAN_POINT('',(2.4,2.,14.25));
#587 = VECTOR('',#588,1.);
#588 = DIRECTION('',(0.,-1.,2.2E-16));
#589 = ORIENTED_EDGE('',*,*,#590,.T.);
#590 = EDGE_CURVE('',#583,#558,#591,.T.);
#591 = LINE('',#592,#593);
#592 = CARTESIAN_POINT('',(2.4,-1.5,14.25));
#593 = VECTOR('',#594,1.);
#594 = DIRECTION('',(0.,2.2E-16,-1.));
#595 = ORIENTED_EDGE('',*,*,#557,.F.);
#596 = ORIENTED_EDGE('',*,*,#216,.F.);
#597 = PLANE('',#598);
#598 = AXIS2_PLACEMENT_3D('',#599,#600,#601);
#599 = CARTESIAN_POINT('',(2.4,2.,14.25));
#600 = DIRECTION('',(1.,0.,0.));
#601 = DIRECTION('',(0.,-2.2E-16,-1.));
#602 = ADVANCED_FACE('',(#603),#622,.T.);
#603 = FACE_BOUND('',#604,.F.);
#604 = EDGE_LOOP('',(#605,#606,#615,#621));
#605 = ORIENTED_EDGE('',*,*,#582,.T.);
#606 = ORIENTED_EDGE('',*,*,#607,.T.);
#607 = EDGE_CURVE('',#583,#608,#610,.T.);
#608 = VERTEX_POINT('',#609);
#609 = CARTESIAN_POINT('',(-2.4,-1.5,14.25));
#610 = CIRCLE('',#611,2.4);
#611 = AXIS2_PLACEMENT_3D('',#612,#613,#614);
#612 = CARTESIAN_POINT('',(0.,-1.5,14.25));
#613 = DIRECTION('',(0.,-1.,-2.2E-16));
#614 = DIRECTION('',(1.,0.,0.));
#615 = ORIENTED_EDGE('',*,*,#616,.F.);
#616 = EDGE_CURVE('',#225,#608,#617,.T.);
#617 = LINE('',#618,#619);
#618 = CARTESIAN_POINT('',(-2.4,2.,14.25));
#619 = VECTOR('',#620,1.);
#620 = DIRECTION('',(0.,-1.,2.2E-16));
#621 = ORIENTED_EDGE('',*,*,#224,.F.);
#622 = CYLINDRICAL_SURFACE('',#623,2.4);
#623 = AXIS2_PLACEMENT_3D('',#624,#625,#626);
#624 = CARTESIAN_POINT('',(0.,2.,14.25));
#625 = DIRECTION('',(0.,1.,-2.2E-16));
#626 = DIRECTION('',(1.,0.,0.));
#627 = ADVANCED_FACE('',(#628),#646,.F.);
#628 = FACE_BOUND('',#629,.F.);
#629 = EDGE_LOOP('',(#630,#631,#639,#645));
#630 = ORIENTED_EDGE('',*,*,#616,.T.);
#631 = ORIENTED_EDGE('',*,*,#632,.T.);
#632 = EDGE_CURVE('',#608,#633,#635,.T.);
#633 = VERTEX_POINT('',#634);
#634 = CARTESIAN_POINT('',(-2.4,-1.5,12.702854010025));
#635 = LINE('',#636,#637);
#636 = CARTESIAN_POINT('',(-2.4,-1.5,14.25));
#637 = VECTOR('',#638,1.);
#638 = DIRECTION('',(0.,2.2E-16,-1.));
#639 = ORIENTED_EDGE('',*,*,#640,.F.);
#640 = EDGE_CURVE('',#234,#633,#641,.T.);
#641 = LINE('',#642,#643);
#642 = CARTESIAN_POINT('',(-2.4,2.,12.702854010025));
#643 = VECTOR('',#644,1.);
#644 = DIRECTION('',(0.,-1.,2.2E-16));
#645 = ORIENTED_EDGE('',*,*,#233,.F.);
#646 = PLANE('',#647);
#647 = AXIS2_PLACEMENT_3D('',#648,#649,#650);
#648 = CARTESIAN_POINT('',(-2.4,2.,14.25));
#649 = DIRECTION('',(1.,0.,0.));
#650 = DIRECTION('',(0.,-2.2E-16,-1.));
#651 = ADVANCED_FACE('',(#652),#664,.F.);
#652 = FACE_BOUND('',#653,.T.);
#653 = EDGE_LOOP('',(#654,#655,#662,#663));
#654 = ORIENTED_EDGE('',*,*,#334,.T.);
#655 = ORIENTED_EDGE('',*,*,#656,.T.);
#656 = EDGE_CURVE('',#335,#633,#657,.T.);
#657 = CIRCLE('',#658,1.);
#658 = AXIS2_PLACEMENT_3D('',#659,#660,#661);
#659 = CARTESIAN_POINT('',(-3.4,-1.5,12.702854010025));
#660 = DIRECTION('',(0.,-1.,-2.2E-16));
#661 = DIRECTION('',(1.,0.,0.));
#662 = ORIENTED_EDGE('',*,*,#640,.F.);
#663 = ORIENTED_EDGE('',*,*,#241,.F.);
#664 = CYLINDRICAL_SURFACE('',#665,1.);
#665 = AXIS2_PLACEMENT_3D('',#666,#667,#668);
#666 = CARTESIAN_POINT('',(-3.4,2.,12.702854010025));
#667 = DIRECTION('',(0.,1.,-2.2E-16));
#668 = DIRECTION('',(1.,0.,0.));
#669 = ADVANCED_FACE('',(#670),#1301,.F.);
#670 = FACE_BOUND('',#671,.T.);
#671 = EDGE_LOOP('',(#672,#673,#681,#690,#698,#707,#715,#724,#732,#741,
    #749,#758,#766,#775,#783,#792,#800,#809,#817,#826,#834,#843,#851,
    #860,#868,#877,#885,#894,#902,#911,#919,#928,#936,#945,#953,#962,
    #970,#979,#987,#996,#1004,#1013,#1021,#1030,#1038,#1047,#1055,#1064,
    #1072,#1081,#1089,#1098,#1106,#1115,#1123,#1132,#1140,#1149,#1157,
    #1166,#1174,#1183,#1191,#1200,#1208,#1217,#1225,#1234,#1242,#1251,
    #1259,#1268,#1276,#1285,#1293,#1300));
#672 = ORIENTED_EDGE('',*,*,#260,.F.);
#673 = ORIENTED_EDGE('',*,*,#674,.T.);
#674 = EDGE_CURVE('',#261,#675,#677,.T.);
#675 = VERTEX_POINT('',#676);
#676 = CARTESIAN_POINT('',(10.65,0.,0.));
#677 = LINE('',#678,#679);
#678 = CARTESIAN_POINT('',(10.65,2.,-4.4E-16));
#679 = VECTOR('',#680,1.);
#680 = DIRECTION('',(0.,-1.,2.2E-16));
#681 = ORIENTED_EDGE('',*,*,#682,.T.);
#682 = EDGE_CURVE('',#675,#683,#685,.T.);
#683 = VERTEX_POINT('',#684);
#684 = CARTESIAN_POINT('',(10.635799582714,0.,0.549788355951));
#685 = CIRCLE('',#686,10.65);
#686 = AXIS2_PLACEMENT_3D('',#687,#688,#689);
#687 = CARTESIAN_POINT('',(0.,0.,0.));
#688 = DIRECTION('',(0.,-1.,-2.2E-16));
#689 = DIRECTION('',(1.,0.,0.));
#690 = ORIENTED_EDGE('',*,*,#691,.F.);
#691 = EDGE_CURVE('',#692,#683,#694,.T.);
#692 = VERTEX_POINT('',#693);
#693 = CARTESIAN_POINT('',(10.635799582714,-1.5,0.549788355951));
#694 = LINE('',#695,#696);
#695 = CARTESIAN_POINT('',(10.635799582714,-9.3E-16,0.549788355951));
#696 = VECTOR('',#697,1.);
#697 = DIRECTION('',(0.,1.,-2.2E-16));
#698 = ORIENTED_EDGE('',*,*,#699,.T.);
#699 = EDGE_CURVE('',#692,#700,#702,.T.);
#700 = VERTEX_POINT('',#701);
#701 = CARTESIAN_POINT('',(10.165515671549,-1.5,3.175656015928));
#702 = CIRCLE('',#703,10.65);
#703 = AXIS2_PLACEMENT_3D('',#704,#705,#706);
#704 = CARTESIAN_POINT('',(0.,-1.5,-4.440892098501E-16));
#705 = DIRECTION('',(0.,-1.,-2.2E-16));
#706 = DIRECTION('',(1.,0.,0.));
#707 = ORIENTED_EDGE('',*,*,#708,.T.);
#708 = EDGE_CURVE('',#700,#709,#711,.T.);
#709 = VERTEX_POINT('',#710);
#710 = CARTESIAN_POINT('',(10.165515671549,1.E-15,3.175656015928));
#711 = LINE('',#712,#713);
#712 = CARTESIAN_POINT('',(10.165515671549,1.51E-15,3.175656015928));
#713 = VECTOR('',#714,1.);
#714 = DIRECTION('',(0.,1.,-2.2E-16));
#715 = ORIENTED_EDGE('',*,*,#716,.T.);
#716 = EDGE_CURVE('',#709,#717,#719,.T.);
#717 = VERTEX_POINT('',#718);
#718 = CARTESIAN_POINT('',(9.902374598608,1.E-15,3.919882308036));
#719 = CIRCLE('',#720,10.65);
#720 = AXIS2_PLACEMENT_3D('',#721,#722,#723);
#721 = CARTESIAN_POINT('',(0.,0.,0.));
#722 = DIRECTION('',(0.,-1.,-2.2E-16));
#723 = DIRECTION('',(1.,0.,0.));
#724 = ORIENTED_EDGE('',*,*,#725,.F.);
#725 = EDGE_CURVE('',#726,#717,#728,.T.);
#726 = VERTEX_POINT('',#727);
#727 = CARTESIAN_POINT('',(9.902374598608,-1.5,3.919882308036));
#728 = LINE('',#729,#730);
#729 = CARTESIAN_POINT('',(9.902374598608,1.6E-15,3.919882308036));
#730 = VECTOR('',#731,1.);
#731 = DIRECTION('',(0.,1.,-2.2E-16));
#732 = ORIENTED_EDGE('',*,*,#733,.T.);
#733 = EDGE_CURVE('',#726,#734,#736,.T.);
#734 = VERTEX_POINT('',#735);
#735 = CARTESIAN_POINT('',(8.381980672848,-1.5,6.57));
#736 = CIRCLE('',#737,10.65);
#737 = AXIS2_PLACEMENT_3D('',#738,#739,#740);
#738 = CARTESIAN_POINT('',(0.,-1.5,-4.440892098501E-16));
#739 = DIRECTION('',(0.,-1.,-2.2E-16));
#740 = DIRECTION('',(1.,0.,0.));
#741 = ORIENTED_EDGE('',*,*,#742,.T.);
#742 = EDGE_CURVE('',#734,#743,#745,.T.);
#743 = VERTEX_POINT('',#744);
#744 = CARTESIAN_POINT('',(8.381980672848,1.E-15,6.57));
#745 = LINE('',#746,#747);
#746 = CARTESIAN_POINT('',(8.381980672848,0.,6.57));
#747 = VECTOR('',#748,1.);
#748 = DIRECTION('',(0.,1.,-2.2E-16));
#749 = ORIENTED_EDGE('',*,*,#750,.T.);
#750 = EDGE_CURVE('',#743,#751,#753,.T.);
#751 = VERTEX_POINT('',#752);
#752 = CARTESIAN_POINT('',(7.874871427522,2.E-15,7.17));
#753 = CIRCLE('',#754,10.65);
#754 = AXIS2_PLACEMENT_3D('',#755,#756,#757);
#755 = CARTESIAN_POINT('',(0.,0.,0.));
#756 = DIRECTION('',(0.,-1.,-2.2E-16));
#757 = DIRECTION('',(1.,0.,0.));
#758 = ORIENTED_EDGE('',*,*,#759,.F.);
#759 = EDGE_CURVE('',#760,#751,#762,.T.);
#760 = VERTEX_POINT('',#761);
#761 = CARTESIAN_POINT('',(7.874871427522,-1.5,7.17));
#762 = LINE('',#763,#764);
#763 = CARTESIAN_POINT('',(7.874871427522,0.,7.17));
#764 = VECTOR('',#765,1.);
#765 = DIRECTION('',(0.,1.,-2.2E-16));
#766 = ORIENTED_EDGE('',*,*,#767,.T.);
#767 = EDGE_CURVE('',#760,#768,#770,.T.);
#768 = VERTEX_POINT('',#769);
#769 = CARTESIAN_POINT('',(5.794030474316,-1.5,8.935978450215));
#770 = CIRCLE('',#771,10.65);
#771 = AXIS2_PLACEMENT_3D('',#772,#773,#774);
#772 = CARTESIAN_POINT('',(0.,-1.5,-4.440892098501E-16));
#773 = DIRECTION('',(0.,-1.,-2.2E-16));
#774 = DIRECTION('',(1.,0.,0.));
#775 = ORIENTED_EDGE('',*,*,#776,.T.);
#776 = EDGE_CURVE('',#768,#777,#779,.T.);
#777 = VERTEX_POINT('',#778);
#778 = CARTESIAN_POINT('',(5.794030474316,2.E-15,8.935978450215));
#779 = LINE('',#780,#781);
#780 = CARTESIAN_POINT('',(5.794030474316,9.3E-16,8.935978450215));
#781 = VECTOR('',#782,1.);
#782 = DIRECTION('',(0.,1.,-2.2E-16));
#783 = ORIENTED_EDGE('',*,*,#784,.T.);
#784 = EDGE_CURVE('',#777,#785,#787,.T.);
#785 = VERTEX_POINT('',#786);
#786 = CARTESIAN_POINT('',(4.872535274372,2.E-15,9.47));
#787 = CIRCLE('',#788,10.65);
#788 = AXIS2_PLACEMENT_3D('',#789,#790,#791);
#789 = CARTESIAN_POINT('',(0.,0.,0.));
#790 = DIRECTION('',(0.,-1.,-2.2E-16));
#791 = DIRECTION('',(1.,0.,0.));
#792 = ORIENTED_EDGE('',*,*,#793,.F.);
#793 = EDGE_CURVE('',#794,#785,#796,.T.);
#794 = VERTEX_POINT('',#795);
#795 = CARTESIAN_POINT('',(4.872535274372,-1.5,9.47));
#796 = LINE('',#797,#798);
#797 = CARTESIAN_POINT('',(4.872535274372,0.,9.47));
#798 = VECTOR('',#799,1.);
#799 = DIRECTION('',(0.,1.,-2.2E-16));
#800 = ORIENTED_EDGE('',*,*,#801,.T.);
#801 = EDGE_CURVE('',#794,#802,#804,.T.);
#802 = VERTEX_POINT('',#803);
#803 = CARTESIAN_POINT('',(2.292813114751,-1.5,10.400264805322));
#804 = CIRCLE('',#805,10.65);
#805 = AXIS2_PLACEMENT_3D('',#806,#807,#808);
#806 = CARTESIAN_POINT('',(0.,-1.5,-4.440892098501E-16));
#807 = DIRECTION('',(0.,-1.,-2.2E-16));
#808 = DIRECTION('',(1.,0.,0.));
#809 = ORIENTED_EDGE('',*,*,#810,.T.);
#810 = EDGE_CURVE('',#802,#811,#813,.T.);
#811 = VERTEX_POINT('',#812);
#812 = CARTESIAN_POINT('',(2.292813114751,2.E-15,10.400264805322));
#813 = LINE('',#814,#815);
#814 = CARTESIAN_POINT('',(2.292813114751,1.51E-15,10.400264805322));
#815 = VECTOR('',#816,1.);
#816 = DIRECTION('',(0.,1.,-2.2E-16));
#817 = ORIENTED_EDGE('',*,*,#818,.T.);
#818 = EDGE_CURVE('',#811,#819,#821,.T.);
#819 = VERTEX_POINT('',#820);
#820 = CARTESIAN_POINT('',(1.51864221138,2.E-15,10.541168143703));
#821 = CIRCLE('',#822,10.65);
#822 = AXIS2_PLACEMENT_3D('',#823,#824,#825);
#823 = CARTESIAN_POINT('',(0.,0.,0.));
#824 = DIRECTION('',(0.,-1.,-2.2E-16));
#825 = DIRECTION('',(1.,0.,0.));
#826 = ORIENTED_EDGE('',*,*,#827,.F.);
#827 = EDGE_CURVE('',#828,#819,#830,.T.);
#828 = VERTEX_POINT('',#829);
#829 = CARTESIAN_POINT('',(1.51864221138,-1.5,10.541168143703));
#830 = LINE('',#831,#832);
#831 = CARTESIAN_POINT('',(1.51864221138,1.61E-15,10.541168143703));
#832 = VECTOR('',#833,1.);
#833 = DIRECTION('',(0.,1.,-2.2E-16));
#834 = ORIENTED_EDGE('',*,*,#835,.T.);
#835 = EDGE_CURVE('',#828,#836,#838,.T.);
#836 = VERTEX_POINT('',#837);
#837 = CARTESIAN_POINT('',(-1.516710802849,-1.5,10.541446216745));
#838 = CIRCLE('',#839,10.65);
#839 = AXIS2_PLACEMENT_3D('',#840,#841,#842);
#840 = CARTESIAN_POINT('',(0.,-1.5,-4.440892098501E-16));
#841 = DIRECTION('',(0.,-1.,-2.2E-16));
#842 = DIRECTION('',(1.,0.,0.));
#843 = ORIENTED_EDGE('',*,*,#844,.T.);
#844 = EDGE_CURVE('',#836,#845,#847,.T.);
#845 = VERTEX_POINT('',#846);
#846 = CARTESIAN_POINT('',(-1.516710802849,2.E-15,10.541446216745));
#847 = LINE('',#848,#849);
#848 = CARTESIAN_POINT('',(-1.516710802849,1.61E-15,10.541446216745));
#849 = VECTOR('',#850,1.);
#850 = DIRECTION('',(0.,1.,-2.2E-16));
#851 = ORIENTED_EDGE('',*,*,#852,.T.);
#852 = EDGE_CURVE('',#845,#853,#855,.T.);
#853 = VERTEX_POINT('',#854);
#854 = CARTESIAN_POINT('',(-2.290784118935,2.E-15,10.400711904501));
#855 = CIRCLE('',#856,10.65);
#856 = AXIS2_PLACEMENT_3D('',#857,#858,#859);
#857 = CARTESIAN_POINT('',(0.,0.,0.));
#858 = DIRECTION('',(0.,-1.,-2.2E-16));
#859 = DIRECTION('',(1.,0.,0.));
#860 = ORIENTED_EDGE('',*,*,#861,.F.);
#861 = EDGE_CURVE('',#862,#853,#864,.T.);
#862 = VERTEX_POINT('',#863);
#863 = CARTESIAN_POINT('',(-2.290784118935,-1.5,10.400711904501));
#864 = LINE('',#865,#866);
#865 = CARTESIAN_POINT('',(-2.290784118935,1.51E-15,10.400711904501));
#866 = VECTOR('',#867,1.);
#867 = DIRECTION('',(0.,1.,-2.2E-16));
#868 = ORIENTED_EDGE('',*,*,#869,.T.);
#869 = EDGE_CURVE('',#862,#870,#872,.T.);
#870 = VERTEX_POINT('',#871);
#871 = CARTESIAN_POINT('',(-4.872535274372,-1.5,9.47));
#872 = CIRCLE('',#873,10.65);
#873 = AXIS2_PLACEMENT_3D('',#874,#875,#876);
#874 = CARTESIAN_POINT('',(0.,-1.5,-4.440892098501E-16));
#875 = DIRECTION('',(0.,-1.,-2.2E-16));
#876 = DIRECTION('',(1.,0.,0.));
#877 = ORIENTED_EDGE('',*,*,#878,.T.);
#878 = EDGE_CURVE('',#870,#879,#881,.T.);
#879 = VERTEX_POINT('',#880);
#880 = CARTESIAN_POINT('',(-4.872535274372,2.E-15,9.47));
#881 = LINE('',#882,#883);
#882 = CARTESIAN_POINT('',(-4.872535274372,0.,9.47));
#883 = VECTOR('',#884,1.);
#884 = DIRECTION('',(0.,1.,-2.2E-16));
#885 = ORIENTED_EDGE('',*,*,#886,.T.);
#886 = EDGE_CURVE('',#879,#887,#889,.T.);
#887 = VERTEX_POINT('',#888);
#888 = CARTESIAN_POINT('',(-5.791200623628,2.E-15,8.937812670721));
#889 = CIRCLE('',#890,10.65);
#890 = AXIS2_PLACEMENT_3D('',#891,#892,#893);
#891 = CARTESIAN_POINT('',(0.,0.,0.));
#892 = DIRECTION('',(0.,-1.,-2.2E-16));
#893 = DIRECTION('',(1.,0.,0.));
#894 = ORIENTED_EDGE('',*,*,#895,.F.);
#895 = EDGE_CURVE('',#896,#887,#898,.T.);
#896 = VERTEX_POINT('',#897);
#897 = CARTESIAN_POINT('',(-5.791200623628,-1.5,8.937812670721));
#898 = LINE('',#899,#900);
#899 = CARTESIAN_POINT('',(-5.791200623628,9.3E-16,8.937812670721));
#900 = VECTOR('',#901,1.);
#901 = DIRECTION('',(0.,1.,-2.2E-16));
#902 = ORIENTED_EDGE('',*,*,#903,.T.);
#903 = EDGE_CURVE('',#896,#904,#906,.T.);
#904 = VERTEX_POINT('',#905);
#905 = CARTESIAN_POINT('',(-7.874871427522,-1.5,7.17));
#906 = CIRCLE('',#907,10.65);
#907 = AXIS2_PLACEMENT_3D('',#908,#909,#910);
#908 = CARTESIAN_POINT('',(0.,-1.5,-4.440892098501E-16));
#909 = DIRECTION('',(0.,-1.,-2.2E-16));
#910 = DIRECTION('',(1.,0.,0.));
#911 = ORIENTED_EDGE('',*,*,#912,.T.);
#912 = EDGE_CURVE('',#904,#913,#915,.T.);
#913 = VERTEX_POINT('',#914);
#914 = CARTESIAN_POINT('',(-7.874871427522,2.E-15,7.17));
#915 = LINE('',#916,#917);
#916 = CARTESIAN_POINT('',(-7.874871427522,0.,7.17));
#917 = VECTOR('',#918,1.);
#918 = DIRECTION('',(0.,1.,-2.2E-16));
#919 = ORIENTED_EDGE('',*,*,#920,.T.);
#920 = EDGE_CURVE('',#913,#921,#923,.T.);
#921 = VERTEX_POINT('',#922);
#922 = CARTESIAN_POINT('',(-8.381980672848,1.E-15,6.57));
#923 = CIRCLE('',#924,10.65);
#924 = AXIS2_PLACEMENT_3D('',#925,#926,#927);
#925 = CARTESIAN_POINT('',(0.,0.,0.));
#926 = DIRECTION('',(0.,-1.,-2.2E-16));
#927 = DIRECTION('',(1.,0.,0.));
#928 = ORIENTED_EDGE('',*,*,#929,.F.);
#929 = EDGE_CURVE('',#930,#921,#932,.T.);
#930 = VERTEX_POINT('',#931);
#931 = CARTESIAN_POINT('',(-8.381980672848,-1.5,6.57));
#932 = LINE('',#933,#934);
#933 = CARTESIAN_POINT('',(-8.381980672848,0.,6.57));
#934 = VECTOR('',#935,1.);
#935 = DIRECTION('',(0.,1.,-2.2E-16));
#936 = ORIENTED_EDGE('',*,*,#937,.T.);
#937 = EDGE_CURVE('',#930,#938,#940,.T.);
#938 = VERTEX_POINT('',#939);
#939 = CARTESIAN_POINT('',(-9.901654180965,-1.5,3.92170173274));
#940 = CIRCLE('',#941,10.65);
#941 = AXIS2_PLACEMENT_3D('',#942,#943,#944);
#942 = CARTESIAN_POINT('',(0.,-1.5,-4.440892098501E-16));
#943 = DIRECTION('',(0.,-1.,-2.2E-16));
#944 = DIRECTION('',(1.,0.,0.));
#945 = ORIENTED_EDGE('',*,*,#946,.T.);
#946 = EDGE_CURVE('',#938,#947,#949,.T.);
#947 = VERTEX_POINT('',#948);
#948 = CARTESIAN_POINT('',(-9.901654180965,1.E-15,3.92170173274));
#949 = LINE('',#950,#951);
#950 = CARTESIAN_POINT('',(-9.901654180965,1.61E-15,3.92170173274));
#951 = VECTOR('',#952,1.);
#952 = DIRECTION('',(0.,1.,-2.2E-16));
#953 = ORIENTED_EDGE('',*,*,#954,.T.);
#954 = EDGE_CURVE('',#947,#955,#957,.T.);
#955 = VERTEX_POINT('',#956);
#956 = CARTESIAN_POINT('',(-10.16489377202,1.E-15,3.177646079016));
#957 = CIRCLE('',#958,10.65);
#958 = AXIS2_PLACEMENT_3D('',#959,#960,#961);
#959 = CARTESIAN_POINT('',(0.,0.,0.));
#960 = DIRECTION('',(0.,-1.,-2.2E-16));
#961 = DIRECTION('',(1.,0.,0.));
#962 = ORIENTED_EDGE('',*,*,#963,.F.);
#963 = EDGE_CURVE('',#964,#955,#966,.T.);
#964 = VERTEX_POINT('',#965);
#965 = CARTESIAN_POINT('',(-10.16489377202,-1.5,3.177646079016));
#966 = LINE('',#967,#968);
#967 = CARTESIAN_POINT('',(-10.16489377202,1.51E-15,3.177646079016));
#968 = VECTOR('',#969,1.);
#969 = DIRECTION('',(0.,1.,-2.2E-16));
#970 = ORIENTED_EDGE('',*,*,#971,.T.);
#971 = EDGE_CURVE('',#964,#972,#974,.T.);
#972 = VERTEX_POINT('',#973);
#973 = CARTESIAN_POINT('',(-10.63597313892,-1.5,0.546420523113));
#974 = CIRCLE('',#975,10.65);
#975 = AXIS2_PLACEMENT_3D('',#976,#977,#978);
#976 = CARTESIAN_POINT('',(0.,-1.5,-4.440892098501E-16));
#977 = DIRECTION('',(0.,-1.,-2.2E-16));
#978 = DIRECTION('',(1.,0.,0.));
#979 = ORIENTED_EDGE('',*,*,#980,.T.);
#980 = EDGE_CURVE('',#972,#981,#983,.T.);
#981 = VERTEX_POINT('',#982);
#982 = CARTESIAN_POINT('',(-10.63597313892,0.,0.546420523113));
#983 = LINE('',#984,#985);
#984 = CARTESIAN_POINT('',(-10.63597313892,-9.3E-16,0.546420523113));
#985 = VECTOR('',#986,1.);
#986 = DIRECTION('',(0.,1.,-2.2E-16));
#987 = ORIENTED_EDGE('',*,*,#988,.T.);
#988 = EDGE_CURVE('',#981,#989,#991,.T.);
#989 = VERTEX_POINT('',#990);
#990 = CARTESIAN_POINT('',(-10.63236238664,-0.,-0.61267452952));
#991 = CIRCLE('',#992,10.65);
#992 = AXIS2_PLACEMENT_3D('',#993,#994,#995);
#993 = CARTESIAN_POINT('',(0.,0.,0.));
#994 = DIRECTION('',(0.,-1.,-2.2E-16));
#995 = DIRECTION('',(1.,0.,0.));
#996 = ORIENTED_EDGE('',*,*,#997,.F.);
#997 = EDGE_CURVE('',#998,#989,#1000,.T.);
#998 = VERTEX_POINT('',#999);
#999 = CARTESIAN_POINT('',(-10.63236238664,-1.5,-0.61267452952));
#1000 = LINE('',#1001,#1002);
#1001 = CARTESIAN_POINT('',(-10.63236238664,9.2E-16,-0.61267452952));
#1002 = VECTOR('',#1003,1.);
#1003 = DIRECTION('',(0.,1.,-2.2E-16));
#1004 = ORIENTED_EDGE('',*,*,#1005,.T.);
#1005 = EDGE_CURVE('',#998,#1006,#1008,.T.);
#1006 = VERTEX_POINT('',#1007);
#1007 = CARTESIAN_POINT('',(-10.1526727862,-1.5,-3.216478710667));
#1008 = CIRCLE('',#1009,10.65);
#1009 = AXIS2_PLACEMENT_3D('',#1010,#1011,#1012);
#1010 = CARTESIAN_POINT('',(0.,-1.5,-4.440892098501E-16));
#1011 = DIRECTION('',(0.,-1.,-2.2E-16));
#1012 = DIRECTION('',(1.,0.,0.));
#1013 = ORIENTED_EDGE('',*,*,#1014,.T.);
#1014 = EDGE_CURVE('',#1006,#1015,#1017,.T.);
#1015 = VERTEX_POINT('',#1016);
#1016 = CARTESIAN_POINT('',(-10.1526727862,-1.E-15,-3.216478710667));
#1017 = LINE('',#1018,#1019);
#1018 = CARTESIAN_POINT('',(-10.1526727862,-1.51E-15,-3.216478710667));
#1019 = VECTOR('',#1020,1.);
#1020 = DIRECTION('',(0.,1.,-2.2E-16));
#1021 = ORIENTED_EDGE('',*,*,#1022,.T.);
#1022 = EDGE_CURVE('',#1015,#1023,#1025,.T.);
#1023 = VERTEX_POINT('',#1024);
#1024 = CARTESIAN_POINT('',(-9.887515617753,-1.E-15,-3.957213022911));
#1025 = CIRCLE('',#1026,10.65);
#1026 = AXIS2_PLACEMENT_3D('',#1027,#1028,#1029);
#1027 = CARTESIAN_POINT('',(0.,0.,0.));
#1028 = DIRECTION('',(0.,-1.,-2.2E-16));
#1029 = DIRECTION('',(1.,0.,0.));
#1030 = ORIENTED_EDGE('',*,*,#1031,.F.);
#1031 = EDGE_CURVE('',#1032,#1023,#1034,.T.);
#1032 = VERTEX_POINT('',#1033);
#1033 = CARTESIAN_POINT('',(-9.887515617753,-1.5,-3.957213022911));
#1034 = LINE('',#1035,#1036);
#1035 = CARTESIAN_POINT('',(-9.887515617753,-1.61E-15,-3.957213022911));
#1036 = VECTOR('',#1037,1.);
#1037 = DIRECTION('',(0.,1.,-2.2E-16));
#1038 = ORIENTED_EDGE('',*,*,#1039,.T.);
#1039 = EDGE_CURVE('',#1032,#1040,#1042,.T.);
#1040 = VERTEX_POINT('',#1041);
#1041 = CARTESIAN_POINT('',(-8.334602570009,-1.5,-6.63));
#1042 = CIRCLE('',#1043,10.65);
#1043 = AXIS2_PLACEMENT_3D('',#1044,#1045,#1046);
#1044 = CARTESIAN_POINT('',(0.,-1.5,-4.440892098501E-16));
#1045 = DIRECTION('',(0.,-1.,-2.2E-16));
#1046 = DIRECTION('',(1.,0.,0.));
#1047 = ORIENTED_EDGE('',*,*,#1048,.T.);
#1048 = EDGE_CURVE('',#1040,#1049,#1051,.T.);
#1049 = VERTEX_POINT('',#1050);
#1050 = CARTESIAN_POINT('',(-8.334602570009,-1.E-15,-6.63));
#1051 = LINE('',#1052,#1053);
#1052 = CARTESIAN_POINT('',(-8.334602570009,0.,-6.63));
#1053 = VECTOR('',#1054,1.);
#1054 = DIRECTION('',(0.,1.,-2.2E-16));
#1055 = ORIENTED_EDGE('',*,*,#1056,.T.);
#1056 = EDGE_CURVE('',#1049,#1057,#1059,.T.);
#1057 = VERTEX_POINT('',#1058);
#1058 = CARTESIAN_POINT('',(-7.819820969818,-2.E-15,-7.23));
#1059 = CIRCLE('',#1060,10.65);
#1060 = AXIS2_PLACEMENT_3D('',#1061,#1062,#1063);
#1061 = CARTESIAN_POINT('',(0.,0.,0.));
#1062 = DIRECTION('',(0.,-1.,-2.2E-16));
#1063 = DIRECTION('',(1.,0.,0.));
#1064 = ORIENTED_EDGE('',*,*,#1065,.F.);
#1065 = EDGE_CURVE('',#1066,#1057,#1068,.T.);
#1066 = VERTEX_POINT('',#1067);
#1067 = CARTESIAN_POINT('',(-7.819820969818,-1.5,-7.23));
#1068 = LINE('',#1069,#1070);
#1069 = CARTESIAN_POINT('',(-7.819820969818,0.,-7.23));
#1070 = VECTOR('',#1071,1.);
#1071 = DIRECTION('',(0.,1.,-2.2E-16));
#1072 = ORIENTED_EDGE('',*,*,#1073,.T.);
#1073 = EDGE_CURVE('',#1066,#1074,#1076,.T.);
#1074 = VERTEX_POINT('',#1075);
#1075 = CARTESIAN_POINT('',(-5.846772900137,-1.5,-8.901558664314));
#1076 = CIRCLE('',#1077,10.65);
#1077 = AXIS2_PLACEMENT_3D('',#1078,#1079,#1080);
#1078 = CARTESIAN_POINT('',(0.,-1.5,-4.440892098501E-16));
#1079 = DIRECTION('',(0.,-1.,-2.2E-16));
#1080 = DIRECTION('',(1.,0.,0.));
#1081 = ORIENTED_EDGE('',*,*,#1082,.T.);
#1082 = EDGE_CURVE('',#1074,#1083,#1085,.T.);
#1083 = VERTEX_POINT('',#1084);
#1084 = CARTESIAN_POINT('',(-5.846772900137,-2.E-15,-8.901558664314));
#1085 = LINE('',#1086,#1087);
#1086 = CARTESIAN_POINT('',(-5.846772900137,-9.2E-16,-8.901558664314));
#1087 = VECTOR('',#1088,1.);
#1088 = DIRECTION('',(0.,1.,-2.2E-16));
#1089 = ORIENTED_EDGE('',*,*,#1090,.T.);
#1090 = EDGE_CURVE('',#1083,#1091,#1093,.T.);
#1091 = VERTEX_POINT('',#1092);
#1092 = CARTESIAN_POINT('',(-4.754114007888,-2.E-15,-9.53));
#1093 = CIRCLE('',#1094,10.65);
#1094 = AXIS2_PLACEMENT_3D('',#1095,#1096,#1097);
#1095 = CARTESIAN_POINT('',(0.,0.,0.));
#1096 = DIRECTION('',(0.,-1.,-2.2E-16));
#1097 = DIRECTION('',(1.,0.,0.));
#1098 = ORIENTED_EDGE('',*,*,#1099,.F.);
#1099 = EDGE_CURVE('',#1100,#1091,#1102,.T.);
#1100 = VERTEX_POINT('',#1101);
#1101 = CARTESIAN_POINT('',(-4.754114007888,-1.5,-9.53));
#1102 = LINE('',#1103,#1104);
#1103 = CARTESIAN_POINT('',(-4.754114007888,0.,-9.53));
#1104 = VECTOR('',#1105,1.);
#1105 = DIRECTION('',(0.,1.,-2.2E-16));
#1106 = ORIENTED_EDGE('',*,*,#1107,.T.);
#1107 = EDGE_CURVE('',#1100,#1108,#1110,.T.);
#1108 = VERTEX_POINT('',#1109);
#1109 = CARTESIAN_POINT('',(-2.330524657348,-1.5,-10.39187927285));
#1110 = CIRCLE('',#1111,10.65);
#1111 = AXIS2_PLACEMENT_3D('',#1112,#1113,#1114);
#1112 = CARTESIAN_POINT('',(0.,-1.5,-4.440892098501E-16));
#1113 = DIRECTION('',(0.,-1.,-2.2E-16));
#1114 = DIRECTION('',(1.,0.,0.));
#1115 = ORIENTED_EDGE('',*,*,#1116,.T.);
#1116 = EDGE_CURVE('',#1108,#1117,#1119,.T.);
#1117 = VERTEX_POINT('',#1118);
#1118 = CARTESIAN_POINT('',(-2.330524657348,-2.E-15,-10.39187927285));
#1119 = LINE('',#1120,#1121);
#1120 = CARTESIAN_POINT('',(-2.330524657347,-1.51E-15,-10.39187927285));
#1121 = VECTOR('',#1122,1.);
#1122 = DIRECTION('',(0.,1.,-2.2E-16));
#1123 = ORIENTED_EDGE('',*,*,#1124,.T.);
#1124 = EDGE_CURVE('',#1117,#1125,#1127,.T.);
#1125 = VERTEX_POINT('',#1126);
#1126 = CARTESIAN_POINT('',(-1.554533763864,-2.E-15,-10.53593492657));
#1127 = CIRCLE('',#1128,10.65);
#1128 = AXIS2_PLACEMENT_3D('',#1129,#1130,#1131);
#1129 = CARTESIAN_POINT('',(0.,0.,0.));
#1130 = DIRECTION('',(0.,-1.,-2.2E-16));
#1131 = DIRECTION('',(1.,0.,0.));
#1132 = ORIENTED_EDGE('',*,*,#1133,.F.);
#1133 = EDGE_CURVE('',#1134,#1125,#1136,.T.);
#1134 = VERTEX_POINT('',#1135);
#1135 = CARTESIAN_POINT('',(-1.554533763864,-1.5,-10.53593492657));
#1136 = LINE('',#1137,#1138);
#1137 = CARTESIAN_POINT('',(-1.554533763864,-1.61E-15,-10.53593492657));
#1138 = VECTOR('',#1139,1.);
#1139 = DIRECTION('',(0.,1.,-2.2E-16));
#1140 = ORIENTED_EDGE('',*,*,#1141,.T.);
#1141 = EDGE_CURVE('',#1134,#1142,#1144,.T.);
#1142 = VERTEX_POINT('',#1143);
#1143 = CARTESIAN_POINT('',(1.5564696407,-1.5,-10.5356491142));
#1144 = CIRCLE('',#1145,10.65);
#1145 = AXIS2_PLACEMENT_3D('',#1146,#1147,#1148);
#1146 = CARTESIAN_POINT('',(0.,-1.5,-4.440892098501E-16));
#1147 = DIRECTION('',(0.,-1.,-2.2E-16));
#1148 = DIRECTION('',(1.,0.,0.));
#1149 = ORIENTED_EDGE('',*,*,#1150,.T.);
#1150 = EDGE_CURVE('',#1142,#1151,#1153,.T.);
#1151 = VERTEX_POINT('',#1152);
#1152 = CARTESIAN_POINT('',(1.5564696407,-2.E-15,-10.5356491142));
#1153 = LINE('',#1154,#1155);
#1154 = CARTESIAN_POINT('',(1.5564696407,-1.6E-15,-10.5356491142));
#1155 = VECTOR('',#1156,1.);
#1156 = DIRECTION('',(0.,1.,-2.2E-16));
#1157 = ORIENTED_EDGE('',*,*,#1158,.T.);
#1158 = EDGE_CURVE('',#1151,#1159,#1161,.T.);
#1159 = VERTEX_POINT('',#1160);
#1160 = CARTESIAN_POINT('',(2.3325590523,-2.E-15,-10.39142282209));
#1161 = CIRCLE('',#1162,10.65);
#1162 = AXIS2_PLACEMENT_3D('',#1163,#1164,#1165);
#1163 = CARTESIAN_POINT('',(0.,0.,0.));
#1164 = DIRECTION('',(0.,-1.,-2.2E-16));
#1165 = DIRECTION('',(1.,0.,0.));
#1166 = ORIENTED_EDGE('',*,*,#1167,.F.);
#1167 = EDGE_CURVE('',#1168,#1159,#1170,.T.);
#1168 = VERTEX_POINT('',#1169);
#1169 = CARTESIAN_POINT('',(2.3325590523,-1.5,-10.39142282209));
#1170 = LINE('',#1171,#1172);
#1171 = CARTESIAN_POINT('',(2.3325590523,-1.51E-15,-10.39142282209));
#1172 = VECTOR('',#1173,1.);
#1173 = DIRECTION('',(0.,1.,-2.2E-16));
#1174 = ORIENTED_EDGE('',*,*,#1175,.T.);
#1175 = EDGE_CURVE('',#1168,#1176,#1178,.T.);
#1176 = VERTEX_POINT('',#1177);
#1177 = CARTESIAN_POINT('',(4.754114007888,-1.5,-9.53));
#1178 = CIRCLE('',#1179,10.65);
#1179 = AXIS2_PLACEMENT_3D('',#1180,#1181,#1182);
#1180 = CARTESIAN_POINT('',(0.,-1.5,-4.440892098501E-16));
#1181 = DIRECTION('',(0.,-1.,-2.2E-16));
#1182 = DIRECTION('',(1.,0.,0.));
#1183 = ORIENTED_EDGE('',*,*,#1184,.T.);
#1184 = EDGE_CURVE('',#1176,#1185,#1187,.T.);
#1185 = VERTEX_POINT('',#1186);
#1186 = CARTESIAN_POINT('',(4.754114007888,-2.E-15,-9.53));
#1187 = LINE('',#1188,#1189);
#1188 = CARTESIAN_POINT('',(4.754114007888,0.,-9.53));
#1189 = VECTOR('',#1190,1.);
#1190 = DIRECTION('',(0.,1.,-2.2E-16));
#1191 = ORIENTED_EDGE('',*,*,#1192,.T.);
#1192 = EDGE_CURVE('',#1185,#1193,#1195,.T.);
#1193 = VERTEX_POINT('',#1194);
#1194 = CARTESIAN_POINT('',(5.849626144046,-2.E-15,-8.899683925561));
#1195 = CIRCLE('',#1196,10.65);
#1196 = AXIS2_PLACEMENT_3D('',#1197,#1198,#1199);
#1197 = CARTESIAN_POINT('',(0.,0.,0.));
#1198 = DIRECTION('',(0.,-1.,-2.2E-16));
#1199 = DIRECTION('',(1.,0.,0.));
#1200 = ORIENTED_EDGE('',*,*,#1201,.F.);
#1201 = EDGE_CURVE('',#1202,#1193,#1204,.T.);
#1202 = VERTEX_POINT('',#1203);
#1203 = CARTESIAN_POINT('',(5.849626144046,-1.5,-8.899683925561));
#1204 = LINE('',#1205,#1206);
#1205 = CARTESIAN_POINT('',(5.849626144046,-9.2E-16,-8.899683925561));
#1206 = VECTOR('',#1207,1.);
#1207 = DIRECTION('',(0.,1.,-2.2E-16));
#1208 = ORIENTED_EDGE('',*,*,#1209,.T.);
#1209 = EDGE_CURVE('',#1202,#1210,#1212,.T.);
#1210 = VERTEX_POINT('',#1211);
#1211 = CARTESIAN_POINT('',(7.819820969818,-1.5,-7.23));
#1212 = CIRCLE('',#1213,10.65);
#1213 = AXIS2_PLACEMENT_3D('',#1214,#1215,#1216);
#1214 = CARTESIAN_POINT('',(0.,-1.5,-4.440892098501E-16));
#1215 = DIRECTION('',(0.,-1.,-2.2E-16));
#1216 = DIRECTION('',(1.,0.,0.));
#1217 = ORIENTED_EDGE('',*,*,#1218,.T.);
#1218 = EDGE_CURVE('',#1210,#1219,#1221,.T.);
#1219 = VERTEX_POINT('',#1220);
#1220 = CARTESIAN_POINT('',(7.819820969818,-2.E-15,-7.23));
#1221 = LINE('',#1222,#1223);
#1222 = CARTESIAN_POINT('',(7.819820969818,0.,-7.23));
#1223 = VECTOR('',#1224,1.);
#1224 = DIRECTION('',(0.,1.,-2.2E-16));
#1225 = ORIENTED_EDGE('',*,*,#1226,.T.);
#1226 = EDGE_CURVE('',#1219,#1227,#1229,.T.);
#1227 = VERTEX_POINT('',#1228);
#1228 = CARTESIAN_POINT('',(8.334602570009,-1.E-15,-6.63));
#1229 = CIRCLE('',#1230,10.65);
#1230 = AXIS2_PLACEMENT_3D('',#1231,#1232,#1233);
#1231 = CARTESIAN_POINT('',(0.,0.,0.));
#1232 = DIRECTION('',(0.,-1.,-2.2E-16));
#1233 = DIRECTION('',(1.,0.,0.));
#1234 = ORIENTED_EDGE('',*,*,#1235,.F.);
#1235 = EDGE_CURVE('',#1236,#1227,#1238,.T.);
#1236 = VERTEX_POINT('',#1237);
#1237 = CARTESIAN_POINT('',(8.334602570009,-1.5,-6.63));
#1238 = LINE('',#1239,#1240);
#1239 = CARTESIAN_POINT('',(8.334602570009,0.,-6.63));
#1240 = VECTOR('',#1241,1.);
#1241 = DIRECTION('',(0.,1.,-2.2E-16));
#1242 = ORIENTED_EDGE('',*,*,#1243,.T.);
#1243 = EDGE_CURVE('',#1236,#1244,#1246,.T.);
#1244 = VERTEX_POINT('',#1245);
#1245 = CARTESIAN_POINT('',(9.8882405037,-1.5,-3.955401337537));
#1246 = CIRCLE('',#1247,10.65);
#1247 = AXIS2_PLACEMENT_3D('',#1248,#1249,#1250);
#1248 = CARTESIAN_POINT('',(0.,-1.5,-4.440892098501E-16));
#1249 = DIRECTION('',(0.,-1.,-2.2E-16));
#1250 = DIRECTION('',(1.,0.,0.));
#1251 = ORIENTED_EDGE('',*,*,#1252,.T.);
#1252 = EDGE_CURVE('',#1244,#1253,#1255,.T.);
#1253 = VERTEX_POINT('',#1254);
#1254 = CARTESIAN_POINT('',(9.8882405037,-1.E-15,-3.955401337537));
#1255 = LINE('',#1256,#1257);
#1256 = CARTESIAN_POINT('',(9.8882405037,-1.61E-15,-3.955401337537));
#1257 = VECTOR('',#1258,1.);
#1258 = DIRECTION('',(0.,1.,-2.2E-16));
#1259 = ORIENTED_EDGE('',*,*,#1260,.T.);
#1260 = EDGE_CURVE('',#1253,#1261,#1263,.T.);
#1261 = VERTEX_POINT('',#1262);
#1262 = CARTESIAN_POINT('',(10.15330008487,-1.E-15,-3.214497999156));
#1263 = CIRCLE('',#1264,10.65);
#1264 = AXIS2_PLACEMENT_3D('',#1265,#1266,#1267);
#1265 = CARTESIAN_POINT('',(0.,0.,0.));
#1266 = DIRECTION('',(0.,-1.,-2.2E-16));
#1267 = DIRECTION('',(1.,0.,0.));
#1268 = ORIENTED_EDGE('',*,*,#1269,.F.);
#1269 = EDGE_CURVE('',#1270,#1261,#1272,.T.);
#1270 = VERTEX_POINT('',#1271);
#1271 = CARTESIAN_POINT('',(10.15330008487,-1.5,-3.214497999156));
#1272 = LINE('',#1273,#1274);
#1273 = CARTESIAN_POINT('',(10.15330008487,-1.51E-15,-3.214497999156));
#1274 = VECTOR('',#1275,1.);
#1275 = DIRECTION('',(0.,1.,-2.2E-16));
#1276 = ORIENTED_EDGE('',*,*,#1277,.T.);
#1277 = EDGE_CURVE('',#1270,#1278,#1280,.T.);
#1278 = VERTEX_POINT('',#1279);
#1279 = CARTESIAN_POINT('',(10.632165437211,-1.5,-0.616082880604));
#1280 = CIRCLE('',#1281,10.65);
#1281 = AXIS2_PLACEMENT_3D('',#1282,#1283,#1284);
#1282 = CARTESIAN_POINT('',(0.,-1.5,-4.440892098501E-16));
#1283 = DIRECTION('',(0.,-1.,-2.2E-16));
#1284 = DIRECTION('',(1.,0.,0.));
#1285 = ORIENTED_EDGE('',*,*,#1286,.T.);
#1286 = EDGE_CURVE('',#1278,#1287,#1289,.T.);
#1287 = VERTEX_POINT('',#1288);
#1288 = CARTESIAN_POINT('',(10.632165437211,-0.,-0.616082880604));
#1289 = LINE('',#1290,#1291);
#1290 = CARTESIAN_POINT('',(10.632165437211,9.2E-16,-0.616082880604));
#1291 = VECTOR('',#1292,1.);
#1292 = DIRECTION('',(0.,1.,-2.2E-16));
#1293 = ORIENTED_EDGE('',*,*,#1294,.T.);
#1294 = EDGE_CURVE('',#1287,#675,#1295,.T.);
#1295 = CIRCLE('',#1296,10.65);
#1296 = AXIS2_PLACEMENT_3D('',#1297,#1298,#1299);
#1297 = CARTESIAN_POINT('',(0.,0.,0.));
#1298 = DIRECTION('',(0.,-1.,-2.2E-16));
#1299 = DIRECTION('',(1.,0.,0.));
#1300 = ORIENTED_EDGE('',*,*,#674,.F.);
#1301 = CYLINDRICAL_SURFACE('',#1302,10.65);
#1302 = AXIS2_PLACEMENT_3D('',#1303,#1304,#1305);
#1303 = CARTESIAN_POINT('',(0.,2.,-4.4E-16));
#1304 = DIRECTION('',(0.,1.,-2.2E-16));
#1305 = DIRECTION('',(1.,0.,0.));
#1306 = ADVANCED_FACE('',(#1307),#1326,.F.);
#1307 = FACE_BOUND('',#1308,.T.);
#1308 = EDGE_LOOP('',(#1309,#1317,#1324,#1325));
#1309 = ORIENTED_EDGE('',*,*,#1310,.T.);
#1310 = EDGE_CURVE('',#272,#1311,#1313,.T.);
#1311 = VERTEX_POINT('',#1312);
#1312 = CARTESIAN_POINT('',(1.1,-1.5,14.25));
#1313 = LINE('',#1314,#1315);
#1314 = CARTESIAN_POINT('',(1.1,2.,14.25));
#1315 = VECTOR('',#1316,1.);
#1316 = DIRECTION('',(0.,-1.,2.2E-16));
#1317 = ORIENTED_EDGE('',*,*,#1318,.T.);
#1318 = EDGE_CURVE('',#1311,#1311,#1319,.T.);
#1319 = CIRCLE('',#1320,1.1);
#1320 = AXIS2_PLACEMENT_3D('',#1321,#1322,#1323);
#1321 = CARTESIAN_POINT('',(0.,-1.5,14.25));
#1322 = DIRECTION('',(0.,-1.,-2.2E-16));
#1323 = DIRECTION('',(1.,0.,0.));
#1324 = ORIENTED_EDGE('',*,*,#1310,.F.);
#1325 = ORIENTED_EDGE('',*,*,#271,.F.);
#1326 = CYLINDRICAL_SURFACE('',#1327,1.1);
#1327 = AXIS2_PLACEMENT_3D('',#1328,#1329,#1330);
#1328 = CARTESIAN_POINT('',(0.,2.,14.25));
#1329 = DIRECTION('',(0.,1.,-2.2E-16));
#1330 = DIRECTION('',(1.,0.,0.));
#1331 = ADVANCED_FACE('',(#1332),#1351,.F.);
#1332 = FACE_BOUND('',#1333,.T.);
#1333 = EDGE_LOOP('',(#1334,#1342,#1349,#1350));
#1334 = ORIENTED_EDGE('',*,*,#1335,.T.);
#1335 = EDGE_CURVE('',#283,#1336,#1338,.T.);
#1336 = VERTEX_POINT('',#1337);
#1337 = CARTESIAN_POINT('',(-8.65,-1.5,-10.1857));
#1338 = LINE('',#1339,#1340);
#1339 = CARTESIAN_POINT('',(-8.65,2.,-10.1857));
#1340 = VECTOR('',#1341,1.);
#1341 = DIRECTION('',(0.,-1.,2.2E-16));
#1342 = ORIENTED_EDGE('',*,*,#1343,.T.);
#1343 = EDGE_CURVE('',#1336,#1336,#1344,.T.);
#1344 = CIRCLE('',#1345,1.1);
#1345 = AXIS2_PLACEMENT_3D('',#1346,#1347,#1348);
#1346 = CARTESIAN_POINT('',(-9.75,-1.5,-10.1857));
#1347 = DIRECTION('',(0.,-1.,-2.2E-16));
#1348 = DIRECTION('',(1.,0.,0.));
#1349 = ORIENTED_EDGE('',*,*,#1335,.F.);
#1350 = ORIENTED_EDGE('',*,*,#282,.F.);
#1351 = CYLINDRICAL_SURFACE('',#1352,1.1);
#1352 = AXIS2_PLACEMENT_3D('',#1353,#1354,#1355);
#1353 = CARTESIAN_POINT('',(-9.75,2.,-10.1857));
#1354 = DIRECTION('',(0.,1.,-2.2E-16));
#1355 = DIRECTION('',(1.,0.,0.));
#1356 = ADVANCED_FACE('',(#1357),#1376,.F.);
#1357 = FACE_BOUND('',#1358,.T.);
#1358 = EDGE_LOOP('',(#1359,#1367,#1374,#1375));
#1359 = ORIENTED_EDGE('',*,*,#1360,.T.);
#1360 = EDGE_CURVE('',#294,#1361,#1363,.T.);
#1361 = VERTEX_POINT('',#1362);
#1362 = CARTESIAN_POINT('',(10.85,-1.5,-10.1857));
#1363 = LINE('',#1364,#1365);
#1364 = CARTESIAN_POINT('',(10.85,2.,-10.1857));
#1365 = VECTOR('',#1366,1.);
#1366 = DIRECTION('',(0.,-1.,2.2E-16));
#1367 = ORIENTED_EDGE('',*,*,#1368,.T.);
#1368 = EDGE_CURVE('',#1361,#1361,#1369,.T.);
#1369 = CIRCLE('',#1370,1.1);
#1370 = AXIS2_PLACEMENT_3D('',#1371,#1372,#1373);
#1371 = CARTESIAN_POINT('',(9.75,-1.5,-10.1857));
#1372 = DIRECTION('',(0.,-1.,-2.2E-16));
#1373 = DIRECTION('',(1.,0.,0.));
#1374 = ORIENTED_EDGE('',*,*,#1360,.F.);
#1375 = ORIENTED_EDGE('',*,*,#293,.F.);
#1376 = CYLINDRICAL_SURFACE('',#1377,1.1);
#1377 = AXIS2_PLACEMENT_3D('',#1378,#1379,#1380);
#1378 = CARTESIAN_POINT('',(9.75,2.,-10.1857));
#1379 = DIRECTION('',(0.,1.,-2.2E-16));
#1380 = DIRECTION('',(1.,0.,0.));
#1381 = ADVANCED_FACE('',(#1382,#1799,#1849,#1899,#1949,#1999,#2049,
    #2099,#2149,#2199,#2249,#2299,#2349,#2399),#2449,.T.);
#1382 = FACE_BOUND('',#1383,.T.);
#1383 = EDGE_LOOP('',(#1384,#1385,#1386,#1394,#1400,#1401,#1409,#1417,
    #1425,#1433,#1439,#1440,#1448,#1454,#1455,#1463,#1469,#1470,#1478,
    #1486,#1494,#1502,#1508,#1509,#1517,#1523,#1524,#1532,#1538,#1539,
    #1547,#1555,#1563,#1571,#1577,#1578,#1586,#1592,#1593,#1601,#1607,
    #1608,#1616,#1624,#1632,#1640,#1646,#1647,#1655,#1661,#1662,#1670,
    #1676,#1677,#1685,#1693,#1701,#1709,#1715,#1716,#1724,#1730,#1731,
    #1739,#1745,#1746,#1754,#1762,#1770,#1778,#1784,#1785,#1793));
#1384 = ORIENTED_EDGE('',*,*,#682,.F.);
#1385 = ORIENTED_EDGE('',*,*,#1294,.F.);
#1386 = ORIENTED_EDGE('',*,*,#1387,.F.);
#1387 = EDGE_CURVE('',#1388,#1287,#1390,.T.);
#1388 = VERTEX_POINT('',#1389);
#1389 = CARTESIAN_POINT('',(9.642634926959,0.,-2.33));
#1390 = LINE('',#1391,#1392);
#1391 = CARTESIAN_POINT('',(9.519115627983,0.,-2.543941701541));
#1392 = VECTOR('',#1393,1.);
#1393 = DIRECTION('',(0.5,0.,0.866025403784));
#1394 = ORIENTED_EDGE('',*,*,#1395,.F.);
#1395 = EDGE_CURVE('',#1261,#1388,#1396,.T.);
#1396 = LINE('',#1397,#1398);
#1397 = CARTESIAN_POINT('',(7.932845763385,0.,0.631441701541));
#1398 = VECTOR('',#1399,1.);
#1399 = DIRECTION('',(-0.5,0.,0.866025403784));
#1400 = ORIENTED_EDGE('',*,*,#1260,.F.);
#1401 = ORIENTED_EDGE('',*,*,#1402,.F.);
#1402 = EDGE_CURVE('',#1403,#1253,#1405,.T.);
#1403 = VERTEX_POINT('',#1404);
#1404 = CARTESIAN_POINT('',(9.123019684689,0.,-2.63));
#1405 = LINE('',#1406,#1407);
#1406 = CARTESIAN_POINT('',(7.990580790304,0.,-0.668558298459));
#1407 = VECTOR('',#1408,1.);
#1408 = DIRECTION('',(0.5,0.,-0.866025403784));
#1409 = ORIENTED_EDGE('',*,*,#1410,.F.);
#1410 = EDGE_CURVE('',#1411,#1403,#1413,.T.);
#1411 = VERTEX_POINT('',#1412);
#1412 = CARTESIAN_POINT('',(6.81361860793,0.,-2.63));
#1413 = LINE('',#1414,#1415);
#1414 = CARTESIAN_POINT('',(4.561509842344,0.,-2.63));
#1415 = VECTOR('',#1416,1.);
#1416 = DIRECTION('',(1.,0.,0.));
#1417 = ORIENTED_EDGE('',*,*,#1418,.F.);
#1418 = EDGE_CURVE('',#1419,#1411,#1421,.T.);
#1419 = VERTEX_POINT('',#1420);
#1420 = CARTESIAN_POINT('',(5.658918069551,0.,-4.63));
#1421 = LINE('',#1422,#1423);
#1422 = CARTESIAN_POINT('',(6.531327984927,0.,-3.118941701541));
#1423 = VECTOR('',#1424,1.);
#1424 = DIRECTION('',(0.5,0.,0.866025403784));
#1425 = ORIENTED_EDGE('',*,*,#1426,.F.);
#1426 = EDGE_CURVE('',#1427,#1419,#1429,.T.);
#1427 = VERTEX_POINT('',#1428);
#1428 = CARTESIAN_POINT('',(6.81361860793,0.,-6.63));
#1429 = LINE('',#1430,#1431);
#1430 = CARTESIAN_POINT('',(3.949128905977,0.,-1.668558298459));
#1431 = VECTOR('',#1432,1.);
#1432 = DIRECTION('',(-0.5,0.,0.866025403784));
#1433 = ORIENTED_EDGE('',*,*,#1434,.F.);
#1434 = EDGE_CURVE('',#1227,#1427,#1435,.T.);
#1435 = LINE('',#1436,#1437);
#1436 = CARTESIAN_POINT('',(3.406809303965,0.,-6.63));
#1437 = VECTOR('',#1438,1.);
#1438 = DIRECTION('',(-1.,0.,0.));
#1439 = ORIENTED_EDGE('',*,*,#1226,.F.);
#1440 = ORIENTED_EDGE('',*,*,#1441,.F.);
#1441 = EDGE_CURVE('',#1442,#1219,#1444,.T.);
#1442 = VERTEX_POINT('',#1443);
#1443 = CARTESIAN_POINT('',(6.81361860793,0.,-7.23));
#1444 = LINE('',#1445,#1446);
#1445 = CARTESIAN_POINT('',(4.561509842344,0.,-7.23));
#1446 = VECTOR('',#1447,1.);
#1447 = DIRECTION('',(1.,0.,0.));
#1448 = ORIENTED_EDGE('',*,*,#1449,.F.);
#1449 = EDGE_CURVE('',#1193,#1442,#1450,.T.);
#1450 = LINE('',#1451,#1452);
#1451 = CARTESIAN_POINT('',(7.527257199279,0.,-5.993941701541));
#1452 = VECTOR('',#1453,1.);
#1453 = DIRECTION('',(0.5,0.,0.866025403784));
#1454 = ORIENTED_EDGE('',*,*,#1192,.F.);
#1455 = ORIENTED_EDGE('',*,*,#1456,.F.);
#1456 = EDGE_CURVE('',#1457,#1185,#1459,.T.);
#1457 = VERTEX_POINT('',#1458);
#1458 = CARTESIAN_POINT('',(2.829901750522,0.,-9.53));
#1459 = LINE('',#1460,#1461);
#1460 = CARTESIAN_POINT('',(2.56965141364,0.,-9.53));
#1461 = VECTOR('',#1462,1.);
#1462 = DIRECTION('',(1.,0.,0.));
#1463 = ORIENTED_EDGE('',*,*,#1464,.F.);
#1464 = EDGE_CURVE('',#1159,#1457,#1465,.T.);
#1465 = LINE('',#1466,#1467);
#1466 = CARTESIAN_POINT('',(4.539469556223,0.,-6.568941701541));
#1467 = VECTOR('',#1468,1.);
#1468 = DIRECTION('',(0.5,0.,0.866025403784));
#1469 = ORIENTED_EDGE('',*,*,#1158,.F.);
#1470 = ORIENTED_EDGE('',*,*,#1471,.F.);
#1471 = EDGE_CURVE('',#1472,#1151,#1474,.T.);
#1472 = VERTEX_POINT('',#1473);
#1473 = CARTESIAN_POINT('',(2.310286508251,0.,-9.23));
#1474 = LINE('',#1475,#1476);
#1475 = CARTESIAN_POINT('',(3.442504044763,0.,-7.268941701541));
#1476 = VECTOR('',#1477,1.);
#1477 = DIRECTION('',(-0.5,0.,-0.866025403784));
#1478 = ORIENTED_EDGE('',*,*,#1479,.F.);
#1479 = EDGE_CURVE('',#1480,#1472,#1482,.T.);
#1480 = VERTEX_POINT('',#1481);
#1481 = CARTESIAN_POINT('',(1.155585969872,0.,-7.23));
#1482 = LINE('',#1483,#1484);
#1483 = CARTESIAN_POINT('',(2.314707548712E-02,0.,-5.268558298459));
#1484 = VECTOR('',#1485,1.);
#1485 = DIRECTION('',(0.5,0.,-0.866025403784));
#1486 = ORIENTED_EDGE('',*,*,#1487,.F.);
#1487 = EDGE_CURVE('',#1488,#1480,#1490,.T.);
#1488 = VERTEX_POINT('',#1489);
#1489 = CARTESIAN_POINT('',(-1.153815106887,0.,-7.23));
#1490 = LINE('',#1491,#1492);
#1491 = CARTESIAN_POINT('',(0.577792984936,0.,-7.23));
#1492 = VECTOR('',#1493,1.);
#1493 = DIRECTION('',(1.,0.,0.));
#1494 = ORIENTED_EDGE('',*,*,#1495,.F.);
#1495 = EDGE_CURVE('',#1496,#1488,#1498,.T.);
#1496 = VERTEX_POINT('',#1497);
#1497 = CARTESIAN_POINT('',(-2.308515645266,0.,-9.23));
#1498 = LINE('',#1499,#1500);
#1499 = CARTESIAN_POINT('',(0.555752698815,0.,-4.268941701541));
#1500 = VECTOR('',#1501,1.);
#1501 = DIRECTION('',(0.5,0.,0.866025403784));
#1502 = ORIENTED_EDGE('',*,*,#1503,.F.);
#1503 = EDGE_CURVE('',#1125,#1496,#1504,.T.);
#1504 = LINE('',#1505,#1506);
#1505 = CARTESIAN_POINT('',(-4.01830480884,0.,-6.268558298459));
#1506 = VECTOR('',#1507,1.);
#1507 = DIRECTION('',(-0.5,0.,0.866025403784));
#1508 = ORIENTED_EDGE('',*,*,#1124,.F.);
#1509 = ORIENTED_EDGE('',*,*,#1510,.F.);
#1510 = EDGE_CURVE('',#1511,#1117,#1513,.T.);
#1511 = VERTEX_POINT('',#1512);
#1512 = CARTESIAN_POINT('',(-2.828130887537,0.,-9.53));
#1513 = LINE('',#1514,#1515);
#1514 = CARTESIAN_POINT('',(-3.960569781921,0.,-7.568558298459));
#1515 = VECTOR('',#1516,1.);
#1516 = DIRECTION('',(0.5,0.,-0.866025403784));
#1517 = ORIENTED_EDGE('',*,*,#1518,.F.);
#1518 = EDGE_CURVE('',#1091,#1511,#1519,.T.);
#1519 = LINE('',#1520,#1521);
#1520 = CARTESIAN_POINT('',(-1.414065443768,0.,-9.53));
#1521 = VECTOR('',#1522,1.);
#1522 = DIRECTION('',(1.,0.,0.));
#1523 = ORIENTED_EDGE('',*,*,#1090,.F.);
#1524 = ORIENTED_EDGE('',*,*,#1525,.F.);
#1525 = EDGE_CURVE('',#1526,#1083,#1528,.T.);
#1526 = VERTEX_POINT('',#1527);
#1527 = CARTESIAN_POINT('',(-6.811847744945,0.,-7.23));
#1528 = LINE('',#1529,#1530);
#1529 = CARTESIAN_POINT('',(-6.948357424978,0.,-6.993558298459));
#1530 = VECTOR('',#1531,1.);
#1531 = DIRECTION('',(0.5,0.,-0.866025403784));
#1532 = ORIENTED_EDGE('',*,*,#1533,.F.);
#1533 = EDGE_CURVE('',#1057,#1526,#1534,.T.);
#1534 = LINE('',#1535,#1536);
#1535 = CARTESIAN_POINT('',(-3.405923872472,0.,-7.23));
#1536 = VECTOR('',#1537,1.);
#1537 = DIRECTION('',(1.,0.,0.));
#1538 = ORIENTED_EDGE('',*,*,#1056,.F.);
#1539 = ORIENTED_EDGE('',*,*,#1540,.F.);
#1540 = EDGE_CURVE('',#1541,#1049,#1543,.T.);
#1541 = VERTEX_POINT('',#1542);
#1542 = CARTESIAN_POINT('',(-6.811847744945,0.,-6.63));
#1543 = LINE('',#1544,#1545);
#1544 = CARTESIAN_POINT('',(-4.560624410852,0.,-6.63));
#1545 = VECTOR('',#1546,1.);
#1546 = DIRECTION('',(-1.,0.,0.));
#1547 = ORIENTED_EDGE('',*,*,#1548,.F.);
#1548 = EDGE_CURVE('',#1549,#1541,#1551,.T.);
#1549 = VERTEX_POINT('',#1550);
#1550 = CARTESIAN_POINT('',(-5.657147206566,0.,-4.63));
#1551 = LINE('',#1552,#1553);
#1552 = CARTESIAN_POINT('',(-4.524929670054,0.,-2.668941701541));
#1553 = VECTOR('',#1554,1.);
#1554 = DIRECTION('',(-0.5,0.,-0.866025403784));
#1555 = ORIENTED_EDGE('',*,*,#1556,.F.);
#1556 = EDGE_CURVE('',#1557,#1549,#1559,.T.);
#1557 = VERTEX_POINT('',#1558);
#1558 = CARTESIAN_POINT('',(-6.811847744945,0.,-2.63));
#1559 = LINE('',#1560,#1561);
#1560 = CARTESIAN_POINT('',(-5.952428210626,0.,-4.118558298459));
#1561 = VECTOR('',#1562,1.);
#1562 = DIRECTION('',(0.5,0.,-0.866025403784));
#1563 = ORIENTED_EDGE('',*,*,#1564,.F.);
#1564 = EDGE_CURVE('',#1565,#1557,#1567,.T.);
#1565 = VERTEX_POINT('',#1566);
#1566 = CARTESIAN_POINT('',(-9.121248821703,0.,-2.63));
#1567 = LINE('',#1568,#1569);
#1568 = CARTESIAN_POINT('',(-3.405923872472,0.,-2.63));
#1569 = VECTOR('',#1570,1.);
#1570 = DIRECTION('',(1.,0.,0.));
#1571 = ORIENTED_EDGE('',*,*,#1572,.F.);
#1572 = EDGE_CURVE('',#1023,#1565,#1573,.T.);
#1573 = LINE('',#1574,#1575);
#1574 = CARTESIAN_POINT('',(-7.411681016002,0.,0.331058298459));
#1575 = VECTOR('',#1576,1.);
#1576 = DIRECTION('',(0.5,0.,0.866025403784));
#1577 = ORIENTED_EDGE('',*,*,#1022,.F.);
#1578 = ORIENTED_EDGE('',*,*,#1579,.F.);
#1579 = EDGE_CURVE('',#1580,#1015,#1582,.T.);
#1580 = VERTEX_POINT('',#1581);
#1581 = CARTESIAN_POINT('',(-9.640864063974,0.,-2.33));
#1582 = LINE('',#1583,#1584);
#1583 = CARTESIAN_POINT('',(-8.508646527463,0.,-0.368941701541));
#1584 = VECTOR('',#1585,1.);
#1585 = DIRECTION('',(-0.5,0.,-0.866025403784));
#1586 = ORIENTED_EDGE('',*,*,#1587,.F.);
#1587 = EDGE_CURVE('',#989,#1580,#1588,.T.);
#1588 = LINE('',#1589,#1590);
#1589 = CARTESIAN_POINT('',(-8.940215853682,0.,-3.543558298459));
#1590 = VECTOR('',#1591,1.);
#1591 = DIRECTION('',(0.5,0.,-0.866025403784));
#1592 = ORIENTED_EDGE('',*,*,#988,.F.);
#1593 = ORIENTED_EDGE('',*,*,#1594,.F.);
#1594 = EDGE_CURVE('',#1595,#981,#1597,.T.);
#1595 = VERTEX_POINT('',#1596);
#1596 = CARTESIAN_POINT('',(-9.640864063974,0.,2.27));
#1597 = LINE('',#1598,#1599);
#1598 = CARTESIAN_POINT('',(-9.504575741815,0.,2.506058298459));
#1599 = VECTOR('',#1600,1.);
#1600 = DIRECTION('',(-0.5,0.,-0.866025403784));
#1601 = ORIENTED_EDGE('',*,*,#1602,.F.);
#1602 = EDGE_CURVE('',#955,#1595,#1603,.T.);
#1603 = LINE('',#1604,#1605);
#1604 = CARTESIAN_POINT('',(-7.94428663933,0.,-0.668558298459));
#1605 = VECTOR('',#1606,1.);
#1606 = DIRECTION('',(0.5,0.,-0.866025403784));
#1607 = ORIENTED_EDGE('',*,*,#954,.F.);
#1608 = ORIENTED_EDGE('',*,*,#1609,.F.);
#1609 = EDGE_CURVE('',#1610,#947,#1612,.T.);
#1610 = VERTEX_POINT('',#1611);
#1611 = CARTESIAN_POINT('',(-9.121248821703,0.,2.57));
#1612 = LINE('',#1613,#1614);
#1613 = CARTESIAN_POINT('',(-8.002021666249,0.,0.631441701541));
#1614 = VECTOR('',#1615,1.);
#1615 = DIRECTION('',(-0.5,0.,0.866025403784));
#1616 = ORIENTED_EDGE('',*,*,#1617,.F.);
#1617 = EDGE_CURVE('',#1618,#1610,#1620,.T.);
#1618 = VERTEX_POINT('',#1619);
#1619 = CARTESIAN_POINT('',(-6.811847744945,0.,2.57));
#1620 = LINE('',#1621,#1622);
#1621 = CARTESIAN_POINT('',(-4.560624410852,0.,2.57));
#1622 = VECTOR('',#1623,1.);
#1623 = DIRECTION('',(-1.,0.,0.));
#1624 = ORIENTED_EDGE('',*,*,#1625,.F.);
#1625 = EDGE_CURVE('',#1626,#1618,#1628,.T.);
#1626 = VERTEX_POINT('',#1627);
#1627 = CARTESIAN_POINT('',(-5.657147206566,0.,4.57));
#1628 = LINE('',#1629,#1630);
#1629 = CARTESIAN_POINT('',(-6.516788098758,0.,3.081058298459));
#1630 = VECTOR('',#1631,1.);
#1631 = DIRECTION('',(-0.5,0.,-0.866025403784));
#1632 = ORIENTED_EDGE('',*,*,#1633,.F.);
#1633 = EDGE_CURVE('',#1634,#1626,#1636,.T.);
#1634 = VERTEX_POINT('',#1635);
#1635 = CARTESIAN_POINT('',(-6.811847744945,0.,6.57));
#1636 = LINE('',#1637,#1638);
#1637 = CARTESIAN_POINT('',(-3.960569781921,0.,1.631441701541));
#1638 = VECTOR('',#1639,1.);
#1639 = DIRECTION('',(0.5,0.,-0.866025403784));
#1640 = ORIENTED_EDGE('',*,*,#1641,.F.);
#1641 = EDGE_CURVE('',#921,#1634,#1642,.T.);
#1642 = LINE('',#1643,#1644);
#1643 = CARTESIAN_POINT('',(-3.405923872472,0.,6.57));
#1644 = VECTOR('',#1645,1.);
#1645 = DIRECTION('',(1.,0.,0.));
#1646 = ORIENTED_EDGE('',*,*,#920,.F.);
#1647 = ORIENTED_EDGE('',*,*,#1648,.F.);
#1648 = EDGE_CURVE('',#1649,#913,#1651,.T.);
#1649 = VERTEX_POINT('',#1650);
#1650 = CARTESIAN_POINT('',(-6.811847744945,0.,7.17));
#1651 = LINE('',#1652,#1653);
#1652 = CARTESIAN_POINT('',(-4.560624410852,0.,7.17));
#1653 = VECTOR('',#1654,1.);
#1654 = DIRECTION('',(-1.,0.,0.));
#1655 = ORIENTED_EDGE('',*,*,#1656,.F.);
#1656 = EDGE_CURVE('',#887,#1649,#1657,.T.);
#1657 = LINE('',#1658,#1659);
#1658 = CARTESIAN_POINT('',(-7.51271731311,0.,5.956058298459));
#1659 = VECTOR('',#1660,1.);
#1660 = DIRECTION('',(-0.5,0.,-0.866025403784));
#1661 = ORIENTED_EDGE('',*,*,#886,.F.);
#1662 = ORIENTED_EDGE('',*,*,#1663,.F.);
#1663 = EDGE_CURVE('',#1664,#879,#1666,.T.);
#1664 = VERTEX_POINT('',#1665);
#1665 = CARTESIAN_POINT('',(-2.828130887537,0.,9.47));
#1666 = LINE('',#1667,#1668);
#1667 = CARTESIAN_POINT('',(-2.568765982148,0.,9.47));
#1668 = VECTOR('',#1669,1.);
#1669 = DIRECTION('',(-1.,0.,0.));
#1670 = ORIENTED_EDGE('',*,*,#1671,.F.);
#1671 = EDGE_CURVE('',#853,#1664,#1672,.T.);
#1672 = LINE('',#1673,#1674);
#1673 = CARTESIAN_POINT('',(-4.524929670054,0.,6.531058298459));
#1674 = VECTOR('',#1675,1.);
#1675 = DIRECTION('',(-0.5,0.,-0.866025403784));
#1676 = ORIENTED_EDGE('',*,*,#852,.F.);
#1677 = ORIENTED_EDGE('',*,*,#1678,.F.);
#1678 = EDGE_CURVE('',#1679,#845,#1681,.T.);
#1679 = VERTEX_POINT('',#1680);
#1680 = CARTESIAN_POINT('',(-2.308515645266,0.,9.17));
#1681 = LINE('',#1682,#1683);
#1682 = CARTESIAN_POINT('',(-3.427964158594,0.,7.231058298459));
#1683 = VECTOR('',#1684,1.);
#1684 = DIRECTION('',(0.5,0.,0.866025403784));
#1685 = ORIENTED_EDGE('',*,*,#1686,.F.);
#1686 = EDGE_CURVE('',#1687,#1679,#1689,.T.);
#1687 = VERTEX_POINT('',#1688);
#1688 = CARTESIAN_POINT('',(-1.153815106887,0.,7.17));
#1689 = LINE('',#1690,#1691);
#1690 = CARTESIAN_POINT('',(-3.458795143184E-02,0.,5.231441701541));
#1691 = VECTOR('',#1692,1.);
#1692 = DIRECTION('',(-0.5,0.,0.866025403784));
#1693 = ORIENTED_EDGE('',*,*,#1694,.F.);
#1694 = EDGE_CURVE('',#1695,#1687,#1697,.T.);
#1695 = VERTEX_POINT('',#1696);
#1696 = CARTESIAN_POINT('',(1.155585969872,0.,7.17));
#1697 = LINE('',#1698,#1699);
#1698 = CARTESIAN_POINT('',(-0.576907553443,0.,7.17));
#1699 = VECTOR('',#1700,1.);
#1700 = DIRECTION('',(-1.,0.,0.));
#1701 = ORIENTED_EDGE('',*,*,#1702,.F.);
#1702 = EDGE_CURVE('',#1703,#1695,#1705,.T.);
#1703 = VERTEX_POINT('',#1704);
#1704 = CARTESIAN_POINT('',(2.310286508251,0.,9.17));
#1705 = LINE('',#1706,#1707);
#1706 = CARTESIAN_POINT('',(-0.541212812646,0.,4.231058298459));
#1707 = VECTOR('',#1708,1.);
#1708 = DIRECTION('',(-0.5,0.,-0.866025403784));
#1709 = ORIENTED_EDGE('',*,*,#1710,.F.);
#1710 = EDGE_CURVE('',#819,#1703,#1711,.T.);
#1711 = LINE('',#1712,#1713);
#1712 = CARTESIAN_POINT('',(4.006863932896,0.,6.231441701541));
#1713 = VECTOR('',#1714,1.);
#1714 = DIRECTION('',(0.5,0.,-0.866025403784));
#1715 = ORIENTED_EDGE('',*,*,#818,.F.);
#1716 = ORIENTED_EDGE('',*,*,#1717,.F.);
#1717 = EDGE_CURVE('',#1718,#811,#1720,.T.);
#1718 = VERTEX_POINT('',#1719);
#1719 = CARTESIAN_POINT('',(2.829901750522,0.,9.47));
#1720 = LINE('',#1721,#1722);
#1721 = CARTESIAN_POINT('',(3.949128905977,0.,7.531441701541));
#1722 = VECTOR('',#1723,1.);
#1723 = DIRECTION('',(-0.5,0.,0.866025403784));
#1724 = ORIENTED_EDGE('',*,*,#1725,.F.);
#1725 = EDGE_CURVE('',#785,#1718,#1726,.T.);
#1726 = LINE('',#1727,#1728);
#1727 = CARTESIAN_POINT('',(1.414950875261,0.,9.47));
#1728 = VECTOR('',#1729,1.);
#1729 = DIRECTION('',(-1.,0.,0.));
#1730 = ORIENTED_EDGE('',*,*,#784,.F.);
#1731 = ORIENTED_EDGE('',*,*,#1732,.F.);
#1732 = EDGE_CURVE('',#1733,#777,#1735,.T.);
#1733 = VERTEX_POINT('',#1734);
#1734 = CARTESIAN_POINT('',(6.81361860793,0.,7.17));
#1735 = LINE('',#1736,#1737);
#1736 = CARTESIAN_POINT('',(6.936916549033,0.,6.956441701541));
#1737 = VECTOR('',#1738,1.);
#1738 = DIRECTION('',(-0.5,0.,0.866025403784));
#1739 = ORIENTED_EDGE('',*,*,#1740,.F.);
#1740 = EDGE_CURVE('',#751,#1733,#1741,.T.);
#1741 = LINE('',#1742,#1743);
#1742 = CARTESIAN_POINT('',(3.406809303965,0.,7.17));
#1743 = VECTOR('',#1744,1.);
#1744 = DIRECTION('',(-1.,0.,0.));
#1745 = ORIENTED_EDGE('',*,*,#750,.F.);
#1746 = ORIENTED_EDGE('',*,*,#1747,.F.);
#1747 = EDGE_CURVE('',#1748,#743,#1750,.T.);
#1748 = VERTEX_POINT('',#1749);
#1749 = CARTESIAN_POINT('',(6.81361860793,0.,6.57));
#1750 = LINE('',#1751,#1752);
#1751 = CARTESIAN_POINT('',(4.561509842344,0.,6.57));
#1752 = VECTOR('',#1753,1.);
#1753 = DIRECTION('',(1.,0.,0.));
#1754 = ORIENTED_EDGE('',*,*,#1755,.F.);
#1755 = EDGE_CURVE('',#1756,#1748,#1758,.T.);
#1756 = VERTEX_POINT('',#1757);
#1757 = CARTESIAN_POINT('',(5.658918069551,0.,4.57));
#1758 = LINE('',#1759,#1760);
#1759 = CARTESIAN_POINT('',(4.539469556223,0.,2.631058298459));
#1760 = VECTOR('',#1761,1.);
#1761 = DIRECTION('',(0.5,0.,0.866025403784));
#1762 = ORIENTED_EDGE('',*,*,#1763,.F.);
#1763 = EDGE_CURVE('',#1764,#1756,#1766,.T.);
#1764 = VERTEX_POINT('',#1765);
#1765 = CARTESIAN_POINT('',(6.81361860793,0.,2.57));
#1766 = LINE('',#1767,#1768);
#1767 = CARTESIAN_POINT('',(5.940987334681,0.,4.081441701541));
#1768 = VECTOR('',#1769,1.);
#1769 = DIRECTION('',(-0.5,0.,0.866025403784));
#1770 = ORIENTED_EDGE('',*,*,#1771,.F.);
#1771 = EDGE_CURVE('',#1772,#1764,#1774,.T.);
#1772 = VERTEX_POINT('',#1773);
#1773 = CARTESIAN_POINT('',(9.123019684689,0.,2.57));
#1774 = LINE('',#1775,#1776);
#1775 = CARTESIAN_POINT('',(3.406809303965,0.,2.57));
#1776 = VECTOR('',#1777,1.);
#1777 = DIRECTION('',(-1.,0.,0.));
#1778 = ORIENTED_EDGE('',*,*,#1779,.F.);
#1779 = EDGE_CURVE('',#717,#1772,#1780,.T.);
#1780 = LINE('',#1781,#1782);
#1781 = CARTESIAN_POINT('',(7.426220902171,0.,-0.368941701541));
#1782 = VECTOR('',#1783,1.);
#1783 = DIRECTION('',(-0.5,0.,-0.866025403784));
#1784 = ORIENTED_EDGE('',*,*,#716,.F.);
#1785 = ORIENTED_EDGE('',*,*,#1786,.F.);
#1786 = EDGE_CURVE('',#1787,#709,#1789,.T.);
#1787 = VERTEX_POINT('',#1788);
#1788 = CARTESIAN_POINT('',(9.642634926959,0.,2.27));
#1789 = LINE('',#1790,#1791);
#1790 = CARTESIAN_POINT('',(8.523186413631,0.,0.331058298459));
#1791 = VECTOR('',#1792,1.);
#1792 = DIRECTION('',(0.5,0.,0.866025403784));
#1793 = ORIENTED_EDGE('',*,*,#1794,.F.);
#1794 = EDGE_CURVE('',#683,#1787,#1795,.T.);
#1795 = LINE('',#1796,#1797);
#1796 = CARTESIAN_POINT('',(8.928774977737,0.,3.506441701541));
#1797 = VECTOR('',#1798,1.);
#1798 = DIRECTION('',(-0.5,0.,0.866025403784));
#1799 = FACE_BOUND('',#1800,.T.);
#1800 = EDGE_LOOP('',(#1801,#1811,#1819,#1827,#1835,#1843));
#1801 = ORIENTED_EDGE('',*,*,#1802,.F.);
#1802 = EDGE_CURVE('',#1803,#1805,#1807,.T.);
#1803 = VERTEX_POINT('',#1804);
#1804 = CARTESIAN_POINT('',(-2.828130887537,0.,-4.93));
#1805 = VERTEX_POINT('',#1806);
#1806 = CARTESIAN_POINT('',(-1.673430349157,0.,-6.93));
#1807 = LINE('',#1808,#1809);
#1808 = CARTESIAN_POINT('',(-2.964640567569,0.,-4.693558298459));
#1809 = VECTOR('',#1810,1.);
#1810 = DIRECTION('',(0.5,0.,-0.866025403784));
#1811 = ORIENTED_EDGE('',*,*,#1812,.F.);
#1812 = EDGE_CURVE('',#1813,#1803,#1815,.T.);
#1813 = VERTEX_POINT('',#1814);
#1814 = CARTESIAN_POINT('',(-5.137531964295,0.,-4.93));
#1815 = LINE('',#1816,#1817);
#1816 = CARTESIAN_POINT('',(-1.414065443768,0.,-4.93));
#1817 = VECTOR('',#1818,1.);
#1818 = DIRECTION('',(1.,0.,0.));
#1819 = ORIENTED_EDGE('',*,*,#1820,.F.);
#1820 = EDGE_CURVE('',#1821,#1813,#1823,.T.);
#1821 = VERTEX_POINT('',#1822);
#1822 = CARTESIAN_POINT('',(-6.292232502674,0.,-6.93));
#1823 = LINE('',#1824,#1825);
#1824 = CARTESIAN_POINT('',(-3.427964158594,0.,-1.968941701541));
#1825 = VECTOR('',#1826,1.);
#1826 = DIRECTION('',(0.5,0.,0.866025403784));
#1827 = ORIENTED_EDGE('',*,*,#1828,.F.);
#1828 = EDGE_CURVE('',#1829,#1821,#1831,.T.);
#1829 = VERTEX_POINT('',#1830);
#1830 = CARTESIAN_POINT('',(-5.137531964295,0.,-8.93));
#1831 = LINE('',#1832,#1833);
#1832 = CARTESIAN_POINT('',(-7.006092451897,0.,-5.693558298459));
#1833 = VECTOR('',#1834,1.);
#1834 = DIRECTION('',(-0.5,0.,0.866025403784));
#1835 = ORIENTED_EDGE('',*,*,#1836,.F.);
#1836 = EDGE_CURVE('',#1837,#1829,#1839,.T.);
#1837 = VERTEX_POINT('',#1838);
#1838 = CARTESIAN_POINT('',(-2.828130887537,0.,-8.93));
#1839 = LINE('',#1840,#1841);
#1840 = CARTESIAN_POINT('',(-2.568765982148,0.,-8.93));
#1841 = VECTOR('',#1842,1.);
#1842 = DIRECTION('',(-1.,0.,0.));
#1843 = ORIENTED_EDGE('',*,*,#1844,.F.);
#1844 = EDGE_CURVE('',#1805,#1837,#1845,.T.);
#1845 = LINE('',#1846,#1847);
#1846 = CARTESIAN_POINT('',(-0.541212812646,0.,-4.968941701541));
#1847 = VECTOR('',#1848,1.);
#1848 = DIRECTION('',(-0.5,0.,-0.866025403784));
#1849 = FACE_BOUND('',#1850,.T.);
#1850 = EDGE_LOOP('',(#1851,#1861,#1869,#1877,#1885,#1893));
#1851 = ORIENTED_EDGE('',*,*,#1852,.F.);
#1852 = EDGE_CURVE('',#1853,#1855,#1857,.T.);
#1853 = VERTEX_POINT('',#1854);
#1854 = CARTESIAN_POINT('',(1.155585969872,0.,-2.63));
#1855 = VERTEX_POINT('',#1856);
#1856 = CARTESIAN_POINT('',(2.310286508251,0.,-4.63));
#1857 = LINE('',#1858,#1859);
#1858 = CARTESIAN_POINT('',(1.019076289839,0.,-2.393558298459));
#1859 = VECTOR('',#1860,1.);
#1860 = DIRECTION('',(0.5,0.,-0.866025403784));
#1861 = ORIENTED_EDGE('',*,*,#1862,.F.);
#1862 = EDGE_CURVE('',#1863,#1853,#1865,.T.);
#1863 = VERTEX_POINT('',#1864);
#1864 = CARTESIAN_POINT('',(-1.153815106887,0.,-2.63));
#1865 = LINE('',#1866,#1867);
#1866 = CARTESIAN_POINT('',(0.577792984936,0.,-2.63));
#1867 = VECTOR('',#1868,1.);
#1868 = DIRECTION('',(1.,0.,0.));
#1869 = ORIENTED_EDGE('',*,*,#1870,.F.);
#1870 = EDGE_CURVE('',#1871,#1863,#1873,.T.);
#1871 = VERTEX_POINT('',#1872);
#1872 = CARTESIAN_POINT('',(-2.308515645266,0.,-4.63));
#1873 = LINE('',#1874,#1875);
#1874 = CARTESIAN_POINT('',(-0.440176515538,0.,-1.393941701541));
#1875 = VECTOR('',#1876,1.);
#1876 = DIRECTION('',(0.5,0.,0.866025403784));
#1877 = ORIENTED_EDGE('',*,*,#1878,.F.);
#1878 = EDGE_CURVE('',#1879,#1871,#1881,.T.);
#1879 = VERTEX_POINT('',#1880);
#1880 = CARTESIAN_POINT('',(-1.153815106887,0.,-6.63));
#1881 = LINE('',#1882,#1883);
#1882 = CARTESIAN_POINT('',(-3.022375594488,0.,-3.393558298459));
#1883 = VECTOR('',#1884,1.);
#1884 = DIRECTION('',(-0.5,0.,0.866025403784));
#1885 = ORIENTED_EDGE('',*,*,#1886,.F.);
#1886 = EDGE_CURVE('',#1887,#1879,#1889,.T.);
#1887 = VERTEX_POINT('',#1888);
#1888 = CARTESIAN_POINT('',(1.155585969872,0.,-6.63));
#1889 = LINE('',#1890,#1891);
#1890 = CARTESIAN_POINT('',(-0.576907553443,0.,-6.63));
#1891 = VECTOR('',#1892,1.);
#1892 = DIRECTION('',(-1.,0.,0.));
#1893 = ORIENTED_EDGE('',*,*,#1894,.F.);
#1894 = EDGE_CURVE('',#1855,#1887,#1895,.T.);
#1895 = LINE('',#1896,#1897);
#1896 = CARTESIAN_POINT('',(2.446574830411,0.,-4.393941701541));
#1897 = VECTOR('',#1898,1.);
#1898 = DIRECTION('',(-0.5,0.,-0.866025403784));
#1899 = FACE_BOUND('',#1900,.T.);
#1900 = EDGE_LOOP('',(#1901,#1911,#1919,#1927,#1935,#1943));
#1901 = ORIENTED_EDGE('',*,*,#1902,.F.);
#1902 = EDGE_CURVE('',#1903,#1905,#1907,.T.);
#1903 = VERTEX_POINT('',#1904);
#1904 = CARTESIAN_POINT('',(-2.828130887537,0.,-0.33));
#1905 = VERTEX_POINT('',#1906);
#1906 = CARTESIAN_POINT('',(-1.673430349157,0.,-2.33));
#1907 = LINE('',#1908,#1909);
#1908 = CARTESIAN_POINT('',(-1.968711353217,0.,-1.818558298459));
#1909 = VECTOR('',#1910,1.);
#1910 = DIRECTION('',(0.5,0.,-0.866025403784));
#1911 = ORIENTED_EDGE('',*,*,#1912,.F.);
#1912 = EDGE_CURVE('',#1913,#1903,#1915,.T.);
#1913 = VERTEX_POINT('',#1914);
#1914 = CARTESIAN_POINT('',(-5.137531964295,0.,-0.33));
#1915 = LINE('',#1916,#1917);
#1916 = CARTESIAN_POINT('',(-1.414065443768,0.,-0.33));
#1917 = VECTOR('',#1918,1.);
#1918 = DIRECTION('',(1.,0.,0.));
#1919 = ORIENTED_EDGE('',*,*,#1920,.F.);
#1920 = EDGE_CURVE('',#1921,#1913,#1923,.T.);
#1921 = VERTEX_POINT('',#1922);
#1922 = CARTESIAN_POINT('',(-6.292232502674,0.,-2.33));
#1923 = LINE('',#1924,#1925);
#1924 = CARTESIAN_POINT('',(-4.423893372946,0.,0.906058298459));
#1925 = VECTOR('',#1926,1.);
#1926 = DIRECTION('',(0.5,0.,0.866025403784));
#1927 = ORIENTED_EDGE('',*,*,#1928,.F.);
#1928 = EDGE_CURVE('',#1929,#1921,#1931,.T.);
#1929 = VERTEX_POINT('',#1930);
#1930 = CARTESIAN_POINT('',(-5.137531964295,0.,-4.33));
#1931 = LINE('',#1932,#1933);
#1932 = CARTESIAN_POINT('',(-6.010163237544,0.,-2.818558298459));
#1933 = VECTOR('',#1934,1.);
#1934 = DIRECTION('',(-0.5,0.,0.866025403784));
#1935 = ORIENTED_EDGE('',*,*,#1936,.F.);
#1936 = EDGE_CURVE('',#1937,#1929,#1939,.T.);
#1937 = VERTEX_POINT('',#1938);
#1938 = CARTESIAN_POINT('',(-2.828130887537,0.,-4.33));
#1939 = LINE('',#1940,#1941);
#1940 = CARTESIAN_POINT('',(-2.568765982148,0.,-4.33));
#1941 = VECTOR('',#1942,1.);
#1942 = DIRECTION('',(-1.,0.,0.));
#1943 = ORIENTED_EDGE('',*,*,#1944,.F.);
#1944 = EDGE_CURVE('',#1905,#1937,#1945,.T.);
#1945 = LINE('',#1946,#1947);
#1946 = CARTESIAN_POINT('',(-1.537142026998,0.,-2.093941701541));
#1947 = VECTOR('',#1948,1.);
#1948 = DIRECTION('',(-0.5,0.,-0.866025403784));
#1949 = FACE_BOUND('',#1950,.T.);
#1950 = EDGE_LOOP('',(#1951,#1961,#1969,#1977,#1985,#1993));
#1951 = ORIENTED_EDGE('',*,*,#1952,.F.);
#1952 = EDGE_CURVE('',#1953,#1955,#1957,.T.);
#1953 = VERTEX_POINT('',#1954);
#1954 = CARTESIAN_POINT('',(-6.811847744945,0.,1.97));
#1955 = VERTEX_POINT('',#1956);
#1956 = CARTESIAN_POINT('',(-5.657147206566,0.,-3.E-02));
#1957 = LINE('',#1958,#1959);
#1958 = CARTESIAN_POINT('',(-4.956498996273,0.,-1.243558298459));
#1959 = VECTOR('',#1960,1.);
#1960 = DIRECTION('',(0.5,0.,-0.866025403784));
#1961 = ORIENTED_EDGE('',*,*,#1962,.F.);
#1962 = EDGE_CURVE('',#1963,#1953,#1965,.T.);
#1963 = VERTEX_POINT('',#1964);
#1964 = CARTESIAN_POINT('',(-9.121248821703,0.,1.97));
#1965 = LINE('',#1966,#1967);
#1966 = CARTESIAN_POINT('',(-3.405923872472,0.,1.97));
#1967 = VECTOR('',#1968,1.);
#1968 = DIRECTION('',(1.,0.,0.));
#1969 = ORIENTED_EDGE('',*,*,#1970,.F.);
#1970 = EDGE_CURVE('',#1971,#1963,#1973,.T.);
#1971 = VERTEX_POINT('',#1972);
#1972 = CARTESIAN_POINT('',(-10.27594936008,0.,-3.E-02));
#1973 = LINE('',#1974,#1975);
#1974 = CARTESIAN_POINT('',(-8.407610230354,0.,3.206058298459));
#1975 = VECTOR('',#1976,1.);
#1976 = DIRECTION('',(0.5,0.,0.866025403784));
#1977 = ORIENTED_EDGE('',*,*,#1978,.F.);
#1978 = EDGE_CURVE('',#1979,#1971,#1981,.T.);
#1979 = VERTEX_POINT('',#1980);
#1980 = CARTESIAN_POINT('',(-9.121248821703,0.,-2.03));
#1981 = LINE('',#1982,#1983);
#1982 = CARTESIAN_POINT('',(-8.997950880601,0.,-2.243558298459));
#1983 = VECTOR('',#1984,1.);
#1984 = DIRECTION('',(-0.5,0.,0.866025403784));
#1985 = ORIENTED_EDGE('',*,*,#1986,.F.);
#1986 = EDGE_CURVE('',#1987,#1979,#1989,.T.);
#1987 = VERTEX_POINT('',#1988);
#1988 = CARTESIAN_POINT('',(-6.811847744945,0.,-2.03));
#1989 = LINE('',#1990,#1991);
#1990 = CARTESIAN_POINT('',(-4.560624410852,0.,-2.03));
#1991 = VECTOR('',#1992,1.);
#1992 = DIRECTION('',(-1.,0.,0.));
#1993 = ORIENTED_EDGE('',*,*,#1994,.F.);
#1994 = EDGE_CURVE('',#1955,#1987,#1995,.T.);
#1995 = LINE('',#1996,#1997);
#1996 = CARTESIAN_POINT('',(-5.520858884406,0.,0.206058298459));
#1997 = VECTOR('',#1998,1.);
#1998 = DIRECTION('',(-0.5,0.,-0.866025403784));
#1999 = FACE_BOUND('',#2000,.T.);
#2000 = EDGE_LOOP('',(#2001,#2011,#2019,#2027,#2035,#2043));
#2001 = ORIENTED_EDGE('',*,*,#2002,.F.);
#2002 = EDGE_CURVE('',#2003,#2005,#2007,.T.);
#2003 = VERTEX_POINT('',#2004);
#2004 = CARTESIAN_POINT('',(-2.828130887537,0.,4.27));
#2005 = VERTEX_POINT('',#2006);
#2006 = CARTESIAN_POINT('',(-1.673430349157,0.,2.27));
#2007 = LINE('',#2008,#2009);
#2008 = CARTESIAN_POINT('',(-0.972782138865,0.,1.056441701541));
#2009 = VECTOR('',#2010,1.);
#2010 = DIRECTION('',(0.5,0.,-0.866025403784));
#2011 = ORIENTED_EDGE('',*,*,#2012,.F.);
#2012 = EDGE_CURVE('',#2013,#2003,#2015,.T.);
#2013 = VERTEX_POINT('',#2014);
#2014 = CARTESIAN_POINT('',(-5.137531964295,0.,4.27));
#2015 = LINE('',#2016,#2017);
#2016 = CARTESIAN_POINT('',(-1.414065443768,0.,4.27));
#2017 = VECTOR('',#2018,1.);
#2018 = DIRECTION('',(1.,0.,0.));
#2019 = ORIENTED_EDGE('',*,*,#2020,.F.);
#2020 = EDGE_CURVE('',#2021,#2013,#2023,.T.);
#2021 = VERTEX_POINT('',#2022);
#2022 = CARTESIAN_POINT('',(-6.292232502674,0.,2.27));
#2023 = LINE('',#2024,#2025);
#2024 = CARTESIAN_POINT('',(-5.419822587298,0.,3.781058298459));
#2025 = VECTOR('',#2026,1.);
#2026 = DIRECTION('',(0.5,0.,0.866025403784));
#2027 = ORIENTED_EDGE('',*,*,#2028,.F.);
#2028 = EDGE_CURVE('',#2029,#2021,#2031,.T.);
#2029 = VERTEX_POINT('',#2030);
#2030 = CARTESIAN_POINT('',(-5.137531964295,0.,0.27));
#2031 = LINE('',#2032,#2033);
#2032 = CARTESIAN_POINT('',(-5.014234023192,0.,5.644170154148E-02));
#2033 = VECTOR('',#2034,1.);
#2034 = DIRECTION('',(-0.5,0.,0.866025403784));
#2035 = ORIENTED_EDGE('',*,*,#2036,.F.);
#2036 = EDGE_CURVE('',#2037,#2029,#2039,.T.);
#2037 = VERTEX_POINT('',#2038);
#2038 = CARTESIAN_POINT('',(-2.828130887537,0.,0.27));
#2039 = LINE('',#2040,#2041);
#2040 = CARTESIAN_POINT('',(-2.568765982148,0.,0.27));
#2041 = VECTOR('',#2042,1.);
#2042 = DIRECTION('',(-1.,0.,0.));
#2043 = ORIENTED_EDGE('',*,*,#2044,.F.);
#2044 = EDGE_CURVE('',#2005,#2037,#2045,.T.);
#2045 = LINE('',#2046,#2047);
#2046 = CARTESIAN_POINT('',(-2.53307124135,0.,0.781058298459));
#2047 = VECTOR('',#2048,1.);
#2048 = DIRECTION('',(-0.5,0.,-0.866025403784));
#2049 = FACE_BOUND('',#2050,.T.);
#2050 = EDGE_LOOP('',(#2051,#2061,#2069,#2077,#2085,#2093));
#2051 = ORIENTED_EDGE('',*,*,#2052,.F.);
#2052 = EDGE_CURVE('',#2053,#2055,#2057,.T.);
#2053 = VERTEX_POINT('',#2054);
#2054 = CARTESIAN_POINT('',(1.155585969872,0.,1.97));
#2055 = VERTEX_POINT('',#2056);
#2056 = CARTESIAN_POINT('',(2.310286508251,0.,-3.E-02));
#2057 = LINE('',#2058,#2059);
#2058 = CARTESIAN_POINT('',(2.015005504191,0.,0.481441701541));
#2059 = VECTOR('',#2060,1.);
#2060 = DIRECTION('',(0.5,0.,-0.866025403784));
#2061 = ORIENTED_EDGE('',*,*,#2062,.F.);
#2062 = EDGE_CURVE('',#2063,#2053,#2065,.T.);
#2063 = VERTEX_POINT('',#2064);
#2064 = CARTESIAN_POINT('',(-1.153815106887,0.,1.97));
#2065 = LINE('',#2066,#2067);
#2066 = CARTESIAN_POINT('',(0.577792984936,0.,1.97));
#2067 = VECTOR('',#2068,1.);
#2068 = DIRECTION('',(1.,0.,0.));
#2069 = ORIENTED_EDGE('',*,*,#2070,.F.);
#2070 = EDGE_CURVE('',#2071,#2063,#2073,.T.);
#2071 = VERTEX_POINT('',#2072);
#2072 = CARTESIAN_POINT('',(-2.308515645266,0.,-3.E-02));
#2073 = LINE('',#2074,#2075);
#2074 = CARTESIAN_POINT('',(-1.43610572989,0.,1.481058298459));
#2075 = VECTOR('',#2076,1.);
#2076 = DIRECTION('',(0.5,0.,0.866025403784));
#2077 = ORIENTED_EDGE('',*,*,#2078,.F.);
#2078 = EDGE_CURVE('',#2079,#2071,#2081,.T.);
#2079 = VERTEX_POINT('',#2080);
#2080 = CARTESIAN_POINT('',(-1.153815106887,0.,-2.03));
#2081 = LINE('',#2082,#2083);
#2082 = CARTESIAN_POINT('',(-2.026446380136,0.,-0.518558298459));
#2083 = VECTOR('',#2084,1.);
#2084 = DIRECTION('',(-0.5,0.,0.866025403784));
#2085 = ORIENTED_EDGE('',*,*,#2086,.F.);
#2086 = EDGE_CURVE('',#2087,#2079,#2089,.T.);
#2087 = VERTEX_POINT('',#2088);
#2088 = CARTESIAN_POINT('',(1.155585969872,0.,-2.03));
#2089 = LINE('',#2090,#2091);
#2090 = CARTESIAN_POINT('',(-0.576907553443,0.,-2.03));
#2091 = VECTOR('',#2092,1.);
#2092 = DIRECTION('',(-1.,0.,0.));
#2093 = ORIENTED_EDGE('',*,*,#2094,.F.);
#2094 = EDGE_CURVE('',#2055,#2087,#2095,.T.);
#2095 = LINE('',#2096,#2097);
#2096 = CARTESIAN_POINT('',(1.450645616058,0.,-1.518941701541));
#2097 = VECTOR('',#2098,1.);
#2098 = DIRECTION('',(-0.5,0.,-0.866025403784));
#2099 = FACE_BOUND('',#2100,.T.);
#2100 = EDGE_LOOP('',(#2101,#2111,#2119,#2127,#2135,#2143));
#2101 = ORIENTED_EDGE('',*,*,#2102,.F.);
#2102 = EDGE_CURVE('',#2103,#2105,#2107,.T.);
#2103 = VERTEX_POINT('',#2104);
#2104 = CARTESIAN_POINT('',(-2.828130887537,0.,8.87));
#2105 = VERTEX_POINT('',#2106);
#2106 = CARTESIAN_POINT('',(-1.673430349157,0.,6.87));
#2107 = LINE('',#2108,#2109);
#2108 = CARTESIAN_POINT('',(2.314707548712E-02,0.,3.931441701541));
#2109 = VECTOR('',#2110,1.);
#2110 = DIRECTION('',(0.5,0.,-0.866025403784));
#2111 = ORIENTED_EDGE('',*,*,#2112,.F.);
#2112 = EDGE_CURVE('',#2113,#2103,#2115,.T.);
#2113 = VERTEX_POINT('',#2114);
#2114 = CARTESIAN_POINT('',(-5.137531964295,0.,8.87));
#2115 = LINE('',#2116,#2117);
#2116 = CARTESIAN_POINT('',(-1.414065443768,0.,8.87));
#2117 = VECTOR('',#2118,1.);
#2118 = DIRECTION('',(1.,0.,0.));
#2119 = ORIENTED_EDGE('',*,*,#2120,.F.);
#2120 = EDGE_CURVE('',#2121,#2113,#2123,.T.);
#2121 = VERTEX_POINT('',#2122);
#2122 = CARTESIAN_POINT('',(-6.292232502674,0.,6.87));
#2123 = LINE('',#2124,#2125);
#2124 = CARTESIAN_POINT('',(-6.41575180165,0.,6.656058298459));
#2125 = VECTOR('',#2126,1.);
#2126 = DIRECTION('',(0.5,0.,0.866025403784));
#2127 = ORIENTED_EDGE('',*,*,#2128,.F.);
#2128 = EDGE_CURVE('',#2129,#2121,#2131,.T.);
#2129 = VERTEX_POINT('',#2130);
#2130 = CARTESIAN_POINT('',(-5.137531964295,0.,4.87));
#2131 = LINE('',#2132,#2133);
#2132 = CARTESIAN_POINT('',(-4.01830480884,0.,2.931441701541));
#2133 = VECTOR('',#2134,1.);
#2134 = DIRECTION('',(-0.5,0.,0.866025403784));
#2135 = ORIENTED_EDGE('',*,*,#2136,.F.);
#2136 = EDGE_CURVE('',#2137,#2129,#2139,.T.);
#2137 = VERTEX_POINT('',#2138);
#2138 = CARTESIAN_POINT('',(-2.828130887537,0.,4.87));
#2139 = LINE('',#2140,#2141);
#2140 = CARTESIAN_POINT('',(-2.568765982148,0.,4.87));
#2141 = VECTOR('',#2142,1.);
#2142 = DIRECTION('',(-1.,0.,0.));
#2143 = ORIENTED_EDGE('',*,*,#2144,.F.);
#2144 = EDGE_CURVE('',#2105,#2137,#2145,.T.);
#2145 = LINE('',#2146,#2147);
#2146 = CARTESIAN_POINT('',(-3.529000455702,0.,3.656058298459));
#2147 = VECTOR('',#2148,1.);
#2148 = DIRECTION('',(-0.5,0.,-0.866025403784));
#2149 = FACE_BOUND('',#2150,.T.);
#2150 = EDGE_LOOP('',(#2151,#2161,#2169,#2177,#2185,#2193));
#2151 = ORIENTED_EDGE('',*,*,#2152,.F.);
#2152 = EDGE_CURVE('',#2153,#2155,#2157,.T.);
#2153 = VERTEX_POINT('',#2154);
#2154 = CARTESIAN_POINT('',(1.155585969872,0.,6.57));
#2155 = VERTEX_POINT('',#2156);
#2156 = CARTESIAN_POINT('',(2.310286508251,0.,4.57));
#2157 = LINE('',#2158,#2159);
#2158 = CARTESIAN_POINT('',(3.010934718543,0.,3.356441701541));
#2159 = VECTOR('',#2160,1.);
#2160 = DIRECTION('',(0.5,0.,-0.866025403784));
#2161 = ORIENTED_EDGE('',*,*,#2162,.F.);
#2162 = EDGE_CURVE('',#2163,#2153,#2165,.T.);
#2163 = VERTEX_POINT('',#2164);
#2164 = CARTESIAN_POINT('',(-1.153815106887,0.,6.57));
#2165 = LINE('',#2166,#2167);
#2166 = CARTESIAN_POINT('',(0.577792984936,0.,6.57));
#2167 = VECTOR('',#2168,1.);
#2168 = DIRECTION('',(1.,0.,0.));
#2169 = ORIENTED_EDGE('',*,*,#2170,.F.);
#2170 = EDGE_CURVE('',#2171,#2163,#2173,.T.);
#2171 = VERTEX_POINT('',#2172);
#2172 = CARTESIAN_POINT('',(-2.308515645266,0.,4.57));
#2173 = LINE('',#2174,#2175);
#2174 = CARTESIAN_POINT('',(-2.432034944242,0.,4.356058298459));
#2175 = VECTOR('',#2176,1.);
#2176 = DIRECTION('',(0.5,0.,0.866025403784));
#2177 = ORIENTED_EDGE('',*,*,#2178,.F.);
#2178 = EDGE_CURVE('',#2179,#2171,#2181,.T.);
#2179 = VERTEX_POINT('',#2180);
#2180 = CARTESIAN_POINT('',(-1.153815106887,0.,2.57));
#2181 = LINE('',#2182,#2183);
#2182 = CARTESIAN_POINT('',(-1.030517165784,0.,2.356441701541));
#2183 = VECTOR('',#2184,1.);
#2184 = DIRECTION('',(-0.5,0.,0.866025403784));
#2185 = ORIENTED_EDGE('',*,*,#2186,.F.);
#2186 = EDGE_CURVE('',#2187,#2179,#2189,.T.);
#2187 = VERTEX_POINT('',#2188);
#2188 = CARTESIAN_POINT('',(1.155585969872,0.,2.57));
#2189 = LINE('',#2190,#2191);
#2190 = CARTESIAN_POINT('',(-0.576907553443,0.,2.57));
#2191 = VECTOR('',#2192,1.);
#2192 = DIRECTION('',(-1.,0.,0.));
#2193 = ORIENTED_EDGE('',*,*,#2194,.F.);
#2194 = EDGE_CURVE('',#2155,#2187,#2195,.T.);
#2195 = LINE('',#2196,#2197);
#2196 = CARTESIAN_POINT('',(0.454716401706,0.,1.356058298459));
#2197 = VECTOR('',#2198,1.);
#2198 = DIRECTION('',(-0.5,0.,-0.866025403784));
#2199 = FACE_BOUND('',#2200,.T.);
#2200 = EDGE_LOOP('',(#2201,#2211,#2219,#2227,#2235,#2243));
#2201 = ORIENTED_EDGE('',*,*,#2202,.F.);
#2202 = EDGE_CURVE('',#2203,#2205,#2207,.T.);
#2203 = VERTEX_POINT('',#2204);
#2204 = CARTESIAN_POINT('',(5.13930282728,0.,-4.93));
#2205 = VERTEX_POINT('',#2206);
#2206 = CARTESIAN_POINT('',(6.29400336566,0.,-6.93));
#2207 = LINE('',#2208,#2209);
#2208 = CARTESIAN_POINT('',(4.006863932896,0.,-2.968558298459));
#2209 = VECTOR('',#2210,1.);
#2210 = DIRECTION('',(0.5,0.,-0.866025403784));
#2211 = ORIENTED_EDGE('',*,*,#2212,.F.);
#2212 = EDGE_CURVE('',#2213,#2203,#2215,.T.);
#2213 = VERTEX_POINT('',#2214);
#2214 = CARTESIAN_POINT('',(2.829901750522,0.,-4.93));
#2215 = LINE('',#2216,#2217);
#2216 = CARTESIAN_POINT('',(2.56965141364,0.,-4.93));
#2217 = VECTOR('',#2218,1.);
#2218 = DIRECTION('',(1.,0.,0.));
#2219 = ORIENTED_EDGE('',*,*,#2220,.F.);
#2220 = EDGE_CURVE('',#2221,#2213,#2223,.T.);
#2221 = VERTEX_POINT('',#2222);
#2222 = CARTESIAN_POINT('',(1.675201212143,0.,-6.93));
#2223 = LINE('',#2224,#2225);
#2224 = CARTESIAN_POINT('',(3.543540341871,0.,-3.693941701541));
#2225 = VECTOR('',#2226,1.);
#2226 = DIRECTION('',(0.5,0.,0.866025403784));
#2227 = ORIENTED_EDGE('',*,*,#2228,.F.);
#2228 = EDGE_CURVE('',#2229,#2221,#2231,.T.);
#2229 = VERTEX_POINT('',#2230);
#2230 = CARTESIAN_POINT('',(2.829901750522,0.,-8.93));
#2231 = LINE('',#2232,#2233);
#2232 = CARTESIAN_POINT('',(-3.458795143184E-02,0.,-3.968558298459));
#2233 = VECTOR('',#2234,1.);
#2234 = DIRECTION('',(-0.5,0.,0.866025403784));
#2235 = ORIENTED_EDGE('',*,*,#2236,.F.);
#2236 = EDGE_CURVE('',#2237,#2229,#2239,.T.);
#2237 = VERTEX_POINT('',#2238);
#2238 = CARTESIAN_POINT('',(5.13930282728,0.,-8.93));
#2239 = LINE('',#2240,#2241);
#2240 = CARTESIAN_POINT('',(1.414950875261,0.,-8.93));
#2241 = VECTOR('',#2242,1.);
#2242 = DIRECTION('',(-1.,0.,0.));
#2243 = ORIENTED_EDGE('',*,*,#2244,.F.);
#2244 = EDGE_CURVE('',#2205,#2237,#2245,.T.);
#2245 = LINE('',#2246,#2247);
#2246 = CARTESIAN_POINT('',(6.430291687819,0.,-6.693941701541));
#2247 = VECTOR('',#2248,1.);
#2248 = DIRECTION('',(-0.5,0.,-0.866025403784));
#2249 = FACE_BOUND('',#2250,.T.);
#2250 = EDGE_LOOP('',(#2251,#2261,#2269,#2277,#2285,#2293));
#2251 = ORIENTED_EDGE('',*,*,#2252,.F.);
#2252 = EDGE_CURVE('',#2253,#2255,#2257,.T.);
#2253 = VERTEX_POINT('',#2254);
#2254 = CARTESIAN_POINT('',(5.13930282728,0.,-0.33));
#2255 = VERTEX_POINT('',#2256);
#2256 = CARTESIAN_POINT('',(6.29400336566,0.,-2.33));
#2257 = LINE('',#2258,#2259);
#2258 = CARTESIAN_POINT('',(5.002793147248,0.,-9.355829845852E-02));
#2259 = VECTOR('',#2260,1.);
#2260 = DIRECTION('',(0.5,0.,-0.866025403784));
#2261 = ORIENTED_EDGE('',*,*,#2262,.F.);
#2262 = EDGE_CURVE('',#2263,#2253,#2265,.T.);
#2263 = VERTEX_POINT('',#2264);
#2264 = CARTESIAN_POINT('',(2.829901750522,0.,-0.33));
#2265 = LINE('',#2266,#2267);
#2266 = CARTESIAN_POINT('',(2.56965141364,0.,-0.33));
#2267 = VECTOR('',#2268,1.);
#2268 = DIRECTION('',(1.,0.,0.));
#2269 = ORIENTED_EDGE('',*,*,#2270,.F.);
#2270 = EDGE_CURVE('',#2271,#2263,#2273,.T.);
#2271 = VERTEX_POINT('',#2272);
#2272 = CARTESIAN_POINT('',(1.675201212143,0.,-2.33));
#2273 = LINE('',#2274,#2275);
#2274 = CARTESIAN_POINT('',(2.547611127519,0.,-0.818941701541));
#2275 = VECTOR('',#2276,1.);
#2276 = DIRECTION('',(0.5,0.,0.866025403784));
#2277 = ORIENTED_EDGE('',*,*,#2278,.F.);
#2278 = EDGE_CURVE('',#2279,#2271,#2281,.T.);
#2279 = VERTEX_POINT('',#2280);
#2280 = CARTESIAN_POINT('',(2.829901750522,0.,-4.33));
#2281 = LINE('',#2282,#2283);
#2282 = CARTESIAN_POINT('',(0.96134126292,0.,-1.093558298459));
#2283 = VECTOR('',#2284,1.);
#2284 = DIRECTION('',(-0.5,0.,0.866025403784));
#2285 = ORIENTED_EDGE('',*,*,#2286,.F.);
#2286 = EDGE_CURVE('',#2287,#2279,#2289,.T.);
#2287 = VERTEX_POINT('',#2288);
#2288 = CARTESIAN_POINT('',(5.13930282728,0.,-4.33));
#2289 = LINE('',#2290,#2291);
#2290 = CARTESIAN_POINT('',(1.414950875261,0.,-4.33));
#2291 = VECTOR('',#2292,1.);
#2292 = DIRECTION('',(-1.,0.,0.));
#2293 = ORIENTED_EDGE('',*,*,#2294,.F.);
#2294 = EDGE_CURVE('',#2255,#2287,#2295,.T.);
#2295 = LINE('',#2296,#2297);
#2296 = CARTESIAN_POINT('',(5.434362473467,0.,-3.818941701541));
#2297 = VECTOR('',#2298,1.);
#2298 = DIRECTION('',(-0.5,0.,-0.866025403784));
#2299 = FACE_BOUND('',#2300,.T.);
#2300 = EDGE_LOOP('',(#2301,#2311,#2319,#2327,#2335,#2343));
#2301 = ORIENTED_EDGE('',*,*,#2302,.F.);
#2302 = EDGE_CURVE('',#2303,#2305,#2307,.T.);
#2303 = VERTEX_POINT('',#2304);
#2304 = CARTESIAN_POINT('',(5.13930282728,0.,4.27));
#2305 = VERTEX_POINT('',#2306);
#2306 = CARTESIAN_POINT('',(6.29400336566,0.,2.27));
#2307 = LINE('',#2308,#2309);
#2308 = CARTESIAN_POINT('',(5.9987223616,0.,2.781441701541));
#2309 = VECTOR('',#2310,1.);
#2310 = DIRECTION('',(0.5,0.,-0.866025403784));
#2311 = ORIENTED_EDGE('',*,*,#2312,.F.);
#2312 = EDGE_CURVE('',#2313,#2303,#2315,.T.);
#2313 = VERTEX_POINT('',#2314);
#2314 = CARTESIAN_POINT('',(2.829901750522,0.,4.27));
#2315 = LINE('',#2316,#2317);
#2316 = CARTESIAN_POINT('',(2.56965141364,0.,4.27));
#2317 = VECTOR('',#2318,1.);
#2318 = DIRECTION('',(1.,0.,0.));
#2319 = ORIENTED_EDGE('',*,*,#2320,.F.);
#2320 = EDGE_CURVE('',#2321,#2313,#2323,.T.);
#2321 = VERTEX_POINT('',#2322);
#2322 = CARTESIAN_POINT('',(1.675201212143,0.,2.27));
#2323 = LINE('',#2324,#2325);
#2324 = CARTESIAN_POINT('',(1.551681913167,0.,2.056058298459));
#2325 = VECTOR('',#2326,1.);
#2326 = DIRECTION('',(0.5,0.,0.866025403784));
#2327 = ORIENTED_EDGE('',*,*,#2328,.F.);
#2328 = EDGE_CURVE('',#2329,#2321,#2331,.T.);
#2329 = VERTEX_POINT('',#2330);
#2330 = CARTESIAN_POINT('',(2.829901750522,0.,0.27));
#2331 = LINE('',#2332,#2333);
#2332 = CARTESIAN_POINT('',(1.957270477272,0.,1.781441701541));
#2333 = VECTOR('',#2334,1.);
#2334 = DIRECTION('',(-0.5,0.,0.866025403784));
#2335 = ORIENTED_EDGE('',*,*,#2336,.F.);
#2336 = EDGE_CURVE('',#2337,#2329,#2339,.T.);
#2337 = VERTEX_POINT('',#2338);
#2338 = CARTESIAN_POINT('',(5.13930282728,0.,0.27));
#2339 = LINE('',#2340,#2341);
#2340 = CARTESIAN_POINT('',(1.414950875261,0.,0.27));
#2341 = VECTOR('',#2342,1.);
#2342 = DIRECTION('',(-1.,0.,0.));
#2343 = ORIENTED_EDGE('',*,*,#2344,.F.);
#2344 = EDGE_CURVE('',#2305,#2337,#2345,.T.);
#2345 = LINE('',#2346,#2347);
#2346 = CARTESIAN_POINT('',(4.438433259115,0.,-0.943941701541));
#2347 = VECTOR('',#2348,1.);
#2348 = DIRECTION('',(-0.5,0.,-0.866025403784));
#2349 = FACE_BOUND('',#2350,.T.);
#2350 = EDGE_LOOP('',(#2351,#2361,#2369,#2377,#2385,#2393));
#2351 = ORIENTED_EDGE('',*,*,#2352,.F.);
#2352 = EDGE_CURVE('',#2353,#2355,#2357,.T.);
#2353 = VERTEX_POINT('',#2354);
#2354 = CARTESIAN_POINT('',(5.13930282728,0.,8.87));
#2355 = VERTEX_POINT('',#2356);
#2356 = CARTESIAN_POINT('',(6.29400336566,0.,6.87));
#2357 = LINE('',#2358,#2359);
#2358 = CARTESIAN_POINT('',(6.994651575952,0.,5.656441701541));
#2359 = VECTOR('',#2360,1.);
#2360 = DIRECTION('',(0.5,0.,-0.866025403784));
#2361 = ORIENTED_EDGE('',*,*,#2362,.F.);
#2362 = EDGE_CURVE('',#2363,#2353,#2365,.T.);
#2363 = VERTEX_POINT('',#2364);
#2364 = CARTESIAN_POINT('',(2.829901750522,0.,8.87));
#2365 = LINE('',#2366,#2367);
#2366 = CARTESIAN_POINT('',(2.56965141364,0.,8.87));
#2367 = VECTOR('',#2368,1.);
#2368 = DIRECTION('',(1.,0.,0.));
#2369 = ORIENTED_EDGE('',*,*,#2370,.F.);
#2370 = EDGE_CURVE('',#2371,#2363,#2373,.T.);
#2371 = VERTEX_POINT('',#2372);
#2372 = CARTESIAN_POINT('',(1.675201212143,0.,6.87));
#2373 = LINE('',#2374,#2375);
#2374 = CARTESIAN_POINT('',(0.555752698815,0.,4.931058298459));
#2375 = VECTOR('',#2376,1.);
#2376 = DIRECTION('',(0.5,0.,0.866025403784));
#2377 = ORIENTED_EDGE('',*,*,#2378,.F.);
#2378 = EDGE_CURVE('',#2379,#2371,#2381,.T.);
#2379 = VERTEX_POINT('',#2380);
#2380 = CARTESIAN_POINT('',(2.829901750522,0.,4.87));
#2381 = LINE('',#2382,#2383);
#2382 = CARTESIAN_POINT('',(2.953199691624,0.,4.656441701541));
#2383 = VECTOR('',#2384,1.);
#2384 = DIRECTION('',(-0.5,0.,0.866025403784));
#2385 = ORIENTED_EDGE('',*,*,#2386,.F.);
#2386 = EDGE_CURVE('',#2387,#2379,#2389,.T.);
#2387 = VERTEX_POINT('',#2388);
#2388 = CARTESIAN_POINT('',(5.13930282728,0.,4.87));
#2389 = LINE('',#2390,#2391);
#2390 = CARTESIAN_POINT('',(1.414950875261,0.,4.87));
#2391 = VECTOR('',#2392,1.);
#2392 = DIRECTION('',(-1.,0.,0.));
#2393 = ORIENTED_EDGE('',*,*,#2394,.F.);
#2394 = EDGE_CURVE('',#2355,#2387,#2395,.T.);
#2395 = LINE('',#2396,#2397);
#2396 = CARTESIAN_POINT('',(3.442504044763,0.,1.931058298459));
#2397 = VECTOR('',#2398,1.);
#2398 = DIRECTION('',(-0.5,0.,-0.866025403784));
#2399 = FACE_BOUND('',#2400,.T.);
#2400 = EDGE_LOOP('',(#2401,#2411,#2419,#2427,#2435,#2443));
#2401 = ORIENTED_EDGE('',*,*,#2402,.F.);
#2402 = EDGE_CURVE('',#2403,#2405,#2407,.T.);
#2403 = VERTEX_POINT('',#2404);
#2404 = CARTESIAN_POINT('',(9.123019684689,0.,1.97));
#2405 = VERTEX_POINT('',#2406);
#2406 = CARTESIAN_POINT('',(10.277720223068,0.,-3.E-02));
#2407 = LINE('',#2408,#2409);
#2408 = CARTESIAN_POINT('',(8.986510004656,0.,2.206441701541));
#2409 = VECTOR('',#2410,1.);
#2410 = DIRECTION('',(0.5,0.,-0.866025403784));
#2411 = ORIENTED_EDGE('',*,*,#2412,.F.);
#2412 = EDGE_CURVE('',#2413,#2403,#2415,.T.);
#2413 = VERTEX_POINT('',#2414);
#2414 = CARTESIAN_POINT('',(6.81361860793,0.,1.97));
#2415 = LINE('',#2416,#2417);
#2416 = CARTESIAN_POINT('',(4.561509842344,0.,1.97));
#2417 = VECTOR('',#2418,1.);
#2418 = DIRECTION('',(1.,0.,0.));
#2419 = ORIENTED_EDGE('',*,*,#2420,.F.);
#2420 = EDGE_CURVE('',#2421,#2413,#2423,.T.);
#2421 = VERTEX_POINT('',#2422);
#2422 = CARTESIAN_POINT('',(5.658918069551,0.,-3.E-02));
#2423 = LINE('',#2424,#2425);
#2424 = CARTESIAN_POINT('',(5.535398770575,0.,-0.243941701541));
#2425 = VECTOR('',#2426,1.);
#2426 = DIRECTION('',(0.5,0.,0.866025403784));
#2427 = ORIENTED_EDGE('',*,*,#2428,.F.);
#2428 = EDGE_CURVE('',#2429,#2421,#2431,.T.);
#2429 = VERTEX_POINT('',#2430);
#2430 = CARTESIAN_POINT('',(6.81361860793,0.,-2.03));
#2431 = LINE('',#2432,#2433);
#2432 = CARTESIAN_POINT('',(4.945058120329,0.,1.206441701541));
#2433 = VECTOR('',#2434,1.);
#2434 = DIRECTION('',(-0.5,0.,0.866025403784));
#2435 = ORIENTED_EDGE('',*,*,#2436,.F.);
#2436 = EDGE_CURVE('',#2437,#2429,#2439,.T.);
#2437 = VERTEX_POINT('',#2438);
#2438 = CARTESIAN_POINT('',(9.123019684689,0.,-2.03));
#2439 = LINE('',#2440,#2441);
#2440 = CARTESIAN_POINT('',(3.406809303965,0.,-2.03));
#2441 = VECTOR('',#2442,1.);
#2442 = DIRECTION('',(-1.,0.,0.));
#2443 = ORIENTED_EDGE('',*,*,#2444,.F.);
#2444 = EDGE_CURVE('',#2405,#2437,#2445,.T.);
#2445 = LINE('',#2446,#2447);
#2446 = CARTESIAN_POINT('',(8.422150116523,0.,-3.243941701541));
#2447 = VECTOR('',#2448,1.);
#2448 = DIRECTION('',(-0.5,0.,-0.866025403784));
#2449 = PLANE('',#2450);
#2450 = AXIS2_PLACEMENT_3D('',#2451,#2452,#2453);
#2451 = CARTESIAN_POINT('',(-2.6E-16,0.,5.9E-16));
#2452 = DIRECTION('',(0.,1.,2.2E-16));
#2453 = DIRECTION('',(0.,-2.2E-16,1.));
#2454 = ADVANCED_FACE('',(#2455),#2473,.F.);
#2455 = FACE_BOUND('',#2456,.F.);
#2456 = EDGE_LOOP('',(#2457,#2465,#2471,#2472));
#2457 = ORIENTED_EDGE('',*,*,#2458,.F.);
#2458 = EDGE_CURVE('',#2459,#1388,#2461,.T.);
#2459 = VERTEX_POINT('',#2460);
#2460 = CARTESIAN_POINT('',(9.642634926959,-1.5,-2.33));
#2461 = LINE('',#2462,#2463);
#2462 = CARTESIAN_POINT('',(9.642634926959,-10.,-2.33));
#2463 = VECTOR('',#2464,1.);
#2464 = DIRECTION('',(0.,1.,0.));
#2465 = ORIENTED_EDGE('',*,*,#2466,.T.);
#2466 = EDGE_CURVE('',#2459,#1278,#2467,.T.);
#2467 = LINE('',#2468,#2469);
#2468 = CARTESIAN_POINT('',(9.519115627983,-1.5,-2.543941701541));
#2469 = VECTOR('',#2470,1.);
#2470 = DIRECTION('',(0.5,0.,0.866025403784));
#2471 = ORIENTED_EDGE('',*,*,#1286,.T.);
#2472 = ORIENTED_EDGE('',*,*,#1387,.F.);
#2473 = PLANE('',#2474);
#2474 = AXIS2_PLACEMENT_3D('',#2475,#2476,#2477);
#2475 = CARTESIAN_POINT('',(10.797335465339,-10.,-0.33));
#2476 = DIRECTION('',(-0.866025403784,0.,0.5));
#2477 = DIRECTION('',(-0.5,-1.9E-16,-0.866025403784));
#2478 = ADVANCED_FACE('',(#2479),#2490,.F.);
#2479 = FACE_BOUND('',#2480,.F.);
#2480 = EDGE_LOOP('',(#2481,#2487,#2488,#2489));
#2481 = ORIENTED_EDGE('',*,*,#2482,.T.);
#2482 = EDGE_CURVE('',#1270,#2459,#2483,.T.);
#2483 = LINE('',#2484,#2485);
#2484 = CARTESIAN_POINT('',(7.932845763385,-1.5,0.631441701541));
#2485 = VECTOR('',#2486,1.);
#2486 = DIRECTION('',(-0.5,0.,0.866025403784));
#2487 = ORIENTED_EDGE('',*,*,#2458,.T.);
#2488 = ORIENTED_EDGE('',*,*,#1395,.F.);
#2489 = ORIENTED_EDGE('',*,*,#1269,.F.);
#2490 = PLANE('',#2491);
#2491 = AXIS2_PLACEMENT_3D('',#2492,#2493,#2494);
#2492 = CARTESIAN_POINT('',(9.642634926959,-10.,-2.33));
#2493 = DIRECTION('',(-0.866025403784,0.,-0.5));
#2494 = DIRECTION('',(0.5,-1.9E-16,-0.866025403784));
#2495 = ADVANCED_FACE('',(#2496),#2514,.F.);
#2496 = FACE_BOUND('',#2497,.F.);
#2497 = EDGE_LOOP('',(#2498,#2506,#2512,#2513));
#2498 = ORIENTED_EDGE('',*,*,#2499,.F.);
#2499 = EDGE_CURVE('',#2500,#1403,#2502,.T.);
#2500 = VERTEX_POINT('',#2501);
#2501 = CARTESIAN_POINT('',(9.123019684689,-1.5,-2.63));
#2502 = LINE('',#2503,#2504);
#2503 = CARTESIAN_POINT('',(9.123019684689,-10.,-2.63));
#2504 = VECTOR('',#2505,1.);
#2505 = DIRECTION('',(0.,1.,0.));
#2506 = ORIENTED_EDGE('',*,*,#2507,.T.);
#2507 = EDGE_CURVE('',#2500,#1244,#2508,.T.);
#2508 = LINE('',#2509,#2510);
#2509 = CARTESIAN_POINT('',(7.990580790304,-1.5,-0.668558298459));
#2510 = VECTOR('',#2511,1.);
#2511 = DIRECTION('',(0.5,0.,-0.866025403784));
#2512 = ORIENTED_EDGE('',*,*,#1252,.T.);
#2513 = ORIENTED_EDGE('',*,*,#1402,.F.);
#2514 = PLANE('',#2515);
#2515 = AXIS2_PLACEMENT_3D('',#2516,#2517,#2518);
#2516 = CARTESIAN_POINT('',(10.277720223068,-10.,-4.63));
#2517 = DIRECTION('',(0.866025403784,0.,0.5));
#2518 = DIRECTION('',(-0.5,1.9E-16,0.866025403784));
#2519 = ADVANCED_FACE('',(#2520),#2538,.F.);
#2520 = FACE_BOUND('',#2521,.F.);
#2521 = EDGE_LOOP('',(#2522,#2530,#2536,#2537));
#2522 = ORIENTED_EDGE('',*,*,#2523,.T.);
#2523 = EDGE_CURVE('',#1236,#2524,#2526,.T.);
#2524 = VERTEX_POINT('',#2525);
#2525 = CARTESIAN_POINT('',(6.81361860793,-1.5,-6.63));
#2526 = LINE('',#2527,#2528);
#2527 = CARTESIAN_POINT('',(3.406809303965,-1.5,-6.63));
#2528 = VECTOR('',#2529,1.);
#2529 = DIRECTION('',(-1.,0.,0.));
#2530 = ORIENTED_EDGE('',*,*,#2531,.T.);
#2531 = EDGE_CURVE('',#2524,#1427,#2532,.T.);
#2532 = LINE('',#2533,#2534);
#2533 = CARTESIAN_POINT('',(6.81361860793,-10.,-6.63));
#2534 = VECTOR('',#2535,1.);
#2535 = DIRECTION('',(0.,1.,0.));
#2536 = ORIENTED_EDGE('',*,*,#1434,.F.);
#2537 = ORIENTED_EDGE('',*,*,#1235,.F.);
#2538 = PLANE('',#2539);
#2539 = AXIS2_PLACEMENT_3D('',#2540,#2541,#2542);
#2540 = CARTESIAN_POINT('',(6.81361860793,-10.,-6.63));
#2541 = DIRECTION('',(0.,0.,-1.));
#2542 = DIRECTION('',(1.,0.,0.));
#2543 = ADVANCED_FACE('',(#2544),#2562,.F.);
#2544 = FACE_BOUND('',#2545,.F.);
#2545 = EDGE_LOOP('',(#2546,#2554,#2560,#2561));
#2546 = ORIENTED_EDGE('',*,*,#2547,.F.);
#2547 = EDGE_CURVE('',#2548,#1442,#2550,.T.);
#2548 = VERTEX_POINT('',#2549);
#2549 = CARTESIAN_POINT('',(6.81361860793,-1.5,-7.23));
#2550 = LINE('',#2551,#2552);
#2551 = CARTESIAN_POINT('',(6.81361860793,-10.,-7.23));
#2552 = VECTOR('',#2553,1.);
#2553 = DIRECTION('',(0.,1.,0.));
#2554 = ORIENTED_EDGE('',*,*,#2555,.T.);
#2555 = EDGE_CURVE('',#2548,#1210,#2556,.T.);
#2556 = LINE('',#2557,#2558);
#2557 = CARTESIAN_POINT('',(4.561509842344,-1.5,-7.23));
#2558 = VECTOR('',#2559,1.);
#2559 = DIRECTION('',(1.,0.,0.));
#2560 = ORIENTED_EDGE('',*,*,#1218,.T.);
#2561 = ORIENTED_EDGE('',*,*,#1441,.F.);
#2562 = PLANE('',#2563);
#2563 = AXIS2_PLACEMENT_3D('',#2564,#2565,#2566);
#2564 = CARTESIAN_POINT('',(9.123019684689,-10.,-7.23));
#2565 = DIRECTION('',(0.,0.,1.));
#2566 = DIRECTION('',(-1.,0.,0.));
#2567 = ADVANCED_FACE('',(#2568),#2579,.F.);
#2568 = FACE_BOUND('',#2569,.F.);
#2569 = EDGE_LOOP('',(#2570,#2576,#2577,#2578));
#2570 = ORIENTED_EDGE('',*,*,#2571,.T.);
#2571 = EDGE_CURVE('',#1202,#2548,#2572,.T.);
#2572 = LINE('',#2573,#2574);
#2573 = CARTESIAN_POINT('',(7.527257199279,-1.5,-5.993941701541));
#2574 = VECTOR('',#2575,1.);
#2575 = DIRECTION('',(0.5,0.,0.866025403784));
#2576 = ORIENTED_EDGE('',*,*,#2547,.T.);
#2577 = ORIENTED_EDGE('',*,*,#1449,.F.);
#2578 = ORIENTED_EDGE('',*,*,#1201,.F.);
#2579 = PLANE('',#2580);
#2580 = AXIS2_PLACEMENT_3D('',#2581,#2582,#2583);
#2581 = CARTESIAN_POINT('',(6.81361860793,-10.,-7.23));
#2582 = DIRECTION('',(-0.866025403784,0.,0.5));
#2583 = DIRECTION('',(-0.5,-1.9E-16,-0.866025403784));
#2584 = ADVANCED_FACE('',(#2585),#2603,.F.);
#2585 = FACE_BOUND('',#2586,.F.);
#2586 = EDGE_LOOP('',(#2587,#2595,#2601,#2602));
#2587 = ORIENTED_EDGE('',*,*,#2588,.F.);
#2588 = EDGE_CURVE('',#2589,#1457,#2591,.T.);
#2589 = VERTEX_POINT('',#2590);
#2590 = CARTESIAN_POINT('',(2.829901750522,-1.5,-9.53));
#2591 = LINE('',#2592,#2593);
#2592 = CARTESIAN_POINT('',(2.829901750522,-10.,-9.53));
#2593 = VECTOR('',#2594,1.);
#2594 = DIRECTION('',(0.,1.,0.));
#2595 = ORIENTED_EDGE('',*,*,#2596,.T.);
#2596 = EDGE_CURVE('',#2589,#1176,#2597,.T.);
#2597 = LINE('',#2598,#2599);
#2598 = CARTESIAN_POINT('',(2.56965141364,-1.5,-9.53));
#2599 = VECTOR('',#2600,1.);
#2600 = DIRECTION('',(1.,0.,0.));
#2601 = ORIENTED_EDGE('',*,*,#1184,.T.);
#2602 = ORIENTED_EDGE('',*,*,#1456,.F.);
#2603 = PLANE('',#2604);
#2604 = AXIS2_PLACEMENT_3D('',#2605,#2606,#2607);
#2605 = CARTESIAN_POINT('',(5.13930282728,-10.,-9.53));
#2606 = DIRECTION('',(0.,0.,1.));
#2607 = DIRECTION('',(-1.,0.,0.));
#2608 = ADVANCED_FACE('',(#2609),#2620,.F.);
#2609 = FACE_BOUND('',#2610,.F.);
#2610 = EDGE_LOOP('',(#2611,#2617,#2618,#2619));
#2611 = ORIENTED_EDGE('',*,*,#2612,.T.);
#2612 = EDGE_CURVE('',#1168,#2589,#2613,.T.);
#2613 = LINE('',#2614,#2615);
#2614 = CARTESIAN_POINT('',(4.539469556223,-1.5,-6.568941701541));
#2615 = VECTOR('',#2616,1.);
#2616 = DIRECTION('',(0.5,0.,0.866025403784));
#2617 = ORIENTED_EDGE('',*,*,#2588,.T.);
#2618 = ORIENTED_EDGE('',*,*,#1464,.F.);
#2619 = ORIENTED_EDGE('',*,*,#1167,.F.);
#2620 = PLANE('',#2621);
#2621 = AXIS2_PLACEMENT_3D('',#2622,#2623,#2624);
#2622 = CARTESIAN_POINT('',(2.829901750522,-10.,-9.53));
#2623 = DIRECTION('',(-0.866025403784,0.,0.5));
#2624 = DIRECTION('',(-0.5,-1.9E-16,-0.866025403784));
#2625 = ADVANCED_FACE('',(#2626),#2644,.F.);
#2626 = FACE_BOUND('',#2627,.F.);
#2627 = EDGE_LOOP('',(#2628,#2636,#2642,#2643));
#2628 = ORIENTED_EDGE('',*,*,#2629,.F.);
#2629 = EDGE_CURVE('',#2630,#1472,#2632,.T.);
#2630 = VERTEX_POINT('',#2631);
#2631 = CARTESIAN_POINT('',(2.310286508251,-1.5,-9.23));
#2632 = LINE('',#2633,#2634);
#2633 = CARTESIAN_POINT('',(2.310286508251,-10.,-9.23));
#2634 = VECTOR('',#2635,1.);
#2635 = DIRECTION('',(0.,1.,0.));
#2636 = ORIENTED_EDGE('',*,*,#2637,.T.);
#2637 = EDGE_CURVE('',#2630,#1142,#2638,.T.);
#2638 = LINE('',#2639,#2640);
#2639 = CARTESIAN_POINT('',(3.442504044763,-1.5,-7.268941701541));
#2640 = VECTOR('',#2641,1.);
#2641 = DIRECTION('',(-0.5,0.,-0.866025403784));
#2642 = ORIENTED_EDGE('',*,*,#1150,.T.);
#2643 = ORIENTED_EDGE('',*,*,#1471,.F.);
#2644 = PLANE('',#2645);
#2645 = AXIS2_PLACEMENT_3D('',#2646,#2647,#2648);
#2646 = CARTESIAN_POINT('',(1.155585969872,-10.,-11.23));
#2647 = DIRECTION('',(0.866025403784,0.,-0.5));
#2648 = DIRECTION('',(0.5,1.9E-16,0.866025403784));
#2649 = ADVANCED_FACE('',(#2650),#2668,.F.);
#2650 = FACE_BOUND('',#2651,.F.);
#2651 = EDGE_LOOP('',(#2652,#2660,#2666,#2667));
#2652 = ORIENTED_EDGE('',*,*,#2653,.T.);
#2653 = EDGE_CURVE('',#1134,#2654,#2656,.T.);
#2654 = VERTEX_POINT('',#2655);
#2655 = CARTESIAN_POINT('',(-2.308515645266,-1.5,-9.23));
#2656 = LINE('',#2657,#2658);
#2657 = CARTESIAN_POINT('',(-4.01830480884,-1.5,-6.268558298459));
#2658 = VECTOR('',#2659,1.);
#2659 = DIRECTION('',(-0.5,0.,0.866025403784));
#2660 = ORIENTED_EDGE('',*,*,#2661,.T.);
#2661 = EDGE_CURVE('',#2654,#1496,#2662,.T.);
#2662 = LINE('',#2663,#2664);
#2663 = CARTESIAN_POINT('',(-2.308515645266,-10.,-9.23));
#2664 = VECTOR('',#2665,1.);
#2665 = DIRECTION('',(0.,1.,0.));
#2666 = ORIENTED_EDGE('',*,*,#1503,.F.);
#2667 = ORIENTED_EDGE('',*,*,#1133,.F.);
#2668 = PLANE('',#2669);
#2669 = AXIS2_PLACEMENT_3D('',#2670,#2671,#2672);
#2670 = CARTESIAN_POINT('',(-2.308515645266,-10.,-9.23));
#2671 = DIRECTION('',(-0.866025403784,0.,-0.5));
#2672 = DIRECTION('',(0.5,-1.9E-16,-0.866025403784));
#2673 = ADVANCED_FACE('',(#2674),#2692,.F.);
#2674 = FACE_BOUND('',#2675,.F.);
#2675 = EDGE_LOOP('',(#2676,#2684,#2690,#2691));
#2676 = ORIENTED_EDGE('',*,*,#2677,.F.);
#2677 = EDGE_CURVE('',#2678,#1511,#2680,.T.);
#2678 = VERTEX_POINT('',#2679);
#2679 = CARTESIAN_POINT('',(-2.828130887537,-1.5,-9.53));
#2680 = LINE('',#2681,#2682);
#2681 = CARTESIAN_POINT('',(-2.828130887537,-10.,-9.53));
#2682 = VECTOR('',#2683,1.);
#2683 = DIRECTION('',(0.,1.,0.));
#2684 = ORIENTED_EDGE('',*,*,#2685,.T.);
#2685 = EDGE_CURVE('',#2678,#1108,#2686,.T.);
#2686 = LINE('',#2687,#2688);
#2687 = CARTESIAN_POINT('',(-3.960569781921,-1.5,-7.568558298459));
#2688 = VECTOR('',#2689,1.);
#2689 = DIRECTION('',(0.5,0.,-0.866025403784));
#2690 = ORIENTED_EDGE('',*,*,#1116,.T.);
#2691 = ORIENTED_EDGE('',*,*,#1510,.F.);
#2692 = PLANE('',#2693);
#2693 = AXIS2_PLACEMENT_3D('',#2694,#2695,#2696);
#2694 = CARTESIAN_POINT('',(-1.673430349157,-10.,-11.53));
#2695 = DIRECTION('',(0.866025403784,0.,0.5));
#2696 = DIRECTION('',(-0.5,1.9E-16,0.866025403784));
#2697 = ADVANCED_FACE('',(#2698),#2709,.F.);
#2698 = FACE_BOUND('',#2699,.F.);
#2699 = EDGE_LOOP('',(#2700,#2706,#2707,#2708));
#2700 = ORIENTED_EDGE('',*,*,#2701,.T.);
#2701 = EDGE_CURVE('',#1100,#2678,#2702,.T.);
#2702 = LINE('',#2703,#2704);
#2703 = CARTESIAN_POINT('',(-1.414065443768,-1.5,-9.53));
#2704 = VECTOR('',#2705,1.);
#2705 = DIRECTION('',(1.,0.,0.));
#2706 = ORIENTED_EDGE('',*,*,#2677,.T.);
#2707 = ORIENTED_EDGE('',*,*,#1518,.F.);
#2708 = ORIENTED_EDGE('',*,*,#1099,.F.);
#2709 = PLANE('',#2710);
#2710 = AXIS2_PLACEMENT_3D('',#2711,#2712,#2713);
#2711 = CARTESIAN_POINT('',(-2.828130887537,-10.,-9.53));
#2712 = DIRECTION('',(0.,0.,1.));
#2713 = DIRECTION('',(-1.,0.,0.));
#2714 = ADVANCED_FACE('',(#2715),#2733,.F.);
#2715 = FACE_BOUND('',#2716,.F.);
#2716 = EDGE_LOOP('',(#2717,#2725,#2731,#2732));
#2717 = ORIENTED_EDGE('',*,*,#2718,.F.);
#2718 = EDGE_CURVE('',#2719,#1526,#2721,.T.);
#2719 = VERTEX_POINT('',#2720);
#2720 = CARTESIAN_POINT('',(-6.811847744945,-1.5,-7.23));
#2721 = LINE('',#2722,#2723);
#2722 = CARTESIAN_POINT('',(-6.811847744945,-10.,-7.23));
#2723 = VECTOR('',#2724,1.);
#2724 = DIRECTION('',(0.,1.,0.));
#2725 = ORIENTED_EDGE('',*,*,#2726,.T.);
#2726 = EDGE_CURVE('',#2719,#1074,#2727,.T.);
#2727 = LINE('',#2728,#2729);
#2728 = CARTESIAN_POINT('',(-6.948357424978,-1.5,-6.993558298459));
#2729 = VECTOR('',#2730,1.);
#2730 = DIRECTION('',(0.5,0.,-0.866025403784));
#2731 = ORIENTED_EDGE('',*,*,#1082,.T.);
#2732 = ORIENTED_EDGE('',*,*,#1525,.F.);
#2733 = PLANE('',#2734);
#2734 = AXIS2_PLACEMENT_3D('',#2735,#2736,#2737);
#2735 = CARTESIAN_POINT('',(-5.657147206566,-10.,-9.23));
#2736 = DIRECTION('',(0.866025403784,0.,0.5));
#2737 = DIRECTION('',(-0.5,1.9E-16,0.866025403784));
#2738 = ADVANCED_FACE('',(#2739),#2750,.F.);
#2739 = FACE_BOUND('',#2740,.F.);
#2740 = EDGE_LOOP('',(#2741,#2747,#2748,#2749));
#2741 = ORIENTED_EDGE('',*,*,#2742,.T.);
#2742 = EDGE_CURVE('',#1066,#2719,#2743,.T.);
#2743 = LINE('',#2744,#2745);
#2744 = CARTESIAN_POINT('',(-3.405923872472,-1.5,-7.23));
#2745 = VECTOR('',#2746,1.);
#2746 = DIRECTION('',(1.,0.,0.));
#2747 = ORIENTED_EDGE('',*,*,#2718,.T.);
#2748 = ORIENTED_EDGE('',*,*,#1533,.F.);
#2749 = ORIENTED_EDGE('',*,*,#1065,.F.);
#2750 = PLANE('',#2751);
#2751 = AXIS2_PLACEMENT_3D('',#2752,#2753,#2754);
#2752 = CARTESIAN_POINT('',(-6.811847744945,-10.,-7.23));
#2753 = DIRECTION('',(0.,0.,1.));
#2754 = DIRECTION('',(-1.,0.,0.));
#2755 = ADVANCED_FACE('',(#2756),#2774,.F.);
#2756 = FACE_BOUND('',#2757,.F.);
#2757 = EDGE_LOOP('',(#2758,#2766,#2772,#2773));
#2758 = ORIENTED_EDGE('',*,*,#2759,.F.);
#2759 = EDGE_CURVE('',#2760,#1541,#2762,.T.);
#2760 = VERTEX_POINT('',#2761);
#2761 = CARTESIAN_POINT('',(-6.811847744945,-1.5,-6.63));
#2762 = LINE('',#2763,#2764);
#2763 = CARTESIAN_POINT('',(-6.811847744945,-10.,-6.63));
#2764 = VECTOR('',#2765,1.);
#2765 = DIRECTION('',(0.,1.,0.));
#2766 = ORIENTED_EDGE('',*,*,#2767,.T.);
#2767 = EDGE_CURVE('',#2760,#1040,#2768,.T.);
#2768 = LINE('',#2769,#2770);
#2769 = CARTESIAN_POINT('',(-4.560624410852,-1.5,-6.63));
#2770 = VECTOR('',#2771,1.);
#2771 = DIRECTION('',(-1.,0.,0.));
#2772 = ORIENTED_EDGE('',*,*,#1048,.T.);
#2773 = ORIENTED_EDGE('',*,*,#1540,.F.);
#2774 = PLANE('',#2775);
#2775 = AXIS2_PLACEMENT_3D('',#2776,#2777,#2778);
#2776 = CARTESIAN_POINT('',(-9.121248821703,-10.,-6.63));
#2777 = DIRECTION('',(0.,0.,-1.));
#2778 = DIRECTION('',(1.,0.,0.));
#2779 = ADVANCED_FACE('',(#2780),#2798,.F.);
#2780 = FACE_BOUND('',#2781,.F.);
#2781 = EDGE_LOOP('',(#2782,#2790,#2796,#2797));
#2782 = ORIENTED_EDGE('',*,*,#2783,.T.);
#2783 = EDGE_CURVE('',#1032,#2784,#2786,.T.);
#2784 = VERTEX_POINT('',#2785);
#2785 = CARTESIAN_POINT('',(-9.121248821703,-1.5,-2.63));
#2786 = LINE('',#2787,#2788);
#2787 = CARTESIAN_POINT('',(-7.411681016002,-1.5,0.331058298459));
#2788 = VECTOR('',#2789,1.);
#2789 = DIRECTION('',(0.5,0.,0.866025403784));
#2790 = ORIENTED_EDGE('',*,*,#2791,.T.);
#2791 = EDGE_CURVE('',#2784,#1565,#2792,.T.);
#2792 = LINE('',#2793,#2794);
#2793 = CARTESIAN_POINT('',(-9.121248821703,-10.,-2.63));
#2794 = VECTOR('',#2795,1.);
#2795 = DIRECTION('',(0.,1.,0.));
#2796 = ORIENTED_EDGE('',*,*,#1572,.F.);
#2797 = ORIENTED_EDGE('',*,*,#1031,.F.);
#2798 = PLANE('',#2799);
#2799 = AXIS2_PLACEMENT_3D('',#2800,#2801,#2802);
#2800 = CARTESIAN_POINT('',(-9.121248821703,-10.,-2.63));
#2801 = DIRECTION('',(-0.866025403784,0.,0.5));
#2802 = DIRECTION('',(-0.5,-1.9E-16,-0.866025403784));
#2803 = ADVANCED_FACE('',(#2804),#2822,.F.);
#2804 = FACE_BOUND('',#2805,.F.);
#2805 = EDGE_LOOP('',(#2806,#2814,#2820,#2821));
#2806 = ORIENTED_EDGE('',*,*,#2807,.F.);
#2807 = EDGE_CURVE('',#2808,#1580,#2810,.T.);
#2808 = VERTEX_POINT('',#2809);
#2809 = CARTESIAN_POINT('',(-9.640864063974,-1.5,-2.33));
#2810 = LINE('',#2811,#2812);
#2811 = CARTESIAN_POINT('',(-9.640864063974,-10.,-2.33));
#2812 = VECTOR('',#2813,1.);
#2813 = DIRECTION('',(0.,1.,0.));
#2814 = ORIENTED_EDGE('',*,*,#2815,.T.);
#2815 = EDGE_CURVE('',#2808,#1006,#2816,.T.);
#2816 = LINE('',#2817,#2818);
#2817 = CARTESIAN_POINT('',(-8.508646527463,-1.5,-0.368941701541));
#2818 = VECTOR('',#2819,1.);
#2819 = DIRECTION('',(-0.5,0.,-0.866025403784));
#2820 = ORIENTED_EDGE('',*,*,#1014,.T.);
#2821 = ORIENTED_EDGE('',*,*,#1579,.F.);
#2822 = PLANE('',#2823);
#2823 = AXIS2_PLACEMENT_3D('',#2824,#2825,#2826);
#2824 = CARTESIAN_POINT('',(-10.79556460235,-10.,-4.33));
#2825 = DIRECTION('',(0.866025403784,0.,-0.5));
#2826 = DIRECTION('',(0.5,1.9E-16,0.866025403784));
#2827 = ADVANCED_FACE('',(#2828),#2839,.F.);
#2828 = FACE_BOUND('',#2829,.F.);
#2829 = EDGE_LOOP('',(#2830,#2836,#2837,#2838));
#2830 = ORIENTED_EDGE('',*,*,#2831,.T.);
#2831 = EDGE_CURVE('',#998,#2808,#2832,.T.);
#2832 = LINE('',#2833,#2834);
#2833 = CARTESIAN_POINT('',(-8.940215853682,-1.5,-3.543558298459));
#2834 = VECTOR('',#2835,1.);
#2835 = DIRECTION('',(0.5,0.,-0.866025403784));
#2836 = ORIENTED_EDGE('',*,*,#2807,.T.);
#2837 = ORIENTED_EDGE('',*,*,#1587,.F.);
#2838 = ORIENTED_EDGE('',*,*,#997,.F.);
#2839 = PLANE('',#2840);
#2840 = AXIS2_PLACEMENT_3D('',#2841,#2842,#2843);
#2841 = CARTESIAN_POINT('',(-9.640864063974,-10.,-2.33));
#2842 = DIRECTION('',(0.866025403784,0.,0.5));
#2843 = DIRECTION('',(-0.5,1.9E-16,0.866025403784));
#2844 = ADVANCED_FACE('',(#2845),#2863,.F.);
#2845 = FACE_BOUND('',#2846,.F.);
#2846 = EDGE_LOOP('',(#2847,#2855,#2861,#2862));
#2847 = ORIENTED_EDGE('',*,*,#2848,.F.);
#2848 = EDGE_CURVE('',#2849,#1595,#2851,.T.);
#2849 = VERTEX_POINT('',#2850);
#2850 = CARTESIAN_POINT('',(-9.640864063974,-1.5,2.27));
#2851 = LINE('',#2852,#2853);
#2852 = CARTESIAN_POINT('',(-9.640864063974,-10.,2.27));
#2853 = VECTOR('',#2854,1.);
#2854 = DIRECTION('',(0.,1.,0.));
#2855 = ORIENTED_EDGE('',*,*,#2856,.T.);
#2856 = EDGE_CURVE('',#2849,#972,#2857,.T.);
#2857 = LINE('',#2858,#2859);
#2858 = CARTESIAN_POINT('',(-9.504575741815,-1.5,2.506058298459));
#2859 = VECTOR('',#2860,1.);
#2860 = DIRECTION('',(-0.5,0.,-0.866025403784));
#2861 = ORIENTED_EDGE('',*,*,#980,.T.);
#2862 = ORIENTED_EDGE('',*,*,#1594,.F.);
#2863 = PLANE('',#2864);
#2864 = AXIS2_PLACEMENT_3D('',#2865,#2866,#2867);
#2865 = CARTESIAN_POINT('',(-10.79556460235,-10.,0.27));
#2866 = DIRECTION('',(0.866025403784,0.,-0.5));
#2867 = DIRECTION('',(0.5,1.9E-16,0.866025403784));
#2868 = ADVANCED_FACE('',(#2869),#2880,.F.);
#2869 = FACE_BOUND('',#2870,.F.);
#2870 = EDGE_LOOP('',(#2871,#2877,#2878,#2879));
#2871 = ORIENTED_EDGE('',*,*,#2872,.T.);
#2872 = EDGE_CURVE('',#964,#2849,#2873,.T.);
#2873 = LINE('',#2874,#2875);
#2874 = CARTESIAN_POINT('',(-7.94428663933,-1.5,-0.668558298459));
#2875 = VECTOR('',#2876,1.);
#2876 = DIRECTION('',(0.5,0.,-0.866025403784));
#2877 = ORIENTED_EDGE('',*,*,#2848,.T.);
#2878 = ORIENTED_EDGE('',*,*,#1602,.F.);
#2879 = ORIENTED_EDGE('',*,*,#963,.F.);
#2880 = PLANE('',#2881);
#2881 = AXIS2_PLACEMENT_3D('',#2882,#2883,#2884);
#2882 = CARTESIAN_POINT('',(-9.640864063974,-10.,2.27));
#2883 = DIRECTION('',(0.866025403784,0.,0.5));
#2884 = DIRECTION('',(-0.5,1.9E-16,0.866025403784));
#2885 = ADVANCED_FACE('',(#2886),#2904,.F.);
#2886 = FACE_BOUND('',#2887,.F.);
#2887 = EDGE_LOOP('',(#2888,#2896,#2902,#2903));
#2888 = ORIENTED_EDGE('',*,*,#2889,.F.);
#2889 = EDGE_CURVE('',#2890,#1610,#2892,.T.);
#2890 = VERTEX_POINT('',#2891);
#2891 = CARTESIAN_POINT('',(-9.121248821703,-1.5,2.57));
#2892 = LINE('',#2893,#2894);
#2893 = CARTESIAN_POINT('',(-9.121248821703,-10.,2.57));
#2894 = VECTOR('',#2895,1.);
#2895 = DIRECTION('',(0.,1.,0.));
#2896 = ORIENTED_EDGE('',*,*,#2897,.T.);
#2897 = EDGE_CURVE('',#2890,#938,#2898,.T.);
#2898 = LINE('',#2899,#2900);
#2899 = CARTESIAN_POINT('',(-8.002021666249,-1.5,0.631441701541));
#2900 = VECTOR('',#2901,1.);
#2901 = DIRECTION('',(-0.5,0.,0.866025403784));
#2902 = ORIENTED_EDGE('',*,*,#946,.T.);
#2903 = ORIENTED_EDGE('',*,*,#1609,.F.);
#2904 = PLANE('',#2905);
#2905 = AXIS2_PLACEMENT_3D('',#2906,#2907,#2908);
#2906 = CARTESIAN_POINT('',(-10.27594936008,-10.,4.57));
#2907 = DIRECTION('',(-0.866025403784,0.,-0.5));
#2908 = DIRECTION('',(0.5,-1.9E-16,-0.866025403784));
#2909 = ADVANCED_FACE('',(#2910),#2928,.F.);
#2910 = FACE_BOUND('',#2911,.F.);
#2911 = EDGE_LOOP('',(#2912,#2920,#2926,#2927));
#2912 = ORIENTED_EDGE('',*,*,#2913,.T.);
#2913 = EDGE_CURVE('',#930,#2914,#2916,.T.);
#2914 = VERTEX_POINT('',#2915);
#2915 = CARTESIAN_POINT('',(-6.811847744945,-1.5,6.57));
#2916 = LINE('',#2917,#2918);
#2917 = CARTESIAN_POINT('',(-3.405923872472,-1.5,6.57));
#2918 = VECTOR('',#2919,1.);
#2919 = DIRECTION('',(1.,0.,0.));
#2920 = ORIENTED_EDGE('',*,*,#2921,.T.);
#2921 = EDGE_CURVE('',#2914,#1634,#2922,.T.);
#2922 = LINE('',#2923,#2924);
#2923 = CARTESIAN_POINT('',(-6.811847744945,-10.,6.57));
#2924 = VECTOR('',#2925,1.);
#2925 = DIRECTION('',(0.,1.,0.));
#2926 = ORIENTED_EDGE('',*,*,#1641,.F.);
#2927 = ORIENTED_EDGE('',*,*,#929,.F.);
#2928 = PLANE('',#2929);
#2929 = AXIS2_PLACEMENT_3D('',#2930,#2931,#2932);
#2930 = CARTESIAN_POINT('',(-6.811847744945,-10.,6.57));
#2931 = DIRECTION('',(0.,0.,1.));
#2932 = DIRECTION('',(-1.,0.,0.));
#2933 = ADVANCED_FACE('',(#2934),#2952,.F.);
#2934 = FACE_BOUND('',#2935,.F.);
#2935 = EDGE_LOOP('',(#2936,#2944,#2950,#2951));
#2936 = ORIENTED_EDGE('',*,*,#2937,.F.);
#2937 = EDGE_CURVE('',#2938,#1649,#2940,.T.);
#2938 = VERTEX_POINT('',#2939);
#2939 = CARTESIAN_POINT('',(-6.811847744945,-1.5,7.17));
#2940 = LINE('',#2941,#2942);
#2941 = CARTESIAN_POINT('',(-6.811847744945,-10.,7.17));
#2942 = VECTOR('',#2943,1.);
#2943 = DIRECTION('',(0.,1.,0.));
#2944 = ORIENTED_EDGE('',*,*,#2945,.T.);
#2945 = EDGE_CURVE('',#2938,#904,#2946,.T.);
#2946 = LINE('',#2947,#2948);
#2947 = CARTESIAN_POINT('',(-4.560624410852,-1.5,7.17));
#2948 = VECTOR('',#2949,1.);
#2949 = DIRECTION('',(-1.,0.,0.));
#2950 = ORIENTED_EDGE('',*,*,#912,.T.);
#2951 = ORIENTED_EDGE('',*,*,#1648,.F.);
#2952 = PLANE('',#2953);
#2953 = AXIS2_PLACEMENT_3D('',#2954,#2955,#2956);
#2954 = CARTESIAN_POINT('',(-9.121248821703,-10.,7.17));
#2955 = DIRECTION('',(0.,0.,-1.));
#2956 = DIRECTION('',(1.,0.,0.));
#2957 = ADVANCED_FACE('',(#2958),#2969,.F.);
#2958 = FACE_BOUND('',#2959,.F.);
#2959 = EDGE_LOOP('',(#2960,#2966,#2967,#2968));
#2960 = ORIENTED_EDGE('',*,*,#2961,.T.);
#2961 = EDGE_CURVE('',#896,#2938,#2962,.T.);
#2962 = LINE('',#2963,#2964);
#2963 = CARTESIAN_POINT('',(-7.51271731311,-1.5,5.956058298459));
#2964 = VECTOR('',#2965,1.);
#2965 = DIRECTION('',(-0.5,0.,-0.866025403784));
#2966 = ORIENTED_EDGE('',*,*,#2937,.T.);
#2967 = ORIENTED_EDGE('',*,*,#1656,.F.);
#2968 = ORIENTED_EDGE('',*,*,#895,.F.);
#2969 = PLANE('',#2970);
#2970 = AXIS2_PLACEMENT_3D('',#2971,#2972,#2973);
#2971 = CARTESIAN_POINT('',(-6.811847744945,-10.,7.17));
#2972 = DIRECTION('',(0.866025403784,0.,-0.5));
#2973 = DIRECTION('',(0.5,1.9E-16,0.866025403784));
#2974 = ADVANCED_FACE('',(#2975),#2993,.F.);
#2975 = FACE_BOUND('',#2976,.F.);
#2976 = EDGE_LOOP('',(#2977,#2985,#2991,#2992));
#2977 = ORIENTED_EDGE('',*,*,#2978,.F.);
#2978 = EDGE_CURVE('',#2979,#1664,#2981,.T.);
#2979 = VERTEX_POINT('',#2980);
#2980 = CARTESIAN_POINT('',(-2.828130887537,-1.5,9.47));
#2981 = LINE('',#2982,#2983);
#2982 = CARTESIAN_POINT('',(-2.828130887537,-10.,9.47));
#2983 = VECTOR('',#2984,1.);
#2984 = DIRECTION('',(0.,1.,0.));
#2985 = ORIENTED_EDGE('',*,*,#2986,.T.);
#2986 = EDGE_CURVE('',#2979,#870,#2987,.T.);
#2987 = LINE('',#2988,#2989);
#2988 = CARTESIAN_POINT('',(-2.568765982148,-1.5,9.47));
#2989 = VECTOR('',#2990,1.);
#2990 = DIRECTION('',(-1.,0.,0.));
#2991 = ORIENTED_EDGE('',*,*,#878,.T.);
#2992 = ORIENTED_EDGE('',*,*,#1663,.F.);
#2993 = PLANE('',#2994);
#2994 = AXIS2_PLACEMENT_3D('',#2995,#2996,#2997);
#2995 = CARTESIAN_POINT('',(-5.137531964295,-10.,9.47));
#2996 = DIRECTION('',(0.,0.,-1.));
#2997 = DIRECTION('',(1.,0.,0.));
#2998 = ADVANCED_FACE('',(#2999),#3010,.F.);
#2999 = FACE_BOUND('',#3000,.F.);
#3000 = EDGE_LOOP('',(#3001,#3007,#3008,#3009));
#3001 = ORIENTED_EDGE('',*,*,#3002,.T.);
#3002 = EDGE_CURVE('',#862,#2979,#3003,.T.);
#3003 = LINE('',#3004,#3005);
#3004 = CARTESIAN_POINT('',(-4.524929670054,-1.5,6.531058298459));
#3005 = VECTOR('',#3006,1.);
#3006 = DIRECTION('',(-0.5,0.,-0.866025403784));
#3007 = ORIENTED_EDGE('',*,*,#2978,.T.);
#3008 = ORIENTED_EDGE('',*,*,#1671,.F.);
#3009 = ORIENTED_EDGE('',*,*,#861,.F.);
#3010 = PLANE('',#3011);
#3011 = AXIS2_PLACEMENT_3D('',#3012,#3013,#3014);
#3012 = CARTESIAN_POINT('',(-2.828130887537,-10.,9.47));
#3013 = DIRECTION('',(0.866025403784,0.,-0.5));
#3014 = DIRECTION('',(0.5,1.9E-16,0.866025403784));
#3015 = ADVANCED_FACE('',(#3016),#3034,.F.);
#3016 = FACE_BOUND('',#3017,.F.);
#3017 = EDGE_LOOP('',(#3018,#3026,#3032,#3033));
#3018 = ORIENTED_EDGE('',*,*,#3019,.F.);
#3019 = EDGE_CURVE('',#3020,#1679,#3022,.T.);
#3020 = VERTEX_POINT('',#3021);
#3021 = CARTESIAN_POINT('',(-2.308515645266,-1.5,9.17));
#3022 = LINE('',#3023,#3024);
#3023 = CARTESIAN_POINT('',(-2.308515645266,-10.,9.17));
#3024 = VECTOR('',#3025,1.);
#3025 = DIRECTION('',(0.,1.,0.));
#3026 = ORIENTED_EDGE('',*,*,#3027,.T.);
#3027 = EDGE_CURVE('',#3020,#836,#3028,.T.);
#3028 = LINE('',#3029,#3030);
#3029 = CARTESIAN_POINT('',(-3.427964158594,-1.5,7.231058298459));
#3030 = VECTOR('',#3031,1.);
#3031 = DIRECTION('',(0.5,0.,0.866025403784));
#3032 = ORIENTED_EDGE('',*,*,#844,.T.);
#3033 = ORIENTED_EDGE('',*,*,#1678,.F.);
#3034 = PLANE('',#3035);
#3035 = AXIS2_PLACEMENT_3D('',#3036,#3037,#3038);
#3036 = CARTESIAN_POINT('',(-1.153815106887,-10.,11.17));
#3037 = DIRECTION('',(-0.866025403784,0.,0.5));
#3038 = DIRECTION('',(-0.5,-1.9E-16,-0.866025403784));
#3039 = ADVANCED_FACE('',(#3040),#3058,.F.);
#3040 = FACE_BOUND('',#3041,.F.);
#3041 = EDGE_LOOP('',(#3042,#3050,#3056,#3057));
#3042 = ORIENTED_EDGE('',*,*,#3043,.T.);
#3043 = EDGE_CURVE('',#828,#3044,#3046,.T.);
#3044 = VERTEX_POINT('',#3045);
#3045 = CARTESIAN_POINT('',(2.310286508251,-1.5,9.17));
#3046 = LINE('',#3047,#3048);
#3047 = CARTESIAN_POINT('',(4.006863932896,-1.5,6.231441701541));
#3048 = VECTOR('',#3049,1.);
#3049 = DIRECTION('',(0.5,0.,-0.866025403784));
#3050 = ORIENTED_EDGE('',*,*,#3051,.T.);
#3051 = EDGE_CURVE('',#3044,#1703,#3052,.T.);
#3052 = LINE('',#3053,#3054);
#3053 = CARTESIAN_POINT('',(2.310286508251,-10.,9.17));
#3054 = VECTOR('',#3055,1.);
#3055 = DIRECTION('',(0.,1.,0.));
#3056 = ORIENTED_EDGE('',*,*,#1710,.F.);
#3057 = ORIENTED_EDGE('',*,*,#827,.F.);
#3058 = PLANE('',#3059);
#3059 = AXIS2_PLACEMENT_3D('',#3060,#3061,#3062);
#3060 = CARTESIAN_POINT('',(2.310286508251,-10.,9.17));
#3061 = DIRECTION('',(0.866025403784,0.,0.5));
#3062 = DIRECTION('',(-0.5,1.9E-16,0.866025403784));
#3063 = ADVANCED_FACE('',(#3064),#3082,.F.);
#3064 = FACE_BOUND('',#3065,.F.);
#3065 = EDGE_LOOP('',(#3066,#3074,#3080,#3081));
#3066 = ORIENTED_EDGE('',*,*,#3067,.F.);
#3067 = EDGE_CURVE('',#3068,#1718,#3070,.T.);
#3068 = VERTEX_POINT('',#3069);
#3069 = CARTESIAN_POINT('',(2.829901750522,-1.5,9.47));
#3070 = LINE('',#3071,#3072);
#3071 = CARTESIAN_POINT('',(2.829901750522,-10.,9.47));
#3072 = VECTOR('',#3073,1.);
#3073 = DIRECTION('',(0.,1.,0.));
#3074 = ORIENTED_EDGE('',*,*,#3075,.T.);
#3075 = EDGE_CURVE('',#3068,#802,#3076,.T.);
#3076 = LINE('',#3077,#3078);
#3077 = CARTESIAN_POINT('',(3.949128905977,-1.5,7.531441701541));
#3078 = VECTOR('',#3079,1.);
#3079 = DIRECTION('',(-0.5,0.,0.866025403784));
#3080 = ORIENTED_EDGE('',*,*,#810,.T.);
#3081 = ORIENTED_EDGE('',*,*,#1717,.F.);
#3082 = PLANE('',#3083);
#3083 = AXIS2_PLACEMENT_3D('',#3084,#3085,#3086);
#3084 = CARTESIAN_POINT('',(1.675201212143,-10.,11.47));
#3085 = DIRECTION('',(-0.866025403784,0.,-0.5));
#3086 = DIRECTION('',(0.5,-1.9E-16,-0.866025403784));
#3087 = ADVANCED_FACE('',(#3088),#3099,.F.);
#3088 = FACE_BOUND('',#3089,.F.);
#3089 = EDGE_LOOP('',(#3090,#3096,#3097,#3098));
#3090 = ORIENTED_EDGE('',*,*,#3091,.T.);
#3091 = EDGE_CURVE('',#794,#3068,#3092,.T.);
#3092 = LINE('',#3093,#3094);
#3093 = CARTESIAN_POINT('',(1.414950875261,-1.5,9.47));
#3094 = VECTOR('',#3095,1.);
#3095 = DIRECTION('',(-1.,0.,0.));
#3096 = ORIENTED_EDGE('',*,*,#3067,.T.);
#3097 = ORIENTED_EDGE('',*,*,#1725,.F.);
#3098 = ORIENTED_EDGE('',*,*,#793,.F.);
#3099 = PLANE('',#3100);
#3100 = AXIS2_PLACEMENT_3D('',#3101,#3102,#3103);
#3101 = CARTESIAN_POINT('',(2.829901750522,-10.,9.47));
#3102 = DIRECTION('',(0.,0.,-1.));
#3103 = DIRECTION('',(1.,0.,0.));
#3104 = ADVANCED_FACE('',(#3105),#3123,.F.);
#3105 = FACE_BOUND('',#3106,.F.);
#3106 = EDGE_LOOP('',(#3107,#3115,#3121,#3122));
#3107 = ORIENTED_EDGE('',*,*,#3108,.F.);
#3108 = EDGE_CURVE('',#3109,#1733,#3111,.T.);
#3109 = VERTEX_POINT('',#3110);
#3110 = CARTESIAN_POINT('',(6.81361860793,-1.5,7.17));
#3111 = LINE('',#3112,#3113);
#3112 = CARTESIAN_POINT('',(6.81361860793,-10.,7.17));
#3113 = VECTOR('',#3114,1.);
#3114 = DIRECTION('',(0.,1.,0.));
#3115 = ORIENTED_EDGE('',*,*,#3116,.T.);
#3116 = EDGE_CURVE('',#3109,#768,#3117,.T.);
#3117 = LINE('',#3118,#3119);
#3118 = CARTESIAN_POINT('',(6.936916549033,-1.5,6.956441701541));
#3119 = VECTOR('',#3120,1.);
#3120 = DIRECTION('',(-0.5,0.,0.866025403784));
#3121 = ORIENTED_EDGE('',*,*,#776,.T.);
#3122 = ORIENTED_EDGE('',*,*,#1732,.F.);
#3123 = PLANE('',#3124);
#3124 = AXIS2_PLACEMENT_3D('',#3125,#3126,#3127);
#3125 = CARTESIAN_POINT('',(5.658918069551,-10.,9.17));
#3126 = DIRECTION('',(-0.866025403784,0.,-0.5));
#3127 = DIRECTION('',(0.5,-1.9E-16,-0.866025403784));
#3128 = ADVANCED_FACE('',(#3129),#3140,.F.);
#3129 = FACE_BOUND('',#3130,.F.);
#3130 = EDGE_LOOP('',(#3131,#3137,#3138,#3139));
#3131 = ORIENTED_EDGE('',*,*,#3132,.T.);
#3132 = EDGE_CURVE('',#760,#3109,#3133,.T.);
#3133 = LINE('',#3134,#3135);
#3134 = CARTESIAN_POINT('',(3.406809303965,-1.5,7.17));
#3135 = VECTOR('',#3136,1.);
#3136 = DIRECTION('',(-1.,0.,0.));
#3137 = ORIENTED_EDGE('',*,*,#3108,.T.);
#3138 = ORIENTED_EDGE('',*,*,#1740,.F.);
#3139 = ORIENTED_EDGE('',*,*,#759,.F.);
#3140 = PLANE('',#3141);
#3141 = AXIS2_PLACEMENT_3D('',#3142,#3143,#3144);
#3142 = CARTESIAN_POINT('',(6.81361860793,-10.,7.17));
#3143 = DIRECTION('',(0.,0.,-1.));
#3144 = DIRECTION('',(1.,0.,0.));
#3145 = ADVANCED_FACE('',(#3146),#3164,.F.);
#3146 = FACE_BOUND('',#3147,.F.);
#3147 = EDGE_LOOP('',(#3148,#3156,#3162,#3163));
#3148 = ORIENTED_EDGE('',*,*,#3149,.F.);
#3149 = EDGE_CURVE('',#3150,#1748,#3152,.T.);
#3150 = VERTEX_POINT('',#3151);
#3151 = CARTESIAN_POINT('',(6.81361860793,-1.5,6.57));
#3152 = LINE('',#3153,#3154);
#3153 = CARTESIAN_POINT('',(6.81361860793,-10.,6.57));
#3154 = VECTOR('',#3155,1.);
#3155 = DIRECTION('',(0.,1.,0.));
#3156 = ORIENTED_EDGE('',*,*,#3157,.T.);
#3157 = EDGE_CURVE('',#3150,#734,#3158,.T.);
#3158 = LINE('',#3159,#3160);
#3159 = CARTESIAN_POINT('',(4.561509842344,-1.5,6.57));
#3160 = VECTOR('',#3161,1.);
#3161 = DIRECTION('',(1.,0.,0.));
#3162 = ORIENTED_EDGE('',*,*,#742,.T.);
#3163 = ORIENTED_EDGE('',*,*,#1747,.F.);
#3164 = PLANE('',#3165);
#3165 = AXIS2_PLACEMENT_3D('',#3166,#3167,#3168);
#3166 = CARTESIAN_POINT('',(9.123019684689,-10.,6.57));
#3167 = DIRECTION('',(0.,0.,1.));
#3168 = DIRECTION('',(-1.,0.,0.));
#3169 = ADVANCED_FACE('',(#3170),#3188,.F.);
#3170 = FACE_BOUND('',#3171,.F.);
#3171 = EDGE_LOOP('',(#3172,#3180,#3186,#3187));
#3172 = ORIENTED_EDGE('',*,*,#3173,.T.);
#3173 = EDGE_CURVE('',#726,#3174,#3176,.T.);
#3174 = VERTEX_POINT('',#3175);
#3175 = CARTESIAN_POINT('',(9.123019684689,-1.5,2.57));
#3176 = LINE('',#3177,#3178);
#3177 = CARTESIAN_POINT('',(7.426220902171,-1.5,-0.368941701541));
#3178 = VECTOR('',#3179,1.);
#3179 = DIRECTION('',(-0.5,0.,-0.866025403784));
#3180 = ORIENTED_EDGE('',*,*,#3181,.T.);
#3181 = EDGE_CURVE('',#3174,#1772,#3182,.T.);
#3182 = LINE('',#3183,#3184);
#3183 = CARTESIAN_POINT('',(9.123019684689,-10.,2.57));
#3184 = VECTOR('',#3185,1.);
#3185 = DIRECTION('',(0.,1.,0.));
#3186 = ORIENTED_EDGE('',*,*,#1779,.F.);
#3187 = ORIENTED_EDGE('',*,*,#725,.F.);
#3188 = PLANE('',#3189);
#3189 = AXIS2_PLACEMENT_3D('',#3190,#3191,#3192);
#3190 = CARTESIAN_POINT('',(9.123019684689,-10.,2.57));
#3191 = DIRECTION('',(0.866025403784,0.,-0.5));
#3192 = DIRECTION('',(0.5,1.9E-16,0.866025403784));
#3193 = ADVANCED_FACE('',(#3194),#3212,.F.);
#3194 = FACE_BOUND('',#3195,.F.);
#3195 = EDGE_LOOP('',(#3196,#3204,#3210,#3211));
#3196 = ORIENTED_EDGE('',*,*,#3197,.F.);
#3197 = EDGE_CURVE('',#3198,#1787,#3200,.T.);
#3198 = VERTEX_POINT('',#3199);
#3199 = CARTESIAN_POINT('',(9.642634926959,-1.5,2.27));
#3200 = LINE('',#3201,#3202);
#3201 = CARTESIAN_POINT('',(9.642634926959,-10.,2.27));
#3202 = VECTOR('',#3203,1.);
#3203 = DIRECTION('',(0.,1.,0.));
#3204 = ORIENTED_EDGE('',*,*,#3205,.T.);
#3205 = EDGE_CURVE('',#3198,#700,#3206,.T.);
#3206 = LINE('',#3207,#3208);
#3207 = CARTESIAN_POINT('',(8.523186413631,-1.5,0.331058298459));
#3208 = VECTOR('',#3209,1.);
#3209 = DIRECTION('',(0.5,0.,0.866025403784));
#3210 = ORIENTED_EDGE('',*,*,#708,.T.);
#3211 = ORIENTED_EDGE('',*,*,#1786,.F.);
#3212 = PLANE('',#3213);
#3213 = AXIS2_PLACEMENT_3D('',#3214,#3215,#3216);
#3214 = CARTESIAN_POINT('',(10.797335465339,-10.,4.27));
#3215 = DIRECTION('',(-0.866025403784,0.,0.5));
#3216 = DIRECTION('',(-0.5,-1.9E-16,-0.866025403784));
#3217 = ADVANCED_FACE('',(#3218),#3229,.F.);
#3218 = FACE_BOUND('',#3219,.F.);
#3219 = EDGE_LOOP('',(#3220,#3226,#3227,#3228));
#3220 = ORIENTED_EDGE('',*,*,#3221,.T.);
#3221 = EDGE_CURVE('',#692,#3198,#3222,.T.);
#3222 = LINE('',#3223,#3224);
#3223 = CARTESIAN_POINT('',(8.928774977737,-1.5,3.506441701541));
#3224 = VECTOR('',#3225,1.);
#3225 = DIRECTION('',(-0.5,0.,0.866025403784));
#3226 = ORIENTED_EDGE('',*,*,#3197,.T.);
#3227 = ORIENTED_EDGE('',*,*,#1794,.F.);
#3228 = ORIENTED_EDGE('',*,*,#691,.F.);
#3229 = PLANE('',#3230);
#3230 = AXIS2_PLACEMENT_3D('',#3231,#3232,#3233);
#3231 = CARTESIAN_POINT('',(9.642634926959,-10.,2.27));
#3232 = DIRECTION('',(-0.866025403784,0.,-0.5));
#3233 = DIRECTION('',(0.5,-1.9E-16,-0.866025403784));
#3234 = ADVANCED_FACE('',(#3235),#3253,.F.);
#3235 = FACE_BOUND('',#3236,.F.);
#3236 = EDGE_LOOP('',(#3237,#3245,#3251,#3252));
#3237 = ORIENTED_EDGE('',*,*,#3238,.T.);
#3238 = EDGE_CURVE('',#3174,#3239,#3241,.T.);
#3239 = VERTEX_POINT('',#3240);
#3240 = CARTESIAN_POINT('',(6.81361860793,-1.5,2.57));
#3241 = LINE('',#3242,#3243);
#3242 = CARTESIAN_POINT('',(3.406809303965,-1.5,2.57));
#3243 = VECTOR('',#3244,1.);
#3244 = DIRECTION('',(-1.,0.,0.));
#3245 = ORIENTED_EDGE('',*,*,#3246,.T.);
#3246 = EDGE_CURVE('',#3239,#1764,#3247,.T.);
#3247 = LINE('',#3248,#3249);
#3248 = CARTESIAN_POINT('',(6.81361860793,-10.,2.57));
#3249 = VECTOR('',#3250,1.);
#3250 = DIRECTION('',(0.,1.,0.));
#3251 = ORIENTED_EDGE('',*,*,#1771,.F.);
#3252 = ORIENTED_EDGE('',*,*,#3181,.F.);
#3253 = PLANE('',#3254);
#3254 = AXIS2_PLACEMENT_3D('',#3255,#3256,#3257);
#3255 = CARTESIAN_POINT('',(6.81361860793,-10.,2.57));
#3256 = DIRECTION('',(0.,0.,-1.));
#3257 = DIRECTION('',(1.,0.,0.));
#3258 = ADVANCED_FACE('',(#3259),#3277,.F.);
#3259 = FACE_BOUND('',#3260,.F.);
#3260 = EDGE_LOOP('',(#3261,#3269,#3275,#3276));
#3261 = ORIENTED_EDGE('',*,*,#3262,.T.);
#3262 = EDGE_CURVE('',#3239,#3263,#3265,.T.);
#3263 = VERTEX_POINT('',#3264);
#3264 = CARTESIAN_POINT('',(5.658918069551,-1.5,4.57));
#3265 = LINE('',#3266,#3267);
#3266 = CARTESIAN_POINT('',(5.940987334681,-1.5,4.081441701541));
#3267 = VECTOR('',#3268,1.);
#3268 = DIRECTION('',(-0.5,0.,0.866025403784));
#3269 = ORIENTED_EDGE('',*,*,#3270,.T.);
#3270 = EDGE_CURVE('',#3263,#1756,#3271,.T.);
#3271 = LINE('',#3272,#3273);
#3272 = CARTESIAN_POINT('',(5.658918069551,-10.,4.57));
#3273 = VECTOR('',#3274,1.);
#3274 = DIRECTION('',(0.,1.,0.));
#3275 = ORIENTED_EDGE('',*,*,#1763,.F.);
#3276 = ORIENTED_EDGE('',*,*,#3246,.F.);
#3277 = PLANE('',#3278);
#3278 = AXIS2_PLACEMENT_3D('',#3279,#3280,#3281);
#3279 = CARTESIAN_POINT('',(5.658918069551,-10.,4.57));
#3280 = DIRECTION('',(-0.866025403784,0.,-0.5));
#3281 = DIRECTION('',(0.5,-1.9E-16,-0.866025403784));
#3282 = ADVANCED_FACE('',(#3283),#3294,.F.);
#3283 = FACE_BOUND('',#3284,.F.);
#3284 = EDGE_LOOP('',(#3285,#3291,#3292,#3293));
#3285 = ORIENTED_EDGE('',*,*,#3286,.T.);
#3286 = EDGE_CURVE('',#3263,#3150,#3287,.T.);
#3287 = LINE('',#3288,#3289);
#3288 = CARTESIAN_POINT('',(4.539469556223,-1.5,2.631058298459));
#3289 = VECTOR('',#3290,1.);
#3290 = DIRECTION('',(0.5,0.,0.866025403784));
#3291 = ORIENTED_EDGE('',*,*,#3149,.T.);
#3292 = ORIENTED_EDGE('',*,*,#1755,.F.);
#3293 = ORIENTED_EDGE('',*,*,#3270,.F.);
#3294 = PLANE('',#3295);
#3295 = AXIS2_PLACEMENT_3D('',#3296,#3297,#3298);
#3296 = CARTESIAN_POINT('',(6.81361860793,-10.,6.57));
#3297 = DIRECTION('',(-0.866025403784,0.,0.5));
#3298 = DIRECTION('',(-0.5,-1.9E-16,-0.866025403784));
#3299 = ADVANCED_FACE('',(#3300),#3318,.F.);
#3300 = FACE_BOUND('',#3301,.F.);
#3301 = EDGE_LOOP('',(#3302,#3310,#3316,#3317));
#3302 = ORIENTED_EDGE('',*,*,#3303,.T.);
#3303 = EDGE_CURVE('',#3044,#3304,#3306,.T.);
#3304 = VERTEX_POINT('',#3305);
#3305 = CARTESIAN_POINT('',(1.155585969872,-1.5,7.17));
#3306 = LINE('',#3307,#3308);
#3307 = CARTESIAN_POINT('',(-0.541212812646,-1.5,4.231058298459));
#3308 = VECTOR('',#3309,1.);
#3309 = DIRECTION('',(-0.5,0.,-0.866025403784));
#3310 = ORIENTED_EDGE('',*,*,#3311,.T.);
#3311 = EDGE_CURVE('',#3304,#1695,#3312,.T.);
#3312 = LINE('',#3313,#3314);
#3313 = CARTESIAN_POINT('',(1.155585969872,-10.,7.17));
#3314 = VECTOR('',#3315,1.);
#3315 = DIRECTION('',(0.,1.,0.));
#3316 = ORIENTED_EDGE('',*,*,#1702,.F.);
#3317 = ORIENTED_EDGE('',*,*,#3051,.F.);
#3318 = PLANE('',#3319);
#3319 = AXIS2_PLACEMENT_3D('',#3320,#3321,#3322);
#3320 = CARTESIAN_POINT('',(1.155585969872,-10.,7.17));
#3321 = DIRECTION('',(0.866025403784,0.,-0.5));
#3322 = DIRECTION('',(0.5,1.9E-16,0.866025403784));
#3323 = ADVANCED_FACE('',(#3324),#3342,.F.);
#3324 = FACE_BOUND('',#3325,.F.);
#3325 = EDGE_LOOP('',(#3326,#3334,#3340,#3341));
#3326 = ORIENTED_EDGE('',*,*,#3327,.T.);
#3327 = EDGE_CURVE('',#3304,#3328,#3330,.T.);
#3328 = VERTEX_POINT('',#3329);
#3329 = CARTESIAN_POINT('',(-1.153815106887,-1.5,7.17));
#3330 = LINE('',#3331,#3332);
#3331 = CARTESIAN_POINT('',(-0.576907553443,-1.5,7.17));
#3332 = VECTOR('',#3333,1.);
#3333 = DIRECTION('',(-1.,0.,0.));
#3334 = ORIENTED_EDGE('',*,*,#3335,.T.);
#3335 = EDGE_CURVE('',#3328,#1687,#3336,.T.);
#3336 = LINE('',#3337,#3338);
#3337 = CARTESIAN_POINT('',(-1.153815106887,-10.,7.17));
#3338 = VECTOR('',#3339,1.);
#3339 = DIRECTION('',(0.,1.,0.));
#3340 = ORIENTED_EDGE('',*,*,#1694,.F.);
#3341 = ORIENTED_EDGE('',*,*,#3311,.F.);
#3342 = PLANE('',#3343);
#3343 = AXIS2_PLACEMENT_3D('',#3344,#3345,#3346);
#3344 = CARTESIAN_POINT('',(-1.153815106887,-10.,7.17));
#3345 = DIRECTION('',(0.,0.,-1.));
#3346 = DIRECTION('',(1.,0.,0.));
#3347 = ADVANCED_FACE('',(#3348),#3359,.F.);
#3348 = FACE_BOUND('',#3349,.F.);
#3349 = EDGE_LOOP('',(#3350,#3356,#3357,#3358));
#3350 = ORIENTED_EDGE('',*,*,#3351,.T.);
#3351 = EDGE_CURVE('',#3328,#3020,#3352,.T.);
#3352 = LINE('',#3353,#3354);
#3353 = CARTESIAN_POINT('',(-3.458795143184E-02,-1.5,5.231441701541));
#3354 = VECTOR('',#3355,1.);
#3355 = DIRECTION('',(-0.5,0.,0.866025403784));
#3356 = ORIENTED_EDGE('',*,*,#3019,.T.);
#3357 = ORIENTED_EDGE('',*,*,#1686,.F.);
#3358 = ORIENTED_EDGE('',*,*,#3335,.F.);
#3359 = PLANE('',#3360);
#3360 = AXIS2_PLACEMENT_3D('',#3361,#3362,#3363);
#3361 = CARTESIAN_POINT('',(-2.308515645266,-10.,9.17));
#3362 = DIRECTION('',(-0.866025403784,0.,-0.5));
#3363 = DIRECTION('',(0.5,-1.9E-16,-0.866025403784));
#3364 = ADVANCED_FACE('',(#3365),#3383,.F.);
#3365 = FACE_BOUND('',#3366,.F.);
#3366 = EDGE_LOOP('',(#3367,#3375,#3381,#3382));
#3367 = ORIENTED_EDGE('',*,*,#3368,.T.);
#3368 = EDGE_CURVE('',#2914,#3369,#3371,.T.);
#3369 = VERTEX_POINT('',#3370);
#3370 = CARTESIAN_POINT('',(-5.657147206566,-1.5,4.57));
#3371 = LINE('',#3372,#3373);
#3372 = CARTESIAN_POINT('',(-3.960569781921,-1.5,1.631441701541));
#3373 = VECTOR('',#3374,1.);
#3374 = DIRECTION('',(0.5,0.,-0.866025403784));
#3375 = ORIENTED_EDGE('',*,*,#3376,.T.);
#3376 = EDGE_CURVE('',#3369,#1626,#3377,.T.);
#3377 = LINE('',#3378,#3379);
#3378 = CARTESIAN_POINT('',(-5.657147206566,-10.,4.57));
#3379 = VECTOR('',#3380,1.);
#3380 = DIRECTION('',(0.,1.,0.));
#3381 = ORIENTED_EDGE('',*,*,#1633,.F.);
#3382 = ORIENTED_EDGE('',*,*,#2921,.F.);
#3383 = PLANE('',#3384);
#3384 = AXIS2_PLACEMENT_3D('',#3385,#3386,#3387);
#3385 = CARTESIAN_POINT('',(-5.657147206566,-10.,4.57));
#3386 = DIRECTION('',(0.866025403784,0.,0.5));
#3387 = DIRECTION('',(-0.5,1.9E-16,0.866025403784));
#3388 = ADVANCED_FACE('',(#3389),#3407,.F.);
#3389 = FACE_BOUND('',#3390,.F.);
#3390 = EDGE_LOOP('',(#3391,#3399,#3405,#3406));
#3391 = ORIENTED_EDGE('',*,*,#3392,.T.);
#3392 = EDGE_CURVE('',#3369,#3393,#3395,.T.);
#3393 = VERTEX_POINT('',#3394);
#3394 = CARTESIAN_POINT('',(-6.811847744945,-1.5,2.57));
#3395 = LINE('',#3396,#3397);
#3396 = CARTESIAN_POINT('',(-6.516788098758,-1.5,3.081058298459));
#3397 = VECTOR('',#3398,1.);
#3398 = DIRECTION('',(-0.5,0.,-0.866025403784));
#3399 = ORIENTED_EDGE('',*,*,#3400,.T.);
#3400 = EDGE_CURVE('',#3393,#1618,#3401,.T.);
#3401 = LINE('',#3402,#3403);
#3402 = CARTESIAN_POINT('',(-6.811847744945,-10.,2.57));
#3403 = VECTOR('',#3404,1.);
#3404 = DIRECTION('',(0.,1.,0.));
#3405 = ORIENTED_EDGE('',*,*,#1625,.F.);
#3406 = ORIENTED_EDGE('',*,*,#3376,.F.);
#3407 = PLANE('',#3408);
#3408 = AXIS2_PLACEMENT_3D('',#3409,#3410,#3411);
#3409 = CARTESIAN_POINT('',(-6.811847744945,-10.,2.57));
#3410 = DIRECTION('',(0.866025403784,0.,-0.5));
#3411 = DIRECTION('',(0.5,1.9E-16,0.866025403784));
#3412 = ADVANCED_FACE('',(#3413),#3424,.F.);
#3413 = FACE_BOUND('',#3414,.F.);
#3414 = EDGE_LOOP('',(#3415,#3421,#3422,#3423));
#3415 = ORIENTED_EDGE('',*,*,#3416,.T.);
#3416 = EDGE_CURVE('',#3393,#2890,#3417,.T.);
#3417 = LINE('',#3418,#3419);
#3418 = CARTESIAN_POINT('',(-4.560624410852,-1.5,2.57));
#3419 = VECTOR('',#3420,1.);
#3420 = DIRECTION('',(-1.,0.,0.));
#3421 = ORIENTED_EDGE('',*,*,#2889,.T.);
#3422 = ORIENTED_EDGE('',*,*,#1617,.F.);
#3423 = ORIENTED_EDGE('',*,*,#3400,.F.);
#3424 = PLANE('',#3425);
#3425 = AXIS2_PLACEMENT_3D('',#3426,#3427,#3428);
#3426 = CARTESIAN_POINT('',(-9.121248821703,-10.,2.57));
#3427 = DIRECTION('',(0.,0.,-1.));
#3428 = DIRECTION('',(1.,0.,0.));
#3429 = ADVANCED_FACE('',(#3430),#3448,.F.);
#3430 = FACE_BOUND('',#3431,.F.);
#3431 = EDGE_LOOP('',(#3432,#3440,#3446,#3447));
#3432 = ORIENTED_EDGE('',*,*,#3433,.T.);
#3433 = EDGE_CURVE('',#2784,#3434,#3436,.T.);
#3434 = VERTEX_POINT('',#3435);
#3435 = CARTESIAN_POINT('',(-6.811847744945,-1.5,-2.63));
#3436 = LINE('',#3437,#3438);
#3437 = CARTESIAN_POINT('',(-3.405923872472,-1.5,-2.63));
#3438 = VECTOR('',#3439,1.);
#3439 = DIRECTION('',(1.,0.,0.));
#3440 = ORIENTED_EDGE('',*,*,#3441,.T.);
#3441 = EDGE_CURVE('',#3434,#1557,#3442,.T.);
#3442 = LINE('',#3443,#3444);
#3443 = CARTESIAN_POINT('',(-6.811847744945,-10.,-2.63));
#3444 = VECTOR('',#3445,1.);
#3445 = DIRECTION('',(0.,1.,0.));
#3446 = ORIENTED_EDGE('',*,*,#1564,.F.);
#3447 = ORIENTED_EDGE('',*,*,#2791,.F.);
#3448 = PLANE('',#3449);
#3449 = AXIS2_PLACEMENT_3D('',#3450,#3451,#3452);
#3450 = CARTESIAN_POINT('',(-6.811847744945,-10.,-2.63));
#3451 = DIRECTION('',(0.,0.,1.));
#3452 = DIRECTION('',(-1.,0.,0.));
#3453 = ADVANCED_FACE('',(#3454),#3472,.F.);
#3454 = FACE_BOUND('',#3455,.F.);
#3455 = EDGE_LOOP('',(#3456,#3464,#3470,#3471));
#3456 = ORIENTED_EDGE('',*,*,#3457,.T.);
#3457 = EDGE_CURVE('',#3434,#3458,#3460,.T.);
#3458 = VERTEX_POINT('',#3459);
#3459 = CARTESIAN_POINT('',(-5.657147206566,-1.5,-4.63));
#3460 = LINE('',#3461,#3462);
#3461 = CARTESIAN_POINT('',(-5.952428210626,-1.5,-4.118558298459));
#3462 = VECTOR('',#3463,1.);
#3463 = DIRECTION('',(0.5,0.,-0.866025403784));
#3464 = ORIENTED_EDGE('',*,*,#3465,.T.);
#3465 = EDGE_CURVE('',#3458,#1549,#3466,.T.);
#3466 = LINE('',#3467,#3468);
#3467 = CARTESIAN_POINT('',(-5.657147206566,-10.,-4.63));
#3468 = VECTOR('',#3469,1.);
#3469 = DIRECTION('',(0.,1.,0.));
#3470 = ORIENTED_EDGE('',*,*,#1556,.F.);
#3471 = ORIENTED_EDGE('',*,*,#3441,.F.);
#3472 = PLANE('',#3473);
#3473 = AXIS2_PLACEMENT_3D('',#3474,#3475,#3476);
#3474 = CARTESIAN_POINT('',(-5.657147206566,-10.,-4.63));
#3475 = DIRECTION('',(0.866025403784,0.,0.5));
#3476 = DIRECTION('',(-0.5,1.9E-16,0.866025403784));
#3477 = ADVANCED_FACE('',(#3478),#3489,.F.);
#3478 = FACE_BOUND('',#3479,.F.);
#3479 = EDGE_LOOP('',(#3480,#3486,#3487,#3488));
#3480 = ORIENTED_EDGE('',*,*,#3481,.T.);
#3481 = EDGE_CURVE('',#3458,#2760,#3482,.T.);
#3482 = LINE('',#3483,#3484);
#3483 = CARTESIAN_POINT('',(-4.524929670054,-1.5,-2.668941701541));
#3484 = VECTOR('',#3485,1.);
#3485 = DIRECTION('',(-0.5,0.,-0.866025403784));
#3486 = ORIENTED_EDGE('',*,*,#2759,.T.);
#3487 = ORIENTED_EDGE('',*,*,#1548,.F.);
#3488 = ORIENTED_EDGE('',*,*,#3465,.F.);
#3489 = PLANE('',#3490);
#3490 = AXIS2_PLACEMENT_3D('',#3491,#3492,#3493);
#3491 = CARTESIAN_POINT('',(-6.811847744945,-10.,-6.63));
#3492 = DIRECTION('',(0.866025403784,0.,-0.5));
#3493 = DIRECTION('',(0.5,1.9E-16,0.866025403784));
#3494 = ADVANCED_FACE('',(#3495),#3513,.F.);
#3495 = FACE_BOUND('',#3496,.F.);
#3496 = EDGE_LOOP('',(#3497,#3505,#3511,#3512));
#3497 = ORIENTED_EDGE('',*,*,#3498,.T.);
#3498 = EDGE_CURVE('',#2654,#3499,#3501,.T.);
#3499 = VERTEX_POINT('',#3500);
#3500 = CARTESIAN_POINT('',(-1.153815106887,-1.5,-7.23));
#3501 = LINE('',#3502,#3503);
#3502 = CARTESIAN_POINT('',(0.555752698815,-1.5,-4.268941701541));
#3503 = VECTOR('',#3504,1.);
#3504 = DIRECTION('',(0.5,0.,0.866025403784));
#3505 = ORIENTED_EDGE('',*,*,#3506,.T.);
#3506 = EDGE_CURVE('',#3499,#1488,#3507,.T.);
#3507 = LINE('',#3508,#3509);
#3508 = CARTESIAN_POINT('',(-1.153815106887,-10.,-7.23));
#3509 = VECTOR('',#3510,1.);
#3510 = DIRECTION('',(0.,1.,0.));
#3511 = ORIENTED_EDGE('',*,*,#1495,.F.);
#3512 = ORIENTED_EDGE('',*,*,#2661,.F.);
#3513 = PLANE('',#3514);
#3514 = AXIS2_PLACEMENT_3D('',#3515,#3516,#3517);
#3515 = CARTESIAN_POINT('',(-1.153815106887,-10.,-7.23));
#3516 = DIRECTION('',(-0.866025403784,0.,0.5));
#3517 = DIRECTION('',(-0.5,-1.9E-16,-0.866025403784));
#3518 = ADVANCED_FACE('',(#3519),#3537,.F.);
#3519 = FACE_BOUND('',#3520,.F.);
#3520 = EDGE_LOOP('',(#3521,#3529,#3535,#3536));
#3521 = ORIENTED_EDGE('',*,*,#3522,.T.);
#3522 = EDGE_CURVE('',#3499,#3523,#3525,.T.);
#3523 = VERTEX_POINT('',#3524);
#3524 = CARTESIAN_POINT('',(1.155585969872,-1.5,-7.23));
#3525 = LINE('',#3526,#3527);
#3526 = CARTESIAN_POINT('',(0.577792984936,-1.5,-7.23));
#3527 = VECTOR('',#3528,1.);
#3528 = DIRECTION('',(1.,0.,0.));
#3529 = ORIENTED_EDGE('',*,*,#3530,.T.);
#3530 = EDGE_CURVE('',#3523,#1480,#3531,.T.);
#3531 = LINE('',#3532,#3533);
#3532 = CARTESIAN_POINT('',(1.155585969872,-10.,-7.23));
#3533 = VECTOR('',#3534,1.);
#3534 = DIRECTION('',(0.,1.,0.));
#3535 = ORIENTED_EDGE('',*,*,#1487,.F.);
#3536 = ORIENTED_EDGE('',*,*,#3506,.F.);
#3537 = PLANE('',#3538);
#3538 = AXIS2_PLACEMENT_3D('',#3539,#3540,#3541);
#3539 = CARTESIAN_POINT('',(1.155585969872,-10.,-7.23));
#3540 = DIRECTION('',(0.,0.,1.));
#3541 = DIRECTION('',(-1.,0.,0.));
#3542 = ADVANCED_FACE('',(#3543),#3554,.F.);
#3543 = FACE_BOUND('',#3544,.F.);
#3544 = EDGE_LOOP('',(#3545,#3551,#3552,#3553));
#3545 = ORIENTED_EDGE('',*,*,#3546,.T.);
#3546 = EDGE_CURVE('',#3523,#2630,#3547,.T.);
#3547 = LINE('',#3548,#3549);
#3548 = CARTESIAN_POINT('',(2.314707548712E-02,-1.5,-5.268558298459));
#3549 = VECTOR('',#3550,1.);
#3550 = DIRECTION('',(0.5,0.,-0.866025403784));
#3551 = ORIENTED_EDGE('',*,*,#2629,.T.);
#3552 = ORIENTED_EDGE('',*,*,#1479,.F.);
#3553 = ORIENTED_EDGE('',*,*,#3530,.F.);
#3554 = PLANE('',#3555);
#3555 = AXIS2_PLACEMENT_3D('',#3556,#3557,#3558);
#3556 = CARTESIAN_POINT('',(2.310286508251,-10.,-9.23));
#3557 = DIRECTION('',(0.866025403784,0.,0.5));
#3558 = DIRECTION('',(-0.5,1.9E-16,0.866025403784));
#3559 = ADVANCED_FACE('',(#3560),#3578,.F.);
#3560 = FACE_BOUND('',#3561,.F.);
#3561 = EDGE_LOOP('',(#3562,#3570,#3576,#3577));
#3562 = ORIENTED_EDGE('',*,*,#3563,.T.);
#3563 = EDGE_CURVE('',#2524,#3564,#3566,.T.);
#3564 = VERTEX_POINT('',#3565);
#3565 = CARTESIAN_POINT('',(5.658918069551,-1.5,-4.63));
#3566 = LINE('',#3567,#3568);
#3567 = CARTESIAN_POINT('',(3.949128905977,-1.5,-1.668558298459));
#3568 = VECTOR('',#3569,1.);
#3569 = DIRECTION('',(-0.5,0.,0.866025403784));
#3570 = ORIENTED_EDGE('',*,*,#3571,.T.);
#3571 = EDGE_CURVE('',#3564,#1419,#3572,.T.);
#3572 = LINE('',#3573,#3574);
#3573 = CARTESIAN_POINT('',(5.658918069551,-10.,-4.63));
#3574 = VECTOR('',#3575,1.);
#3575 = DIRECTION('',(0.,1.,0.));
#3576 = ORIENTED_EDGE('',*,*,#1426,.F.);
#3577 = ORIENTED_EDGE('',*,*,#2531,.F.);
#3578 = PLANE('',#3579);
#3579 = AXIS2_PLACEMENT_3D('',#3580,#3581,#3582);
#3580 = CARTESIAN_POINT('',(5.658918069551,-10.,-4.63));
#3581 = DIRECTION('',(-0.866025403784,0.,-0.5));
#3582 = DIRECTION('',(0.5,-1.9E-16,-0.866025403784));
#3583 = ADVANCED_FACE('',(#3584),#3602,.F.);
#3584 = FACE_BOUND('',#3585,.F.);
#3585 = EDGE_LOOP('',(#3586,#3594,#3600,#3601));
#3586 = ORIENTED_EDGE('',*,*,#3587,.T.);
#3587 = EDGE_CURVE('',#3564,#3588,#3590,.T.);
#3588 = VERTEX_POINT('',#3589);
#3589 = CARTESIAN_POINT('',(6.81361860793,-1.5,-2.63));
#3590 = LINE('',#3591,#3592);
#3591 = CARTESIAN_POINT('',(6.531327984927,-1.5,-3.118941701541));
#3592 = VECTOR('',#3593,1.);
#3593 = DIRECTION('',(0.5,0.,0.866025403784));
#3594 = ORIENTED_EDGE('',*,*,#3595,.T.);
#3595 = EDGE_CURVE('',#3588,#1411,#3596,.T.);
#3596 = LINE('',#3597,#3598);
#3597 = CARTESIAN_POINT('',(6.81361860793,-10.,-2.63));
#3598 = VECTOR('',#3599,1.);
#3599 = DIRECTION('',(0.,1.,0.));
#3600 = ORIENTED_EDGE('',*,*,#1418,.F.);
#3601 = ORIENTED_EDGE('',*,*,#3571,.F.);
#3602 = PLANE('',#3603);
#3603 = AXIS2_PLACEMENT_3D('',#3604,#3605,#3606);
#3604 = CARTESIAN_POINT('',(6.81361860793,-10.,-2.63));
#3605 = DIRECTION('',(-0.866025403784,0.,0.5));
#3606 = DIRECTION('',(-0.5,-1.9E-16,-0.866025403784));
#3607 = ADVANCED_FACE('',(#3608),#3619,.F.);
#3608 = FACE_BOUND('',#3609,.F.);
#3609 = EDGE_LOOP('',(#3610,#3616,#3617,#3618));
#3610 = ORIENTED_EDGE('',*,*,#3611,.T.);
#3611 = EDGE_CURVE('',#3588,#2500,#3612,.T.);
#3612 = LINE('',#3613,#3614);
#3613 = CARTESIAN_POINT('',(4.561509842344,-1.5,-2.63));
#3614 = VECTOR('',#3615,1.);
#3615 = DIRECTION('',(1.,0.,0.));
#3616 = ORIENTED_EDGE('',*,*,#2499,.T.);
#3617 = ORIENTED_EDGE('',*,*,#1410,.F.);
#3618 = ORIENTED_EDGE('',*,*,#3595,.F.);
#3619 = PLANE('',#3620);
#3620 = AXIS2_PLACEMENT_3D('',#3621,#3622,#3623);
#3621 = CARTESIAN_POINT('',(9.123019684689,-10.,-2.63));
#3622 = DIRECTION('',(0.,0.,1.));
#3623 = DIRECTION('',(-1.,0.,0.));
#3624 = ADVANCED_FACE('',(#3625),#3650,.F.);
#3625 = FACE_BOUND('',#3626,.F.);
#3626 = EDGE_LOOP('',(#3627,#3637,#3643,#3644));
#3627 = ORIENTED_EDGE('',*,*,#3628,.T.);
#3628 = EDGE_CURVE('',#3629,#3631,#3633,.T.);
#3629 = VERTEX_POINT('',#3630);
#3630 = CARTESIAN_POINT('',(-6.811847744945,-1.5,1.97));
#3631 = VERTEX_POINT('',#3632);
#3632 = CARTESIAN_POINT('',(-5.657147206566,-1.5,-3.E-02));
#3633 = LINE('',#3634,#3635);
#3634 = CARTESIAN_POINT('',(-4.956498996273,-1.5,-1.243558298459));
#3635 = VECTOR('',#3636,1.);
#3636 = DIRECTION('',(0.5,0.,-0.866025403784));
#3637 = ORIENTED_EDGE('',*,*,#3638,.T.);
#3638 = EDGE_CURVE('',#3631,#1955,#3639,.T.);
#3639 = LINE('',#3640,#3641);
#3640 = CARTESIAN_POINT('',(-5.657147206566,-10.,-3.E-02));
#3641 = VECTOR('',#3642,1.);
#3642 = DIRECTION('',(0.,1.,0.));
#3643 = ORIENTED_EDGE('',*,*,#1952,.F.);
#3644 = ORIENTED_EDGE('',*,*,#3645,.F.);
#3645 = EDGE_CURVE('',#3629,#1953,#3646,.T.);
#3646 = LINE('',#3647,#3648);
#3647 = CARTESIAN_POINT('',(-6.811847744945,-10.,1.97));
#3648 = VECTOR('',#3649,1.);
#3649 = DIRECTION('',(0.,1.,0.));
#3650 = PLANE('',#3651);
#3651 = AXIS2_PLACEMENT_3D('',#3652,#3653,#3654);
#3652 = CARTESIAN_POINT('',(-5.657147206566,-10.,-3.E-02));
#3653 = DIRECTION('',(0.866025403784,0.,0.5));
#3654 = DIRECTION('',(-0.5,1.9E-16,0.866025403784));
#3655 = ADVANCED_FACE('',(#3656),#3674,.F.);
#3656 = FACE_BOUND('',#3657,.F.);
#3657 = EDGE_LOOP('',(#3658,#3666,#3672,#3673));
#3658 = ORIENTED_EDGE('',*,*,#3659,.T.);
#3659 = EDGE_CURVE('',#3631,#3660,#3662,.T.);
#3660 = VERTEX_POINT('',#3661);
#3661 = CARTESIAN_POINT('',(-6.811847744945,-1.5,-2.03));
#3662 = LINE('',#3663,#3664);
#3663 = CARTESIAN_POINT('',(-5.520858884406,-1.5,0.206058298459));
#3664 = VECTOR('',#3665,1.);
#3665 = DIRECTION('',(-0.5,0.,-0.866025403784));
#3666 = ORIENTED_EDGE('',*,*,#3667,.T.);
#3667 = EDGE_CURVE('',#3660,#1987,#3668,.T.);
#3668 = LINE('',#3669,#3670);
#3669 = CARTESIAN_POINT('',(-6.811847744945,-10.,-2.03));
#3670 = VECTOR('',#3671,1.);
#3671 = DIRECTION('',(0.,1.,0.));
#3672 = ORIENTED_EDGE('',*,*,#1994,.F.);
#3673 = ORIENTED_EDGE('',*,*,#3638,.F.);
#3674 = PLANE('',#3675);
#3675 = AXIS2_PLACEMENT_3D('',#3676,#3677,#3678);
#3676 = CARTESIAN_POINT('',(-6.811847744945,-10.,-2.03));
#3677 = DIRECTION('',(0.866025403784,0.,-0.5));
#3678 = DIRECTION('',(0.5,1.9E-16,0.866025403784));
#3679 = ADVANCED_FACE('',(#3680),#3698,.F.);
#3680 = FACE_BOUND('',#3681,.F.);
#3681 = EDGE_LOOP('',(#3682,#3690,#3696,#3697));
#3682 = ORIENTED_EDGE('',*,*,#3683,.T.);
#3683 = EDGE_CURVE('',#3660,#3684,#3686,.T.);
#3684 = VERTEX_POINT('',#3685);
#3685 = CARTESIAN_POINT('',(-9.121248821703,-1.5,-2.03));
#3686 = LINE('',#3687,#3688);
#3687 = CARTESIAN_POINT('',(-4.560624410852,-1.5,-2.03));
#3688 = VECTOR('',#3689,1.);
#3689 = DIRECTION('',(-1.,0.,0.));
#3690 = ORIENTED_EDGE('',*,*,#3691,.T.);
#3691 = EDGE_CURVE('',#3684,#1979,#3692,.T.);
#3692 = LINE('',#3693,#3694);
#3693 = CARTESIAN_POINT('',(-9.121248821703,-10.,-2.03));
#3694 = VECTOR('',#3695,1.);
#3695 = DIRECTION('',(0.,1.,0.));
#3696 = ORIENTED_EDGE('',*,*,#1986,.F.);
#3697 = ORIENTED_EDGE('',*,*,#3667,.F.);
#3698 = PLANE('',#3699);
#3699 = AXIS2_PLACEMENT_3D('',#3700,#3701,#3702);
#3700 = CARTESIAN_POINT('',(-9.121248821703,-10.,-2.03));
#3701 = DIRECTION('',(0.,0.,-1.));
#3702 = DIRECTION('',(1.,0.,0.));
#3703 = ADVANCED_FACE('',(#3704),#3722,.F.);
#3704 = FACE_BOUND('',#3705,.F.);
#3705 = EDGE_LOOP('',(#3706,#3714,#3720,#3721));
#3706 = ORIENTED_EDGE('',*,*,#3707,.T.);
#3707 = EDGE_CURVE('',#3684,#3708,#3710,.T.);
#3708 = VERTEX_POINT('',#3709);
#3709 = CARTESIAN_POINT('',(-10.27594936008,-1.5,-3.E-02));
#3710 = LINE('',#3711,#3712);
#3711 = CARTESIAN_POINT('',(-8.997950880601,-1.5,-2.243558298459));
#3712 = VECTOR('',#3713,1.);
#3713 = DIRECTION('',(-0.5,0.,0.866025403784));
#3714 = ORIENTED_EDGE('',*,*,#3715,.T.);
#3715 = EDGE_CURVE('',#3708,#1971,#3716,.T.);
#3716 = LINE('',#3717,#3718);
#3717 = CARTESIAN_POINT('',(-10.27594936008,-10.,-3.E-02));
#3718 = VECTOR('',#3719,1.);
#3719 = DIRECTION('',(0.,1.,0.));
#3720 = ORIENTED_EDGE('',*,*,#1978,.F.);
#3721 = ORIENTED_EDGE('',*,*,#3691,.F.);
#3722 = PLANE('',#3723);
#3723 = AXIS2_PLACEMENT_3D('',#3724,#3725,#3726);
#3724 = CARTESIAN_POINT('',(-10.27594936008,-10.,-3.E-02));
#3725 = DIRECTION('',(-0.866025403784,0.,-0.5));
#3726 = DIRECTION('',(0.5,-1.9E-16,-0.866025403784));
#3727 = ADVANCED_FACE('',(#3728),#3746,.F.);
#3728 = FACE_BOUND('',#3729,.F.);
#3729 = EDGE_LOOP('',(#3730,#3738,#3744,#3745));
#3730 = ORIENTED_EDGE('',*,*,#3731,.T.);
#3731 = EDGE_CURVE('',#3708,#3732,#3734,.T.);
#3732 = VERTEX_POINT('',#3733);
#3733 = CARTESIAN_POINT('',(-9.121248821703,-1.5,1.97));
#3734 = LINE('',#3735,#3736);
#3735 = CARTESIAN_POINT('',(-8.407610230354,-1.5,3.206058298459));
#3736 = VECTOR('',#3737,1.);
#3737 = DIRECTION('',(0.5,0.,0.866025403784));
#3738 = ORIENTED_EDGE('',*,*,#3739,.T.);
#3739 = EDGE_CURVE('',#3732,#1963,#3740,.T.);
#3740 = LINE('',#3741,#3742);
#3741 = CARTESIAN_POINT('',(-9.121248821703,-10.,1.97));
#3742 = VECTOR('',#3743,1.);
#3743 = DIRECTION('',(0.,1.,0.));
#3744 = ORIENTED_EDGE('',*,*,#1970,.F.);
#3745 = ORIENTED_EDGE('',*,*,#3715,.F.);
#3746 = PLANE('',#3747);
#3747 = AXIS2_PLACEMENT_3D('',#3748,#3749,#3750);
#3748 = CARTESIAN_POINT('',(-9.121248821703,-10.,1.97));
#3749 = DIRECTION('',(-0.866025403784,0.,0.5));
#3750 = DIRECTION('',(-0.5,-1.9E-16,-0.866025403784));
#3751 = ADVANCED_FACE('',(#3752),#3763,.F.);
#3752 = FACE_BOUND('',#3753,.F.);
#3753 = EDGE_LOOP('',(#3754,#3760,#3761,#3762));
#3754 = ORIENTED_EDGE('',*,*,#3755,.T.);
#3755 = EDGE_CURVE('',#3732,#3629,#3756,.T.);
#3756 = LINE('',#3757,#3758);
#3757 = CARTESIAN_POINT('',(-3.405923872472,-1.5,1.97));
#3758 = VECTOR('',#3759,1.);
#3759 = DIRECTION('',(1.,0.,0.));
#3760 = ORIENTED_EDGE('',*,*,#3645,.T.);
#3761 = ORIENTED_EDGE('',*,*,#1962,.F.);
#3762 = ORIENTED_EDGE('',*,*,#3739,.F.);
#3763 = PLANE('',#3764);
#3764 = AXIS2_PLACEMENT_3D('',#3765,#3766,#3767);
#3765 = CARTESIAN_POINT('',(-6.811847744945,-10.,1.97));
#3766 = DIRECTION('',(0.,0.,1.));
#3767 = DIRECTION('',(-1.,0.,0.));
#3768 = ADVANCED_FACE('',(#3769),#3794,.F.);
#3769 = FACE_BOUND('',#3770,.F.);
#3770 = EDGE_LOOP('',(#3771,#3781,#3787,#3788));
#3771 = ORIENTED_EDGE('',*,*,#3772,.T.);
#3772 = EDGE_CURVE('',#3773,#3775,#3777,.T.);
#3773 = VERTEX_POINT('',#3774);
#3774 = CARTESIAN_POINT('',(-2.828130887537,-1.5,-4.93));
#3775 = VERTEX_POINT('',#3776);
#3776 = CARTESIAN_POINT('',(-1.673430349157,-1.5,-6.93));
#3777 = LINE('',#3778,#3779);
#3778 = CARTESIAN_POINT('',(-2.964640567569,-1.5,-4.693558298459));
#3779 = VECTOR('',#3780,1.);
#3780 = DIRECTION('',(0.5,0.,-0.866025403784));
#3781 = ORIENTED_EDGE('',*,*,#3782,.T.);
#3782 = EDGE_CURVE('',#3775,#1805,#3783,.T.);
#3783 = LINE('',#3784,#3785);
#3784 = CARTESIAN_POINT('',(-1.673430349157,-10.,-6.93));
#3785 = VECTOR('',#3786,1.);
#3786 = DIRECTION('',(0.,1.,0.));
#3787 = ORIENTED_EDGE('',*,*,#1802,.F.);
#3788 = ORIENTED_EDGE('',*,*,#3789,.F.);
#3789 = EDGE_CURVE('',#3773,#1803,#3790,.T.);
#3790 = LINE('',#3791,#3792);
#3791 = CARTESIAN_POINT('',(-2.828130887537,-10.,-4.93));
#3792 = VECTOR('',#3793,1.);
#3793 = DIRECTION('',(0.,1.,0.));
#3794 = PLANE('',#3795);
#3795 = AXIS2_PLACEMENT_3D('',#3796,#3797,#3798);
#3796 = CARTESIAN_POINT('',(-1.673430349157,-10.,-6.93));
#3797 = DIRECTION('',(0.866025403784,0.,0.5));
#3798 = DIRECTION('',(-0.5,1.9E-16,0.866025403784));
#3799 = ADVANCED_FACE('',(#3800),#3818,.F.);
#3800 = FACE_BOUND('',#3801,.F.);
#3801 = EDGE_LOOP('',(#3802,#3810,#3816,#3817));
#3802 = ORIENTED_EDGE('',*,*,#3803,.T.);
#3803 = EDGE_CURVE('',#3775,#3804,#3806,.T.);
#3804 = VERTEX_POINT('',#3805);
#3805 = CARTESIAN_POINT('',(-2.828130887537,-1.5,-8.93));
#3806 = LINE('',#3807,#3808);
#3807 = CARTESIAN_POINT('',(-0.541212812646,-1.5,-4.968941701541));
#3808 = VECTOR('',#3809,1.);
#3809 = DIRECTION('',(-0.5,0.,-0.866025403784));
#3810 = ORIENTED_EDGE('',*,*,#3811,.T.);
#3811 = EDGE_CURVE('',#3804,#1837,#3812,.T.);
#3812 = LINE('',#3813,#3814);
#3813 = CARTESIAN_POINT('',(-2.828130887537,-10.,-8.93));
#3814 = VECTOR('',#3815,1.);
#3815 = DIRECTION('',(0.,1.,0.));
#3816 = ORIENTED_EDGE('',*,*,#1844,.F.);
#3817 = ORIENTED_EDGE('',*,*,#3782,.F.);
#3818 = PLANE('',#3819);
#3819 = AXIS2_PLACEMENT_3D('',#3820,#3821,#3822);
#3820 = CARTESIAN_POINT('',(-2.828130887537,-10.,-8.93));
#3821 = DIRECTION('',(0.866025403784,0.,-0.5));
#3822 = DIRECTION('',(0.5,1.9E-16,0.866025403784));
#3823 = ADVANCED_FACE('',(#3824),#3842,.F.);
#3824 = FACE_BOUND('',#3825,.F.);
#3825 = EDGE_LOOP('',(#3826,#3834,#3840,#3841));
#3826 = ORIENTED_EDGE('',*,*,#3827,.T.);
#3827 = EDGE_CURVE('',#3804,#3828,#3830,.T.);
#3828 = VERTEX_POINT('',#3829);
#3829 = CARTESIAN_POINT('',(-5.137531964295,-1.5,-8.93));
#3830 = LINE('',#3831,#3832);
#3831 = CARTESIAN_POINT('',(-2.568765982148,-1.5,-8.93));
#3832 = VECTOR('',#3833,1.);
#3833 = DIRECTION('',(-1.,0.,0.));
#3834 = ORIENTED_EDGE('',*,*,#3835,.T.);
#3835 = EDGE_CURVE('',#3828,#1829,#3836,.T.);
#3836 = LINE('',#3837,#3838);
#3837 = CARTESIAN_POINT('',(-5.137531964295,-10.,-8.93));
#3838 = VECTOR('',#3839,1.);
#3839 = DIRECTION('',(0.,1.,0.));
#3840 = ORIENTED_EDGE('',*,*,#1836,.F.);
#3841 = ORIENTED_EDGE('',*,*,#3811,.F.);
#3842 = PLANE('',#3843);
#3843 = AXIS2_PLACEMENT_3D('',#3844,#3845,#3846);
#3844 = CARTESIAN_POINT('',(-5.137531964295,-10.,-8.93));
#3845 = DIRECTION('',(0.,0.,-1.));
#3846 = DIRECTION('',(1.,0.,0.));
#3847 = ADVANCED_FACE('',(#3848),#3866,.F.);
#3848 = FACE_BOUND('',#3849,.F.);
#3849 = EDGE_LOOP('',(#3850,#3858,#3864,#3865));
#3850 = ORIENTED_EDGE('',*,*,#3851,.T.);
#3851 = EDGE_CURVE('',#3828,#3852,#3854,.T.);
#3852 = VERTEX_POINT('',#3853);
#3853 = CARTESIAN_POINT('',(-6.292232502674,-1.5,-6.93));
#3854 = LINE('',#3855,#3856);
#3855 = CARTESIAN_POINT('',(-7.006092451897,-1.5,-5.693558298459));
#3856 = VECTOR('',#3857,1.);
#3857 = DIRECTION('',(-0.5,0.,0.866025403784));
#3858 = ORIENTED_EDGE('',*,*,#3859,.T.);
#3859 = EDGE_CURVE('',#3852,#1821,#3860,.T.);
#3860 = LINE('',#3861,#3862);
#3861 = CARTESIAN_POINT('',(-6.292232502674,-10.,-6.93));
#3862 = VECTOR('',#3863,1.);
#3863 = DIRECTION('',(0.,1.,0.));
#3864 = ORIENTED_EDGE('',*,*,#1828,.F.);
#3865 = ORIENTED_EDGE('',*,*,#3835,.F.);
#3866 = PLANE('',#3867);
#3867 = AXIS2_PLACEMENT_3D('',#3868,#3869,#3870);
#3868 = CARTESIAN_POINT('',(-6.292232502674,-10.,-6.93));
#3869 = DIRECTION('',(-0.866025403784,0.,-0.5));
#3870 = DIRECTION('',(0.5,-1.9E-16,-0.866025403784));
#3871 = ADVANCED_FACE('',(#3872),#3890,.F.);
#3872 = FACE_BOUND('',#3873,.F.);
#3873 = EDGE_LOOP('',(#3874,#3882,#3888,#3889));
#3874 = ORIENTED_EDGE('',*,*,#3875,.T.);
#3875 = EDGE_CURVE('',#3852,#3876,#3878,.T.);
#3876 = VERTEX_POINT('',#3877);
#3877 = CARTESIAN_POINT('',(-5.137531964295,-1.5,-4.93));
#3878 = LINE('',#3879,#3880);
#3879 = CARTESIAN_POINT('',(-3.427964158594,-1.5,-1.968941701541));
#3880 = VECTOR('',#3881,1.);
#3881 = DIRECTION('',(0.5,0.,0.866025403784));
#3882 = ORIENTED_EDGE('',*,*,#3883,.T.);
#3883 = EDGE_CURVE('',#3876,#1813,#3884,.T.);
#3884 = LINE('',#3885,#3886);
#3885 = CARTESIAN_POINT('',(-5.137531964295,-10.,-4.93));
#3886 = VECTOR('',#3887,1.);
#3887 = DIRECTION('',(0.,1.,0.));
#3888 = ORIENTED_EDGE('',*,*,#1820,.F.);
#3889 = ORIENTED_EDGE('',*,*,#3859,.F.);
#3890 = PLANE('',#3891);
#3891 = AXIS2_PLACEMENT_3D('',#3892,#3893,#3894);
#3892 = CARTESIAN_POINT('',(-5.137531964295,-10.,-4.93));
#3893 = DIRECTION('',(-0.866025403784,0.,0.5));
#3894 = DIRECTION('',(-0.5,-1.9E-16,-0.866025403784));
#3895 = ADVANCED_FACE('',(#3896),#3907,.F.);
#3896 = FACE_BOUND('',#3897,.F.);
#3897 = EDGE_LOOP('',(#3898,#3904,#3905,#3906));
#3898 = ORIENTED_EDGE('',*,*,#3899,.T.);
#3899 = EDGE_CURVE('',#3876,#3773,#3900,.T.);
#3900 = LINE('',#3901,#3902);
#3901 = CARTESIAN_POINT('',(-1.414065443768,-1.5,-4.93));
#3902 = VECTOR('',#3903,1.);
#3903 = DIRECTION('',(1.,0.,0.));
#3904 = ORIENTED_EDGE('',*,*,#3789,.T.);
#3905 = ORIENTED_EDGE('',*,*,#1812,.F.);
#3906 = ORIENTED_EDGE('',*,*,#3883,.F.);
#3907 = PLANE('',#3908);
#3908 = AXIS2_PLACEMENT_3D('',#3909,#3910,#3911);
#3909 = CARTESIAN_POINT('',(-2.828130887537,-10.,-4.93));
#3910 = DIRECTION('',(0.,0.,1.));
#3911 = DIRECTION('',(-1.,0.,0.));
#3912 = ADVANCED_FACE('',(#3913),#3938,.F.);
#3913 = FACE_BOUND('',#3914,.F.);
#3914 = EDGE_LOOP('',(#3915,#3925,#3931,#3932));
#3915 = ORIENTED_EDGE('',*,*,#3916,.T.);
#3916 = EDGE_CURVE('',#3917,#3919,#3921,.T.);
#3917 = VERTEX_POINT('',#3918);
#3918 = CARTESIAN_POINT('',(1.155585969872,-1.5,-2.63));
#3919 = VERTEX_POINT('',#3920);
#3920 = CARTESIAN_POINT('',(2.310286508251,-1.5,-4.63));
#3921 = LINE('',#3922,#3923);
#3922 = CARTESIAN_POINT('',(1.019076289839,-1.5,-2.393558298459));
#3923 = VECTOR('',#3924,1.);
#3924 = DIRECTION('',(0.5,0.,-0.866025403784));
#3925 = ORIENTED_EDGE('',*,*,#3926,.T.);
#3926 = EDGE_CURVE('',#3919,#1855,#3927,.T.);
#3927 = LINE('',#3928,#3929);
#3928 = CARTESIAN_POINT('',(2.310286508251,-10.,-4.63));
#3929 = VECTOR('',#3930,1.);
#3930 = DIRECTION('',(0.,1.,0.));
#3931 = ORIENTED_EDGE('',*,*,#1852,.F.);
#3932 = ORIENTED_EDGE('',*,*,#3933,.F.);
#3933 = EDGE_CURVE('',#3917,#1853,#3934,.T.);
#3934 = LINE('',#3935,#3936);
#3935 = CARTESIAN_POINT('',(1.155585969872,-10.,-2.63));
#3936 = VECTOR('',#3937,1.);
#3937 = DIRECTION('',(0.,1.,0.));
#3938 = PLANE('',#3939);
#3939 = AXIS2_PLACEMENT_3D('',#3940,#3941,#3942);
#3940 = CARTESIAN_POINT('',(2.310286508251,-10.,-4.63));
#3941 = DIRECTION('',(0.866025403784,0.,0.5));
#3942 = DIRECTION('',(-0.5,1.9E-16,0.866025403784));
#3943 = ADVANCED_FACE('',(#3944),#3962,.F.);
#3944 = FACE_BOUND('',#3945,.F.);
#3945 = EDGE_LOOP('',(#3946,#3954,#3960,#3961));
#3946 = ORIENTED_EDGE('',*,*,#3947,.T.);
#3947 = EDGE_CURVE('',#3919,#3948,#3950,.T.);
#3948 = VERTEX_POINT('',#3949);
#3949 = CARTESIAN_POINT('',(1.155585969872,-1.5,-6.63));
#3950 = LINE('',#3951,#3952);
#3951 = CARTESIAN_POINT('',(2.446574830411,-1.5,-4.393941701541));
#3952 = VECTOR('',#3953,1.);
#3953 = DIRECTION('',(-0.5,0.,-0.866025403784));
#3954 = ORIENTED_EDGE('',*,*,#3955,.T.);
#3955 = EDGE_CURVE('',#3948,#1887,#3956,.T.);
#3956 = LINE('',#3957,#3958);
#3957 = CARTESIAN_POINT('',(1.155585969872,-10.,-6.63));
#3958 = VECTOR('',#3959,1.);
#3959 = DIRECTION('',(0.,1.,0.));
#3960 = ORIENTED_EDGE('',*,*,#1894,.F.);
#3961 = ORIENTED_EDGE('',*,*,#3926,.F.);
#3962 = PLANE('',#3963);
#3963 = AXIS2_PLACEMENT_3D('',#3964,#3965,#3966);
#3964 = CARTESIAN_POINT('',(1.155585969872,-10.,-6.63));
#3965 = DIRECTION('',(0.866025403784,0.,-0.5));
#3966 = DIRECTION('',(0.5,1.9E-16,0.866025403784));
#3967 = ADVANCED_FACE('',(#3968),#3986,.F.);
#3968 = FACE_BOUND('',#3969,.F.);
#3969 = EDGE_LOOP('',(#3970,#3978,#3984,#3985));
#3970 = ORIENTED_EDGE('',*,*,#3971,.T.);
#3971 = EDGE_CURVE('',#3948,#3972,#3974,.T.);
#3972 = VERTEX_POINT('',#3973);
#3973 = CARTESIAN_POINT('',(-1.153815106887,-1.5,-6.63));
#3974 = LINE('',#3975,#3976);
#3975 = CARTESIAN_POINT('',(-0.576907553443,-1.5,-6.63));
#3976 = VECTOR('',#3977,1.);
#3977 = DIRECTION('',(-1.,0.,0.));
#3978 = ORIENTED_EDGE('',*,*,#3979,.T.);
#3979 = EDGE_CURVE('',#3972,#1879,#3980,.T.);
#3980 = LINE('',#3981,#3982);
#3981 = CARTESIAN_POINT('',(-1.153815106887,-10.,-6.63));
#3982 = VECTOR('',#3983,1.);
#3983 = DIRECTION('',(0.,1.,0.));
#3984 = ORIENTED_EDGE('',*,*,#1886,.F.);
#3985 = ORIENTED_EDGE('',*,*,#3955,.F.);
#3986 = PLANE('',#3987);
#3987 = AXIS2_PLACEMENT_3D('',#3988,#3989,#3990);
#3988 = CARTESIAN_POINT('',(-1.153815106887,-10.,-6.63));
#3989 = DIRECTION('',(0.,0.,-1.));
#3990 = DIRECTION('',(1.,0.,0.));
#3991 = ADVANCED_FACE('',(#3992),#4010,.F.);
#3992 = FACE_BOUND('',#3993,.F.);
#3993 = EDGE_LOOP('',(#3994,#4002,#4008,#4009));
#3994 = ORIENTED_EDGE('',*,*,#3995,.T.);
#3995 = EDGE_CURVE('',#3972,#3996,#3998,.T.);
#3996 = VERTEX_POINT('',#3997);
#3997 = CARTESIAN_POINT('',(-2.308515645266,-1.5,-4.63));
#3998 = LINE('',#3999,#4000);
#3999 = CARTESIAN_POINT('',(-3.022375594488,-1.5,-3.393558298459));
#4000 = VECTOR('',#4001,1.);
#4001 = DIRECTION('',(-0.5,0.,0.866025403784));
#4002 = ORIENTED_EDGE('',*,*,#4003,.T.);
#4003 = EDGE_CURVE('',#3996,#1871,#4004,.T.);
#4004 = LINE('',#4005,#4006);
#4005 = CARTESIAN_POINT('',(-2.308515645266,-10.,-4.63));
#4006 = VECTOR('',#4007,1.);
#4007 = DIRECTION('',(0.,1.,0.));
#4008 = ORIENTED_EDGE('',*,*,#1878,.F.);
#4009 = ORIENTED_EDGE('',*,*,#3979,.F.);
#4010 = PLANE('',#4011);
#4011 = AXIS2_PLACEMENT_3D('',#4012,#4013,#4014);
#4012 = CARTESIAN_POINT('',(-2.308515645266,-10.,-4.63));
#4013 = DIRECTION('',(-0.866025403784,0.,-0.5));
#4014 = DIRECTION('',(0.5,-1.9E-16,-0.866025403784));
#4015 = ADVANCED_FACE('',(#4016),#4034,.F.);
#4016 = FACE_BOUND('',#4017,.F.);
#4017 = EDGE_LOOP('',(#4018,#4026,#4032,#4033));
#4018 = ORIENTED_EDGE('',*,*,#4019,.T.);
#4019 = EDGE_CURVE('',#3996,#4020,#4022,.T.);
#4020 = VERTEX_POINT('',#4021);
#4021 = CARTESIAN_POINT('',(-1.153815106887,-1.5,-2.63));
#4022 = LINE('',#4023,#4024);
#4023 = CARTESIAN_POINT('',(-0.440176515538,-1.5,-1.393941701541));
#4024 = VECTOR('',#4025,1.);
#4025 = DIRECTION('',(0.5,0.,0.866025403784));
#4026 = ORIENTED_EDGE('',*,*,#4027,.T.);
#4027 = EDGE_CURVE('',#4020,#1863,#4028,.T.);
#4028 = LINE('',#4029,#4030);
#4029 = CARTESIAN_POINT('',(-1.153815106887,-10.,-2.63));
#4030 = VECTOR('',#4031,1.);
#4031 = DIRECTION('',(0.,1.,0.));
#4032 = ORIENTED_EDGE('',*,*,#1870,.F.);
#4033 = ORIENTED_EDGE('',*,*,#4003,.F.);
#4034 = PLANE('',#4035);
#4035 = AXIS2_PLACEMENT_3D('',#4036,#4037,#4038);
#4036 = CARTESIAN_POINT('',(-1.153815106887,-10.,-2.63));
#4037 = DIRECTION('',(-0.866025403784,0.,0.5));
#4038 = DIRECTION('',(-0.5,-1.9E-16,-0.866025403784));
#4039 = ADVANCED_FACE('',(#4040),#4051,.F.);
#4040 = FACE_BOUND('',#4041,.F.);
#4041 = EDGE_LOOP('',(#4042,#4048,#4049,#4050));
#4042 = ORIENTED_EDGE('',*,*,#4043,.T.);
#4043 = EDGE_CURVE('',#4020,#3917,#4044,.T.);
#4044 = LINE('',#4045,#4046);
#4045 = CARTESIAN_POINT('',(0.577792984936,-1.5,-2.63));
#4046 = VECTOR('',#4047,1.);
#4047 = DIRECTION('',(1.,0.,0.));
#4048 = ORIENTED_EDGE('',*,*,#3933,.T.);
#4049 = ORIENTED_EDGE('',*,*,#1862,.F.);
#4050 = ORIENTED_EDGE('',*,*,#4027,.F.);
#4051 = PLANE('',#4052);
#4052 = AXIS2_PLACEMENT_3D('',#4053,#4054,#4055);
#4053 = CARTESIAN_POINT('',(1.155585969872,-10.,-2.63));
#4054 = DIRECTION('',(0.,0.,1.));
#4055 = DIRECTION('',(-1.,0.,0.));
#4056 = ADVANCED_FACE('',(#4057),#4082,.F.);
#4057 = FACE_BOUND('',#4058,.F.);
#4058 = EDGE_LOOP('',(#4059,#4069,#4075,#4076));
#4059 = ORIENTED_EDGE('',*,*,#4060,.T.);
#4060 = EDGE_CURVE('',#4061,#4063,#4065,.T.);
#4061 = VERTEX_POINT('',#4062);
#4062 = CARTESIAN_POINT('',(-2.828130887537,-1.5,-0.33));
#4063 = VERTEX_POINT('',#4064);
#4064 = CARTESIAN_POINT('',(-1.673430349157,-1.5,-2.33));
#4065 = LINE('',#4066,#4067);
#4066 = CARTESIAN_POINT('',(-1.968711353217,-1.5,-1.818558298459));
#4067 = VECTOR('',#4068,1.);
#4068 = DIRECTION('',(0.5,0.,-0.866025403784));
#4069 = ORIENTED_EDGE('',*,*,#4070,.T.);
#4070 = EDGE_CURVE('',#4063,#1905,#4071,.T.);
#4071 = LINE('',#4072,#4073);
#4072 = CARTESIAN_POINT('',(-1.673430349157,-10.,-2.33));
#4073 = VECTOR('',#4074,1.);
#4074 = DIRECTION('',(0.,1.,0.));
#4075 = ORIENTED_EDGE('',*,*,#1902,.F.);
#4076 = ORIENTED_EDGE('',*,*,#4077,.F.);
#4077 = EDGE_CURVE('',#4061,#1903,#4078,.T.);
#4078 = LINE('',#4079,#4080);
#4079 = CARTESIAN_POINT('',(-2.828130887537,-10.,-0.33));
#4080 = VECTOR('',#4081,1.);
#4081 = DIRECTION('',(0.,1.,0.));
#4082 = PLANE('',#4083);
#4083 = AXIS2_PLACEMENT_3D('',#4084,#4085,#4086);
#4084 = CARTESIAN_POINT('',(-1.673430349157,-10.,-2.33));
#4085 = DIRECTION('',(0.866025403784,0.,0.5));
#4086 = DIRECTION('',(-0.5,1.9E-16,0.866025403784));
#4087 = ADVANCED_FACE('',(#4088),#4106,.F.);
#4088 = FACE_BOUND('',#4089,.F.);
#4089 = EDGE_LOOP('',(#4090,#4098,#4104,#4105));
#4090 = ORIENTED_EDGE('',*,*,#4091,.T.);
#4091 = EDGE_CURVE('',#4063,#4092,#4094,.T.);
#4092 = VERTEX_POINT('',#4093);
#4093 = CARTESIAN_POINT('',(-2.828130887537,-1.5,-4.33));
#4094 = LINE('',#4095,#4096);
#4095 = CARTESIAN_POINT('',(-1.537142026998,-1.5,-2.093941701541));
#4096 = VECTOR('',#4097,1.);
#4097 = DIRECTION('',(-0.5,0.,-0.866025403784));
#4098 = ORIENTED_EDGE('',*,*,#4099,.T.);
#4099 = EDGE_CURVE('',#4092,#1937,#4100,.T.);
#4100 = LINE('',#4101,#4102);
#4101 = CARTESIAN_POINT('',(-2.828130887537,-10.,-4.33));
#4102 = VECTOR('',#4103,1.);
#4103 = DIRECTION('',(0.,1.,0.));
#4104 = ORIENTED_EDGE('',*,*,#1944,.F.);
#4105 = ORIENTED_EDGE('',*,*,#4070,.F.);
#4106 = PLANE('',#4107);
#4107 = AXIS2_PLACEMENT_3D('',#4108,#4109,#4110);
#4108 = CARTESIAN_POINT('',(-2.828130887537,-10.,-4.33));
#4109 = DIRECTION('',(0.866025403784,0.,-0.5));
#4110 = DIRECTION('',(0.5,1.9E-16,0.866025403784));
#4111 = ADVANCED_FACE('',(#4112),#4130,.F.);
#4112 = FACE_BOUND('',#4113,.F.);
#4113 = EDGE_LOOP('',(#4114,#4122,#4128,#4129));
#4114 = ORIENTED_EDGE('',*,*,#4115,.T.);
#4115 = EDGE_CURVE('',#4092,#4116,#4118,.T.);
#4116 = VERTEX_POINT('',#4117);
#4117 = CARTESIAN_POINT('',(-5.137531964295,-1.5,-4.33));
#4118 = LINE('',#4119,#4120);
#4119 = CARTESIAN_POINT('',(-2.568765982148,-1.5,-4.33));
#4120 = VECTOR('',#4121,1.);
#4121 = DIRECTION('',(-1.,0.,0.));
#4122 = ORIENTED_EDGE('',*,*,#4123,.T.);
#4123 = EDGE_CURVE('',#4116,#1929,#4124,.T.);
#4124 = LINE('',#4125,#4126);
#4125 = CARTESIAN_POINT('',(-5.137531964295,-10.,-4.33));
#4126 = VECTOR('',#4127,1.);
#4127 = DIRECTION('',(0.,1.,0.));
#4128 = ORIENTED_EDGE('',*,*,#1936,.F.);
#4129 = ORIENTED_EDGE('',*,*,#4099,.F.);
#4130 = PLANE('',#4131);
#4131 = AXIS2_PLACEMENT_3D('',#4132,#4133,#4134);
#4132 = CARTESIAN_POINT('',(-5.137531964295,-10.,-4.33));
#4133 = DIRECTION('',(0.,0.,-1.));
#4134 = DIRECTION('',(1.,0.,0.));
#4135 = ADVANCED_FACE('',(#4136),#4154,.F.);
#4136 = FACE_BOUND('',#4137,.F.);
#4137 = EDGE_LOOP('',(#4138,#4146,#4152,#4153));
#4138 = ORIENTED_EDGE('',*,*,#4139,.T.);
#4139 = EDGE_CURVE('',#4116,#4140,#4142,.T.);
#4140 = VERTEX_POINT('',#4141);
#4141 = CARTESIAN_POINT('',(-6.292232502674,-1.5,-2.33));
#4142 = LINE('',#4143,#4144);
#4143 = CARTESIAN_POINT('',(-6.010163237544,-1.5,-2.818558298459));
#4144 = VECTOR('',#4145,1.);
#4145 = DIRECTION('',(-0.5,0.,0.866025403784));
#4146 = ORIENTED_EDGE('',*,*,#4147,.T.);
#4147 = EDGE_CURVE('',#4140,#1921,#4148,.T.);
#4148 = LINE('',#4149,#4150);
#4149 = CARTESIAN_POINT('',(-6.292232502674,-10.,-2.33));
#4150 = VECTOR('',#4151,1.);
#4151 = DIRECTION('',(0.,1.,0.));
#4152 = ORIENTED_EDGE('',*,*,#1928,.F.);
#4153 = ORIENTED_EDGE('',*,*,#4123,.F.);
#4154 = PLANE('',#4155);
#4155 = AXIS2_PLACEMENT_3D('',#4156,#4157,#4158);
#4156 = CARTESIAN_POINT('',(-6.292232502674,-10.,-2.33));
#4157 = DIRECTION('',(-0.866025403784,0.,-0.5));
#4158 = DIRECTION('',(0.5,-1.9E-16,-0.866025403784));
#4159 = ADVANCED_FACE('',(#4160),#4178,.F.);
#4160 = FACE_BOUND('',#4161,.F.);
#4161 = EDGE_LOOP('',(#4162,#4170,#4176,#4177));
#4162 = ORIENTED_EDGE('',*,*,#4163,.T.);
#4163 = EDGE_CURVE('',#4140,#4164,#4166,.T.);
#4164 = VERTEX_POINT('',#4165);
#4165 = CARTESIAN_POINT('',(-5.137531964295,-1.5,-0.33));
#4166 = LINE('',#4167,#4168);
#4167 = CARTESIAN_POINT('',(-4.423893372946,-1.5,0.906058298459));
#4168 = VECTOR('',#4169,1.);
#4169 = DIRECTION('',(0.5,0.,0.866025403784));
#4170 = ORIENTED_EDGE('',*,*,#4171,.T.);
#4171 = EDGE_CURVE('',#4164,#1913,#4172,.T.);
#4172 = LINE('',#4173,#4174);
#4173 = CARTESIAN_POINT('',(-5.137531964295,-10.,-0.33));
#4174 = VECTOR('',#4175,1.);
#4175 = DIRECTION('',(0.,1.,0.));
#4176 = ORIENTED_EDGE('',*,*,#1920,.F.);
#4177 = ORIENTED_EDGE('',*,*,#4147,.F.);
#4178 = PLANE('',#4179);
#4179 = AXIS2_PLACEMENT_3D('',#4180,#4181,#4182);
#4180 = CARTESIAN_POINT('',(-5.137531964295,-10.,-0.33));
#4181 = DIRECTION('',(-0.866025403784,0.,0.5));
#4182 = DIRECTION('',(-0.5,-1.9E-16,-0.866025403784));
#4183 = ADVANCED_FACE('',(#4184),#4195,.F.);
#4184 = FACE_BOUND('',#4185,.F.);
#4185 = EDGE_LOOP('',(#4186,#4192,#4193,#4194));
#4186 = ORIENTED_EDGE('',*,*,#4187,.T.);
#4187 = EDGE_CURVE('',#4164,#4061,#4188,.T.);
#4188 = LINE('',#4189,#4190);
#4189 = CARTESIAN_POINT('',(-1.414065443768,-1.5,-0.33));
#4190 = VECTOR('',#4191,1.);
#4191 = DIRECTION('',(1.,0.,0.));
#4192 = ORIENTED_EDGE('',*,*,#4077,.T.);
#4193 = ORIENTED_EDGE('',*,*,#1912,.F.);
#4194 = ORIENTED_EDGE('',*,*,#4171,.F.);
#4195 = PLANE('',#4196);
#4196 = AXIS2_PLACEMENT_3D('',#4197,#4198,#4199);
#4197 = CARTESIAN_POINT('',(-2.828130887537,-10.,-0.33));
#4198 = DIRECTION('',(0.,0.,1.));
#4199 = DIRECTION('',(-1.,0.,0.));
#4200 = ADVANCED_FACE('',(#4201),#4226,.F.);
#4201 = FACE_BOUND('',#4202,.F.);
#4202 = EDGE_LOOP('',(#4203,#4213,#4219,#4220));
#4203 = ORIENTED_EDGE('',*,*,#4204,.T.);
#4204 = EDGE_CURVE('',#4205,#4207,#4209,.T.);
#4205 = VERTEX_POINT('',#4206);
#4206 = CARTESIAN_POINT('',(1.155585969872,-1.5,1.97));
#4207 = VERTEX_POINT('',#4208);
#4208 = CARTESIAN_POINT('',(2.310286508251,-1.5,-3.E-02));
#4209 = LINE('',#4210,#4211);
#4210 = CARTESIAN_POINT('',(2.015005504191,-1.5,0.481441701541));
#4211 = VECTOR('',#4212,1.);
#4212 = DIRECTION('',(0.5,0.,-0.866025403784));
#4213 = ORIENTED_EDGE('',*,*,#4214,.T.);
#4214 = EDGE_CURVE('',#4207,#2055,#4215,.T.);
#4215 = LINE('',#4216,#4217);
#4216 = CARTESIAN_POINT('',(2.310286508251,-10.,-3.E-02));
#4217 = VECTOR('',#4218,1.);
#4218 = DIRECTION('',(0.,1.,0.));
#4219 = ORIENTED_EDGE('',*,*,#2052,.F.);
#4220 = ORIENTED_EDGE('',*,*,#4221,.F.);
#4221 = EDGE_CURVE('',#4205,#2053,#4222,.T.);
#4222 = LINE('',#4223,#4224);
#4223 = CARTESIAN_POINT('',(1.155585969872,-10.,1.97));
#4224 = VECTOR('',#4225,1.);
#4225 = DIRECTION('',(0.,1.,0.));
#4226 = PLANE('',#4227);
#4227 = AXIS2_PLACEMENT_3D('',#4228,#4229,#4230);
#4228 = CARTESIAN_POINT('',(2.310286508251,-10.,-3.E-02));
#4229 = DIRECTION('',(0.866025403784,0.,0.5));
#4230 = DIRECTION('',(-0.5,1.9E-16,0.866025403784));
#4231 = ADVANCED_FACE('',(#4232),#4250,.F.);
#4232 = FACE_BOUND('',#4233,.F.);
#4233 = EDGE_LOOP('',(#4234,#4242,#4248,#4249));
#4234 = ORIENTED_EDGE('',*,*,#4235,.T.);
#4235 = EDGE_CURVE('',#4207,#4236,#4238,.T.);
#4236 = VERTEX_POINT('',#4237);
#4237 = CARTESIAN_POINT('',(1.155585969872,-1.5,-2.03));
#4238 = LINE('',#4239,#4240);
#4239 = CARTESIAN_POINT('',(1.450645616058,-1.5,-1.518941701541));
#4240 = VECTOR('',#4241,1.);
#4241 = DIRECTION('',(-0.5,0.,-0.866025403784));
#4242 = ORIENTED_EDGE('',*,*,#4243,.T.);
#4243 = EDGE_CURVE('',#4236,#2087,#4244,.T.);
#4244 = LINE('',#4245,#4246);
#4245 = CARTESIAN_POINT('',(1.155585969872,-10.,-2.03));
#4246 = VECTOR('',#4247,1.);
#4247 = DIRECTION('',(0.,1.,0.));
#4248 = ORIENTED_EDGE('',*,*,#2094,.F.);
#4249 = ORIENTED_EDGE('',*,*,#4214,.F.);
#4250 = PLANE('',#4251);
#4251 = AXIS2_PLACEMENT_3D('',#4252,#4253,#4254);
#4252 = CARTESIAN_POINT('',(1.155585969872,-10.,-2.03));
#4253 = DIRECTION('',(0.866025403784,0.,-0.5));
#4254 = DIRECTION('',(0.5,1.9E-16,0.866025403784));
#4255 = ADVANCED_FACE('',(#4256),#4274,.F.);
#4256 = FACE_BOUND('',#4257,.F.);
#4257 = EDGE_LOOP('',(#4258,#4266,#4272,#4273));
#4258 = ORIENTED_EDGE('',*,*,#4259,.T.);
#4259 = EDGE_CURVE('',#4236,#4260,#4262,.T.);
#4260 = VERTEX_POINT('',#4261);
#4261 = CARTESIAN_POINT('',(-1.153815106887,-1.5,-2.03));
#4262 = LINE('',#4263,#4264);
#4263 = CARTESIAN_POINT('',(-0.576907553443,-1.5,-2.03));
#4264 = VECTOR('',#4265,1.);
#4265 = DIRECTION('',(-1.,0.,0.));
#4266 = ORIENTED_EDGE('',*,*,#4267,.T.);
#4267 = EDGE_CURVE('',#4260,#2079,#4268,.T.);
#4268 = LINE('',#4269,#4270);
#4269 = CARTESIAN_POINT('',(-1.153815106887,-10.,-2.03));
#4270 = VECTOR('',#4271,1.);
#4271 = DIRECTION('',(0.,1.,0.));
#4272 = ORIENTED_EDGE('',*,*,#2086,.F.);
#4273 = ORIENTED_EDGE('',*,*,#4243,.F.);
#4274 = PLANE('',#4275);
#4275 = AXIS2_PLACEMENT_3D('',#4276,#4277,#4278);
#4276 = CARTESIAN_POINT('',(-1.153815106887,-10.,-2.03));
#4277 = DIRECTION('',(0.,0.,-1.));
#4278 = DIRECTION('',(1.,0.,0.));
#4279 = ADVANCED_FACE('',(#4280),#4298,.F.);
#4280 = FACE_BOUND('',#4281,.F.);
#4281 = EDGE_LOOP('',(#4282,#4290,#4296,#4297));
#4282 = ORIENTED_EDGE('',*,*,#4283,.T.);
#4283 = EDGE_CURVE('',#4260,#4284,#4286,.T.);
#4284 = VERTEX_POINT('',#4285);
#4285 = CARTESIAN_POINT('',(-2.308515645266,-1.5,-3.E-02));
#4286 = LINE('',#4287,#4288);
#4287 = CARTESIAN_POINT('',(-2.026446380136,-1.5,-0.518558298459));
#4288 = VECTOR('',#4289,1.);
#4289 = DIRECTION('',(-0.5,0.,0.866025403784));
#4290 = ORIENTED_EDGE('',*,*,#4291,.T.);
#4291 = EDGE_CURVE('',#4284,#2071,#4292,.T.);
#4292 = LINE('',#4293,#4294);
#4293 = CARTESIAN_POINT('',(-2.308515645266,-10.,-3.E-02));
#4294 = VECTOR('',#4295,1.);
#4295 = DIRECTION('',(0.,1.,0.));
#4296 = ORIENTED_EDGE('',*,*,#2078,.F.);
#4297 = ORIENTED_EDGE('',*,*,#4267,.F.);
#4298 = PLANE('',#4299);
#4299 = AXIS2_PLACEMENT_3D('',#4300,#4301,#4302);
#4300 = CARTESIAN_POINT('',(-2.308515645266,-10.,-3.E-02));
#4301 = DIRECTION('',(-0.866025403784,0.,-0.5));
#4302 = DIRECTION('',(0.5,-1.9E-16,-0.866025403784));
#4303 = ADVANCED_FACE('',(#4304),#4322,.F.);
#4304 = FACE_BOUND('',#4305,.F.);
#4305 = EDGE_LOOP('',(#4306,#4314,#4320,#4321));
#4306 = ORIENTED_EDGE('',*,*,#4307,.T.);
#4307 = EDGE_CURVE('',#4284,#4308,#4310,.T.);
#4308 = VERTEX_POINT('',#4309);
#4309 = CARTESIAN_POINT('',(-1.153815106887,-1.5,1.97));
#4310 = LINE('',#4311,#4312);
#4311 = CARTESIAN_POINT('',(-1.43610572989,-1.5,1.481058298459));
#4312 = VECTOR('',#4313,1.);
#4313 = DIRECTION('',(0.5,0.,0.866025403784));
#4314 = ORIENTED_EDGE('',*,*,#4315,.T.);
#4315 = EDGE_CURVE('',#4308,#2063,#4316,.T.);
#4316 = LINE('',#4317,#4318);
#4317 = CARTESIAN_POINT('',(-1.153815106887,-10.,1.97));
#4318 = VECTOR('',#4319,1.);
#4319 = DIRECTION('',(0.,1.,0.));
#4320 = ORIENTED_EDGE('',*,*,#2070,.F.);
#4321 = ORIENTED_EDGE('',*,*,#4291,.F.);
#4322 = PLANE('',#4323);
#4323 = AXIS2_PLACEMENT_3D('',#4324,#4325,#4326);
#4324 = CARTESIAN_POINT('',(-1.153815106887,-10.,1.97));
#4325 = DIRECTION('',(-0.866025403784,0.,0.5));
#4326 = DIRECTION('',(-0.5,-1.9E-16,-0.866025403784));
#4327 = ADVANCED_FACE('',(#4328),#4339,.F.);
#4328 = FACE_BOUND('',#4329,.F.);
#4329 = EDGE_LOOP('',(#4330,#4336,#4337,#4338));
#4330 = ORIENTED_EDGE('',*,*,#4331,.T.);
#4331 = EDGE_CURVE('',#4308,#4205,#4332,.T.);
#4332 = LINE('',#4333,#4334);
#4333 = CARTESIAN_POINT('',(0.577792984936,-1.5,1.97));
#4334 = VECTOR('',#4335,1.);
#4335 = DIRECTION('',(1.,0.,0.));
#4336 = ORIENTED_EDGE('',*,*,#4221,.T.);
#4337 = ORIENTED_EDGE('',*,*,#2062,.F.);
#4338 = ORIENTED_EDGE('',*,*,#4315,.F.);
#4339 = PLANE('',#4340);
#4340 = AXIS2_PLACEMENT_3D('',#4341,#4342,#4343);
#4341 = CARTESIAN_POINT('',(1.155585969872,-10.,1.97));
#4342 = DIRECTION('',(0.,0.,1.));
#4343 = DIRECTION('',(-1.,0.,0.));
#4344 = ADVANCED_FACE('',(#4345),#4370,.F.);
#4345 = FACE_BOUND('',#4346,.F.);
#4346 = EDGE_LOOP('',(#4347,#4357,#4363,#4364));
#4347 = ORIENTED_EDGE('',*,*,#4348,.T.);
#4348 = EDGE_CURVE('',#4349,#4351,#4353,.T.);
#4349 = VERTEX_POINT('',#4350);
#4350 = CARTESIAN_POINT('',(-2.828130887537,-1.5,4.27));
#4351 = VERTEX_POINT('',#4352);
#4352 = CARTESIAN_POINT('',(-1.673430349157,-1.5,2.27));
#4353 = LINE('',#4354,#4355);
#4354 = CARTESIAN_POINT('',(-0.972782138865,-1.5,1.056441701541));
#4355 = VECTOR('',#4356,1.);
#4356 = DIRECTION('',(0.5,0.,-0.866025403784));
#4357 = ORIENTED_EDGE('',*,*,#4358,.T.);
#4358 = EDGE_CURVE('',#4351,#2005,#4359,.T.);
#4359 = LINE('',#4360,#4361);
#4360 = CARTESIAN_POINT('',(-1.673430349157,-10.,2.27));
#4361 = VECTOR('',#4362,1.);
#4362 = DIRECTION('',(0.,1.,0.));
#4363 = ORIENTED_EDGE('',*,*,#2002,.F.);
#4364 = ORIENTED_EDGE('',*,*,#4365,.F.);
#4365 = EDGE_CURVE('',#4349,#2003,#4366,.T.);
#4366 = LINE('',#4367,#4368);
#4367 = CARTESIAN_POINT('',(-2.828130887537,-10.,4.27));
#4368 = VECTOR('',#4369,1.);
#4369 = DIRECTION('',(0.,1.,0.));
#4370 = PLANE('',#4371);
#4371 = AXIS2_PLACEMENT_3D('',#4372,#4373,#4374);
#4372 = CARTESIAN_POINT('',(-1.673430349157,-10.,2.27));
#4373 = DIRECTION('',(0.866025403784,0.,0.5));
#4374 = DIRECTION('',(-0.5,1.9E-16,0.866025403784));
#4375 = ADVANCED_FACE('',(#4376),#4394,.F.);
#4376 = FACE_BOUND('',#4377,.F.);
#4377 = EDGE_LOOP('',(#4378,#4386,#4392,#4393));
#4378 = ORIENTED_EDGE('',*,*,#4379,.T.);
#4379 = EDGE_CURVE('',#4351,#4380,#4382,.T.);
#4380 = VERTEX_POINT('',#4381);
#4381 = CARTESIAN_POINT('',(-2.828130887537,-1.5,0.27));
#4382 = LINE('',#4383,#4384);
#4383 = CARTESIAN_POINT('',(-2.53307124135,-1.5,0.781058298459));
#4384 = VECTOR('',#4385,1.);
#4385 = DIRECTION('',(-0.5,0.,-0.866025403784));
#4386 = ORIENTED_EDGE('',*,*,#4387,.T.);
#4387 = EDGE_CURVE('',#4380,#2037,#4388,.T.);
#4388 = LINE('',#4389,#4390);
#4389 = CARTESIAN_POINT('',(-2.828130887537,-10.,0.27));
#4390 = VECTOR('',#4391,1.);
#4391 = DIRECTION('',(0.,1.,0.));
#4392 = ORIENTED_EDGE('',*,*,#2044,.F.);
#4393 = ORIENTED_EDGE('',*,*,#4358,.F.);
#4394 = PLANE('',#4395);
#4395 = AXIS2_PLACEMENT_3D('',#4396,#4397,#4398);
#4396 = CARTESIAN_POINT('',(-2.828130887537,-10.,0.27));
#4397 = DIRECTION('',(0.866025403784,0.,-0.5));
#4398 = DIRECTION('',(0.5,1.9E-16,0.866025403784));
#4399 = ADVANCED_FACE('',(#4400),#4418,.F.);
#4400 = FACE_BOUND('',#4401,.F.);
#4401 = EDGE_LOOP('',(#4402,#4410,#4416,#4417));
#4402 = ORIENTED_EDGE('',*,*,#4403,.T.);
#4403 = EDGE_CURVE('',#4380,#4404,#4406,.T.);
#4404 = VERTEX_POINT('',#4405);
#4405 = CARTESIAN_POINT('',(-5.137531964295,-1.5,0.27));
#4406 = LINE('',#4407,#4408);
#4407 = CARTESIAN_POINT('',(-2.568765982148,-1.5,0.27));
#4408 = VECTOR('',#4409,1.);
#4409 = DIRECTION('',(-1.,0.,0.));
#4410 = ORIENTED_EDGE('',*,*,#4411,.T.);
#4411 = EDGE_CURVE('',#4404,#2029,#4412,.T.);
#4412 = LINE('',#4413,#4414);
#4413 = CARTESIAN_POINT('',(-5.137531964295,-10.,0.27));
#4414 = VECTOR('',#4415,1.);
#4415 = DIRECTION('',(0.,1.,0.));
#4416 = ORIENTED_EDGE('',*,*,#2036,.F.);
#4417 = ORIENTED_EDGE('',*,*,#4387,.F.);
#4418 = PLANE('',#4419);
#4419 = AXIS2_PLACEMENT_3D('',#4420,#4421,#4422);
#4420 = CARTESIAN_POINT('',(-5.137531964295,-10.,0.27));
#4421 = DIRECTION('',(0.,0.,-1.));
#4422 = DIRECTION('',(1.,0.,0.));
#4423 = ADVANCED_FACE('',(#4424),#4442,.F.);
#4424 = FACE_BOUND('',#4425,.F.);
#4425 = EDGE_LOOP('',(#4426,#4434,#4440,#4441));
#4426 = ORIENTED_EDGE('',*,*,#4427,.T.);
#4427 = EDGE_CURVE('',#4404,#4428,#4430,.T.);
#4428 = VERTEX_POINT('',#4429);
#4429 = CARTESIAN_POINT('',(-6.292232502674,-1.5,2.27));
#4430 = LINE('',#4431,#4432);
#4431 = CARTESIAN_POINT('',(-5.014234023192,-1.5,5.644170154148E-02));
#4432 = VECTOR('',#4433,1.);
#4433 = DIRECTION('',(-0.5,0.,0.866025403784));
#4434 = ORIENTED_EDGE('',*,*,#4435,.T.);
#4435 = EDGE_CURVE('',#4428,#2021,#4436,.T.);
#4436 = LINE('',#4437,#4438);
#4437 = CARTESIAN_POINT('',(-6.292232502674,-10.,2.27));
#4438 = VECTOR('',#4439,1.);
#4439 = DIRECTION('',(0.,1.,0.));
#4440 = ORIENTED_EDGE('',*,*,#2028,.F.);
#4441 = ORIENTED_EDGE('',*,*,#4411,.F.);
#4442 = PLANE('',#4443);
#4443 = AXIS2_PLACEMENT_3D('',#4444,#4445,#4446);
#4444 = CARTESIAN_POINT('',(-6.292232502674,-10.,2.27));
#4445 = DIRECTION('',(-0.866025403784,0.,-0.5));
#4446 = DIRECTION('',(0.5,-1.9E-16,-0.866025403784));
#4447 = ADVANCED_FACE('',(#4448),#4466,.F.);
#4448 = FACE_BOUND('',#4449,.F.);
#4449 = EDGE_LOOP('',(#4450,#4458,#4464,#4465));
#4450 = ORIENTED_EDGE('',*,*,#4451,.T.);
#4451 = EDGE_CURVE('',#4428,#4452,#4454,.T.);
#4452 = VERTEX_POINT('',#4453);
#4453 = CARTESIAN_POINT('',(-5.137531964295,-1.5,4.27));
#4454 = LINE('',#4455,#4456);
#4455 = CARTESIAN_POINT('',(-5.419822587298,-1.5,3.781058298459));
#4456 = VECTOR('',#4457,1.);
#4457 = DIRECTION('',(0.5,0.,0.866025403784));
#4458 = ORIENTED_EDGE('',*,*,#4459,.T.);
#4459 = EDGE_CURVE('',#4452,#2013,#4460,.T.);
#4460 = LINE('',#4461,#4462);
#4461 = CARTESIAN_POINT('',(-5.137531964295,-10.,4.27));
#4462 = VECTOR('',#4463,1.);
#4463 = DIRECTION('',(0.,1.,0.));
#4464 = ORIENTED_EDGE('',*,*,#2020,.F.);
#4465 = ORIENTED_EDGE('',*,*,#4435,.F.);
#4466 = PLANE('',#4467);
#4467 = AXIS2_PLACEMENT_3D('',#4468,#4469,#4470);
#4468 = CARTESIAN_POINT('',(-5.137531964295,-10.,4.27));
#4469 = DIRECTION('',(-0.866025403784,0.,0.5));
#4470 = DIRECTION('',(-0.5,-1.9E-16,-0.866025403784));
#4471 = ADVANCED_FACE('',(#4472),#4483,.F.);
#4472 = FACE_BOUND('',#4473,.F.);
#4473 = EDGE_LOOP('',(#4474,#4480,#4481,#4482));
#4474 = ORIENTED_EDGE('',*,*,#4475,.T.);
#4475 = EDGE_CURVE('',#4452,#4349,#4476,.T.);
#4476 = LINE('',#4477,#4478);
#4477 = CARTESIAN_POINT('',(-1.414065443768,-1.5,4.27));
#4478 = VECTOR('',#4479,1.);
#4479 = DIRECTION('',(1.,0.,0.));
#4480 = ORIENTED_EDGE('',*,*,#4365,.T.);
#4481 = ORIENTED_EDGE('',*,*,#2012,.F.);
#4482 = ORIENTED_EDGE('',*,*,#4459,.F.);
#4483 = PLANE('',#4484);
#4484 = AXIS2_PLACEMENT_3D('',#4485,#4486,#4487);
#4485 = CARTESIAN_POINT('',(-2.828130887537,-10.,4.27));
#4486 = DIRECTION('',(0.,0.,1.));
#4487 = DIRECTION('',(-1.,0.,0.));
#4488 = ADVANCED_FACE('',(#4489),#4514,.F.);
#4489 = FACE_BOUND('',#4490,.F.);
#4490 = EDGE_LOOP('',(#4491,#4501,#4507,#4508));
#4491 = ORIENTED_EDGE('',*,*,#4492,.T.);
#4492 = EDGE_CURVE('',#4493,#4495,#4497,.T.);
#4493 = VERTEX_POINT('',#4494);
#4494 = CARTESIAN_POINT('',(-2.828130887537,-1.5,8.87));
#4495 = VERTEX_POINT('',#4496);
#4496 = CARTESIAN_POINT('',(-1.673430349157,-1.5,6.87));
#4497 = LINE('',#4498,#4499);
#4498 = CARTESIAN_POINT('',(2.314707548712E-02,-1.5,3.931441701541));
#4499 = VECTOR('',#4500,1.);
#4500 = DIRECTION('',(0.5,0.,-0.866025403784));
#4501 = ORIENTED_EDGE('',*,*,#4502,.T.);
#4502 = EDGE_CURVE('',#4495,#2105,#4503,.T.);
#4503 = LINE('',#4504,#4505);
#4504 = CARTESIAN_POINT('',(-1.673430349157,-10.,6.87));
#4505 = VECTOR('',#4506,1.);
#4506 = DIRECTION('',(0.,1.,0.));
#4507 = ORIENTED_EDGE('',*,*,#2102,.F.);
#4508 = ORIENTED_EDGE('',*,*,#4509,.F.);
#4509 = EDGE_CURVE('',#4493,#2103,#4510,.T.);
#4510 = LINE('',#4511,#4512);
#4511 = CARTESIAN_POINT('',(-2.828130887537,-10.,8.87));
#4512 = VECTOR('',#4513,1.);
#4513 = DIRECTION('',(0.,1.,0.));
#4514 = PLANE('',#4515);
#4515 = AXIS2_PLACEMENT_3D('',#4516,#4517,#4518);
#4516 = CARTESIAN_POINT('',(-1.673430349157,-10.,6.87));
#4517 = DIRECTION('',(0.866025403784,0.,0.5));
#4518 = DIRECTION('',(-0.5,1.9E-16,0.866025403784));
#4519 = ADVANCED_FACE('',(#4520),#4538,.F.);
#4520 = FACE_BOUND('',#4521,.F.);
#4521 = EDGE_LOOP('',(#4522,#4530,#4536,#4537));
#4522 = ORIENTED_EDGE('',*,*,#4523,.T.);
#4523 = EDGE_CURVE('',#4495,#4524,#4526,.T.);
#4524 = VERTEX_POINT('',#4525);
#4525 = CARTESIAN_POINT('',(-2.828130887537,-1.5,4.87));
#4526 = LINE('',#4527,#4528);
#4527 = CARTESIAN_POINT('',(-3.529000455702,-1.5,3.656058298459));
#4528 = VECTOR('',#4529,1.);
#4529 = DIRECTION('',(-0.5,0.,-0.866025403784));
#4530 = ORIENTED_EDGE('',*,*,#4531,.T.);
#4531 = EDGE_CURVE('',#4524,#2137,#4532,.T.);
#4532 = LINE('',#4533,#4534);
#4533 = CARTESIAN_POINT('',(-2.828130887537,-10.,4.87));
#4534 = VECTOR('',#4535,1.);
#4535 = DIRECTION('',(0.,1.,0.));
#4536 = ORIENTED_EDGE('',*,*,#2144,.F.);
#4537 = ORIENTED_EDGE('',*,*,#4502,.F.);
#4538 = PLANE('',#4539);
#4539 = AXIS2_PLACEMENT_3D('',#4540,#4541,#4542);
#4540 = CARTESIAN_POINT('',(-2.828130887537,-10.,4.87));
#4541 = DIRECTION('',(0.866025403784,0.,-0.5));
#4542 = DIRECTION('',(0.5,1.9E-16,0.866025403784));
#4543 = ADVANCED_FACE('',(#4544),#4562,.F.);
#4544 = FACE_BOUND('',#4545,.F.);
#4545 = EDGE_LOOP('',(#4546,#4554,#4560,#4561));
#4546 = ORIENTED_EDGE('',*,*,#4547,.T.);
#4547 = EDGE_CURVE('',#4524,#4548,#4550,.T.);
#4548 = VERTEX_POINT('',#4549);
#4549 = CARTESIAN_POINT('',(-5.137531964295,-1.5,4.87));
#4550 = LINE('',#4551,#4552);
#4551 = CARTESIAN_POINT('',(-2.568765982148,-1.5,4.87));
#4552 = VECTOR('',#4553,1.);
#4553 = DIRECTION('',(-1.,0.,0.));
#4554 = ORIENTED_EDGE('',*,*,#4555,.T.);
#4555 = EDGE_CURVE('',#4548,#2129,#4556,.T.);
#4556 = LINE('',#4557,#4558);
#4557 = CARTESIAN_POINT('',(-5.137531964295,-10.,4.87));
#4558 = VECTOR('',#4559,1.);
#4559 = DIRECTION('',(0.,1.,0.));
#4560 = ORIENTED_EDGE('',*,*,#2136,.F.);
#4561 = ORIENTED_EDGE('',*,*,#4531,.F.);
#4562 = PLANE('',#4563);
#4563 = AXIS2_PLACEMENT_3D('',#4564,#4565,#4566);
#4564 = CARTESIAN_POINT('',(-5.137531964295,-10.,4.87));
#4565 = DIRECTION('',(0.,0.,-1.));
#4566 = DIRECTION('',(1.,0.,0.));
#4567 = ADVANCED_FACE('',(#4568),#4586,.F.);
#4568 = FACE_BOUND('',#4569,.F.);
#4569 = EDGE_LOOP('',(#4570,#4578,#4584,#4585));
#4570 = ORIENTED_EDGE('',*,*,#4571,.T.);
#4571 = EDGE_CURVE('',#4548,#4572,#4574,.T.);
#4572 = VERTEX_POINT('',#4573);
#4573 = CARTESIAN_POINT('',(-6.292232502674,-1.5,6.87));
#4574 = LINE('',#4575,#4576);
#4575 = CARTESIAN_POINT('',(-4.01830480884,-1.5,2.931441701541));
#4576 = VECTOR('',#4577,1.);
#4577 = DIRECTION('',(-0.5,0.,0.866025403784));
#4578 = ORIENTED_EDGE('',*,*,#4579,.T.);
#4579 = EDGE_CURVE('',#4572,#2121,#4580,.T.);
#4580 = LINE('',#4581,#4582);
#4581 = CARTESIAN_POINT('',(-6.292232502674,-10.,6.87));
#4582 = VECTOR('',#4583,1.);
#4583 = DIRECTION('',(0.,1.,0.));
#4584 = ORIENTED_EDGE('',*,*,#2128,.F.);
#4585 = ORIENTED_EDGE('',*,*,#4555,.F.);
#4586 = PLANE('',#4587);
#4587 = AXIS2_PLACEMENT_3D('',#4588,#4589,#4590);
#4588 = CARTESIAN_POINT('',(-6.292232502674,-10.,6.87));
#4589 = DIRECTION('',(-0.866025403784,0.,-0.5));
#4590 = DIRECTION('',(0.5,-1.9E-16,-0.866025403784));
#4591 = ADVANCED_FACE('',(#4592),#4610,.F.);
#4592 = FACE_BOUND('',#4593,.F.);
#4593 = EDGE_LOOP('',(#4594,#4602,#4608,#4609));
#4594 = ORIENTED_EDGE('',*,*,#4595,.T.);
#4595 = EDGE_CURVE('',#4572,#4596,#4598,.T.);
#4596 = VERTEX_POINT('',#4597);
#4597 = CARTESIAN_POINT('',(-5.137531964295,-1.5,8.87));
#4598 = LINE('',#4599,#4600);
#4599 = CARTESIAN_POINT('',(-6.41575180165,-1.5,6.656058298459));
#4600 = VECTOR('',#4601,1.);
#4601 = DIRECTION('',(0.5,0.,0.866025403784));
#4602 = ORIENTED_EDGE('',*,*,#4603,.T.);
#4603 = EDGE_CURVE('',#4596,#2113,#4604,.T.);
#4604 = LINE('',#4605,#4606);
#4605 = CARTESIAN_POINT('',(-5.137531964295,-10.,8.87));
#4606 = VECTOR('',#4607,1.);
#4607 = DIRECTION('',(0.,1.,0.));
#4608 = ORIENTED_EDGE('',*,*,#2120,.F.);
#4609 = ORIENTED_EDGE('',*,*,#4579,.F.);
#4610 = PLANE('',#4611);
#4611 = AXIS2_PLACEMENT_3D('',#4612,#4613,#4614);
#4612 = CARTESIAN_POINT('',(-5.137531964295,-10.,8.87));
#4613 = DIRECTION('',(-0.866025403784,0.,0.5));
#4614 = DIRECTION('',(-0.5,-1.9E-16,-0.866025403784));
#4615 = ADVANCED_FACE('',(#4616),#4627,.F.);
#4616 = FACE_BOUND('',#4617,.F.);
#4617 = EDGE_LOOP('',(#4618,#4624,#4625,#4626));
#4618 = ORIENTED_EDGE('',*,*,#4619,.T.);
#4619 = EDGE_CURVE('',#4596,#4493,#4620,.T.);
#4620 = LINE('',#4621,#4622);
#4621 = CARTESIAN_POINT('',(-1.414065443768,-1.5,8.87));
#4622 = VECTOR('',#4623,1.);
#4623 = DIRECTION('',(1.,0.,0.));
#4624 = ORIENTED_EDGE('',*,*,#4509,.T.);
#4625 = ORIENTED_EDGE('',*,*,#2112,.F.);
#4626 = ORIENTED_EDGE('',*,*,#4603,.F.);
#4627 = PLANE('',#4628);
#4628 = AXIS2_PLACEMENT_3D('',#4629,#4630,#4631);
#4629 = CARTESIAN_POINT('',(-2.828130887537,-10.,8.87));
#4630 = DIRECTION('',(0.,0.,1.));
#4631 = DIRECTION('',(-1.,0.,0.));
#4632 = ADVANCED_FACE('',(#4633),#4658,.F.);
#4633 = FACE_BOUND('',#4634,.F.);
#4634 = EDGE_LOOP('',(#4635,#4645,#4651,#4652));
#4635 = ORIENTED_EDGE('',*,*,#4636,.T.);
#4636 = EDGE_CURVE('',#4637,#4639,#4641,.T.);
#4637 = VERTEX_POINT('',#4638);
#4638 = CARTESIAN_POINT('',(1.155585969872,-1.5,6.57));
#4639 = VERTEX_POINT('',#4640);
#4640 = CARTESIAN_POINT('',(2.310286508251,-1.5,4.57));
#4641 = LINE('',#4642,#4643);
#4642 = CARTESIAN_POINT('',(3.010934718543,-1.5,3.356441701541));
#4643 = VECTOR('',#4644,1.);
#4644 = DIRECTION('',(0.5,0.,-0.866025403784));
#4645 = ORIENTED_EDGE('',*,*,#4646,.T.);
#4646 = EDGE_CURVE('',#4639,#2155,#4647,.T.);
#4647 = LINE('',#4648,#4649);
#4648 = CARTESIAN_POINT('',(2.310286508251,-10.,4.57));
#4649 = VECTOR('',#4650,1.);
#4650 = DIRECTION('',(0.,1.,0.));
#4651 = ORIENTED_EDGE('',*,*,#2152,.F.);
#4652 = ORIENTED_EDGE('',*,*,#4653,.F.);
#4653 = EDGE_CURVE('',#4637,#2153,#4654,.T.);
#4654 = LINE('',#4655,#4656);
#4655 = CARTESIAN_POINT('',(1.155585969872,-10.,6.57));
#4656 = VECTOR('',#4657,1.);
#4657 = DIRECTION('',(0.,1.,0.));
#4658 = PLANE('',#4659);
#4659 = AXIS2_PLACEMENT_3D('',#4660,#4661,#4662);
#4660 = CARTESIAN_POINT('',(2.310286508251,-10.,4.57));
#4661 = DIRECTION('',(0.866025403784,0.,0.5));
#4662 = DIRECTION('',(-0.5,1.9E-16,0.866025403784));
#4663 = ADVANCED_FACE('',(#4664),#4682,.F.);
#4664 = FACE_BOUND('',#4665,.F.);
#4665 = EDGE_LOOP('',(#4666,#4674,#4680,#4681));
#4666 = ORIENTED_EDGE('',*,*,#4667,.T.);
#4667 = EDGE_CURVE('',#4639,#4668,#4670,.T.);
#4668 = VERTEX_POINT('',#4669);
#4669 = CARTESIAN_POINT('',(1.155585969872,-1.5,2.57));
#4670 = LINE('',#4671,#4672);
#4671 = CARTESIAN_POINT('',(0.454716401706,-1.5,1.356058298459));
#4672 = VECTOR('',#4673,1.);
#4673 = DIRECTION('',(-0.5,0.,-0.866025403784));
#4674 = ORIENTED_EDGE('',*,*,#4675,.T.);
#4675 = EDGE_CURVE('',#4668,#2187,#4676,.T.);
#4676 = LINE('',#4677,#4678);
#4677 = CARTESIAN_POINT('',(1.155585969872,-10.,2.57));
#4678 = VECTOR('',#4679,1.);
#4679 = DIRECTION('',(0.,1.,0.));
#4680 = ORIENTED_EDGE('',*,*,#2194,.F.);
#4681 = ORIENTED_EDGE('',*,*,#4646,.F.);
#4682 = PLANE('',#4683);
#4683 = AXIS2_PLACEMENT_3D('',#4684,#4685,#4686);
#4684 = CARTESIAN_POINT('',(1.155585969872,-10.,2.57));
#4685 = DIRECTION('',(0.866025403784,0.,-0.5));
#4686 = DIRECTION('',(0.5,1.9E-16,0.866025403784));
#4687 = ADVANCED_FACE('',(#4688),#4706,.F.);
#4688 = FACE_BOUND('',#4689,.F.);
#4689 = EDGE_LOOP('',(#4690,#4698,#4704,#4705));
#4690 = ORIENTED_EDGE('',*,*,#4691,.T.);
#4691 = EDGE_CURVE('',#4668,#4692,#4694,.T.);
#4692 = VERTEX_POINT('',#4693);
#4693 = CARTESIAN_POINT('',(-1.153815106887,-1.5,2.57));
#4694 = LINE('',#4695,#4696);
#4695 = CARTESIAN_POINT('',(-0.576907553443,-1.5,2.57));
#4696 = VECTOR('',#4697,1.);
#4697 = DIRECTION('',(-1.,0.,0.));
#4698 = ORIENTED_EDGE('',*,*,#4699,.T.);
#4699 = EDGE_CURVE('',#4692,#2179,#4700,.T.);
#4700 = LINE('',#4701,#4702);
#4701 = CARTESIAN_POINT('',(-1.153815106887,-10.,2.57));
#4702 = VECTOR('',#4703,1.);
#4703 = DIRECTION('',(0.,1.,0.));
#4704 = ORIENTED_EDGE('',*,*,#2186,.F.);
#4705 = ORIENTED_EDGE('',*,*,#4675,.F.);
#4706 = PLANE('',#4707);
#4707 = AXIS2_PLACEMENT_3D('',#4708,#4709,#4710);
#4708 = CARTESIAN_POINT('',(-1.153815106887,-10.,2.57));
#4709 = DIRECTION('',(0.,0.,-1.));
#4710 = DIRECTION('',(1.,0.,0.));
#4711 = ADVANCED_FACE('',(#4712),#4730,.F.);
#4712 = FACE_BOUND('',#4713,.F.);
#4713 = EDGE_LOOP('',(#4714,#4722,#4728,#4729));
#4714 = ORIENTED_EDGE('',*,*,#4715,.T.);
#4715 = EDGE_CURVE('',#4692,#4716,#4718,.T.);
#4716 = VERTEX_POINT('',#4717);
#4717 = CARTESIAN_POINT('',(-2.308515645266,-1.5,4.57));
#4718 = LINE('',#4719,#4720);
#4719 = CARTESIAN_POINT('',(-1.030517165784,-1.5,2.356441701541));
#4720 = VECTOR('',#4721,1.);
#4721 = DIRECTION('',(-0.5,0.,0.866025403784));
#4722 = ORIENTED_EDGE('',*,*,#4723,.T.);
#4723 = EDGE_CURVE('',#4716,#2171,#4724,.T.);
#4724 = LINE('',#4725,#4726);
#4725 = CARTESIAN_POINT('',(-2.308515645266,-10.,4.57));
#4726 = VECTOR('',#4727,1.);
#4727 = DIRECTION('',(0.,1.,0.));
#4728 = ORIENTED_EDGE('',*,*,#2178,.F.);
#4729 = ORIENTED_EDGE('',*,*,#4699,.F.);
#4730 = PLANE('',#4731);
#4731 = AXIS2_PLACEMENT_3D('',#4732,#4733,#4734);
#4732 = CARTESIAN_POINT('',(-2.308515645266,-10.,4.57));
#4733 = DIRECTION('',(-0.866025403784,0.,-0.5));
#4734 = DIRECTION('',(0.5,-1.9E-16,-0.866025403784));
#4735 = ADVANCED_FACE('',(#4736),#4754,.F.);
#4736 = FACE_BOUND('',#4737,.F.);
#4737 = EDGE_LOOP('',(#4738,#4746,#4752,#4753));
#4738 = ORIENTED_EDGE('',*,*,#4739,.T.);
#4739 = EDGE_CURVE('',#4716,#4740,#4742,.T.);
#4740 = VERTEX_POINT('',#4741);
#4741 = CARTESIAN_POINT('',(-1.153815106887,-1.5,6.57));
#4742 = LINE('',#4743,#4744);
#4743 = CARTESIAN_POINT('',(-2.432034944242,-1.5,4.356058298459));
#4744 = VECTOR('',#4745,1.);
#4745 = DIRECTION('',(0.5,0.,0.866025403784));
#4746 = ORIENTED_EDGE('',*,*,#4747,.T.);
#4747 = EDGE_CURVE('',#4740,#2163,#4748,.T.);
#4748 = LINE('',#4749,#4750);
#4749 = CARTESIAN_POINT('',(-1.153815106887,-10.,6.57));
#4750 = VECTOR('',#4751,1.);
#4751 = DIRECTION('',(0.,1.,0.));
#4752 = ORIENTED_EDGE('',*,*,#2170,.F.);
#4753 = ORIENTED_EDGE('',*,*,#4723,.F.);
#4754 = PLANE('',#4755);
#4755 = AXIS2_PLACEMENT_3D('',#4756,#4757,#4758);
#4756 = CARTESIAN_POINT('',(-1.153815106887,-10.,6.57));
#4757 = DIRECTION('',(-0.866025403784,0.,0.5));
#4758 = DIRECTION('',(-0.5,-1.9E-16,-0.866025403784));
#4759 = ADVANCED_FACE('',(#4760),#4771,.F.);
#4760 = FACE_BOUND('',#4761,.F.);
#4761 = EDGE_LOOP('',(#4762,#4768,#4769,#4770));
#4762 = ORIENTED_EDGE('',*,*,#4763,.T.);
#4763 = EDGE_CURVE('',#4740,#4637,#4764,.T.);
#4764 = LINE('',#4765,#4766);
#4765 = CARTESIAN_POINT('',(0.577792984936,-1.5,6.57));
#4766 = VECTOR('',#4767,1.);
#4767 = DIRECTION('',(1.,0.,0.));
#4768 = ORIENTED_EDGE('',*,*,#4653,.T.);
#4769 = ORIENTED_EDGE('',*,*,#2162,.F.);
#4770 = ORIENTED_EDGE('',*,*,#4747,.F.);
#4771 = PLANE('',#4772);
#4772 = AXIS2_PLACEMENT_3D('',#4773,#4774,#4775);
#4773 = CARTESIAN_POINT('',(1.155585969872,-10.,6.57));
#4774 = DIRECTION('',(0.,0.,1.));
#4775 = DIRECTION('',(-1.,0.,0.));
#4776 = ADVANCED_FACE('',(#4777),#4802,.F.);
#4777 = FACE_BOUND('',#4778,.F.);
#4778 = EDGE_LOOP('',(#4779,#4789,#4795,#4796));
#4779 = ORIENTED_EDGE('',*,*,#4780,.T.);
#4780 = EDGE_CURVE('',#4781,#4783,#4785,.T.);
#4781 = VERTEX_POINT('',#4782);
#4782 = CARTESIAN_POINT('',(5.13930282728,-1.5,-4.93));
#4783 = VERTEX_POINT('',#4784);
#4784 = CARTESIAN_POINT('',(6.29400336566,-1.5,-6.93));
#4785 = LINE('',#4786,#4787);
#4786 = CARTESIAN_POINT('',(4.006863932896,-1.5,-2.968558298459));
#4787 = VECTOR('',#4788,1.);
#4788 = DIRECTION('',(0.5,0.,-0.866025403784));
#4789 = ORIENTED_EDGE('',*,*,#4790,.T.);
#4790 = EDGE_CURVE('',#4783,#2205,#4791,.T.);
#4791 = LINE('',#4792,#4793);
#4792 = CARTESIAN_POINT('',(6.29400336566,-10.,-6.93));
#4793 = VECTOR('',#4794,1.);
#4794 = DIRECTION('',(0.,1.,0.));
#4795 = ORIENTED_EDGE('',*,*,#2202,.F.);
#4796 = ORIENTED_EDGE('',*,*,#4797,.F.);
#4797 = EDGE_CURVE('',#4781,#2203,#4798,.T.);
#4798 = LINE('',#4799,#4800);
#4799 = CARTESIAN_POINT('',(5.13930282728,-10.,-4.93));
#4800 = VECTOR('',#4801,1.);
#4801 = DIRECTION('',(0.,1.,0.));
#4802 = PLANE('',#4803);
#4803 = AXIS2_PLACEMENT_3D('',#4804,#4805,#4806);
#4804 = CARTESIAN_POINT('',(6.29400336566,-10.,-6.93));
#4805 = DIRECTION('',(0.866025403784,0.,0.5));
#4806 = DIRECTION('',(-0.5,1.9E-16,0.866025403784));
#4807 = ADVANCED_FACE('',(#4808),#4826,.F.);
#4808 = FACE_BOUND('',#4809,.F.);
#4809 = EDGE_LOOP('',(#4810,#4818,#4824,#4825));
#4810 = ORIENTED_EDGE('',*,*,#4811,.T.);
#4811 = EDGE_CURVE('',#4783,#4812,#4814,.T.);
#4812 = VERTEX_POINT('',#4813);
#4813 = CARTESIAN_POINT('',(5.13930282728,-1.5,-8.93));
#4814 = LINE('',#4815,#4816);
#4815 = CARTESIAN_POINT('',(6.430291687819,-1.5,-6.693941701541));
#4816 = VECTOR('',#4817,1.);
#4817 = DIRECTION('',(-0.5,0.,-0.866025403784));
#4818 = ORIENTED_EDGE('',*,*,#4819,.T.);
#4819 = EDGE_CURVE('',#4812,#2237,#4820,.T.);
#4820 = LINE('',#4821,#4822);
#4821 = CARTESIAN_POINT('',(5.13930282728,-10.,-8.93));
#4822 = VECTOR('',#4823,1.);
#4823 = DIRECTION('',(0.,1.,0.));
#4824 = ORIENTED_EDGE('',*,*,#2244,.F.);
#4825 = ORIENTED_EDGE('',*,*,#4790,.F.);
#4826 = PLANE('',#4827);
#4827 = AXIS2_PLACEMENT_3D('',#4828,#4829,#4830);
#4828 = CARTESIAN_POINT('',(5.13930282728,-10.,-8.93));
#4829 = DIRECTION('',(0.866025403784,0.,-0.5));
#4830 = DIRECTION('',(0.5,1.9E-16,0.866025403784));
#4831 = ADVANCED_FACE('',(#4832),#4850,.F.);
#4832 = FACE_BOUND('',#4833,.F.);
#4833 = EDGE_LOOP('',(#4834,#4842,#4848,#4849));
#4834 = ORIENTED_EDGE('',*,*,#4835,.T.);
#4835 = EDGE_CURVE('',#4812,#4836,#4838,.T.);
#4836 = VERTEX_POINT('',#4837);
#4837 = CARTESIAN_POINT('',(2.829901750522,-1.5,-8.93));
#4838 = LINE('',#4839,#4840);
#4839 = CARTESIAN_POINT('',(1.414950875261,-1.5,-8.93));
#4840 = VECTOR('',#4841,1.);
#4841 = DIRECTION('',(-1.,0.,0.));
#4842 = ORIENTED_EDGE('',*,*,#4843,.T.);
#4843 = EDGE_CURVE('',#4836,#2229,#4844,.T.);
#4844 = LINE('',#4845,#4846);
#4845 = CARTESIAN_POINT('',(2.829901750522,-10.,-8.93));
#4846 = VECTOR('',#4847,1.);
#4847 = DIRECTION('',(0.,1.,0.));
#4848 = ORIENTED_EDGE('',*,*,#2236,.F.);
#4849 = ORIENTED_EDGE('',*,*,#4819,.F.);
#4850 = PLANE('',#4851);
#4851 = AXIS2_PLACEMENT_3D('',#4852,#4853,#4854);
#4852 = CARTESIAN_POINT('',(2.829901750522,-10.,-8.93));
#4853 = DIRECTION('',(0.,0.,-1.));
#4854 = DIRECTION('',(1.,0.,0.));
#4855 = ADVANCED_FACE('',(#4856),#4874,.F.);
#4856 = FACE_BOUND('',#4857,.F.);
#4857 = EDGE_LOOP('',(#4858,#4866,#4872,#4873));
#4858 = ORIENTED_EDGE('',*,*,#4859,.T.);
#4859 = EDGE_CURVE('',#4836,#4860,#4862,.T.);
#4860 = VERTEX_POINT('',#4861);
#4861 = CARTESIAN_POINT('',(1.675201212143,-1.5,-6.93));
#4862 = LINE('',#4863,#4864);
#4863 = CARTESIAN_POINT('',(-3.458795143184E-02,-1.5,-3.968558298459));
#4864 = VECTOR('',#4865,1.);
#4865 = DIRECTION('',(-0.5,0.,0.866025403784));
#4866 = ORIENTED_EDGE('',*,*,#4867,.T.);
#4867 = EDGE_CURVE('',#4860,#2221,#4868,.T.);
#4868 = LINE('',#4869,#4870);
#4869 = CARTESIAN_POINT('',(1.675201212143,-10.,-6.93));
#4870 = VECTOR('',#4871,1.);
#4871 = DIRECTION('',(0.,1.,0.));
#4872 = ORIENTED_EDGE('',*,*,#2228,.F.);
#4873 = ORIENTED_EDGE('',*,*,#4843,.F.);
#4874 = PLANE('',#4875);
#4875 = AXIS2_PLACEMENT_3D('',#4876,#4877,#4878);
#4876 = CARTESIAN_POINT('',(1.675201212143,-10.,-6.93));
#4877 = DIRECTION('',(-0.866025403784,0.,-0.5));
#4878 = DIRECTION('',(0.5,-1.9E-16,-0.866025403784));
#4879 = ADVANCED_FACE('',(#4880),#4898,.F.);
#4880 = FACE_BOUND('',#4881,.F.);
#4881 = EDGE_LOOP('',(#4882,#4890,#4896,#4897));
#4882 = ORIENTED_EDGE('',*,*,#4883,.T.);
#4883 = EDGE_CURVE('',#4860,#4884,#4886,.T.);
#4884 = VERTEX_POINT('',#4885);
#4885 = CARTESIAN_POINT('',(2.829901750522,-1.5,-4.93));
#4886 = LINE('',#4887,#4888);
#4887 = CARTESIAN_POINT('',(3.543540341871,-1.5,-3.693941701541));
#4888 = VECTOR('',#4889,1.);
#4889 = DIRECTION('',(0.5,0.,0.866025403784));
#4890 = ORIENTED_EDGE('',*,*,#4891,.T.);
#4891 = EDGE_CURVE('',#4884,#2213,#4892,.T.);
#4892 = LINE('',#4893,#4894);
#4893 = CARTESIAN_POINT('',(2.829901750522,-10.,-4.93));
#4894 = VECTOR('',#4895,1.);
#4895 = DIRECTION('',(0.,1.,0.));
#4896 = ORIENTED_EDGE('',*,*,#2220,.F.);
#4897 = ORIENTED_EDGE('',*,*,#4867,.F.);
#4898 = PLANE('',#4899);
#4899 = AXIS2_PLACEMENT_3D('',#4900,#4901,#4902);
#4900 = CARTESIAN_POINT('',(2.829901750522,-10.,-4.93));
#4901 = DIRECTION('',(-0.866025403784,0.,0.5));
#4902 = DIRECTION('',(-0.5,-1.9E-16,-0.866025403784));
#4903 = ADVANCED_FACE('',(#4904),#4915,.F.);
#4904 = FACE_BOUND('',#4905,.F.);
#4905 = EDGE_LOOP('',(#4906,#4912,#4913,#4914));
#4906 = ORIENTED_EDGE('',*,*,#4907,.T.);
#4907 = EDGE_CURVE('',#4884,#4781,#4908,.T.);
#4908 = LINE('',#4909,#4910);
#4909 = CARTESIAN_POINT('',(2.56965141364,-1.5,-4.93));
#4910 = VECTOR('',#4911,1.);
#4911 = DIRECTION('',(1.,0.,0.));
#4912 = ORIENTED_EDGE('',*,*,#4797,.T.);
#4913 = ORIENTED_EDGE('',*,*,#2212,.F.);
#4914 = ORIENTED_EDGE('',*,*,#4891,.F.);
#4915 = PLANE('',#4916);
#4916 = AXIS2_PLACEMENT_3D('',#4917,#4918,#4919);
#4917 = CARTESIAN_POINT('',(5.13930282728,-10.,-4.93));
#4918 = DIRECTION('',(0.,0.,1.));
#4919 = DIRECTION('',(-1.,0.,0.));
#4920 = ADVANCED_FACE('',(#4921),#4946,.F.);
#4921 = FACE_BOUND('',#4922,.F.);
#4922 = EDGE_LOOP('',(#4923,#4933,#4939,#4940));
#4923 = ORIENTED_EDGE('',*,*,#4924,.T.);
#4924 = EDGE_CURVE('',#4925,#4927,#4929,.T.);
#4925 = VERTEX_POINT('',#4926);
#4926 = CARTESIAN_POINT('',(5.13930282728,-1.5,-0.33));
#4927 = VERTEX_POINT('',#4928);
#4928 = CARTESIAN_POINT('',(6.29400336566,-1.5,-2.33));
#4929 = LINE('',#4930,#4931);
#4930 = CARTESIAN_POINT('',(5.002793147248,-1.5,-9.355829845852E-02));
#4931 = VECTOR('',#4932,1.);
#4932 = DIRECTION('',(0.5,0.,-0.866025403784));
#4933 = ORIENTED_EDGE('',*,*,#4934,.T.);
#4934 = EDGE_CURVE('',#4927,#2255,#4935,.T.);
#4935 = LINE('',#4936,#4937);
#4936 = CARTESIAN_POINT('',(6.29400336566,-10.,-2.33));
#4937 = VECTOR('',#4938,1.);
#4938 = DIRECTION('',(0.,1.,0.));
#4939 = ORIENTED_EDGE('',*,*,#2252,.F.);
#4940 = ORIENTED_EDGE('',*,*,#4941,.F.);
#4941 = EDGE_CURVE('',#4925,#2253,#4942,.T.);
#4942 = LINE('',#4943,#4944);
#4943 = CARTESIAN_POINT('',(5.13930282728,-10.,-0.33));
#4944 = VECTOR('',#4945,1.);
#4945 = DIRECTION('',(0.,1.,0.));
#4946 = PLANE('',#4947);
#4947 = AXIS2_PLACEMENT_3D('',#4948,#4949,#4950);
#4948 = CARTESIAN_POINT('',(6.29400336566,-10.,-2.33));
#4949 = DIRECTION('',(0.866025403784,0.,0.5));
#4950 = DIRECTION('',(-0.5,1.9E-16,0.866025403784));
#4951 = ADVANCED_FACE('',(#4952),#4970,.F.);
#4952 = FACE_BOUND('',#4953,.F.);
#4953 = EDGE_LOOP('',(#4954,#4962,#4968,#4969));
#4954 = ORIENTED_EDGE('',*,*,#4955,.T.);
#4955 = EDGE_CURVE('',#4927,#4956,#4958,.T.);
#4956 = VERTEX_POINT('',#4957);
#4957 = CARTESIAN_POINT('',(5.13930282728,-1.5,-4.33));
#4958 = LINE('',#4959,#4960);
#4959 = CARTESIAN_POINT('',(5.434362473467,-1.5,-3.818941701541));
#4960 = VECTOR('',#4961,1.);
#4961 = DIRECTION('',(-0.5,0.,-0.866025403784));
#4962 = ORIENTED_EDGE('',*,*,#4963,.T.);
#4963 = EDGE_CURVE('',#4956,#2287,#4964,.T.);
#4964 = LINE('',#4965,#4966);
#4965 = CARTESIAN_POINT('',(5.13930282728,-10.,-4.33));
#4966 = VECTOR('',#4967,1.);
#4967 = DIRECTION('',(0.,1.,0.));
#4968 = ORIENTED_EDGE('',*,*,#2294,.F.);
#4969 = ORIENTED_EDGE('',*,*,#4934,.F.);
#4970 = PLANE('',#4971);
#4971 = AXIS2_PLACEMENT_3D('',#4972,#4973,#4974);
#4972 = CARTESIAN_POINT('',(5.13930282728,-10.,-4.33));
#4973 = DIRECTION('',(0.866025403784,0.,-0.5));
#4974 = DIRECTION('',(0.5,1.9E-16,0.866025403784));
#4975 = ADVANCED_FACE('',(#4976),#4994,.F.);
#4976 = FACE_BOUND('',#4977,.F.);
#4977 = EDGE_LOOP('',(#4978,#4986,#4992,#4993));
#4978 = ORIENTED_EDGE('',*,*,#4979,.T.);
#4979 = EDGE_CURVE('',#4956,#4980,#4982,.T.);
#4980 = VERTEX_POINT('',#4981);
#4981 = CARTESIAN_POINT('',(2.829901750522,-1.5,-4.33));
#4982 = LINE('',#4983,#4984);
#4983 = CARTESIAN_POINT('',(1.414950875261,-1.5,-4.33));
#4984 = VECTOR('',#4985,1.);
#4985 = DIRECTION('',(-1.,0.,0.));
#4986 = ORIENTED_EDGE('',*,*,#4987,.T.);
#4987 = EDGE_CURVE('',#4980,#2279,#4988,.T.);
#4988 = LINE('',#4989,#4990);
#4989 = CARTESIAN_POINT('',(2.829901750522,-10.,-4.33));
#4990 = VECTOR('',#4991,1.);
#4991 = DIRECTION('',(0.,1.,0.));
#4992 = ORIENTED_EDGE('',*,*,#2286,.F.);
#4993 = ORIENTED_EDGE('',*,*,#4963,.F.);
#4994 = PLANE('',#4995);
#4995 = AXIS2_PLACEMENT_3D('',#4996,#4997,#4998);
#4996 = CARTESIAN_POINT('',(2.829901750522,-10.,-4.33));
#4997 = DIRECTION('',(0.,0.,-1.));
#4998 = DIRECTION('',(1.,0.,0.));
#4999 = ADVANCED_FACE('',(#5000),#5018,.F.);
#5000 = FACE_BOUND('',#5001,.F.);
#5001 = EDGE_LOOP('',(#5002,#5010,#5016,#5017));
#5002 = ORIENTED_EDGE('',*,*,#5003,.T.);
#5003 = EDGE_CURVE('',#4980,#5004,#5006,.T.);
#5004 = VERTEX_POINT('',#5005);
#5005 = CARTESIAN_POINT('',(1.675201212143,-1.5,-2.33));
#5006 = LINE('',#5007,#5008);
#5007 = CARTESIAN_POINT('',(0.96134126292,-1.5,-1.093558298459));
#5008 = VECTOR('',#5009,1.);
#5009 = DIRECTION('',(-0.5,0.,0.866025403784));
#5010 = ORIENTED_EDGE('',*,*,#5011,.T.);
#5011 = EDGE_CURVE('',#5004,#2271,#5012,.T.);
#5012 = LINE('',#5013,#5014);
#5013 = CARTESIAN_POINT('',(1.675201212143,-10.,-2.33));
#5014 = VECTOR('',#5015,1.);
#5015 = DIRECTION('',(0.,1.,0.));
#5016 = ORIENTED_EDGE('',*,*,#2278,.F.);
#5017 = ORIENTED_EDGE('',*,*,#4987,.F.);
#5018 = PLANE('',#5019);
#5019 = AXIS2_PLACEMENT_3D('',#5020,#5021,#5022);
#5020 = CARTESIAN_POINT('',(1.675201212143,-10.,-2.33));
#5021 = DIRECTION('',(-0.866025403784,0.,-0.5));
#5022 = DIRECTION('',(0.5,-1.9E-16,-0.866025403784));
#5023 = ADVANCED_FACE('',(#5024),#5042,.F.);
#5024 = FACE_BOUND('',#5025,.F.);
#5025 = EDGE_LOOP('',(#5026,#5034,#5040,#5041));
#5026 = ORIENTED_EDGE('',*,*,#5027,.T.);
#5027 = EDGE_CURVE('',#5004,#5028,#5030,.T.);
#5028 = VERTEX_POINT('',#5029);
#5029 = CARTESIAN_POINT('',(2.829901750522,-1.5,-0.33));
#5030 = LINE('',#5031,#5032);
#5031 = CARTESIAN_POINT('',(2.547611127519,-1.5,-0.818941701541));
#5032 = VECTOR('',#5033,1.);
#5033 = DIRECTION('',(0.5,0.,0.866025403784));
#5034 = ORIENTED_EDGE('',*,*,#5035,.T.);
#5035 = EDGE_CURVE('',#5028,#2263,#5036,.T.);
#5036 = LINE('',#5037,#5038);
#5037 = CARTESIAN_POINT('',(2.829901750522,-10.,-0.33));
#5038 = VECTOR('',#5039,1.);
#5039 = DIRECTION('',(0.,1.,0.));
#5040 = ORIENTED_EDGE('',*,*,#2270,.F.);
#5041 = ORIENTED_EDGE('',*,*,#5011,.F.);
#5042 = PLANE('',#5043);
#5043 = AXIS2_PLACEMENT_3D('',#5044,#5045,#5046);
#5044 = CARTESIAN_POINT('',(2.829901750522,-10.,-0.33));
#5045 = DIRECTION('',(-0.866025403784,0.,0.5));
#5046 = DIRECTION('',(-0.5,-1.9E-16,-0.866025403784));
#5047 = ADVANCED_FACE('',(#5048),#5059,.F.);
#5048 = FACE_BOUND('',#5049,.F.);
#5049 = EDGE_LOOP('',(#5050,#5056,#5057,#5058));
#5050 = ORIENTED_EDGE('',*,*,#5051,.T.);
#5051 = EDGE_CURVE('',#5028,#4925,#5052,.T.);
#5052 = LINE('',#5053,#5054);
#5053 = CARTESIAN_POINT('',(2.56965141364,-1.5,-0.33));
#5054 = VECTOR('',#5055,1.);
#5055 = DIRECTION('',(1.,0.,0.));
#5056 = ORIENTED_EDGE('',*,*,#4941,.T.);
#5057 = ORIENTED_EDGE('',*,*,#2262,.F.);
#5058 = ORIENTED_EDGE('',*,*,#5035,.F.);
#5059 = PLANE('',#5060);
#5060 = AXIS2_PLACEMENT_3D('',#5061,#5062,#5063);
#5061 = CARTESIAN_POINT('',(5.13930282728,-10.,-0.33));
#5062 = DIRECTION('',(0.,0.,1.));
#5063 = DIRECTION('',(-1.,0.,0.));
#5064 = ADVANCED_FACE('',(#5065),#5090,.F.);
#5065 = FACE_BOUND('',#5066,.F.);
#5066 = EDGE_LOOP('',(#5067,#5077,#5083,#5084));
#5067 = ORIENTED_EDGE('',*,*,#5068,.T.);
#5068 = EDGE_CURVE('',#5069,#5071,#5073,.T.);
#5069 = VERTEX_POINT('',#5070);
#5070 = CARTESIAN_POINT('',(9.123019684689,-1.5,1.97));
#5071 = VERTEX_POINT('',#5072);
#5072 = CARTESIAN_POINT('',(10.277720223068,-1.5,-3.E-02));
#5073 = LINE('',#5074,#5075);
#5074 = CARTESIAN_POINT('',(8.986510004656,-1.5,2.206441701541));
#5075 = VECTOR('',#5076,1.);
#5076 = DIRECTION('',(0.5,0.,-0.866025403784));
#5077 = ORIENTED_EDGE('',*,*,#5078,.T.);
#5078 = EDGE_CURVE('',#5071,#2405,#5079,.T.);
#5079 = LINE('',#5080,#5081);
#5080 = CARTESIAN_POINT('',(10.277720223068,-10.,-3.E-02));
#5081 = VECTOR('',#5082,1.);
#5082 = DIRECTION('',(0.,1.,0.));
#5083 = ORIENTED_EDGE('',*,*,#2402,.F.);
#5084 = ORIENTED_EDGE('',*,*,#5085,.F.);
#5085 = EDGE_CURVE('',#5069,#2403,#5086,.T.);
#5086 = LINE('',#5087,#5088);
#5087 = CARTESIAN_POINT('',(9.123019684689,-10.,1.97));
#5088 = VECTOR('',#5089,1.);
#5089 = DIRECTION('',(0.,1.,0.));
#5090 = PLANE('',#5091);
#5091 = AXIS2_PLACEMENT_3D('',#5092,#5093,#5094);
#5092 = CARTESIAN_POINT('',(10.277720223068,-10.,-3.E-02));
#5093 = DIRECTION('',(0.866025403784,0.,0.5));
#5094 = DIRECTION('',(-0.5,1.9E-16,0.866025403784));
#5095 = ADVANCED_FACE('',(#5096),#5114,.F.);
#5096 = FACE_BOUND('',#5097,.F.);
#5097 = EDGE_LOOP('',(#5098,#5106,#5112,#5113));
#5098 = ORIENTED_EDGE('',*,*,#5099,.T.);
#5099 = EDGE_CURVE('',#5071,#5100,#5102,.T.);
#5100 = VERTEX_POINT('',#5101);
#5101 = CARTESIAN_POINT('',(9.123019684689,-1.5,-2.03));
#5102 = LINE('',#5103,#5104);
#5103 = CARTESIAN_POINT('',(8.422150116523,-1.5,-3.243941701541));
#5104 = VECTOR('',#5105,1.);
#5105 = DIRECTION('',(-0.5,0.,-0.866025403784));
#5106 = ORIENTED_EDGE('',*,*,#5107,.T.);
#5107 = EDGE_CURVE('',#5100,#2437,#5108,.T.);
#5108 = LINE('',#5109,#5110);
#5109 = CARTESIAN_POINT('',(9.123019684689,-10.,-2.03));
#5110 = VECTOR('',#5111,1.);
#5111 = DIRECTION('',(0.,1.,0.));
#5112 = ORIENTED_EDGE('',*,*,#2444,.F.);
#5113 = ORIENTED_EDGE('',*,*,#5078,.F.);
#5114 = PLANE('',#5115);
#5115 = AXIS2_PLACEMENT_3D('',#5116,#5117,#5118);
#5116 = CARTESIAN_POINT('',(9.123019684689,-10.,-2.03));
#5117 = DIRECTION('',(0.866025403784,0.,-0.5));
#5118 = DIRECTION('',(0.5,1.9E-16,0.866025403784));
#5119 = ADVANCED_FACE('',(#5120),#5138,.F.);
#5120 = FACE_BOUND('',#5121,.F.);
#5121 = EDGE_LOOP('',(#5122,#5130,#5136,#5137));
#5122 = ORIENTED_EDGE('',*,*,#5123,.T.);
#5123 = EDGE_CURVE('',#5100,#5124,#5126,.T.);
#5124 = VERTEX_POINT('',#5125);
#5125 = CARTESIAN_POINT('',(6.81361860793,-1.5,-2.03));
#5126 = LINE('',#5127,#5128);
#5127 = CARTESIAN_POINT('',(3.406809303965,-1.5,-2.03));
#5128 = VECTOR('',#5129,1.);
#5129 = DIRECTION('',(-1.,0.,0.));
#5130 = ORIENTED_EDGE('',*,*,#5131,.T.);
#5131 = EDGE_CURVE('',#5124,#2429,#5132,.T.);
#5132 = LINE('',#5133,#5134);
#5133 = CARTESIAN_POINT('',(6.81361860793,-10.,-2.03));
#5134 = VECTOR('',#5135,1.);
#5135 = DIRECTION('',(0.,1.,0.));
#5136 = ORIENTED_EDGE('',*,*,#2436,.F.);
#5137 = ORIENTED_EDGE('',*,*,#5107,.F.);
#5138 = PLANE('',#5139);
#5139 = AXIS2_PLACEMENT_3D('',#5140,#5141,#5142);
#5140 = CARTESIAN_POINT('',(6.81361860793,-10.,-2.03));
#5141 = DIRECTION('',(0.,0.,-1.));
#5142 = DIRECTION('',(1.,0.,0.));
#5143 = ADVANCED_FACE('',(#5144),#5162,.F.);
#5144 = FACE_BOUND('',#5145,.F.);
#5145 = EDGE_LOOP('',(#5146,#5154,#5160,#5161));
#5146 = ORIENTED_EDGE('',*,*,#5147,.T.);
#5147 = EDGE_CURVE('',#5124,#5148,#5150,.T.);
#5148 = VERTEX_POINT('',#5149);
#5149 = CARTESIAN_POINT('',(5.658918069551,-1.5,-3.E-02));
#5150 = LINE('',#5151,#5152);
#5151 = CARTESIAN_POINT('',(4.945058120329,-1.5,1.206441701541));
#5152 = VECTOR('',#5153,1.);
#5153 = DIRECTION('',(-0.5,0.,0.866025403784));
#5154 = ORIENTED_EDGE('',*,*,#5155,.T.);
#5155 = EDGE_CURVE('',#5148,#2421,#5156,.T.);
#5156 = LINE('',#5157,#5158);
#5157 = CARTESIAN_POINT('',(5.658918069551,-10.,-3.E-02));
#5158 = VECTOR('',#5159,1.);
#5159 = DIRECTION('',(0.,1.,0.));
#5160 = ORIENTED_EDGE('',*,*,#2428,.F.);
#5161 = ORIENTED_EDGE('',*,*,#5131,.F.);
#5162 = PLANE('',#5163);
#5163 = AXIS2_PLACEMENT_3D('',#5164,#5165,#5166);
#5164 = CARTESIAN_POINT('',(5.658918069551,-10.,-3.E-02));
#5165 = DIRECTION('',(-0.866025403784,0.,-0.5));
#5166 = DIRECTION('',(0.5,-1.9E-16,-0.866025403784));
#5167 = ADVANCED_FACE('',(#5168),#5186,.F.);
#5168 = FACE_BOUND('',#5169,.F.);
#5169 = EDGE_LOOP('',(#5170,#5178,#5184,#5185));
#5170 = ORIENTED_EDGE('',*,*,#5171,.T.);
#5171 = EDGE_CURVE('',#5148,#5172,#5174,.T.);
#5172 = VERTEX_POINT('',#5173);
#5173 = CARTESIAN_POINT('',(6.81361860793,-1.5,1.97));
#5174 = LINE('',#5175,#5176);
#5175 = CARTESIAN_POINT('',(5.535398770575,-1.5,-0.243941701541));
#5176 = VECTOR('',#5177,1.);
#5177 = DIRECTION('',(0.5,0.,0.866025403784));
#5178 = ORIENTED_EDGE('',*,*,#5179,.T.);
#5179 = EDGE_CURVE('',#5172,#2413,#5180,.T.);
#5180 = LINE('',#5181,#5182);
#5181 = CARTESIAN_POINT('',(6.81361860793,-10.,1.97));
#5182 = VECTOR('',#5183,1.);
#5183 = DIRECTION('',(0.,1.,0.));
#5184 = ORIENTED_EDGE('',*,*,#2420,.F.);
#5185 = ORIENTED_EDGE('',*,*,#5155,.F.);
#5186 = PLANE('',#5187);
#5187 = AXIS2_PLACEMENT_3D('',#5188,#5189,#5190);
#5188 = CARTESIAN_POINT('',(6.81361860793,-10.,1.97));
#5189 = DIRECTION('',(-0.866025403784,0.,0.5));
#5190 = DIRECTION('',(-0.5,-1.9E-16,-0.866025403784));
#5191 = ADVANCED_FACE('',(#5192),#5203,.F.);
#5192 = FACE_BOUND('',#5193,.F.);
#5193 = EDGE_LOOP('',(#5194,#5200,#5201,#5202));
#5194 = ORIENTED_EDGE('',*,*,#5195,.T.);
#5195 = EDGE_CURVE('',#5172,#5069,#5196,.T.);
#5196 = LINE('',#5197,#5198);
#5197 = CARTESIAN_POINT('',(4.561509842344,-1.5,1.97));
#5198 = VECTOR('',#5199,1.);
#5199 = DIRECTION('',(1.,0.,0.));
#5200 = ORIENTED_EDGE('',*,*,#5085,.T.);
#5201 = ORIENTED_EDGE('',*,*,#2412,.F.);
#5202 = ORIENTED_EDGE('',*,*,#5179,.F.);
#5203 = PLANE('',#5204);
#5204 = AXIS2_PLACEMENT_3D('',#5205,#5206,#5207);
#5205 = CARTESIAN_POINT('',(9.123019684689,-10.,1.97));
#5206 = DIRECTION('',(0.,0.,1.));
#5207 = DIRECTION('',(-1.,0.,0.));
#5208 = ADVANCED_FACE('',(#5209),#5234,.F.);
#5209 = FACE_BOUND('',#5210,.F.);
#5210 = EDGE_LOOP('',(#5211,#5221,#5227,#5228));
#5211 = ORIENTED_EDGE('',*,*,#5212,.T.);
#5212 = EDGE_CURVE('',#5213,#5215,#5217,.T.);
#5213 = VERTEX_POINT('',#5214);
#5214 = CARTESIAN_POINT('',(5.13930282728,-1.5,4.27));
#5215 = VERTEX_POINT('',#5216);
#5216 = CARTESIAN_POINT('',(6.29400336566,-1.5,2.27));
#5217 = LINE('',#5218,#5219);
#5218 = CARTESIAN_POINT('',(5.9987223616,-1.5,2.781441701541));
#5219 = VECTOR('',#5220,1.);
#5220 = DIRECTION('',(0.5,0.,-0.866025403784));
#5221 = ORIENTED_EDGE('',*,*,#5222,.T.);
#5222 = EDGE_CURVE('',#5215,#2305,#5223,.T.);
#5223 = LINE('',#5224,#5225);
#5224 = CARTESIAN_POINT('',(6.29400336566,-10.,2.27));
#5225 = VECTOR('',#5226,1.);
#5226 = DIRECTION('',(0.,1.,0.));
#5227 = ORIENTED_EDGE('',*,*,#2302,.F.);
#5228 = ORIENTED_EDGE('',*,*,#5229,.F.);
#5229 = EDGE_CURVE('',#5213,#2303,#5230,.T.);
#5230 = LINE('',#5231,#5232);
#5231 = CARTESIAN_POINT('',(5.13930282728,-10.,4.27));
#5232 = VECTOR('',#5233,1.);
#5233 = DIRECTION('',(0.,1.,0.));
#5234 = PLANE('',#5235);
#5235 = AXIS2_PLACEMENT_3D('',#5236,#5237,#5238);
#5236 = CARTESIAN_POINT('',(6.29400336566,-10.,2.27));
#5237 = DIRECTION('',(0.866025403784,0.,0.5));
#5238 = DIRECTION('',(-0.5,1.9E-16,0.866025403784));
#5239 = ADVANCED_FACE('',(#5240),#5258,.F.);
#5240 = FACE_BOUND('',#5241,.F.);
#5241 = EDGE_LOOP('',(#5242,#5250,#5256,#5257));
#5242 = ORIENTED_EDGE('',*,*,#5243,.T.);
#5243 = EDGE_CURVE('',#5215,#5244,#5246,.T.);
#5244 = VERTEX_POINT('',#5245);
#5245 = CARTESIAN_POINT('',(5.13930282728,-1.5,0.27));
#5246 = LINE('',#5247,#5248);
#5247 = CARTESIAN_POINT('',(4.438433259115,-1.5,-0.943941701541));
#5248 = VECTOR('',#5249,1.);
#5249 = DIRECTION('',(-0.5,0.,-0.866025403784));
#5250 = ORIENTED_EDGE('',*,*,#5251,.T.);
#5251 = EDGE_CURVE('',#5244,#2337,#5252,.T.);
#5252 = LINE('',#5253,#5254);
#5253 = CARTESIAN_POINT('',(5.13930282728,-10.,0.27));
#5254 = VECTOR('',#5255,1.);
#5255 = DIRECTION('',(0.,1.,0.));
#5256 = ORIENTED_EDGE('',*,*,#2344,.F.);
#5257 = ORIENTED_EDGE('',*,*,#5222,.F.);
#5258 = PLANE('',#5259);
#5259 = AXIS2_PLACEMENT_3D('',#5260,#5261,#5262);
#5260 = CARTESIAN_POINT('',(5.13930282728,-10.,0.27));
#5261 = DIRECTION('',(0.866025403784,0.,-0.5));
#5262 = DIRECTION('',(0.5,1.9E-16,0.866025403784));
#5263 = ADVANCED_FACE('',(#5264),#5282,.F.);
#5264 = FACE_BOUND('',#5265,.F.);
#5265 = EDGE_LOOP('',(#5266,#5274,#5280,#5281));
#5266 = ORIENTED_EDGE('',*,*,#5267,.T.);
#5267 = EDGE_CURVE('',#5244,#5268,#5270,.T.);
#5268 = VERTEX_POINT('',#5269);
#5269 = CARTESIAN_POINT('',(2.829901750522,-1.5,0.27));
#5270 = LINE('',#5271,#5272);
#5271 = CARTESIAN_POINT('',(1.414950875261,-1.5,0.27));
#5272 = VECTOR('',#5273,1.);
#5273 = DIRECTION('',(-1.,0.,0.));
#5274 = ORIENTED_EDGE('',*,*,#5275,.T.);
#5275 = EDGE_CURVE('',#5268,#2329,#5276,.T.);
#5276 = LINE('',#5277,#5278);
#5277 = CARTESIAN_POINT('',(2.829901750522,-10.,0.27));
#5278 = VECTOR('',#5279,1.);
#5279 = DIRECTION('',(0.,1.,0.));
#5280 = ORIENTED_EDGE('',*,*,#2336,.F.);
#5281 = ORIENTED_EDGE('',*,*,#5251,.F.);
#5282 = PLANE('',#5283);
#5283 = AXIS2_PLACEMENT_3D('',#5284,#5285,#5286);
#5284 = CARTESIAN_POINT('',(2.829901750522,-10.,0.27));
#5285 = DIRECTION('',(0.,0.,-1.));
#5286 = DIRECTION('',(1.,0.,0.));
#5287 = ADVANCED_FACE('',(#5288),#5306,.F.);
#5288 = FACE_BOUND('',#5289,.F.);
#5289 = EDGE_LOOP('',(#5290,#5298,#5304,#5305));
#5290 = ORIENTED_EDGE('',*,*,#5291,.T.);
#5291 = EDGE_CURVE('',#5268,#5292,#5294,.T.);
#5292 = VERTEX_POINT('',#5293);
#5293 = CARTESIAN_POINT('',(1.675201212143,-1.5,2.27));
#5294 = LINE('',#5295,#5296);
#5295 = CARTESIAN_POINT('',(1.957270477272,-1.5,1.781441701541));
#5296 = VECTOR('',#5297,1.);
#5297 = DIRECTION('',(-0.5,0.,0.866025403784));
#5298 = ORIENTED_EDGE('',*,*,#5299,.T.);
#5299 = EDGE_CURVE('',#5292,#2321,#5300,.T.);
#5300 = LINE('',#5301,#5302);
#5301 = CARTESIAN_POINT('',(1.675201212143,-10.,2.27));
#5302 = VECTOR('',#5303,1.);
#5303 = DIRECTION('',(0.,1.,0.));
#5304 = ORIENTED_EDGE('',*,*,#2328,.F.);
#5305 = ORIENTED_EDGE('',*,*,#5275,.F.);
#5306 = PLANE('',#5307);
#5307 = AXIS2_PLACEMENT_3D('',#5308,#5309,#5310);
#5308 = CARTESIAN_POINT('',(1.675201212143,-10.,2.27));
#5309 = DIRECTION('',(-0.866025403784,0.,-0.5));
#5310 = DIRECTION('',(0.5,-1.9E-16,-0.866025403784));
#5311 = ADVANCED_FACE('',(#5312),#5330,.F.);
#5312 = FACE_BOUND('',#5313,.F.);
#5313 = EDGE_LOOP('',(#5314,#5322,#5328,#5329));
#5314 = ORIENTED_EDGE('',*,*,#5315,.T.);
#5315 = EDGE_CURVE('',#5292,#5316,#5318,.T.);
#5316 = VERTEX_POINT('',#5317);
#5317 = CARTESIAN_POINT('',(2.829901750522,-1.5,4.27));
#5318 = LINE('',#5319,#5320);
#5319 = CARTESIAN_POINT('',(1.551681913167,-1.5,2.056058298459));
#5320 = VECTOR('',#5321,1.);
#5321 = DIRECTION('',(0.5,0.,0.866025403784));
#5322 = ORIENTED_EDGE('',*,*,#5323,.T.);
#5323 = EDGE_CURVE('',#5316,#2313,#5324,.T.);
#5324 = LINE('',#5325,#5326);
#5325 = CARTESIAN_POINT('',(2.829901750522,-10.,4.27));
#5326 = VECTOR('',#5327,1.);
#5327 = DIRECTION('',(0.,1.,0.));
#5328 = ORIENTED_EDGE('',*,*,#2320,.F.);
#5329 = ORIENTED_EDGE('',*,*,#5299,.F.);
#5330 = PLANE('',#5331);
#5331 = AXIS2_PLACEMENT_3D('',#5332,#5333,#5334);
#5332 = CARTESIAN_POINT('',(2.829901750522,-10.,4.27));
#5333 = DIRECTION('',(-0.866025403784,0.,0.5));
#5334 = DIRECTION('',(-0.5,-1.9E-16,-0.866025403784));
#5335 = ADVANCED_FACE('',(#5336),#5347,.F.);
#5336 = FACE_BOUND('',#5337,.F.);
#5337 = EDGE_LOOP('',(#5338,#5344,#5345,#5346));
#5338 = ORIENTED_EDGE('',*,*,#5339,.T.);
#5339 = EDGE_CURVE('',#5316,#5213,#5340,.T.);
#5340 = LINE('',#5341,#5342);
#5341 = CARTESIAN_POINT('',(2.56965141364,-1.5,4.27));
#5342 = VECTOR('',#5343,1.);
#5343 = DIRECTION('',(1.,0.,0.));
#5344 = ORIENTED_EDGE('',*,*,#5229,.T.);
#5345 = ORIENTED_EDGE('',*,*,#2312,.F.);
#5346 = ORIENTED_EDGE('',*,*,#5323,.F.);
#5347 = PLANE('',#5348);
#5348 = AXIS2_PLACEMENT_3D('',#5349,#5350,#5351);
#5349 = CARTESIAN_POINT('',(5.13930282728,-10.,4.27));
#5350 = DIRECTION('',(0.,0.,1.));
#5351 = DIRECTION('',(-1.,0.,0.));
#5352 = ADVANCED_FACE('',(#5353),#5378,.F.);
#5353 = FACE_BOUND('',#5354,.F.);
#5354 = EDGE_LOOP('',(#5355,#5365,#5371,#5372));
#5355 = ORIENTED_EDGE('',*,*,#5356,.T.);
#5356 = EDGE_CURVE('',#5357,#5359,#5361,.T.);
#5357 = VERTEX_POINT('',#5358);
#5358 = CARTESIAN_POINT('',(5.13930282728,-1.5,8.87));
#5359 = VERTEX_POINT('',#5360);
#5360 = CARTESIAN_POINT('',(6.29400336566,-1.5,6.87));
#5361 = LINE('',#5362,#5363);
#5362 = CARTESIAN_POINT('',(6.994651575952,-1.5,5.656441701541));
#5363 = VECTOR('',#5364,1.);
#5364 = DIRECTION('',(0.5,0.,-0.866025403784));
#5365 = ORIENTED_EDGE('',*,*,#5366,.T.);
#5366 = EDGE_CURVE('',#5359,#2355,#5367,.T.);
#5367 = LINE('',#5368,#5369);
#5368 = CARTESIAN_POINT('',(6.29400336566,-10.,6.87));
#5369 = VECTOR('',#5370,1.);
#5370 = DIRECTION('',(0.,1.,0.));
#5371 = ORIENTED_EDGE('',*,*,#2352,.F.);
#5372 = ORIENTED_EDGE('',*,*,#5373,.F.);
#5373 = EDGE_CURVE('',#5357,#2353,#5374,.T.);
#5374 = LINE('',#5375,#5376);
#5375 = CARTESIAN_POINT('',(5.13930282728,-10.,8.87));
#5376 = VECTOR('',#5377,1.);
#5377 = DIRECTION('',(0.,1.,0.));
#5378 = PLANE('',#5379);
#5379 = AXIS2_PLACEMENT_3D('',#5380,#5381,#5382);
#5380 = CARTESIAN_POINT('',(6.29400336566,-10.,6.87));
#5381 = DIRECTION('',(0.866025403784,0.,0.5));
#5382 = DIRECTION('',(-0.5,1.9E-16,0.866025403784));
#5383 = ADVANCED_FACE('',(#5384),#5402,.F.);
#5384 = FACE_BOUND('',#5385,.F.);
#5385 = EDGE_LOOP('',(#5386,#5394,#5400,#5401));
#5386 = ORIENTED_EDGE('',*,*,#5387,.T.);
#5387 = EDGE_CURVE('',#5359,#5388,#5390,.T.);
#5388 = VERTEX_POINT('',#5389);
#5389 = CARTESIAN_POINT('',(5.13930282728,-1.5,4.87));
#5390 = LINE('',#5391,#5392);
#5391 = CARTESIAN_POINT('',(3.442504044763,-1.5,1.931058298459));
#5392 = VECTOR('',#5393,1.);
#5393 = DIRECTION('',(-0.5,0.,-0.866025403784));
#5394 = ORIENTED_EDGE('',*,*,#5395,.T.);
#5395 = EDGE_CURVE('',#5388,#2387,#5396,.T.);
#5396 = LINE('',#5397,#5398);
#5397 = CARTESIAN_POINT('',(5.13930282728,-10.,4.87));
#5398 = VECTOR('',#5399,1.);
#5399 = DIRECTION('',(0.,1.,0.));
#5400 = ORIENTED_EDGE('',*,*,#2394,.F.);
#5401 = ORIENTED_EDGE('',*,*,#5366,.F.);
#5402 = PLANE('',#5403);
#5403 = AXIS2_PLACEMENT_3D('',#5404,#5405,#5406);
#5404 = CARTESIAN_POINT('',(5.13930282728,-10.,4.87));
#5405 = DIRECTION('',(0.866025403784,0.,-0.5));
#5406 = DIRECTION('',(0.5,1.9E-16,0.866025403784));
#5407 = ADVANCED_FACE('',(#5408),#5426,.F.);
#5408 = FACE_BOUND('',#5409,.F.);
#5409 = EDGE_LOOP('',(#5410,#5418,#5424,#5425));
#5410 = ORIENTED_EDGE('',*,*,#5411,.T.);
#5411 = EDGE_CURVE('',#5388,#5412,#5414,.T.);
#5412 = VERTEX_POINT('',#5413);
#5413 = CARTESIAN_POINT('',(2.829901750522,-1.5,4.87));
#5414 = LINE('',#5415,#5416);
#5415 = CARTESIAN_POINT('',(1.414950875261,-1.5,4.87));
#5416 = VECTOR('',#5417,1.);
#5417 = DIRECTION('',(-1.,0.,0.));
#5418 = ORIENTED_EDGE('',*,*,#5419,.T.);
#5419 = EDGE_CURVE('',#5412,#2379,#5420,.T.);
#5420 = LINE('',#5421,#5422);
#5421 = CARTESIAN_POINT('',(2.829901750522,-10.,4.87));
#5422 = VECTOR('',#5423,1.);
#5423 = DIRECTION('',(0.,1.,0.));
#5424 = ORIENTED_EDGE('',*,*,#2386,.F.);
#5425 = ORIENTED_EDGE('',*,*,#5395,.F.);
#5426 = PLANE('',#5427);
#5427 = AXIS2_PLACEMENT_3D('',#5428,#5429,#5430);
#5428 = CARTESIAN_POINT('',(2.829901750522,-10.,4.87));
#5429 = DIRECTION('',(0.,0.,-1.));
#5430 = DIRECTION('',(1.,0.,0.));
#5431 = ADVANCED_FACE('',(#5432),#5450,.F.);
#5432 = FACE_BOUND('',#5433,.F.);
#5433 = EDGE_LOOP('',(#5434,#5442,#5448,#5449));
#5434 = ORIENTED_EDGE('',*,*,#5435,.T.);
#5435 = EDGE_CURVE('',#5412,#5436,#5438,.T.);
#5436 = VERTEX_POINT('',#5437);
#5437 = CARTESIAN_POINT('',(1.675201212143,-1.5,6.87));
#5438 = LINE('',#5439,#5440);
#5439 = CARTESIAN_POINT('',(2.953199691624,-1.5,4.656441701541));
#5440 = VECTOR('',#5441,1.);
#5441 = DIRECTION('',(-0.5,0.,0.866025403784));
#5442 = ORIENTED_EDGE('',*,*,#5443,.T.);
#5443 = EDGE_CURVE('',#5436,#2371,#5444,.T.);
#5444 = LINE('',#5445,#5446);
#5445 = CARTESIAN_POINT('',(1.675201212143,-10.,6.87));
#5446 = VECTOR('',#5447,1.);
#5447 = DIRECTION('',(0.,1.,0.));
#5448 = ORIENTED_EDGE('',*,*,#2378,.F.);
#5449 = ORIENTED_EDGE('',*,*,#5419,.F.);
#5450 = PLANE('',#5451);
#5451 = AXIS2_PLACEMENT_3D('',#5452,#5453,#5454);
#5452 = CARTESIAN_POINT('',(1.675201212143,-10.,6.87));
#5453 = DIRECTION('',(-0.866025403784,0.,-0.5));
#5454 = DIRECTION('',(0.5,-1.9E-16,-0.866025403784));
#5455 = ADVANCED_FACE('',(#5456),#5474,.F.);
#5456 = FACE_BOUND('',#5457,.F.);
#5457 = EDGE_LOOP('',(#5458,#5466,#5472,#5473));
#5458 = ORIENTED_EDGE('',*,*,#5459,.T.);
#5459 = EDGE_CURVE('',#5436,#5460,#5462,.T.);
#5460 = VERTEX_POINT('',#5461);
#5461 = CARTESIAN_POINT('',(2.829901750522,-1.5,8.87));
#5462 = LINE('',#5463,#5464);
#5463 = CARTESIAN_POINT('',(0.555752698815,-1.5,4.931058298459));
#5464 = VECTOR('',#5465,1.);
#5465 = DIRECTION('',(0.5,0.,0.866025403784));
#5466 = ORIENTED_EDGE('',*,*,#5467,.T.);
#5467 = EDGE_CURVE('',#5460,#2363,#5468,.T.);
#5468 = LINE('',#5469,#5470);
#5469 = CARTESIAN_POINT('',(2.829901750522,-10.,8.87));
#5470 = VECTOR('',#5471,1.);
#5471 = DIRECTION('',(0.,1.,0.));
#5472 = ORIENTED_EDGE('',*,*,#2370,.F.);
#5473 = ORIENTED_EDGE('',*,*,#5443,.F.);
#5474 = PLANE('',#5475);
#5475 = AXIS2_PLACEMENT_3D('',#5476,#5477,#5478);
#5476 = CARTESIAN_POINT('',(2.829901750522,-10.,8.87));
#5477 = DIRECTION('',(-0.866025403784,0.,0.5));
#5478 = DIRECTION('',(-0.5,-1.9E-16,-0.866025403784));
#5479 = ADVANCED_FACE('',(#5480),#5491,.F.);
#5480 = FACE_BOUND('',#5481,.F.);
#5481 = EDGE_LOOP('',(#5482,#5488,#5489,#5490));
#5482 = ORIENTED_EDGE('',*,*,#5483,.T.);
#5483 = EDGE_CURVE('',#5460,#5357,#5484,.T.);
#5484 = LINE('',#5485,#5486);
#5485 = CARTESIAN_POINT('',(2.56965141364,-1.5,8.87));
#5486 = VECTOR('',#5487,1.);
#5487 = DIRECTION('',(1.,0.,0.));
#5488 = ORIENTED_EDGE('',*,*,#5373,.T.);
#5489 = ORIENTED_EDGE('',*,*,#2362,.F.);
#5490 = ORIENTED_EDGE('',*,*,#5467,.F.);
#5491 = PLANE('',#5492);
#5492 = AXIS2_PLACEMENT_3D('',#5493,#5494,#5495);
#5493 = CARTESIAN_POINT('',(5.13930282728,-10.,8.87));
#5494 = DIRECTION('',(0.,0.,1.));
#5495 = DIRECTION('',(-1.,0.,0.));
#5496 = ADVANCED_FACE('',(#5497,#5517,#5525,#5533,#5541,#5549,#5557,
    #5565,#5573,#5581,#5589,#5597,#5605,#5613,#5621,#5629,#5637,#5645,
    #5653,#5661,#5669,#5672,#5675,#5678,#5683,#5688,#5693,#5698,#5703,
    #5708,#5713,#5718,#5723,#5728,#5733),#5738,.T.);
#5497 = FACE_BOUND('',#5498,.T.);
#5498 = EDGE_LOOP('',(#5499,#5500,#5501,#5502,#5503,#5504,#5505,#5506,
    #5507,#5508,#5509,#5510,#5511,#5512,#5513,#5514,#5515,#5516));
#5499 = ORIENTED_EDGE('',*,*,#31,.F.);
#5500 = ORIENTED_EDGE('',*,*,#62,.T.);
#5501 = ORIENTED_EDGE('',*,*,#311,.T.);
#5502 = ORIENTED_EDGE('',*,*,#367,.F.);
#5503 = ORIENTED_EDGE('',*,*,#385,.T.);
#5504 = ORIENTED_EDGE('',*,*,#417,.F.);
#5505 = ORIENTED_EDGE('',*,*,#442,.F.);
#5506 = ORIENTED_EDGE('',*,*,#459,.T.);
#5507 = ORIENTED_EDGE('',*,*,#484,.T.);
#5508 = ORIENTED_EDGE('',*,*,#515,.F.);
#5509 = ORIENTED_EDGE('',*,*,#533,.T.);
#5510 = ORIENTED_EDGE('',*,*,#565,.F.);
#5511 = ORIENTED_EDGE('',*,*,#590,.F.);
#5512 = ORIENTED_EDGE('',*,*,#607,.T.);
#5513 = ORIENTED_EDGE('',*,*,#632,.T.);
#5514 = ORIENTED_EDGE('',*,*,#656,.F.);
#5515 = ORIENTED_EDGE('',*,*,#342,.T.);
#5516 = ORIENTED_EDGE('',*,*,#95,.F.);
#5517 = FACE_BOUND('',#5518,.T.);
#5518 = EDGE_LOOP('',(#5519,#5520,#5521,#5522,#5523,#5524));
#5519 = ORIENTED_EDGE('',*,*,#5356,.T.);
#5520 = ORIENTED_EDGE('',*,*,#5387,.T.);
#5521 = ORIENTED_EDGE('',*,*,#5411,.T.);
#5522 = ORIENTED_EDGE('',*,*,#5435,.T.);
#5523 = ORIENTED_EDGE('',*,*,#5459,.T.);
#5524 = ORIENTED_EDGE('',*,*,#5483,.T.);
#5525 = FACE_BOUND('',#5526,.T.);
#5526 = EDGE_LOOP('',(#5527,#5528,#5529,#5530,#5531,#5532));
#5527 = ORIENTED_EDGE('',*,*,#3628,.T.);
#5528 = ORIENTED_EDGE('',*,*,#3659,.T.);
#5529 = ORIENTED_EDGE('',*,*,#3683,.T.);
#5530 = ORIENTED_EDGE('',*,*,#3707,.T.);
#5531 = ORIENTED_EDGE('',*,*,#3731,.T.);
#5532 = ORIENTED_EDGE('',*,*,#3755,.T.);
#5533 = FACE_BOUND('',#5534,.T.);
#5534 = EDGE_LOOP('',(#5535,#5536,#5537,#5538,#5539,#5540));
#5535 = ORIENTED_EDGE('',*,*,#5068,.T.);
#5536 = ORIENTED_EDGE('',*,*,#5099,.T.);
#5537 = ORIENTED_EDGE('',*,*,#5123,.T.);
#5538 = ORIENTED_EDGE('',*,*,#5147,.T.);
#5539 = ORIENTED_EDGE('',*,*,#5171,.T.);
#5540 = ORIENTED_EDGE('',*,*,#5195,.T.);
#5541 = FACE_BOUND('',#5542,.T.);
#5542 = EDGE_LOOP('',(#5543,#5544,#5545,#5546,#5547,#5548));
#5543 = ORIENTED_EDGE('',*,*,#4204,.T.);
#5544 = ORIENTED_EDGE('',*,*,#4235,.T.);
#5545 = ORIENTED_EDGE('',*,*,#4259,.T.);
#5546 = ORIENTED_EDGE('',*,*,#4283,.T.);
#5547 = ORIENTED_EDGE('',*,*,#4307,.T.);
#5548 = ORIENTED_EDGE('',*,*,#4331,.T.);
#5549 = FACE_BOUND('',#5550,.T.);
#5550 = EDGE_LOOP('',(#5551,#5552,#5553,#5554,#5555,#5556));
#5551 = ORIENTED_EDGE('',*,*,#3916,.T.);
#5552 = ORIENTED_EDGE('',*,*,#3947,.T.);
#5553 = ORIENTED_EDGE('',*,*,#3971,.T.);
#5554 = ORIENTED_EDGE('',*,*,#3995,.T.);
#5555 = ORIENTED_EDGE('',*,*,#4019,.T.);
#5556 = ORIENTED_EDGE('',*,*,#4043,.T.);
#5557 = FACE_BOUND('',#5558,.T.);
#5558 = EDGE_LOOP('',(#5559,#5560,#5561,#5562,#5563,#5564));
#5559 = ORIENTED_EDGE('',*,*,#3772,.T.);
#5560 = ORIENTED_EDGE('',*,*,#3803,.T.);
#5561 = ORIENTED_EDGE('',*,*,#3827,.T.);
#5562 = ORIENTED_EDGE('',*,*,#3851,.T.);
#5563 = ORIENTED_EDGE('',*,*,#3875,.T.);
#5564 = ORIENTED_EDGE('',*,*,#3899,.T.);
#5565 = FACE_BOUND('',#5566,.T.);
#5566 = EDGE_LOOP('',(#5567,#5568,#5569,#5570,#5571,#5572));
#5567 = ORIENTED_EDGE('',*,*,#4636,.T.);
#5568 = ORIENTED_EDGE('',*,*,#4667,.T.);
#5569 = ORIENTED_EDGE('',*,*,#4691,.T.);
#5570 = ORIENTED_EDGE('',*,*,#4715,.T.);
#5571 = ORIENTED_EDGE('',*,*,#4739,.T.);
#5572 = ORIENTED_EDGE('',*,*,#4763,.T.);
#5573 = FACE_BOUND('',#5574,.T.);
#5574 = EDGE_LOOP('',(#5575,#5576,#5577,#5578,#5579,#5580));
#5575 = ORIENTED_EDGE('',*,*,#4780,.T.);
#5576 = ORIENTED_EDGE('',*,*,#4811,.T.);
#5577 = ORIENTED_EDGE('',*,*,#4835,.T.);
#5578 = ORIENTED_EDGE('',*,*,#4859,.T.);
#5579 = ORIENTED_EDGE('',*,*,#4883,.T.);
#5580 = ORIENTED_EDGE('',*,*,#4907,.T.);
#5581 = FACE_BOUND('',#5582,.T.);
#5582 = EDGE_LOOP('',(#5583,#5584,#5585,#5586,#5587,#5588));
#5583 = ORIENTED_EDGE('',*,*,#4924,.T.);
#5584 = ORIENTED_EDGE('',*,*,#4955,.T.);
#5585 = ORIENTED_EDGE('',*,*,#4979,.T.);
#5586 = ORIENTED_EDGE('',*,*,#5003,.T.);
#5587 = ORIENTED_EDGE('',*,*,#5027,.T.);
#5588 = ORIENTED_EDGE('',*,*,#5051,.T.);
#5589 = FACE_BOUND('',#5590,.T.);
#5590 = EDGE_LOOP('',(#5591,#5592,#5593,#5594,#5595,#5596));
#5591 = ORIENTED_EDGE('',*,*,#4348,.T.);
#5592 = ORIENTED_EDGE('',*,*,#4379,.T.);
#5593 = ORIENTED_EDGE('',*,*,#4403,.T.);
#5594 = ORIENTED_EDGE('',*,*,#4427,.T.);
#5595 = ORIENTED_EDGE('',*,*,#4451,.T.);
#5596 = ORIENTED_EDGE('',*,*,#4475,.T.);
#5597 = FACE_BOUND('',#5598,.T.);
#5598 = EDGE_LOOP('',(#5599,#5600,#5601,#5602,#5603,#5604));
#5599 = ORIENTED_EDGE('',*,*,#4060,.T.);
#5600 = ORIENTED_EDGE('',*,*,#4091,.T.);
#5601 = ORIENTED_EDGE('',*,*,#4115,.T.);
#5602 = ORIENTED_EDGE('',*,*,#4139,.T.);
#5603 = ORIENTED_EDGE('',*,*,#4163,.T.);
#5604 = ORIENTED_EDGE('',*,*,#4187,.T.);
#5605 = FACE_BOUND('',#5606,.T.);
#5606 = EDGE_LOOP('',(#5607,#5608,#5609,#5610,#5611,#5612));
#5607 = ORIENTED_EDGE('',*,*,#4492,.T.);
#5608 = ORIENTED_EDGE('',*,*,#4523,.T.);
#5609 = ORIENTED_EDGE('',*,*,#4547,.T.);
#5610 = ORIENTED_EDGE('',*,*,#4571,.T.);
#5611 = ORIENTED_EDGE('',*,*,#4595,.T.);
#5612 = ORIENTED_EDGE('',*,*,#4619,.T.);
#5613 = FACE_BOUND('',#5614,.T.);
#5614 = EDGE_LOOP('',(#5615,#5616,#5617,#5618,#5619,#5620));
#5615 = ORIENTED_EDGE('',*,*,#5212,.T.);
#5616 = ORIENTED_EDGE('',*,*,#5243,.T.);
#5617 = ORIENTED_EDGE('',*,*,#5267,.T.);
#5618 = ORIENTED_EDGE('',*,*,#5291,.T.);
#5619 = ORIENTED_EDGE('',*,*,#5315,.T.);
#5620 = ORIENTED_EDGE('',*,*,#5339,.T.);
#5621 = FACE_BOUND('',#5622,.T.);
#5622 = EDGE_LOOP('',(#5623,#5624,#5625,#5626,#5627,#5628));
#5623 = ORIENTED_EDGE('',*,*,#937,.F.);
#5624 = ORIENTED_EDGE('',*,*,#2913,.T.);
#5625 = ORIENTED_EDGE('',*,*,#3368,.T.);
#5626 = ORIENTED_EDGE('',*,*,#3392,.T.);
#5627 = ORIENTED_EDGE('',*,*,#3416,.T.);
#5628 = ORIENTED_EDGE('',*,*,#2897,.T.);
#5629 = FACE_BOUND('',#5630,.T.);
#5630 = EDGE_LOOP('',(#5631,#5632,#5633,#5634,#5635,#5636));
#5631 = ORIENTED_EDGE('',*,*,#733,.F.);
#5632 = ORIENTED_EDGE('',*,*,#3173,.T.);
#5633 = ORIENTED_EDGE('',*,*,#3238,.T.);
#5634 = ORIENTED_EDGE('',*,*,#3262,.T.);
#5635 = ORIENTED_EDGE('',*,*,#3286,.T.);
#5636 = ORIENTED_EDGE('',*,*,#3157,.T.);
#5637 = FACE_BOUND('',#5638,.T.);
#5638 = EDGE_LOOP('',(#5639,#5640,#5641,#5642,#5643,#5644));
#5639 = ORIENTED_EDGE('',*,*,#1039,.F.);
#5640 = ORIENTED_EDGE('',*,*,#2783,.T.);
#5641 = ORIENTED_EDGE('',*,*,#3433,.T.);
#5642 = ORIENTED_EDGE('',*,*,#3457,.T.);
#5643 = ORIENTED_EDGE('',*,*,#3481,.T.);
#5644 = ORIENTED_EDGE('',*,*,#2767,.T.);
#5645 = FACE_BOUND('',#5646,.T.);
#5646 = EDGE_LOOP('',(#5647,#5648,#5649,#5650,#5651,#5652));
#5647 = ORIENTED_EDGE('',*,*,#1243,.F.);
#5648 = ORIENTED_EDGE('',*,*,#2523,.T.);
#5649 = ORIENTED_EDGE('',*,*,#3563,.T.);
#5650 = ORIENTED_EDGE('',*,*,#3587,.T.);
#5651 = ORIENTED_EDGE('',*,*,#3611,.T.);
#5652 = ORIENTED_EDGE('',*,*,#2507,.T.);
#5653 = FACE_BOUND('',#5654,.T.);
#5654 = EDGE_LOOP('',(#5655,#5656,#5657,#5658,#5659,#5660));
#5655 = ORIENTED_EDGE('',*,*,#835,.F.);
#5656 = ORIENTED_EDGE('',*,*,#3043,.T.);
#5657 = ORIENTED_EDGE('',*,*,#3303,.T.);
#5658 = ORIENTED_EDGE('',*,*,#3327,.T.);
#5659 = ORIENTED_EDGE('',*,*,#3351,.T.);
#5660 = ORIENTED_EDGE('',*,*,#3027,.T.);
#5661 = FACE_BOUND('',#5662,.T.);
#5662 = EDGE_LOOP('',(#5663,#5664,#5665,#5666,#5667,#5668));
#5663 = ORIENTED_EDGE('',*,*,#1141,.F.);
#5664 = ORIENTED_EDGE('',*,*,#2653,.T.);
#5665 = ORIENTED_EDGE('',*,*,#3498,.T.);
#5666 = ORIENTED_EDGE('',*,*,#3522,.T.);
#5667 = ORIENTED_EDGE('',*,*,#3546,.T.);
#5668 = ORIENTED_EDGE('',*,*,#2637,.T.);
#5669 = FACE_BOUND('',#5670,.T.);
#5670 = EDGE_LOOP('',(#5671));
#5671 = ORIENTED_EDGE('',*,*,#1318,.F.);
#5672 = FACE_BOUND('',#5673,.T.);
#5673 = EDGE_LOOP('',(#5674));
#5674 = ORIENTED_EDGE('',*,*,#1368,.F.);
#5675 = FACE_BOUND('',#5676,.T.);
#5676 = EDGE_LOOP('',(#5677));
#5677 = ORIENTED_EDGE('',*,*,#1343,.F.);
#5678 = FACE_BOUND('',#5679,.T.);
#5679 = EDGE_LOOP('',(#5680,#5681,#5682));
#5680 = ORIENTED_EDGE('',*,*,#971,.F.);
#5681 = ORIENTED_EDGE('',*,*,#2872,.T.);
#5682 = ORIENTED_EDGE('',*,*,#2856,.T.);
#5683 = FACE_BOUND('',#5684,.T.);
#5684 = EDGE_LOOP('',(#5685,#5686,#5687));
#5685 = ORIENTED_EDGE('',*,*,#699,.F.);
#5686 = ORIENTED_EDGE('',*,*,#3221,.T.);
#5687 = ORIENTED_EDGE('',*,*,#3205,.T.);
#5688 = FACE_BOUND('',#5689,.T.);
#5689 = EDGE_LOOP('',(#5690,#5691,#5692));
#5690 = ORIENTED_EDGE('',*,*,#1005,.F.);
#5691 = ORIENTED_EDGE('',*,*,#2831,.T.);
#5692 = ORIENTED_EDGE('',*,*,#2815,.T.);
#5693 = FACE_BOUND('',#5694,.T.);
#5694 = EDGE_LOOP('',(#5695,#5696,#5697));
#5695 = ORIENTED_EDGE('',*,*,#1277,.F.);
#5696 = ORIENTED_EDGE('',*,*,#2482,.T.);
#5697 = ORIENTED_EDGE('',*,*,#2466,.T.);
#5698 = FACE_BOUND('',#5699,.T.);
#5699 = EDGE_LOOP('',(#5700,#5701,#5702));
#5700 = ORIENTED_EDGE('',*,*,#869,.F.);
#5701 = ORIENTED_EDGE('',*,*,#3002,.T.);
#5702 = ORIENTED_EDGE('',*,*,#2986,.T.);
#5703 = FACE_BOUND('',#5704,.T.);
#5704 = EDGE_LOOP('',(#5705,#5706,#5707));
#5705 = ORIENTED_EDGE('',*,*,#801,.F.);
#5706 = ORIENTED_EDGE('',*,*,#3091,.T.);
#5707 = ORIENTED_EDGE('',*,*,#3075,.T.);
#5708 = FACE_BOUND('',#5709,.T.);
#5709 = EDGE_LOOP('',(#5710,#5711,#5712));
#5710 = ORIENTED_EDGE('',*,*,#903,.F.);
#5711 = ORIENTED_EDGE('',*,*,#2961,.T.);
#5712 = ORIENTED_EDGE('',*,*,#2945,.T.);
#5713 = FACE_BOUND('',#5714,.T.);
#5714 = EDGE_LOOP('',(#5715,#5716,#5717));
#5715 = ORIENTED_EDGE('',*,*,#767,.F.);
#5716 = ORIENTED_EDGE('',*,*,#3132,.T.);
#5717 = ORIENTED_EDGE('',*,*,#3116,.T.);
#5718 = FACE_BOUND('',#5719,.T.);
#5719 = EDGE_LOOP('',(#5720,#5721,#5722));
#5720 = ORIENTED_EDGE('',*,*,#1073,.F.);
#5721 = ORIENTED_EDGE('',*,*,#2742,.T.);
#5722 = ORIENTED_EDGE('',*,*,#2726,.T.);
#5723 = FACE_BOUND('',#5724,.T.);
#5724 = EDGE_LOOP('',(#5725,#5726,#5727));
#5725 = ORIENTED_EDGE('',*,*,#1209,.F.);
#5726 = ORIENTED_EDGE('',*,*,#2571,.T.);
#5727 = ORIENTED_EDGE('',*,*,#2555,.T.);
#5728 = FACE_BOUND('',#5729,.T.);
#5729 = EDGE_LOOP('',(#5730,#5731,#5732));
#5730 = ORIENTED_EDGE('',*,*,#1107,.F.);
#5731 = ORIENTED_EDGE('',*,*,#2701,.T.);
#5732 = ORIENTED_EDGE('',*,*,#2685,.T.);
#5733 = FACE_BOUND('',#5734,.T.);
#5734 = EDGE_LOOP('',(#5735,#5736,#5737));
#5735 = ORIENTED_EDGE('',*,*,#1175,.F.);
#5736 = ORIENTED_EDGE('',*,*,#2612,.T.);
#5737 = ORIENTED_EDGE('',*,*,#2596,.T.);
#5738 = PLANE('',#5739);
#5739 = AXIS2_PLACEMENT_3D('',#5740,#5741,#5742);
#5740 = CARTESIAN_POINT('',(-9.767E-14,-1.5,-0.500715499404));
#5741 = DIRECTION('',(-0.,-1.,-0.));
#5742 = DIRECTION('',(0.,0.,-1.));
#5743 = ( GEOMETRIC_REPRESENTATION_CONTEXT(3) 
GLOBAL_UNCERTAINTY_ASSIGNED_CONTEXT((#5747)) 
GLOBAL_UNIT_ASSIGNED_CONTEXT((#5744,#5745,#5746)) REPRESENTATION_CONTEXT
('Context #1','3D Context with UNIT and UNCERTAINTY') );
#5744 = ( LENGTH_UNIT() NAMED_UNIT(*) SI_UNIT(.MILLI.,.METRE.) );
#5745 = ( NAMED_UNIT(*) PLANE_ANGLE_UNIT() SI_UNIT($,.RADIAN.) );
#5746 = ( NAMED_UNIT(*) SI_UNIT($,.STERADIAN.) SOLID_ANGLE_UNIT() );
#5747 = UNCERTAINTY_MEASURE_WITH_UNIT(LENGTH_MEASURE(5.E-05),#5744,
  'distance_accuracy_value','confusion accuracy');
#5748 = PRODUCT_RELATED_PRODUCT_CATEGORY('part',$,(#7));
#5749 = MECHANICAL_DESIGN_GEOMETRIC_PRESENTATION_REPRESENTATION('',(
    #5750),#5743);
#5750 = STYLED_ITEM('color',(#5751),#15);
#5751 = PRESENTATION_STYLE_ASSIGNMENT((#5752,#5760));
#5752 = SURFACE_STYLE_USAGE(.BOTH.,#5753);
#5753 = SURFACE_SIDE_STYLE('',(#5754,#5758));
#5754 = SURFACE_STYLE_FILL_AREA(#5755);
#5755 = FILL_AREA_STYLE('',(#5756));
#5756 = FILL_AREA_STYLE_COLOUR('',#5757);
#5757 = COLOUR_RGB('',0.447058818107,0.474509808674,0.501960817233);
#5758 = SURFACE_STYLE_RENDERING_WITH_PROPERTIES(.NORMAL_SHADING.,#5757,(
    #5759));
#5759 = SURFACE_STYLE_TRANSPARENT(0.709999978542);
#5760 = CURVE_STYLE('',#5761,POSITIVE_LENGTH_MEASURE(0.1),#5762);
#5761 = DRAUGHTING_PRE_DEFINED_CURVE_FONT('continuous');
#5762 = COLOUR_RGB('',9.803921802644E-02,9.803921802644E-02,
  9.803921802644E-02);
ENDSEC;
END-ISO-10303-21;
