ISO-10303-21;
HEADER;
FILE_DESCRIPTION(('FreeCAD Model'),'2;1');
FILE_NAME('Open CASCADE Shape Model','2025-11-02T18:43:16',(''),(''),
  'Open CASCADE STEP processor 7.8','FreeCAD','Unknown');
FILE_SCHEMA(('AUTOMOTIVE_DESIGN { 1 0 10303 214 1 1 1 1 }'));
ENDSEC;
DATA;
#1 = APPLICATION_PROTOCOL_DEFINITION('international standard',
  'automotive_design',2000,#2);
#2 = APPLICATION_CONTEXT(
  'core data for automotive mechanical design processes');
#3 = SHAPE_DEFINITION_REPRESENTATION(#4,#10);
#4 = PRODUCT_DEFINITION_SHAPE('','',#5);
#5 = PRODUCT_DEFINITION('design','',#6,#9);
#6 = PRODUCT_DEFINITION_FORMATION('','',#7);
#7 = PRODUCT('BikiniCover','BikiniCover','',(#8));
#8 = PRODUCT_CONTEXT('',#2,'mechanical');
#9 = PRODUCT_DEFINITION_CONTEXT('part definition',#2,'design');
#10 = ADVANCED_BREP_SHAPE_REPRESENTATION('',(#11,#15),#2877);
#11 = AXIS2_PLACEMENT_3D('',#12,#13,#14);
#12 = CARTESIAN_POINT('',(0.,0.,0.));
#13 = DIRECTION('',(0.,0.,1.));
#14 = DIRECTION('',(1.,0.,-0.));
#15 = MANIFOLD_SOLID_BREP('',#16);
#16 = CLOSED_SHELL('',(#17,#57,#90,#141,#235,#992,#1009,#1026,#1045,
    #1062,#1074,#1091,#1116,#1133,#1164,#1188,#1212,#1229,#1260,#1284,
    #1308,#1332,#1356,#1380,#1404,#1421,#1454,#1478,#1504,#1528,#1554,
    #1578,#1604,#1621,#1654,#1678,#1702,#1726,#1750,#1774,#1798,#1822,
    #1846,#1870,#1896,#1920,#1946,#1970,#1996,#2013,#2046,#2070,#2096,
    #2122,#2148,#2174,#2198,#2224,#2248,#2272,#2289,#2298,#2310,#2326,
    #2376,#2400,#2503,#2534,#2558,#2582,#2599,#2630,#2654,#2678,#2702,
    #2719,#2750,#2774,#2798,#2822,#2839,#2851,#2864));
#17 = ADVANCED_FACE('',(#18),#52,.F.);
#18 = FACE_BOUND('',#19,.F.);
#19 = EDGE_LOOP('',(#20,#30,#38,#46));
#20 = ORIENTED_EDGE('',*,*,#21,.T.);
#21 = EDGE_CURVE('',#22,#24,#26,.T.);
#22 = VERTEX_POINT('',#23);
#23 = CARTESIAN_POINT('',(-15.892836386,-29.,-6.381398518504));
#24 = VERTEX_POINT('',#25);
#25 = CARTESIAN_POINT('',(-15.892836386,-33.,-6.381398518504));
#26 = LINE('',#27,#28);
#27 = CARTESIAN_POINT('',(-15.892836386,-29.,-6.381398518504));
#28 = VECTOR('',#29,1.);
#29 = DIRECTION('',(0.,-1.,2.2E-16));
#30 = ORIENTED_EDGE('',*,*,#31,.T.);
#31 = EDGE_CURVE('',#24,#32,#34,.T.);
#32 = VERTEX_POINT('',#33);
#33 = CARTESIAN_POINT('',(-7.169705454388,-33.,-12.48940055361));
#34 = LINE('',#35,#36);
#35 = CARTESIAN_POINT('',(-15.892836386,-33.,-6.381398518504));
#36 = VECTOR('',#37,1.);
#37 = DIRECTION('',(0.819152044289,1.3E-16,-0.573576436351));
#38 = ORIENTED_EDGE('',*,*,#39,.F.);
#39 = EDGE_CURVE('',#40,#32,#42,.T.);
#40 = VERTEX_POINT('',#41);
#41 = CARTESIAN_POINT('',(-7.169705454388,-29.,-12.48940055361));
#42 = LINE('',#43,#44);
#43 = CARTESIAN_POINT('',(-7.169705454388,-29.,-12.48940055361));
#44 = VECTOR('',#45,1.);
#45 = DIRECTION('',(0.,-1.,2.2E-16));
#46 = ORIENTED_EDGE('',*,*,#47,.F.);
#47 = EDGE_CURVE('',#22,#40,#48,.T.);
#48 = LINE('',#49,#50);
#49 = CARTESIAN_POINT('',(-15.892836386,-29.,-6.381398518504));
#50 = VECTOR('',#51,1.);
#51 = DIRECTION('',(0.819152044289,1.3E-16,-0.573576436351));
#52 = PLANE('',#53);
#53 = AXIS2_PLACEMENT_3D('',#54,#55,#56);
#54 = CARTESIAN_POINT('',(-15.892836386,-29.,-6.381398518504));
#55 = DIRECTION('',(0.573576436351,1.8E-16,0.819152044289));
#56 = DIRECTION('',(0.819152044289,-1.3E-16,-0.573576436351));
#57 = ADVANCED_FACE('',(#58),#85,.T.);
#58 = FACE_BOUND('',#59,.F.);
#59 = EDGE_LOOP('',(#60,#70,#77,#78));
#60 = ORIENTED_EDGE('',*,*,#61,.T.);
#61 = EDGE_CURVE('',#62,#64,#66,.T.);
#62 = VERTEX_POINT('',#63);
#63 = CARTESIAN_POINT('',(-15.892836386,-29.,1.881398518504));
#64 = VERTEX_POINT('',#65);
#65 = CARTESIAN_POINT('',(-15.892836386,-33.,1.881398518504));
#66 = LINE('',#67,#68);
#67 = CARTESIAN_POINT('',(-15.892836386,-29.,1.881398518504));
#68 = VECTOR('',#69,1.);
#69 = DIRECTION('',(0.,-1.,2.2E-16));
#70 = ORIENTED_EDGE('',*,*,#71,.T.);
#71 = EDGE_CURVE('',#64,#24,#72,.T.);
#72 = CIRCLE('',#73,5.043506327436);
#73 = AXIS2_PLACEMENT_3D('',#74,#75,#76);
#74 = CARTESIAN_POINT('',(-13.,-33.,-2.25));
#75 = DIRECTION('',(0.,-1.,-2.2E-16));
#76 = DIRECTION('',(1.,0.,0.));
#77 = ORIENTED_EDGE('',*,*,#21,.F.);
#78 = ORIENTED_EDGE('',*,*,#79,.F.);
#79 = EDGE_CURVE('',#62,#22,#80,.T.);
#80 = CIRCLE('',#81,5.043506327436);
#81 = AXIS2_PLACEMENT_3D('',#82,#83,#84);
#82 = CARTESIAN_POINT('',(-13.,-29.,-2.25));
#83 = DIRECTION('',(0.,-1.,-2.2E-16));
#84 = DIRECTION('',(1.,0.,0.));
#85 = CYLINDRICAL_SURFACE('',#86,5.043506327436);
#86 = AXIS2_PLACEMENT_3D('',#87,#88,#89);
#87 = CARTESIAN_POINT('',(-13.,-29.,-2.25));
#88 = DIRECTION('',(0.,1.,-2.2E-16));
#89 = DIRECTION('',(1.,0.,0.));
#90 = ADVANCED_FACE('',(#91),#136,.T.);
#91 = FACE_BOUND('',#92,.F.);
#92 = EDGE_LOOP('',(#93,#103,#112,#119,#120,#129));
#93 = ORIENTED_EDGE('',*,*,#94,.F.);
#94 = EDGE_CURVE('',#95,#97,#99,.T.);
#95 = VERTEX_POINT('',#96);
#96 = CARTESIAN_POINT('',(7.169705454388,-29.,-12.48940055361));
#97 = VERTEX_POINT('',#98);
#98 = CARTESIAN_POINT('',(7.169705454388,-33.,-12.48940055361));
#99 = LINE('',#100,#101);
#100 = CARTESIAN_POINT('',(7.169705454388,-29.,-12.48940055361));
#101 = VECTOR('',#102,1.);
#102 = DIRECTION('',(0.,-1.,2.2E-16));
#103 = ORIENTED_EDGE('',*,*,#104,.T.);
#104 = EDGE_CURVE('',#95,#105,#107,.T.);
#105 = VERTEX_POINT('',#106);
#106 = CARTESIAN_POINT('',(0.,-29.,-14.75));
#107 = CIRCLE('',#108,12.5);
#108 = AXIS2_PLACEMENT_3D('',#109,#110,#111);
#109 = CARTESIAN_POINT('',(0.,-29.,-2.25));
#110 = DIRECTION('',(0.,1.,2.2E-16));
#111 = DIRECTION('',(-1.,0.,0.));
#112 = ORIENTED_EDGE('',*,*,#113,.F.);
#113 = EDGE_CURVE('',#40,#105,#114,.T.);
#114 = CIRCLE('',#115,12.5);
#115 = AXIS2_PLACEMENT_3D('',#116,#117,#118);
#116 = CARTESIAN_POINT('',(0.,-29.,-2.25));
#117 = DIRECTION('',(0.,-1.,-2.2E-16));
#118 = DIRECTION('',(1.,0.,0.));
#119 = ORIENTED_EDGE('',*,*,#39,.T.);
#120 = ORIENTED_EDGE('',*,*,#121,.T.);
#121 = EDGE_CURVE('',#32,#122,#124,.T.);
#122 = VERTEX_POINT('',#123);
#123 = CARTESIAN_POINT('',(0.,-33.,-14.75));
#124 = CIRCLE('',#125,12.5);
#125 = AXIS2_PLACEMENT_3D('',#126,#127,#128);
#126 = CARTESIAN_POINT('',(0.,-33.,-2.25));
#127 = DIRECTION('',(0.,-1.,-2.2E-16));
#128 = DIRECTION('',(1.,0.,0.));
#129 = ORIENTED_EDGE('',*,*,#130,.F.);
#130 = EDGE_CURVE('',#97,#122,#131,.T.);
#131 = CIRCLE('',#132,12.5);
#132 = AXIS2_PLACEMENT_3D('',#133,#134,#135);
#133 = CARTESIAN_POINT('',(0.,-33.,-2.25));
#134 = DIRECTION('',(0.,1.,2.2E-16));
#135 = DIRECTION('',(-1.,0.,0.));
#136 = CYLINDRICAL_SURFACE('',#137,12.5);
#137 = AXIS2_PLACEMENT_3D('',#138,#139,#140);
#138 = CARTESIAN_POINT('',(0.,-29.,-2.25));
#139 = DIRECTION('',(0.,1.,-2.2E-16));
#140 = DIRECTION('',(1.,0.,0.));
#141 = ADVANCED_FACE('',(#142,#197,#208,#219),#230,.T.);
#142 = FACE_BOUND('',#143,.T.);
#143 = EDGE_LOOP('',(#144,#145,#146,#154,#163,#172,#180,#189,#195,#196)
  );
#144 = ORIENTED_EDGE('',*,*,#47,.F.);
#145 = ORIENTED_EDGE('',*,*,#79,.F.);
#146 = ORIENTED_EDGE('',*,*,#147,.T.);
#147 = EDGE_CURVE('',#62,#148,#150,.T.);
#148 = VERTEX_POINT('',#149);
#149 = CARTESIAN_POINT('',(-7.169705454388,-29.,7.989400553612));
#150 = LINE('',#151,#152);
#151 = CARTESIAN_POINT('',(-15.892836386,-29.,1.881398518504));
#152 = VECTOR('',#153,1.);
#153 = DIRECTION('',(0.819152044289,-1.3E-16,0.573576436351));
#154 = ORIENTED_EDGE('',*,*,#155,.F.);
#155 = EDGE_CURVE('',#156,#148,#158,.T.);
#156 = VERTEX_POINT('',#157);
#157 = CARTESIAN_POINT('',(0.,-29.,10.25));
#158 = CIRCLE('',#159,12.5);
#159 = AXIS2_PLACEMENT_3D('',#160,#161,#162);
#160 = CARTESIAN_POINT('',(0.,-29.,-2.25));
#161 = DIRECTION('',(0.,-1.,-2.2E-16));
#162 = DIRECTION('',(1.,0.,0.));
#163 = ORIENTED_EDGE('',*,*,#164,.T.);
#164 = EDGE_CURVE('',#156,#165,#167,.T.);
#165 = VERTEX_POINT('',#166);
#166 = CARTESIAN_POINT('',(7.169705454388,-29.,7.989400553612));
#167 = CIRCLE('',#168,12.5);
#168 = AXIS2_PLACEMENT_3D('',#169,#170,#171);
#169 = CARTESIAN_POINT('',(0.,-29.,-2.25));
#170 = DIRECTION('',(0.,1.,2.2E-16));
#171 = DIRECTION('',(-1.,0.,0.));
#172 = ORIENTED_EDGE('',*,*,#173,.F.);
#173 = EDGE_CURVE('',#174,#165,#176,.T.);
#174 = VERTEX_POINT('',#175);
#175 = CARTESIAN_POINT('',(15.892836386005,-29.,1.881398518504));
#176 = LINE('',#177,#178);
#177 = CARTESIAN_POINT('',(15.892836386005,-29.,1.881398518504));
#178 = VECTOR('',#179,1.);
#179 = DIRECTION('',(-0.819152044289,-1.3E-16,0.573576436351));
#180 = ORIENTED_EDGE('',*,*,#181,.T.);
#181 = EDGE_CURVE('',#174,#182,#184,.T.);
#182 = VERTEX_POINT('',#183);
#183 = CARTESIAN_POINT('',(15.892836386005,-29.,-6.381398518504));
#184 = CIRCLE('',#185,5.043506327436);
#185 = AXIS2_PLACEMENT_3D('',#186,#187,#188);
#186 = CARTESIAN_POINT('',(13.,-29.,-2.25));
#187 = DIRECTION('',(0.,1.,2.2E-16));
#188 = DIRECTION('',(-1.,0.,0.));
#189 = ORIENTED_EDGE('',*,*,#190,.T.);
#190 = EDGE_CURVE('',#182,#95,#191,.T.);
#191 = LINE('',#192,#193);
#192 = CARTESIAN_POINT('',(15.892836386005,-29.,-6.381398518504));
#193 = VECTOR('',#194,1.);
#194 = DIRECTION('',(-0.819152044289,1.3E-16,-0.573576436351));
#195 = ORIENTED_EDGE('',*,*,#104,.T.);
#196 = ORIENTED_EDGE('',*,*,#113,.F.);
#197 = FACE_BOUND('',#198,.T.);
#198 = EDGE_LOOP('',(#199));
#199 = ORIENTED_EDGE('',*,*,#200,.F.);
#200 = EDGE_CURVE('',#201,#201,#203,.T.);
#201 = VERTEX_POINT('',#202);
#202 = CARTESIAN_POINT('',(12.5,-29.,-2.25));
#203 = CIRCLE('',#204,2.);
#204 = AXIS2_PLACEMENT_3D('',#205,#206,#207);
#205 = CARTESIAN_POINT('',(14.5,-29.,-2.25));
#206 = DIRECTION('',(0.,1.,2.2E-16));
#207 = DIRECTION('',(-1.,0.,0.));
#208 = FACE_BOUND('',#209,.T.);
#209 = EDGE_LOOP('',(#210));
#210 = ORIENTED_EDGE('',*,*,#211,.T.);
#211 = EDGE_CURVE('',#212,#212,#214,.T.);
#212 = VERTEX_POINT('',#213);
#213 = CARTESIAN_POINT('',(10.75,-29.,-2.25));
#214 = CIRCLE('',#215,10.75);
#215 = AXIS2_PLACEMENT_3D('',#216,#217,#218);
#216 = CARTESIAN_POINT('',(0.,-29.,-2.25));
#217 = DIRECTION('',(0.,-1.,-2.2E-16));
#218 = DIRECTION('',(1.,0.,0.));
#219 = FACE_BOUND('',#220,.T.);
#220 = EDGE_LOOP('',(#221));
#221 = ORIENTED_EDGE('',*,*,#222,.T.);
#222 = EDGE_CURVE('',#223,#223,#225,.T.);
#223 = VERTEX_POINT('',#224);
#224 = CARTESIAN_POINT('',(-12.5,-29.,-2.25));
#225 = CIRCLE('',#226,2.);
#226 = AXIS2_PLACEMENT_3D('',#227,#228,#229);
#227 = CARTESIAN_POINT('',(-14.5,-29.,-2.25));
#228 = DIRECTION('',(0.,-1.,-2.2E-16));
#229 = DIRECTION('',(1.,0.,0.));
#230 = PLANE('',#231);
#231 = AXIS2_PLACEMENT_3D('',#232,#233,#234);
#232 = CARTESIAN_POINT('',(2.4E-16,-29.,-2.25));
#233 = DIRECTION('',(0.,1.,-2.5E-16));
#234 = DIRECTION('',(0.,-2.5E-16,-1.));
#235 = ADVANCED_FACE('',(#236,#291,#302,#336,#402,#560,#794,#976),#987,
  .T.);
#236 = FACE_BOUND('',#237,.T.);
#237 = EDGE_LOOP('',(#238,#239,#240,#241,#249,#258,#266,#275,#284,#290)
  );
#238 = ORIENTED_EDGE('',*,*,#31,.T.);
#239 = ORIENTED_EDGE('',*,*,#121,.T.);
#240 = ORIENTED_EDGE('',*,*,#130,.F.);
#241 = ORIENTED_EDGE('',*,*,#242,.F.);
#242 = EDGE_CURVE('',#243,#97,#245,.T.);
#243 = VERTEX_POINT('',#244);
#244 = CARTESIAN_POINT('',(15.892836386005,-33.,-6.381398518504));
#245 = LINE('',#246,#247);
#246 = CARTESIAN_POINT('',(15.892836386005,-33.,-6.381398518504));
#247 = VECTOR('',#248,1.);
#248 = DIRECTION('',(-0.819152044289,1.3E-16,-0.573576436351));
#249 = ORIENTED_EDGE('',*,*,#250,.F.);
#250 = EDGE_CURVE('',#251,#243,#253,.T.);
#251 = VERTEX_POINT('',#252);
#252 = CARTESIAN_POINT('',(15.892836386005,-33.,1.881398518504));
#253 = CIRCLE('',#254,5.043506327436);
#254 = AXIS2_PLACEMENT_3D('',#255,#256,#257);
#255 = CARTESIAN_POINT('',(13.,-33.,-2.25));
#256 = DIRECTION('',(0.,1.,2.2E-16));
#257 = DIRECTION('',(-1.,0.,0.));
#258 = ORIENTED_EDGE('',*,*,#259,.T.);
#259 = EDGE_CURVE('',#251,#260,#262,.T.);
#260 = VERTEX_POINT('',#261);
#261 = CARTESIAN_POINT('',(7.169705454388,-33.,7.989400553612));
#262 = LINE('',#263,#264);
#263 = CARTESIAN_POINT('',(15.892836386005,-33.,1.881398518504));
#264 = VECTOR('',#265,1.);
#265 = DIRECTION('',(-0.819152044289,-1.3E-16,0.573576436351));
#266 = ORIENTED_EDGE('',*,*,#267,.F.);
#267 = EDGE_CURVE('',#268,#260,#270,.T.);
#268 = VERTEX_POINT('',#269);
#269 = CARTESIAN_POINT('',(0.,-33.,10.25));
#270 = CIRCLE('',#271,12.5);
#271 = AXIS2_PLACEMENT_3D('',#272,#273,#274);
#272 = CARTESIAN_POINT('',(0.,-33.,-2.25));
#273 = DIRECTION('',(0.,1.,2.2E-16));
#274 = DIRECTION('',(-1.,0.,0.));
#275 = ORIENTED_EDGE('',*,*,#276,.T.);
#276 = EDGE_CURVE('',#268,#277,#279,.T.);
#277 = VERTEX_POINT('',#278);
#278 = CARTESIAN_POINT('',(-7.169705454388,-33.,7.989400553612));
#279 = CIRCLE('',#280,12.5);
#280 = AXIS2_PLACEMENT_3D('',#281,#282,#283);
#281 = CARTESIAN_POINT('',(0.,-33.,-2.25));
#282 = DIRECTION('',(0.,-1.,-2.2E-16));
#283 = DIRECTION('',(1.,0.,0.));
#284 = ORIENTED_EDGE('',*,*,#285,.F.);
#285 = EDGE_CURVE('',#64,#277,#286,.T.);
#286 = LINE('',#287,#288);
#287 = CARTESIAN_POINT('',(-15.892836386,-33.,1.881398518504));
#288 = VECTOR('',#289,1.);
#289 = DIRECTION('',(0.819152044289,-1.3E-16,0.573576436351));
#290 = ORIENTED_EDGE('',*,*,#71,.T.);
#291 = FACE_BOUND('',#292,.T.);
#292 = EDGE_LOOP('',(#293));
#293 = ORIENTED_EDGE('',*,*,#294,.T.);
#294 = EDGE_CURVE('',#295,#295,#297,.T.);
#295 = VERTEX_POINT('',#296);
#296 = CARTESIAN_POINT('',(12.5,-33.,-2.25));
#297 = CIRCLE('',#298,2.);
#298 = AXIS2_PLACEMENT_3D('',#299,#300,#301);
#299 = CARTESIAN_POINT('',(14.5,-33.,-2.25));
#300 = DIRECTION('',(0.,1.,2.2E-16));
#301 = DIRECTION('',(-1.,0.,0.));
#302 = FACE_BOUND('',#303,.T.);
#303 = EDGE_LOOP('',(#304,#314,#322,#330));
#304 = ORIENTED_EDGE('',*,*,#305,.T.);
#305 = EDGE_CURVE('',#306,#308,#310,.T.);
#306 = VERTEX_POINT('',#307);
#307 = CARTESIAN_POINT('',(9.629729255313,-33.,1.69));
#308 = VERTEX_POINT('',#309);
#309 = CARTESIAN_POINT('',(9.629729255313,-33.,-6.31));
#310 = LINE('',#311,#312);
#311 = CARTESIAN_POINT('',(9.629729255313,-33.,-0.28));
#312 = VECTOR('',#313,1.);
#313 = DIRECTION('',(0.,-2.3E-16,-1.));
#314 = ORIENTED_EDGE('',*,*,#315,.T.);
#315 = EDGE_CURVE('',#308,#316,#318,.T.);
#316 = VERTEX_POINT('',#317);
#317 = CARTESIAN_POINT('',(8.43422516812,-33.,-6.31));
#318 = LINE('',#319,#320);
#319 = CARTESIAN_POINT('',(4.814864627657,-33.,-6.31));
#320 = VECTOR('',#321,1.);
#321 = DIRECTION('',(-1.,-0.,0.));
#322 = ORIENTED_EDGE('',*,*,#323,.T.);
#323 = EDGE_CURVE('',#316,#324,#326,.T.);
#324 = VERTEX_POINT('',#325);
#325 = CARTESIAN_POINT('',(8.43422516812,-33.,1.69));
#326 = LINE('',#327,#328);
#327 = CARTESIAN_POINT('',(8.43422516812,-33.,-4.28));
#328 = VECTOR('',#329,1.);
#329 = DIRECTION('',(0.,2.3E-16,1.));
#330 = ORIENTED_EDGE('',*,*,#331,.T.);
#331 = EDGE_CURVE('',#324,#306,#332,.T.);
#332 = LINE('',#333,#334);
#333 = CARTESIAN_POINT('',(4.21711258406,-33.,1.69));
#334 = VECTOR('',#335,1.);
#335 = DIRECTION('',(1.,0.,0.));
#336 = FACE_BOUND('',#337,.T.);
#337 = EDGE_LOOP('',(#338,#348,#356,#364,#372,#380,#388,#396));
#338 = ORIENTED_EDGE('',*,*,#339,.T.);
#339 = EDGE_CURVE('',#340,#342,#344,.T.);
#340 = VERTEX_POINT('',#341);
#341 = CARTESIAN_POINT('',(7.811609364305,-33.,1.69));
#342 = VERTEX_POINT('',#343);
#343 = CARTESIAN_POINT('',(7.811609364305,-33.,0.621880108992));
#344 = LINE('',#345,#346);
#345 = CARTESIAN_POINT('',(7.811609364305,-33.,-0.28));
#346 = VECTOR('',#347,1.);
#347 = DIRECTION('',(0.,-2.3E-16,-1.));
#348 = ORIENTED_EDGE('',*,*,#349,.T.);
#349 = EDGE_CURVE('',#342,#350,#352,.T.);
#350 = VERTEX_POINT('',#351);
#351 = CARTESIAN_POINT('',(6.493489473297,-33.,0.621880108992));
#352 = LINE('',#353,#354);
#353 = CARTESIAN_POINT('',(3.905804682153,-33.,0.621880108992));
#354 = VECTOR('',#355,1.);
#355 = DIRECTION('',(-1.,-0.,0.));
#356 = ORIENTED_EDGE('',*,*,#357,.T.);
#357 = EDGE_CURVE('',#350,#358,#360,.T.);
#358 = VERTEX_POINT('',#359);
#359 = CARTESIAN_POINT('',(6.493489473297,-33.,-6.31));
#360 = LINE('',#361,#362);
#361 = CARTESIAN_POINT('',(6.493489473297,-33.,-0.814059945504));
#362 = VECTOR('',#363,1.);
#363 = DIRECTION('',(0.,-2.3E-16,-1.));
#364 = ORIENTED_EDGE('',*,*,#365,.T.);
#365 = EDGE_CURVE('',#358,#366,#368,.T.);
#366 = VERTEX_POINT('',#367);
#367 = CARTESIAN_POINT('',(5.303094377929,-33.,-6.31));
#368 = LINE('',#369,#370);
#369 = CARTESIAN_POINT('',(3.246744736649,-33.,-6.31));
#370 = VECTOR('',#371,1.);
#371 = DIRECTION('',(-1.,-0.,0.));
#372 = ORIENTED_EDGE('',*,*,#373,.T.);
#373 = EDGE_CURVE('',#366,#374,#376,.T.);
#374 = VERTEX_POINT('',#375);
#375 = CARTESIAN_POINT('',(5.303094377929,-33.,0.621880108992));
#376 = LINE('',#377,#378);
#377 = CARTESIAN_POINT('',(5.303094377929,-33.,-4.28));
#378 = VECTOR('',#379,1.);
#379 = DIRECTION('',(0.,2.3E-16,1.));
#380 = ORIENTED_EDGE('',*,*,#381,.T.);
#381 = EDGE_CURVE('',#374,#382,#384,.T.);
#382 = VERTEX_POINT('',#383);
#383 = CARTESIAN_POINT('',(3.984974486921,-33.,0.621880108992));
#384 = LINE('',#385,#386);
#385 = CARTESIAN_POINT('',(2.651547188965,-33.,0.621880108992));
#386 = VECTOR('',#387,1.);
#387 = DIRECTION('',(-1.,-0.,0.));
#388 = ORIENTED_EDGE('',*,*,#389,.T.);
#389 = EDGE_CURVE('',#382,#390,#392,.T.);
#390 = VERTEX_POINT('',#391);
#391 = CARTESIAN_POINT('',(3.984974486921,-33.,1.69));
#392 = LINE('',#393,#394);
#393 = CARTESIAN_POINT('',(3.984974486921,-33.,-0.814059945504));
#394 = VECTOR('',#395,1.);
#395 = DIRECTION('',(0.,2.3E-16,1.));
#396 = ORIENTED_EDGE('',*,*,#397,.T.);
#397 = EDGE_CURVE('',#390,#340,#398,.T.);
#398 = LINE('',#399,#400);
#399 = CARTESIAN_POINT('',(1.99248724346,-33.,1.69));
#400 = VECTOR('',#401,1.);
#401 = DIRECTION('',(1.,0.,0.));
#402 = FACE_BOUND('',#403,.T.);
#403 = EDGE_LOOP('',(#404,#437,#445,#476,#484,#515,#523,#554));
#404 = ORIENTED_EDGE('',*,*,#405,.F.);
#405 = EDGE_CURVE('',#406,#408,#410,.T.);
#406 = VERTEX_POINT('',#407);
#407 = CARTESIAN_POINT('',(2.651187020981,-33.,-6.31));
#408 = VERTEX_POINT('',#409);
#409 = CARTESIAN_POINT('',(3.376663860218,-33.,-5.676485013624));
#410 = B_SPLINE_CURVE_WITH_KNOTS('',5,(#411,#412,#413,#414,#415,#416,
    #417,#418,#419,#420,#421,#422,#423,#424,#425,#426,#427,#428,#429,
    #430,#431,#432,#433,#434,#435,#436),.UNSPECIFIED.,.F.,.F.,(6,4,4,4,4
    ,4,6),(0.,0.253465911453,0.366886557324,0.575781278609,
    0.749979530545,0.836608983401,1.),.UNSPECIFIED.);
#411 = CARTESIAN_POINT('',(2.651187020981,-33.,-6.31));
#412 = CARTESIAN_POINT('',(2.713467172924,-33.,-6.31));
#413 = CARTESIAN_POINT('',(2.774661438135,-33.,-6.307081292834));
#414 = CARTESIAN_POINT('',(2.834470264341,-33.,-6.300825258337));
#415 = CARTESIAN_POINT('',(2.892361056559,-33.,-6.290696715669));
#416 = CARTESIAN_POINT('',(2.972383616599,-33.,-6.269705798163));
#417 = CARTESIAN_POINT('',(2.996597723239,-33.,-6.262341707675));
#418 = CARTESIAN_POINT('',(3.020223340684,-33.,-6.254059560164));
#419 = CARTESIAN_POINT('',(3.043187797707,-33.,-6.244819825714));
#420 = CARTESIAN_POINT('',(3.106355684485,-33.,-6.215765721893));
#421 = CARTESIAN_POINT('',(3.14481127577,-33.,-6.193590945291));
#422 = CARTESIAN_POINT('',(3.180280953748,-33.,-6.167916914883));
#423 = CARTESIAN_POINT('',(3.212310259568,-33.,-6.138732027845));
#424 = CARTESIAN_POINT('',(3.264273345396,-33.,-6.079313287995));
#425 = CARTESIAN_POINT('',(3.285340326199,-33.,-6.050049989387));
#426 = CARTESIAN_POINT('',(3.303698460005,-33.,-6.018707112493));
#427 = CARTESIAN_POINT('',(3.319354467391,-33.,-5.985529008355));
#428 = CARTESIAN_POINT('',(3.338892449809,-33.,-5.933516107221));
#429 = CARTESIAN_POINT('',(3.344737249438,-33.,-5.915853689268));
#430 = CARTESIAN_POINT('',(3.349950379911,-33.,-5.897836421742));
#431 = CARTESIAN_POINT('',(3.354548673289,-33.,-5.879495448191));
#432 = CARTESIAN_POINT('',(3.366105686674,-33.,-5.825713818064));
#433 = CARTESIAN_POINT('',(3.371544733971,-33.,-5.789522433398));
#434 = CARTESIAN_POINT('',(3.375008561604,-33.,-5.752481899615));
#435 = CARTESIAN_POINT('',(3.376663860218,-33.,-5.714761170021));
#436 = CARTESIAN_POINT('',(3.376663860218,-33.,-5.676485013624));
#437 = ORIENTED_EDGE('',*,*,#438,.T.);
#438 = EDGE_CURVE('',#406,#439,#441,.T.);
#439 = VERTEX_POINT('',#440);
#440 = CARTESIAN_POINT('',(5.581917356948E-02,-33.,-6.31));
#441 = LINE('',#442,#443);
#442 = CARTESIAN_POINT('',(1.32559351049,-33.,-6.31));
#443 = VECTOR('',#444,1.);
#444 = DIRECTION('',(-1.,-0.,0.));
#445 = ORIENTED_EDGE('',*,*,#446,.F.);
#446 = EDGE_CURVE('',#447,#439,#449,.T.);
#447 = VERTEX_POINT('',#448);
#448 = CARTESIAN_POINT('',(-0.654330690191,-33.,-5.676485013624));
#449 = B_SPLINE_CURVE_WITH_KNOTS('',5,(#450,#451,#452,#453,#454,#455,
    #456,#457,#458,#459,#460,#461,#462,#463,#464,#465,#466,#467,#468,
    #469,#470,#471,#472,#473,#474,#475),.UNSPECIFIED.,.F.,.F.,(6,4,4,4,4
    ,4,6),(0.,0.169402415486,0.258255719731,0.435665313328,
    0.643936052715,0.755344995466,1.),.UNSPECIFIED.);
#450 = CARTESIAN_POINT('',(-0.654330690191,-33.,-5.676485013624));
#451 = CARTESIAN_POINT('',(-0.654330690191,-33.,-5.715915061966));
#452 = CARTESIAN_POINT('',(-0.652611184739,-33.,-5.754755585606));
#453 = CARTESIAN_POINT('',(-0.649008265441,-33.,-5.792873147658));
#454 = CARTESIAN_POINT('',(-0.643342075269,-33.,-5.830084998621));
#455 = CARTESIAN_POINT('',(-0.631329915007,-33.,-5.885110734121));
#456 = CARTESIAN_POINT('',(-0.6265885075,-33.,-5.903734701219));
#457 = CARTESIAN_POINT('',(-0.621216555137,-33.,-5.922019456003));
#458 = CARTESIAN_POINT('',(-0.615196398905,-33.,-5.939932190556));
#459 = CARTESIAN_POINT('',(-0.595173522346,-33.,-5.992393420183));
#460 = CARTESIAN_POINT('',(-0.579193237051,-33.,-6.025735252681));
#461 = CARTESIAN_POINT('',(-0.560476482967,-33.,-6.057179814052));
#462 = CARTESIAN_POINT('',(-0.539016129799,-33.,-6.086475025043));
#463 = CARTESIAN_POINT('',(-0.48672896527,-33.,-6.145123057257));
#464 = CARTESIAN_POINT('',(-0.454911235105,-33.,-6.173611615809));
#465 = CARTESIAN_POINT('',(-0.419757315096,-33.,-6.198636106356));
#466 = CARTESIAN_POINT('',(-0.381702164944,-33.,-6.220208164498));
#467 = CARTESIAN_POINT('',(-0.319578111927,-33.,-6.248252029291));
#468 = CARTESIAN_POINT('',(-0.297232179035,-33.,-6.257082271513));
#469 = CARTESIAN_POINT('',(-0.274259630684,-33.,-6.264994158835));
#470 = CARTESIAN_POINT('',(-0.250727531181,-33.,-6.272024273111));
#471 = CARTESIAN_POINT('',(-0.173920905812,-33.,-6.291802705453));
#472 = CARTESIAN_POINT('',(-0.11874495455,-33.,-6.301330763761));
#473 = CARTESIAN_POINT('',(-6.177708401677E-02,-33.,-6.307237137304));
#474 = CARTESIAN_POINT('',(-3.495945363929E-03,-33.,-6.31));
#475 = CARTESIAN_POINT('',(5.581917356948E-02,-33.,-6.31));
#476 = ORIENTED_EDGE('',*,*,#477,.T.);
#477 = EDGE_CURVE('',#447,#478,#480,.T.);
#478 = VERTEX_POINT('',#479);
#479 = CARTESIAN_POINT('',(-0.654330690191,-33.,1.056485013624));
#480 = LINE('',#481,#482);
#481 = CARTESIAN_POINT('',(-0.654330690191,-33.,-3.963242506812));
#482 = VECTOR('',#483,1.);
#483 = DIRECTION('',(0.,2.3E-16,1.));
#484 = ORIENTED_EDGE('',*,*,#485,.F.);
#485 = EDGE_CURVE('',#486,#478,#488,.T.);
#486 = VERTEX_POINT('',#487);
#487 = CARTESIAN_POINT('',(5.581917356948E-02,-33.,1.69));
#488 = B_SPLINE_CURVE_WITH_KNOTS('',5,(#489,#490,#491,#492,#493,#494,
    #495,#496,#497,#498,#499,#500,#501,#502,#503,#504,#505,#506,#507,
    #508,#509,#510,#511,#512,#513,#514),.UNSPECIFIED.,.F.,.F.,(6,4,4,4,4
    ,4,6),(0.,0.244655004534,0.356063947285,0.564334686672,
    0.741744280269,0.830597584514,1.),.UNSPECIFIED.);
#489 = CARTESIAN_POINT('',(5.581917356948E-02,-33.,1.69));
#490 = CARTESIAN_POINT('',(-3.49594536392E-03,-33.,1.69));
#491 = CARTESIAN_POINT('',(-6.177708401679E-02,-33.,1.687237137304));
#492 = CARTESIAN_POINT('',(-0.11874495455,-33.,1.681330763761));
#493 = CARTESIAN_POINT('',(-0.173920905812,-33.,1.671802705454));
#494 = CARTESIAN_POINT('',(-0.250727531181,-33.,1.652024273111));
#495 = CARTESIAN_POINT('',(-0.274259630684,-33.,1.644994158835));
#496 = CARTESIAN_POINT('',(-0.297232179035,-33.,1.637082271513));
#497 = CARTESIAN_POINT('',(-0.319578111927,-33.,1.628252029291));
#498 = CARTESIAN_POINT('',(-0.381702164944,-33.,1.600208164498));
#499 = CARTESIAN_POINT('',(-0.419757315096,-33.,1.578636106356));
#500 = CARTESIAN_POINT('',(-0.454911235105,-33.,1.553611615809));
#501 = CARTESIAN_POINT('',(-0.48672896527,-33.,1.525123057257));
#502 = CARTESIAN_POINT('',(-0.539016129799,-33.,1.466475025043));
#503 = CARTESIAN_POINT('',(-0.560476482967,-33.,1.437179814052));
#504 = CARTESIAN_POINT('',(-0.579193237051,-33.,1.405735252681));
#505 = CARTESIAN_POINT('',(-0.595173522346,-33.,1.372393420183));
#506 = CARTESIAN_POINT('',(-0.615196398905,-33.,1.319932190556));
#507 = CARTESIAN_POINT('',(-0.621216555137,-33.,1.302019456003));
#508 = CARTESIAN_POINT('',(-0.6265885075,-33.,1.283734701219));
#509 = CARTESIAN_POINT('',(-0.631329915007,-33.,1.265110734121));
#510 = CARTESIAN_POINT('',(-0.643342075269,-33.,1.210084998621));
#511 = CARTESIAN_POINT('',(-0.649008265441,-33.,1.172873147658));
#512 = CARTESIAN_POINT('',(-0.652611184739,-33.,1.134755585606));
#513 = CARTESIAN_POINT('',(-0.654330690191,-33.,1.095915061966));
#514 = CARTESIAN_POINT('',(-0.654330690191,-33.,1.056485013624));
#515 = ORIENTED_EDGE('',*,*,#516,.T.);
#516 = EDGE_CURVE('',#486,#517,#519,.T.);
#517 = VERTEX_POINT('',#518);
#518 = CARTESIAN_POINT('',(2.651187020981,-33.,1.69));
#519 = LINE('',#520,#521);
#520 = CARTESIAN_POINT('',(2.790958678474E-02,-33.,1.69));
#521 = VECTOR('',#522,1.);
#522 = DIRECTION('',(1.,0.,0.));
#523 = ORIENTED_EDGE('',*,*,#524,.F.);
#524 = EDGE_CURVE('',#525,#517,#527,.T.);
#525 = VERTEX_POINT('',#526);
#526 = CARTESIAN_POINT('',(3.376663860218,-33.,1.056485013624));
#527 = B_SPLINE_CURVE_WITH_KNOTS('',5,(#528,#529,#530,#531,#532,#533,
    #534,#535,#536,#537,#538,#539,#540,#541,#542,#543,#544,#545,#546,
    #547,#548,#549,#550,#551,#552,#553),.UNSPECIFIED.,.F.,.F.,(6,4,4,4,4
    ,4,6),(0.,0.163391016599,0.250020469455,0.424218721391,
    0.633113442676,0.746534088547,1.),.UNSPECIFIED.);
#528 = CARTESIAN_POINT('',(3.376663860218,-33.,1.056485013624));
#529 = CARTESIAN_POINT('',(3.376663860218,-33.,1.094761170021));
#530 = CARTESIAN_POINT('',(3.375008561604,-33.,1.132481899615));
#531 = CARTESIAN_POINT('',(3.371544733971,-33.,1.169522433398));
#532 = CARTESIAN_POINT('',(3.366105686674,-33.,1.205713818064));
#533 = CARTESIAN_POINT('',(3.354548673289,-33.,1.259495448191));
#534 = CARTESIAN_POINT('',(3.349950379911,-33.,1.277836421742));
#535 = CARTESIAN_POINT('',(3.344737249438,-33.,1.295853689268));
#536 = CARTESIAN_POINT('',(3.338892449809,-33.,1.313516107221));
#537 = CARTESIAN_POINT('',(3.319354467391,-33.,1.365529008355));
#538 = CARTESIAN_POINT('',(3.303698460005,-33.,1.398707112493));
#539 = CARTESIAN_POINT('',(3.285340326199,-33.,1.430049989387));
#540 = CARTESIAN_POINT('',(3.264273345396,-33.,1.459313287995));
#541 = CARTESIAN_POINT('',(3.212310259568,-33.,1.518732027845));
#542 = CARTESIAN_POINT('',(3.180280953748,-33.,1.547916914883));
#543 = CARTESIAN_POINT('',(3.14481127577,-33.,1.573590945291));
#544 = CARTESIAN_POINT('',(3.106355684485,-33.,1.595765721893));
#545 = CARTESIAN_POINT('',(3.043187797707,-33.,1.624819825714));
#546 = CARTESIAN_POINT('',(3.020223340684,-33.,1.634059560164));
#547 = CARTESIAN_POINT('',(2.996597723239,-33.,1.642341707675));
#548 = CARTESIAN_POINT('',(2.972383616599,-33.,1.649705798163));
#549 = CARTESIAN_POINT('',(2.892361056559,-33.,1.670696715669));
#550 = CARTESIAN_POINT('',(2.834470264341,-33.,1.680825258337));
#551 = CARTESIAN_POINT('',(2.774661438135,-33.,1.687081292834));
#552 = CARTESIAN_POINT('',(2.713467172924,-33.,1.69));
#553 = CARTESIAN_POINT('',(2.651187020981,-33.,1.69));
#554 = ORIENTED_EDGE('',*,*,#555,.T.);
#555 = EDGE_CURVE('',#525,#408,#556,.T.);
#556 = LINE('',#557,#558);
#557 = CARTESIAN_POINT('',(3.376663860218,-33.,-0.596757493188));
#558 = VECTOR('',#559,1.);
#559 = DIRECTION('',(0.,-2.3E-16,-1.));
#560 = FACE_BOUND('',#561,.T.);
#561 = EDGE_LOOP('',(#562,#601,#609,#640,#648,#679,#687,#724,#732,#740,
    #748,#756,#764,#772,#780,#788));
#562 = ORIENTED_EDGE('',*,*,#563,.F.);
#563 = EDGE_CURVE('',#564,#566,#568,.T.);
#564 = VERTEX_POINT('',#565);
#565 = CARTESIAN_POINT('',(-2.333826602997,-33.,-6.31));
#566 = VERTEX_POINT('',#567);
#567 = CARTESIAN_POINT('',(-1.603240771935,-33.,-5.676485013624));
#568 = B_SPLINE_CURVE_WITH_KNOTS('',6,(#569,#570,#571,#572,#573,#574,
    #575,#576,#577,#578,#579,#580,#581,#582,#583,#584,#585,#586,#587,
    #588,#589,#590,#591,#592,#593,#594,#595,#596,#597,#598,#599,#600),
  .UNSPECIFIED.,.F.,.F.,(7,5,5,5,5,5,7),(0.,0.256068688946,0.36952542428
    ,0.580203617278,0.753349500438,0.838932046091,1.),.UNSPECIFIED.);
#569 = CARTESIAN_POINT('',(-2.333826602997,-33.,-6.31));
#570 = CARTESIAN_POINT('',(-2.281162598749,-33.,-6.31));
#571 = CARTESIAN_POINT('',(-2.229231668277,-33.,-6.308024921697));
#572 = CARTESIAN_POINT('',(-2.178188067389,-33.,-6.303857244989));
#573 = CARTESIAN_POINT('',(-2.128262963369,-33.,-6.297245924637));
#574 = CARTESIAN_POINT('',(-2.079760446337,-33.,-6.287915086482));
#575 = CARTESIAN_POINT('',(-2.012334278211,-33.,-6.270153789179));
#576 = CARTESIAN_POINT('',(-1.99198300092,-33.,-6.264116467321));
#577 = CARTESIAN_POINT('',(-1.972014829709,-33.,-6.257473378216));
#578 = CARTESIAN_POINT('',(-1.952464960451,-33.,-6.25020395242));
#579 = CARTESIAN_POINT('',(-1.933370447097,-33.,-6.242290365941));
#580 = CARTESIAN_POINT('',(-1.880228326279,-33.,-6.217803070354));
#581 = CARTESIAN_POINT('',(-1.847378994111,-33.,-6.199615007216));
#582 = CARTESIAN_POINT('',(-1.816481427916,-33.,-6.179074512336));
#583 = CARTESIAN_POINT('',(-1.787779839188,-33.,-6.156150510761));
#584 = CARTESIAN_POINT('',(-1.761475274653,-33.,-6.130890222524));
#585 = CARTESIAN_POINT('',(-1.718157590972,-33.,-6.080894863739));
#586 = CARTESIAN_POINT('',(-1.700318827439,-33.,-6.056861980867));
#587 = CARTESIAN_POINT('',(-1.684254670024,-33.,-6.031431920687));
#588 = CARTESIAN_POINT('',(-1.669986716801,-33.,-6.004712948307));
#589 = CARTESIAN_POINT('',(-1.657496611023,-33.,-5.976831310087));
#590 = CARTESIAN_POINT('',(-1.641418634915,-33.,-5.93363476669));
#591 = CARTESIAN_POINT('',(-1.636522852204,-33.,-5.91909443379));
#592 = CARTESIAN_POINT('',(-1.632043344585,-33.,-5.904318108204));
#593 = CARTESIAN_POINT('',(-1.627972555403,-33.,-5.889321118874));
#594 = CARTESIAN_POINT('',(-1.624301608601,-33.,-5.874118395524));
#595 = CARTESIAN_POINT('',(-1.614844840883,-33.,-5.829752809982));
#596 = CARTESIAN_POINT('',(-1.61005003201,-33.,-5.800104280957));
#597 = CARTESIAN_POINT('',(-1.606568906756,-33.,-5.769873234747));
#598 = CARTESIAN_POINT('',(-1.604325350082,-33.,-5.739145581417));
#599 = CARTESIAN_POINT('',(-1.603240771935,-33.,-5.707995977175));
#600 = CARTESIAN_POINT('',(-1.603240771935,-33.,-5.676485013624));
#601 = ORIENTED_EDGE('',*,*,#602,.T.);
#602 = EDGE_CURVE('',#564,#603,#605,.T.);
#603 = VERTEX_POINT('',#604);
#604 = CARTESIAN_POINT('',(-4.827014613896,-33.,-6.31));
#605 = LINE('',#606,#607);
#606 = CARTESIAN_POINT('',(-1.166913301499,-33.,-6.31));
#607 = VECTOR('',#608,1.);
#608 = DIRECTION('',(-1.,-0.,0.));
#609 = ORIENTED_EDGE('',*,*,#610,.F.);
#610 = EDGE_CURVE('',#611,#603,#613,.T.);
#611 = VERTEX_POINT('',#612);
#612 = CARTESIAN_POINT('',(-5.537164477657,-33.,-5.676485013624));
#613 = B_SPLINE_CURVE_WITH_KNOTS('',5,(#614,#615,#616,#617,#618,#619,
    #620,#621,#622,#623,#624,#625,#626,#627,#628,#629,#630,#631,#632,
    #633,#634,#635,#636,#637,#638,#639),.UNSPECIFIED.,.F.,.F.,(6,4,4,4,4
    ,4,6),(0.,0.169402415486,0.258255719731,0.435665313328,
    0.643936052715,0.755344995466,1.),.UNSPECIFIED.);
#614 = CARTESIAN_POINT('',(-5.537164477657,-33.,-5.676485013624));
#615 = CARTESIAN_POINT('',(-5.537164477657,-33.,-5.715915061966));
#616 = CARTESIAN_POINT('',(-5.535444972205,-33.,-5.754755585606));
#617 = CARTESIAN_POINT('',(-5.531842052907,-33.,-5.792873147658));
#618 = CARTESIAN_POINT('',(-5.526175862735,-33.,-5.830084998621));
#619 = CARTESIAN_POINT('',(-5.514163702473,-33.,-5.885110734121));
#620 = CARTESIAN_POINT('',(-5.509422294966,-33.,-5.903734701219));
#621 = CARTESIAN_POINT('',(-5.504050342603,-33.,-5.922019456003));
#622 = CARTESIAN_POINT('',(-5.498030186371,-33.,-5.939932190556));
#623 = CARTESIAN_POINT('',(-5.478007309812,-33.,-5.992393420183));
#624 = CARTESIAN_POINT('',(-5.462027024517,-33.,-6.025735252681));
#625 = CARTESIAN_POINT('',(-5.443310270433,-33.,-6.057179814052));
#626 = CARTESIAN_POINT('',(-5.421849917265,-33.,-6.086475025043));
#627 = CARTESIAN_POINT('',(-5.369562752736,-33.,-6.145123057257));
#628 = CARTESIAN_POINT('',(-5.337745022571,-33.,-6.173611615809));
#629 = CARTESIAN_POINT('',(-5.302591102562,-33.,-6.198636106356));
#630 = CARTESIAN_POINT('',(-5.26453595241,-33.,-6.220208164498));
#631 = CARTESIAN_POINT('',(-5.202411899393,-33.,-6.248252029291));
#632 = CARTESIAN_POINT('',(-5.180065966501,-33.,-6.257082271513));
#633 = CARTESIAN_POINT('',(-5.15709341815,-33.,-6.264994158835));
#634 = CARTESIAN_POINT('',(-5.133561318647,-33.,-6.272024273111));
#635 = CARTESIAN_POINT('',(-5.056754693278,-33.,-6.291802705453));
#636 = CARTESIAN_POINT('',(-5.001578742015,-33.,-6.301330763761));
#637 = CARTESIAN_POINT('',(-4.944610871483,-33.,-6.307237137304));
#638 = CARTESIAN_POINT('',(-4.88632973283,-33.,-6.31));
#639 = CARTESIAN_POINT('',(-4.827014613896,-33.,-6.31));
#640 = ORIENTED_EDGE('',*,*,#641,.T.);
#641 = EDGE_CURVE('',#611,#642,#644,.T.);
#642 = VERTEX_POINT('',#643);
#643 = CARTESIAN_POINT('',(-5.537164477657,-33.,1.056485013624));
#644 = LINE('',#645,#646);
#645 = CARTESIAN_POINT('',(-5.537164477657,-33.,-3.963242506812));
#646 = VECTOR('',#647,1.);
#647 = DIRECTION('',(0.,2.3E-16,1.));
#648 = ORIENTED_EDGE('',*,*,#649,.F.);
#649 = EDGE_CURVE('',#650,#642,#652,.T.);
#650 = VERTEX_POINT('',#651);
#651 = CARTESIAN_POINT('',(-4.827014613896,-33.,1.69));
#652 = B_SPLINE_CURVE_WITH_KNOTS('',5,(#653,#654,#655,#656,#657,#658,
    #659,#660,#661,#662,#663,#664,#665,#666,#667,#668,#669,#670,#671,
    #672,#673,#674,#675,#676,#677,#678),.UNSPECIFIED.,.F.,.F.,(6,4,4,4,4
    ,4,6),(0.,0.244655004534,0.356063947285,0.564334686672,
    0.741744280269,0.830597584514,1.),.UNSPECIFIED.);
#653 = CARTESIAN_POINT('',(-4.827014613896,-33.,1.69));
#654 = CARTESIAN_POINT('',(-4.88632973283,-33.,1.69));
#655 = CARTESIAN_POINT('',(-4.944610871483,-33.,1.687237137304));
#656 = CARTESIAN_POINT('',(-5.001578742015,-33.,1.681330763761));
#657 = CARTESIAN_POINT('',(-5.056754693278,-33.,1.671802705454));
#658 = CARTESIAN_POINT('',(-5.133561318647,-33.,1.652024273111));
#659 = CARTESIAN_POINT('',(-5.15709341815,-33.,1.644994158835));
#660 = CARTESIAN_POINT('',(-5.180065966501,-33.,1.637082271513));
#661 = CARTESIAN_POINT('',(-5.202411899393,-33.,1.628252029291));
#662 = CARTESIAN_POINT('',(-5.26453595241,-33.,1.600208164498));
#663 = CARTESIAN_POINT('',(-5.302591102562,-33.,1.578636106356));
#664 = CARTESIAN_POINT('',(-5.337745022571,-33.,1.553611615809));
#665 = CARTESIAN_POINT('',(-5.369562752736,-33.,1.525123057257));
#666 = CARTESIAN_POINT('',(-5.421849917265,-33.,1.466475025043));
#667 = CARTESIAN_POINT('',(-5.443310270433,-33.,1.437179814052));
#668 = CARTESIAN_POINT('',(-5.462027024517,-33.,1.405735252681));
#669 = CARTESIAN_POINT('',(-5.478007309812,-33.,1.372393420183));
#670 = CARTESIAN_POINT('',(-5.498030186371,-33.,1.319932190556));
#671 = CARTESIAN_POINT('',(-5.504050342603,-33.,1.302019456003));
#672 = CARTESIAN_POINT('',(-5.509422294966,-33.,1.283734701219));
#673 = CARTESIAN_POINT('',(-5.514163702473,-33.,1.265110734121));
#674 = CARTESIAN_POINT('',(-5.526175862735,-33.,1.210084998621));
#675 = CARTESIAN_POINT('',(-5.531842052907,-33.,1.172873147658));
#676 = CARTESIAN_POINT('',(-5.535444972205,-33.,1.134755585606));
#677 = CARTESIAN_POINT('',(-5.537164477657,-33.,1.095915061966));
#678 = CARTESIAN_POINT('',(-5.537164477657,-33.,1.056485013624));
#679 = ORIENTED_EDGE('',*,*,#680,.T.);
#680 = EDGE_CURVE('',#650,#681,#683,.T.);
#681 = VERTEX_POINT('',#682);
#682 = CARTESIAN_POINT('',(-2.333826602997,-33.,1.69));
#683 = LINE('',#684,#685);
#684 = CARTESIAN_POINT('',(-2.413507306948,-33.,1.69));
#685 = VECTOR('',#686,1.);
#686 = DIRECTION('',(1.,0.,0.));
#687 = ORIENTED_EDGE('',*,*,#688,.F.);
#688 = EDGE_CURVE('',#689,#681,#691,.T.);
#689 = VERTEX_POINT('',#690);
#690 = CARTESIAN_POINT('',(-1.603240771935,-33.,1.056485013624));
#691 = B_SPLINE_CURVE_WITH_KNOTS('',6,(#692,#693,#694,#695,#696,#697,
    #698,#699,#700,#701,#702,#703,#704,#705,#706,#707,#708,#709,#710,
    #711,#712,#713,#714,#715,#716,#717,#718,#719,#720,#721,#722,#723),
  .UNSPECIFIED.,.F.,.F.,(7,5,5,5,5,5,7),(0.,0.161067953909,
    0.246650499562,0.419796382722,0.63047457572,0.743931311054,1.),
  .UNSPECIFIED.);
#692 = CARTESIAN_POINT('',(-1.603240771935,-33.,1.056485013624));
#693 = CARTESIAN_POINT('',(-1.603240771935,-33.,1.087995977175));
#694 = CARTESIAN_POINT('',(-1.604325350082,-33.,1.119145581417));
#695 = CARTESIAN_POINT('',(-1.606568906756,-33.,1.149873234747));
#696 = CARTESIAN_POINT('',(-1.61005003201,-33.,1.180104280957));
#697 = CARTESIAN_POINT('',(-1.614844840883,-33.,1.209752809982));
#698 = CARTESIAN_POINT('',(-1.624301608601,-33.,1.254118395524));
#699 = CARTESIAN_POINT('',(-1.627972555403,-33.,1.269321118874));
#700 = CARTESIAN_POINT('',(-1.632043344585,-33.,1.284318108204));
#701 = CARTESIAN_POINT('',(-1.636522852204,-33.,1.29909443379));
#702 = CARTESIAN_POINT('',(-1.641418634915,-33.,1.31363476669));
#703 = CARTESIAN_POINT('',(-1.657496611023,-33.,1.356831310087));
#704 = CARTESIAN_POINT('',(-1.669986716801,-33.,1.384712948307));
#705 = CARTESIAN_POINT('',(-1.684254670024,-33.,1.411431920687));
#706 = CARTESIAN_POINT('',(-1.700318827439,-33.,1.436861980867));
#707 = CARTESIAN_POINT('',(-1.718157590972,-33.,1.460894863739));
#708 = CARTESIAN_POINT('',(-1.761475274653,-33.,1.510890222524));
#709 = CARTESIAN_POINT('',(-1.787779839188,-33.,1.536150510761));
#710 = CARTESIAN_POINT('',(-1.816481427916,-33.,1.559074512336));
#711 = CARTESIAN_POINT('',(-1.847378994111,-33.,1.579615007216));
#712 = CARTESIAN_POINT('',(-1.880228326279,-33.,1.597803070354));
#713 = CARTESIAN_POINT('',(-1.933370447097,-33.,1.622290365941));
#714 = CARTESIAN_POINT('',(-1.952464960451,-33.,1.63020395242));
#715 = CARTESIAN_POINT('',(-1.972014829709,-33.,1.637473378216));
#716 = CARTESIAN_POINT('',(-1.99198300092,-33.,1.644116467321));
#717 = CARTESIAN_POINT('',(-2.012334278211,-33.,1.650153789179));
#718 = CARTESIAN_POINT('',(-2.079760446337,-33.,1.667915086482));
#719 = CARTESIAN_POINT('',(-2.128262963369,-33.,1.677245924637));
#720 = CARTESIAN_POINT('',(-2.178188067389,-33.,1.683857244989));
#721 = CARTESIAN_POINT('',(-2.229231668277,-33.,1.688024921697));
#722 = CARTESIAN_POINT('',(-2.281162598749,-33.,1.69));
#723 = CARTESIAN_POINT('',(-2.333826602997,-33.,1.69));
#724 = ORIENTED_EDGE('',*,*,#725,.T.);
#725 = EDGE_CURVE('',#689,#726,#728,.T.);
#726 = VERTEX_POINT('',#727);
#727 = CARTESIAN_POINT('',(-1.603240771935,-33.,-0.925803814714));
#728 = LINE('',#729,#730);
#729 = CARTESIAN_POINT('',(-1.603240771935,-33.,-0.596757493188));
#730 = VECTOR('',#731,1.);
#731 = DIRECTION('',(0.,-2.3E-16,-1.));
#732 = ORIENTED_EDGE('',*,*,#733,.T.);
#733 = EDGE_CURVE('',#726,#734,#736,.T.);
#734 = VERTEX_POINT('',#735);
#735 = CARTESIAN_POINT('',(-2.793635867302,-33.,-0.925803814714));
#736 = LINE('',#737,#738);
#737 = CARTESIAN_POINT('',(-0.801620385967,-33.,-0.925803814714));
#738 = VECTOR('',#739,1.);
#739 = DIRECTION('',(-1.,-0.,0.));
#740 = ORIENTED_EDGE('',*,*,#741,.T.);
#741 = EDGE_CURVE('',#734,#742,#744,.T.);
#742 = VERTEX_POINT('',#743);
#743 = CARTESIAN_POINT('',(-2.793635867302,-33.,0.665476839237));
#744 = LINE('',#745,#746);
#745 = CARTESIAN_POINT('',(-2.793635867302,-33.,-1.587901907357));
#746 = VECTOR('',#747,1.);
#747 = DIRECTION('',(0.,2.3E-16,1.));
#748 = ORIENTED_EDGE('',*,*,#749,.T.);
#749 = EDGE_CURVE('',#742,#750,#752,.T.);
#750 = VERTEX_POINT('',#751);
#751 = CARTESIAN_POINT('',(-4.341660390463,-33.,0.665476839237));
#752 = LINE('',#753,#754);
#753 = CARTESIAN_POINT('',(-1.396817933651,-33.,0.665476839237));
#754 = VECTOR('',#755,1.);
#755 = DIRECTION('',(-1.,-0.,0.));
#756 = ORIENTED_EDGE('',*,*,#757,.T.);
#757 = EDGE_CURVE('',#750,#758,#760,.T.);
#758 = VERTEX_POINT('',#759);
#759 = CARTESIAN_POINT('',(-4.341660390463,-33.,-5.285476839237));
#760 = LINE('',#761,#762);
#761 = CARTESIAN_POINT('',(-4.341660390463,-33.,-0.792261580381));
#762 = VECTOR('',#763,1.);
#763 = DIRECTION('',(0.,-2.3E-16,-1.));
#764 = ORIENTED_EDGE('',*,*,#765,.T.);
#765 = EDGE_CURVE('',#758,#766,#768,.T.);
#766 = VERTEX_POINT('',#767);
#767 = CARTESIAN_POINT('',(-2.793635867302,-33.,-5.285476839237));
#768 = LINE('',#769,#770);
#769 = CARTESIAN_POINT('',(-2.170830195232,-33.,-5.285476839237));
#770 = VECTOR('',#771,1.);
#771 = DIRECTION('',(1.,0.,0.));
#772 = ORIENTED_EDGE('',*,*,#773,.T.);
#773 = EDGE_CURVE('',#766,#774,#776,.T.);
#774 = VERTEX_POINT('',#775);
#775 = CARTESIAN_POINT('',(-2.793635867302,-33.,-3.607002724796));
#776 = LINE('',#777,#778);
#777 = CARTESIAN_POINT('',(-2.793635867302,-33.,-3.767738419619));
#778 = VECTOR('',#779,1.);
#779 = DIRECTION('',(0.,2.3E-16,1.));
#780 = ORIENTED_EDGE('',*,*,#781,.T.);
#781 = EDGE_CURVE('',#774,#782,#784,.T.);
#782 = VERTEX_POINT('',#783);
#783 = CARTESIAN_POINT('',(-1.603240771935,-33.,-3.607002724796));
#784 = LINE('',#785,#786);
#785 = CARTESIAN_POINT('',(-1.396817933651,-33.,-3.607002724796));
#786 = VECTOR('',#787,1.);
#787 = DIRECTION('',(1.,0.,0.));
#788 = ORIENTED_EDGE('',*,*,#789,.T.);
#789 = EDGE_CURVE('',#782,#566,#790,.T.);
#790 = LINE('',#791,#792);
#791 = CARTESIAN_POINT('',(-1.603240771935,-33.,-2.928501362398));
#792 = VECTOR('',#793,1.);
#793 = DIRECTION('',(0.,-2.3E-16,-1.));
#794 = FACE_BOUND('',#795,.T.);
#795 = EDGE_LOOP('',(#796,#835,#843,#851,#859,#890,#898,#915,#934,#953,
    #970));
#796 = ORIENTED_EDGE('',*,*,#797,.F.);
#797 = EDGE_CURVE('',#798,#800,#802,.T.);
#798 = VERTEX_POINT('',#799);
#799 = CARTESIAN_POINT('',(-7.205080008992,-33.,-6.31));
#800 = VERTEX_POINT('',#801);
#801 = CARTESIAN_POINT('',(-6.474494177929,-33.,-5.676485013624));
#802 = B_SPLINE_CURVE_WITH_KNOTS('',6,(#803,#804,#805,#806,#807,#808,
    #809,#810,#811,#812,#813,#814,#815,#816,#817,#818,#819,#820,#821,
    #822,#823,#824,#825,#826,#827,#828,#829,#830,#831,#832,#833,#834),
  .UNSPECIFIED.,.F.,.F.,(7,5,5,5,5,5,7),(0.,0.256068688946,0.36952542428
    ,0.580203617278,0.753349500438,0.838932046091,1.),.UNSPECIFIED.);
#803 = CARTESIAN_POINT('',(-7.205080008992,-33.,-6.31));
#804 = CARTESIAN_POINT('',(-7.152416004744,-33.,-6.31));
#805 = CARTESIAN_POINT('',(-7.100485074271,-33.,-6.308024921697));
#806 = CARTESIAN_POINT('',(-7.049441473383,-33.,-6.303857244989));
#807 = CARTESIAN_POINT('',(-6.999516369364,-33.,-6.297245924637));
#808 = CARTESIAN_POINT('',(-6.951013852332,-33.,-6.287915086482));
#809 = CARTESIAN_POINT('',(-6.883587684206,-33.,-6.270153789179));
#810 = CARTESIAN_POINT('',(-6.863236406914,-33.,-6.264116467321));
#811 = CARTESIAN_POINT('',(-6.843268235704,-33.,-6.257473378216));
#812 = CARTESIAN_POINT('',(-6.823718366445,-33.,-6.25020395242));
#813 = CARTESIAN_POINT('',(-6.804623853092,-33.,-6.242290365941));
#814 = CARTESIAN_POINT('',(-6.751481732274,-33.,-6.217803070354));
#815 = CARTESIAN_POINT('',(-6.718632400105,-33.,-6.199615007216));
#816 = CARTESIAN_POINT('',(-6.687734833911,-33.,-6.179074512336));
#817 = CARTESIAN_POINT('',(-6.659033245182,-33.,-6.156150510761));
#818 = CARTESIAN_POINT('',(-6.632728680648,-33.,-6.130890222524));
#819 = CARTESIAN_POINT('',(-6.589410996966,-33.,-6.080894863739));
#820 = CARTESIAN_POINT('',(-6.571572233434,-33.,-6.056861980867));
#821 = CARTESIAN_POINT('',(-6.555508076019,-33.,-6.031431920687));
#822 = CARTESIAN_POINT('',(-6.541240122796,-33.,-6.004712948307));
#823 = CARTESIAN_POINT('',(-6.528750017017,-33.,-5.976831310087));
#824 = CARTESIAN_POINT('',(-6.51267204091,-33.,-5.93363476669));
#825 = CARTESIAN_POINT('',(-6.507776258198,-33.,-5.91909443379));
#826 = CARTESIAN_POINT('',(-6.503296750579,-33.,-5.904318108204));
#827 = CARTESIAN_POINT('',(-6.499225961397,-33.,-5.889321118874));
#828 = CARTESIAN_POINT('',(-6.495555014595,-33.,-5.874118395524));
#829 = CARTESIAN_POINT('',(-6.486098246877,-33.,-5.829752809982));
#830 = CARTESIAN_POINT('',(-6.481303438004,-33.,-5.800104280957));
#831 = CARTESIAN_POINT('',(-6.47782231275,-33.,-5.769873234747));
#832 = CARTESIAN_POINT('',(-6.475578756076,-33.,-5.739145581417));
#833 = CARTESIAN_POINT('',(-6.474494177929,-33.,-5.707995977175));
#834 = CARTESIAN_POINT('',(-6.474494177929,-33.,-5.676485013624));
#835 = ORIENTED_EDGE('',*,*,#836,.T.);
#836 = EDGE_CURVE('',#798,#837,#839,.T.);
#837 = VERTEX_POINT('',#838);
#838 = CARTESIAN_POINT('',(-10.3981999,-33.,-6.31));
#839 = LINE('',#840,#841);
#840 = CARTESIAN_POINT('',(-3.602540004496,-33.,-6.31));
#841 = VECTOR('',#842,1.);
#842 = DIRECTION('',(-1.,-0.,0.));
#843 = ORIENTED_EDGE('',*,*,#844,.T.);
#844 = EDGE_CURVE('',#837,#845,#847,.T.);
#845 = VERTEX_POINT('',#846);
#846 = CARTESIAN_POINT('',(-10.3981999,-33.,1.69));
#847 = LINE('',#848,#849);
#848 = CARTESIAN_POINT('',(-10.3981999,-33.,-4.28));
#849 = VECTOR('',#850,1.);
#850 = DIRECTION('',(0.,2.3E-16,1.));
#851 = ORIENTED_EDGE('',*,*,#852,.T.);
#852 = EDGE_CURVE('',#845,#853,#855,.T.);
#853 = VERTEX_POINT('',#854);
#854 = CARTESIAN_POINT('',(-7.225515976294,-33.,1.69));
#855 = LINE('',#856,#857);
#856 = CARTESIAN_POINT('',(-5.19909995,-33.,1.69));
#857 = VECTOR('',#858,1.);
#858 = DIRECTION('',(1.,0.,0.));
#859 = ORIENTED_EDGE('',*,*,#860,.F.);
#860 = EDGE_CURVE('',#861,#853,#863,.T.);
#861 = VERTEX_POINT('',#862);
#862 = CARTESIAN_POINT('',(-6.515366112534,-33.,1.056485013624));
#863 = B_SPLINE_CURVE_WITH_KNOTS('',5,(#864,#865,#866,#867,#868,#869,
    #870,#871,#872,#873,#874,#875,#876,#877,#878,#879,#880,#881,#882,
    #883,#884,#885,#886,#887,#888,#889),.UNSPECIFIED.,.F.,.F.,(6,4,4,4,4
    ,4,6),(0.,0.169402415486,0.258255719731,0.435665313328,
    0.643936052715,0.755344995466,1.),.UNSPECIFIED.);
#864 = CARTESIAN_POINT('',(-6.515366112534,-33.,1.056485013624));
#865 = CARTESIAN_POINT('',(-6.515366112534,-33.,1.095915061966));
#866 = CARTESIAN_POINT('',(-6.517085617986,-33.,1.134755585606));
#867 = CARTESIAN_POINT('',(-6.520688537283,-33.,1.172873147658));
#868 = CARTESIAN_POINT('',(-6.526354727456,-33.,1.210084998621));
#869 = CARTESIAN_POINT('',(-6.538366887718,-33.,1.265110734121));
#870 = CARTESIAN_POINT('',(-6.543108295225,-33.,1.283734701219));
#871 = CARTESIAN_POINT('',(-6.548480247588,-33.,1.302019456003));
#872 = CARTESIAN_POINT('',(-6.554500403819,-33.,1.319932190556));
#873 = CARTESIAN_POINT('',(-6.574523280379,-33.,1.372393420183));
#874 = CARTESIAN_POINT('',(-6.590503565673,-33.,1.405735252681));
#875 = CARTESIAN_POINT('',(-6.609220319757,-33.,1.437179814052));
#876 = CARTESIAN_POINT('',(-6.630680672926,-33.,1.466475025043));
#877 = CARTESIAN_POINT('',(-6.682967837454,-33.,1.525123057257));
#878 = CARTESIAN_POINT('',(-6.71478556762,-33.,1.553611615809));
#879 = CARTESIAN_POINT('',(-6.749939487629,-33.,1.578636106356));
#880 = CARTESIAN_POINT('',(-6.78799463778,-33.,1.600208164498));
#881 = CARTESIAN_POINT('',(-6.850118690797,-33.,1.628252029291));
#882 = CARTESIAN_POINT('',(-6.87246462369,-33.,1.637082271513));
#883 = CARTESIAN_POINT('',(-6.89543717204,-33.,1.644994158835));
#884 = CARTESIAN_POINT('',(-6.918969271544,-33.,1.652024273111));
#885 = CARTESIAN_POINT('',(-6.995775896913,-33.,1.671802705454));
#886 = CARTESIAN_POINT('',(-7.050951848175,-33.,1.681330763761));
#887 = CARTESIAN_POINT('',(-7.107919718708,-33.,1.687237137304));
#888 = CARTESIAN_POINT('',(-7.166200857361,-33.,1.69));
#889 = CARTESIAN_POINT('',(-7.225515976294,-33.,1.69));
#890 = ORIENTED_EDGE('',*,*,#891,.T.);
#891 = EDGE_CURVE('',#861,#892,#894,.T.);
#892 = VERTEX_POINT('',#893);
#893 = CARTESIAN_POINT('',(-6.515366112534,-33.,-1.095081743869));
#894 = LINE('',#895,#896);
#895 = CARTESIAN_POINT('',(-6.515366112534,-33.,-0.596757493188));
#896 = VECTOR('',#897,1.);
#897 = DIRECTION('',(0.,-2.3E-16,-1.));
#898 = ORIENTED_EDGE('',*,*,#899,.F.);
#899 = EDGE_CURVE('',#900,#892,#902,.T.);
#900 = VERTEX_POINT('',#901);
#901 = CARTESIAN_POINT('',(-6.770815703815,-33.,-1.743583106267));
#902 = B_SPLINE_CURVE_WITH_KNOTS('',6,(#903,#904,#905,#906,#907,#908,
    #909,#910,#911,#912,#913,#914),.UNSPECIFIED.,.F.,.F.,(7,5,7),(0.,
    0.211786599403,1.),.UNSPECIFIED.);
#903 = CARTESIAN_POINT('',(-6.770815703815,-33.,-1.743583106267));
#904 = CARTESIAN_POINT('',(-6.75250241269,-33.,-1.727101144255));
#905 = CARTESIAN_POINT('',(-6.734929904178,-33.,-1.709995123086));
#906 = CARTESIAN_POINT('',(-6.718117084178,-33.,-1.692269453846));
#907 = CARTESIAN_POINT('',(-6.702079786742,-33.,-1.673931348828));
#908 = CARTESIAN_POINT('',(-6.686830774069,-33.,-1.654990821528));
#909 = CARTESIAN_POINT('',(-6.618596817824,-33.,-1.562774718457));
#910 = CARTESIAN_POINT('',(-6.575843888123,-33.,-1.481892276067));
#911 = CARTESIAN_POINT('',(-6.544695492675,-33.,-1.393549863602));
#912 = CARTESIAN_POINT('',(-6.524807713739,-33.,-1.298844161913));
#913 = CARTESIAN_POINT('',(-6.515366112534,-33.,-1.198975154527));
#914 = CARTESIAN_POINT('',(-6.515366112534,-33.,-1.095081743869));
#915 = ORIENTED_EDGE('',*,*,#916,.F.);
#916 = EDGE_CURVE('',#917,#900,#919,.T.);
#917 = VERTEX_POINT('',#918);
#918 = CARTESIAN_POINT('',(-7.39411270654,-33.,-2.14651226158));
#919 = B_SPLINE_CURVE_WITH_KNOTS('',7,(#920,#921,#922,#923,#924,#925,
    #926,#927,#928,#929,#930,#931,#932,#933),.UNSPECIFIED.,.F.,.F.,(8,6,
    8),(0.,0.644474676001,1.),.UNSPECIFIED.);
#920 = CARTESIAN_POINT('',(-7.39411270654,-33.,-2.14651226158));
#921 = CARTESIAN_POINT('',(-7.313032636598,-33.,-2.095279057965));
#922 = CARTESIAN_POINT('',(-7.234297622074,-33.,-2.045426830518));
#923 = CARTESIAN_POINT('',(-7.15806854749,-33.,-1.997040168952));
#924 = CARTESIAN_POINT('',(-7.085008260308,-33.,-1.950513694712));
#925 = CARTESIAN_POINT('',(-7.01636484373,-33.,-1.906601884743));
#926 = CARTESIAN_POINT('',(-6.953912499536,-33.,-1.866383615719));
#927 = CARTESIAN_POINT('',(-6.870783374561,-33.,-1.812244077701));
#928 = CARTESIAN_POINT('',(-6.84395624905,-33.,-1.794633880615));
#929 = CARTESIAN_POINT('',(-6.820370223256,-33.,-1.778976744622));
#930 = CARTESIAN_POINT('',(-6.800651180278,-33.,-1.765659571447));
#931 = CARTESIAN_POINT('',(-6.785484073836,-33.,-1.755108588903));
#932 = CARTESIAN_POINT('',(-6.775458895259,-33.,-1.747695647261));
#933 = CARTESIAN_POINT('',(-6.770815703815,-33.,-1.743583106267));
#934 = ORIENTED_EDGE('',*,*,#935,.F.);
#935 = EDGE_CURVE('',#936,#917,#938,.T.);
#936 = VERTEX_POINT('',#937);
#937 = CARTESIAN_POINT('',(-6.750379736512,-33.,-2.565790190736));
#938 = B_SPLINE_CURVE_WITH_KNOTS('',7,(#939,#940,#941,#942,#943,#944,
    #945,#946,#947,#948,#949,#950,#951,#952),.UNSPECIFIED.,.F.,.F.,(8,6,
    8),(0.,0.341674350398,1.),.UNSPECIFIED.);
#939 = CARTESIAN_POINT('',(-6.750379736512,-33.,-2.565790190736));
#940 = CARTESIAN_POINT('',(-6.754897908262,-33.,-2.561142928365));
#941 = CARTESIAN_POINT('',(-6.764698639262,-33.,-2.553323362476));
#942 = CARTESIAN_POINT('',(-6.779535227128,-33.,-2.542502779735));
#943 = CARTESIAN_POINT('',(-6.798820433341,-33.,-2.529049103319));
#944 = CARTESIAN_POINT('',(-6.821879037962,-33.,-2.513377182233));
#945 = CARTESIAN_POINT('',(-6.848098413894,-33.,-2.495859546674));
#946 = CARTESIAN_POINT('',(-6.932619557436,-33.,-2.440069824022));
#947 = CARTESIAN_POINT('',(-6.998021311411,-33.,-2.397683771308));
#948 = CARTESIAN_POINT('',(-7.070046875153,-33.,-2.351493974417));
#949 = CARTESIAN_POINT('',(-7.146718817361,-33.,-2.302671953022));
#950 = CARTESIAN_POINT('',(-7.226649703386,-33.,-2.252031223508));
#951 = CARTESIAN_POINT('',(-7.309152038918,-33.,-2.199963706812));
#952 = CARTESIAN_POINT('',(-7.39411270654,-33.,-2.14651226158));
#953 = ORIENTED_EDGE('',*,*,#954,.F.);
#954 = EDGE_CURVE('',#955,#936,#957,.T.);
#955 = VERTEX_POINT('',#956);
#956 = CARTESIAN_POINT('',(-6.474494177929,-33.,-3.241539509537));
#957 = B_SPLINE_CURVE_WITH_KNOTS('',6,(#958,#959,#960,#961,#962,#963,
    #964,#965,#966,#967,#968,#969),.UNSPECIFIED.,.F.,.F.,(7,5,7),(0.,
    0.722065102439,1.),.UNSPECIFIED.);
#958 = CARTESIAN_POINT('',(-6.474494177929,-33.,-3.241539509537));
#959 = CARTESIAN_POINT('',(-6.474494177929,-33.,-3.143344766685));
#960 = CARTESIAN_POINT('',(-6.483146702812,-33.,-3.048399813048));
#961 = CARTESIAN_POINT('',(-6.501276353184,-33.,-2.957620059683));
#962 = CARTESIAN_POINT('',(-6.529528987521,-33.,-2.87195676013));
#963 = CARTESIAN_POINT('',(-6.568159300351,-33.,-2.792285930499));
#964 = CARTESIAN_POINT('',(-6.635411552422,-33.,-2.691136267645));
#965 = CARTESIAN_POINT('',(-6.655577349245,-33.,-2.66400201492));
#966 = CARTESIAN_POINT('',(-6.677194855585,-33.,-2.637880247564));
#967 = CARTESIAN_POINT('',(-6.70023098172,-33.,-2.61279522997));
#968 = CARTESIAN_POINT('',(-6.724643013232,-33.,-2.588762599293));
#969 = CARTESIAN_POINT('',(-6.750379736512,-33.,-2.565790190736));
#970 = ORIENTED_EDGE('',*,*,#971,.T.);
#971 = EDGE_CURVE('',#955,#800,#972,.T.);
#972 = LINE('',#973,#974);
#973 = CARTESIAN_POINT('',(-6.474494177929,-33.,-2.745769754768));
#974 = VECTOR('',#975,1.);
#975 = DIRECTION('',(0.,-2.3E-16,-1.));
#976 = FACE_BOUND('',#977,.T.);
#977 = EDGE_LOOP('',(#978));
#978 = ORIENTED_EDGE('',*,*,#979,.F.);
#979 = EDGE_CURVE('',#980,#980,#982,.T.);
#980 = VERTEX_POINT('',#981);
#981 = CARTESIAN_POINT('',(-12.5,-33.,-2.25));
#982 = CIRCLE('',#983,2.);
#983 = AXIS2_PLACEMENT_3D('',#984,#985,#986);
#984 = CARTESIAN_POINT('',(-14.5,-33.,-2.25));
#985 = DIRECTION('',(0.,-1.,-2.2E-16));
#986 = DIRECTION('',(1.,0.,0.));
#987 = PLANE('',#988);
#988 = AXIS2_PLACEMENT_3D('',#989,#990,#991);
#989 = CARTESIAN_POINT('',(4.E-17,-33.,-2.25));
#990 = DIRECTION('',(0.,-1.,2.3E-16));
#991 = DIRECTION('',(0.,2.3E-16,1.));
#992 = ADVANCED_FACE('',(#993),#1004,.T.);
#993 = FACE_BOUND('',#994,.T.);
#994 = EDGE_LOOP('',(#995,#996,#997,#1003));
#995 = ORIENTED_EDGE('',*,*,#61,.T.);
#996 = ORIENTED_EDGE('',*,*,#285,.T.);
#997 = ORIENTED_EDGE('',*,*,#998,.F.);
#998 = EDGE_CURVE('',#148,#277,#999,.T.);
#999 = LINE('',#1000,#1001);
#1000 = CARTESIAN_POINT('',(-7.169705454388,-29.,7.989400553612));
#1001 = VECTOR('',#1002,1.);
#1002 = DIRECTION('',(0.,-1.,2.2E-16));
#1003 = ORIENTED_EDGE('',*,*,#147,.F.);
#1004 = PLANE('',#1005);
#1005 = AXIS2_PLACEMENT_3D('',#1006,#1007,#1008);
#1006 = CARTESIAN_POINT('',(-15.892836386,-29.,1.881398518504));
#1007 = DIRECTION('',(-0.573576436351,1.8E-16,0.819152044289));
#1008 = DIRECTION('',(0.819152044289,1.3E-16,0.573576436351));
#1009 = ADVANCED_FACE('',(#1010),#1021,.F.);
#1010 = FACE_BOUND('',#1011,.T.);
#1011 = EDGE_LOOP('',(#1012,#1018,#1019,#1020));
#1012 = ORIENTED_EDGE('',*,*,#1013,.T.);
#1013 = EDGE_CURVE('',#182,#243,#1014,.T.);
#1014 = LINE('',#1015,#1016);
#1015 = CARTESIAN_POINT('',(15.892836386005,-29.,-6.381398518504));
#1016 = VECTOR('',#1017,1.);
#1017 = DIRECTION('',(0.,-1.,2.2E-16));
#1018 = ORIENTED_EDGE('',*,*,#242,.T.);
#1019 = ORIENTED_EDGE('',*,*,#94,.F.);
#1020 = ORIENTED_EDGE('',*,*,#190,.F.);
#1021 = PLANE('',#1022);
#1022 = AXIS2_PLACEMENT_3D('',#1023,#1024,#1025);
#1023 = CARTESIAN_POINT('',(15.892836386005,-29.,-6.381398518504));
#1024 = DIRECTION('',(-0.573576436351,1.8E-16,0.819152044289));
#1025 = DIRECTION('',(0.819152044289,1.3E-16,0.573576436351));
#1026 = ADVANCED_FACE('',(#1027),#1040,.T.);
#1027 = FACE_BOUND('',#1028,.F.);
#1028 = EDGE_LOOP('',(#1029,#1030,#1031,#1032,#1033,#1039));
#1029 = ORIENTED_EDGE('',*,*,#276,.T.);
#1030 = ORIENTED_EDGE('',*,*,#998,.F.);
#1031 = ORIENTED_EDGE('',*,*,#155,.F.);
#1032 = ORIENTED_EDGE('',*,*,#164,.T.);
#1033 = ORIENTED_EDGE('',*,*,#1034,.T.);
#1034 = EDGE_CURVE('',#165,#260,#1035,.T.);
#1035 = LINE('',#1036,#1037);
#1036 = CARTESIAN_POINT('',(7.169705454388,-29.,7.989400553612));
#1037 = VECTOR('',#1038,1.);
#1038 = DIRECTION('',(0.,-1.,2.2E-16));
#1039 = ORIENTED_EDGE('',*,*,#267,.F.);
#1040 = CYLINDRICAL_SURFACE('',#1041,12.5);
#1041 = AXIS2_PLACEMENT_3D('',#1042,#1043,#1044);
#1042 = CARTESIAN_POINT('',(0.,-29.,-2.25));
#1043 = DIRECTION('',(0.,1.,-2.2E-16));
#1044 = DIRECTION('',(1.,0.,0.));
#1045 = ADVANCED_FACE('',(#1046),#1057,.T.);
#1046 = FACE_BOUND('',#1047,.T.);
#1047 = EDGE_LOOP('',(#1048,#1054,#1055,#1056));
#1048 = ORIENTED_EDGE('',*,*,#1049,.T.);
#1049 = EDGE_CURVE('',#174,#251,#1050,.T.);
#1050 = LINE('',#1051,#1052);
#1051 = CARTESIAN_POINT('',(15.892836386005,-29.,1.881398518504));
#1052 = VECTOR('',#1053,1.);
#1053 = DIRECTION('',(0.,-1.,2.2E-16));
#1054 = ORIENTED_EDGE('',*,*,#250,.T.);
#1055 = ORIENTED_EDGE('',*,*,#1013,.F.);
#1056 = ORIENTED_EDGE('',*,*,#181,.F.);
#1057 = CYLINDRICAL_SURFACE('',#1058,5.043506327436);
#1058 = AXIS2_PLACEMENT_3D('',#1059,#1060,#1061);
#1059 = CARTESIAN_POINT('',(13.,-29.,-2.25));
#1060 = DIRECTION('',(0.,1.,-2.2E-16));
#1061 = DIRECTION('',(-1.,0.,0.));
#1062 = ADVANCED_FACE('',(#1063),#1069,.T.);
#1063 = FACE_BOUND('',#1064,.F.);
#1064 = EDGE_LOOP('',(#1065,#1066,#1067,#1068));
#1065 = ORIENTED_EDGE('',*,*,#1049,.T.);
#1066 = ORIENTED_EDGE('',*,*,#259,.T.);
#1067 = ORIENTED_EDGE('',*,*,#1034,.F.);
#1068 = ORIENTED_EDGE('',*,*,#173,.F.);
#1069 = PLANE('',#1070);
#1070 = AXIS2_PLACEMENT_3D('',#1071,#1072,#1073);
#1071 = CARTESIAN_POINT('',(15.892836386005,-29.,1.881398518504));
#1072 = DIRECTION('',(0.573576436351,1.8E-16,0.819152044289));
#1073 = DIRECTION('',(0.819152044289,-1.3E-16,-0.573576436351));
#1074 = ADVANCED_FACE('',(#1075),#1086,.F.);
#1075 = FACE_BOUND('',#1076,.F.);
#1076 = EDGE_LOOP('',(#1077,#1083,#1084,#1085));
#1077 = ORIENTED_EDGE('',*,*,#1078,.T.);
#1078 = EDGE_CURVE('',#201,#295,#1079,.T.);
#1079 = LINE('',#1080,#1081);
#1080 = CARTESIAN_POINT('',(12.5,-29.,-2.25));
#1081 = VECTOR('',#1082,1.);
#1082 = DIRECTION('',(0.,-1.,2.2E-16));
#1083 = ORIENTED_EDGE('',*,*,#294,.T.);
#1084 = ORIENTED_EDGE('',*,*,#1078,.F.);
#1085 = ORIENTED_EDGE('',*,*,#200,.F.);
#1086 = CYLINDRICAL_SURFACE('',#1087,2.);
#1087 = AXIS2_PLACEMENT_3D('',#1088,#1089,#1090);
#1088 = CARTESIAN_POINT('',(14.5,-29.,-2.25));
#1089 = DIRECTION('',(0.,1.,-2.2E-16));
#1090 = DIRECTION('',(-1.,0.,0.));
#1091 = ADVANCED_FACE('',(#1092),#1111,.F.);
#1092 = FACE_BOUND('',#1093,.T.);
#1093 = EDGE_LOOP('',(#1094,#1102,#1109,#1110));
#1094 = ORIENTED_EDGE('',*,*,#1095,.T.);
#1095 = EDGE_CURVE('',#212,#1096,#1098,.T.);
#1096 = VERTEX_POINT('',#1097);
#1097 = CARTESIAN_POINT('',(10.75,-31.,-2.25));
#1098 = LINE('',#1099,#1100);
#1099 = CARTESIAN_POINT('',(10.75,-29.,-2.25));
#1100 = VECTOR('',#1101,1.);
#1101 = DIRECTION('',(0.,-1.,2.2E-16));
#1102 = ORIENTED_EDGE('',*,*,#1103,.T.);
#1103 = EDGE_CURVE('',#1096,#1096,#1104,.T.);
#1104 = CIRCLE('',#1105,10.75);
#1105 = AXIS2_PLACEMENT_3D('',#1106,#1107,#1108);
#1106 = CARTESIAN_POINT('',(0.,-31.,-2.25));
#1107 = DIRECTION('',(0.,-1.,-2.2E-16));
#1108 = DIRECTION('',(1.,0.,0.));
#1109 = ORIENTED_EDGE('',*,*,#1095,.F.);
#1110 = ORIENTED_EDGE('',*,*,#211,.F.);
#1111 = CYLINDRICAL_SURFACE('',#1112,10.75);
#1112 = AXIS2_PLACEMENT_3D('',#1113,#1114,#1115);
#1113 = CARTESIAN_POINT('',(0.,-29.,-2.25));
#1114 = DIRECTION('',(0.,1.,-2.2E-16));
#1115 = DIRECTION('',(1.,0.,0.));
#1116 = ADVANCED_FACE('',(#1117),#1128,.F.);
#1117 = FACE_BOUND('',#1118,.T.);
#1118 = EDGE_LOOP('',(#1119,#1125,#1126,#1127));
#1119 = ORIENTED_EDGE('',*,*,#1120,.T.);
#1120 = EDGE_CURVE('',#223,#980,#1121,.T.);
#1121 = LINE('',#1122,#1123);
#1122 = CARTESIAN_POINT('',(-12.5,-29.,-2.25));
#1123 = VECTOR('',#1124,1.);
#1124 = DIRECTION('',(0.,-1.,2.2E-16));
#1125 = ORIENTED_EDGE('',*,*,#979,.T.);
#1126 = ORIENTED_EDGE('',*,*,#1120,.F.);
#1127 = ORIENTED_EDGE('',*,*,#222,.F.);
#1128 = CYLINDRICAL_SURFACE('',#1129,2.);
#1129 = AXIS2_PLACEMENT_3D('',#1130,#1131,#1132);
#1130 = CARTESIAN_POINT('',(-14.5,-29.,-2.25));
#1131 = DIRECTION('',(0.,1.,-2.2E-16));
#1132 = DIRECTION('',(1.,0.,0.));
#1133 = ADVANCED_FACE('',(#1134),#1159,.T.);
#1134 = FACE_BOUND('',#1135,.T.);
#1135 = EDGE_LOOP('',(#1136,#1137,#1145,#1153));
#1136 = ORIENTED_EDGE('',*,*,#305,.F.);
#1137 = ORIENTED_EDGE('',*,*,#1138,.T.);
#1138 = EDGE_CURVE('',#306,#1139,#1141,.T.);
#1139 = VERTEX_POINT('',#1140);
#1140 = CARTESIAN_POINT('',(9.629729255313,-32.6677,1.69));
#1141 = LINE('',#1142,#1143);
#1142 = CARTESIAN_POINT('',(9.629729255313,-33.0677,1.69));
#1143 = VECTOR('',#1144,1.);
#1144 = DIRECTION('',(0.,1.,0.));
#1145 = ORIENTED_EDGE('',*,*,#1146,.T.);
#1146 = EDGE_CURVE('',#1139,#1147,#1149,.T.);
#1147 = VERTEX_POINT('',#1148);
#1148 = CARTESIAN_POINT('',(9.629729255313,-32.6677,-6.31));
#1149 = LINE('',#1150,#1151);
#1150 = CARTESIAN_POINT('',(9.629729255313,-32.6677,1.69));
#1151 = VECTOR('',#1152,1.);
#1152 = DIRECTION('',(0.,2.2E-16,-1.));
#1153 = ORIENTED_EDGE('',*,*,#1154,.F.);
#1154 = EDGE_CURVE('',#308,#1147,#1155,.T.);
#1155 = LINE('',#1156,#1157);
#1156 = CARTESIAN_POINT('',(9.629729255313,-33.0677,-6.31));
#1157 = VECTOR('',#1158,1.);
#1158 = DIRECTION('',(0.,1.,0.));
#1159 = PLANE('',#1160);
#1160 = AXIS2_PLACEMENT_3D('',#1161,#1162,#1163);
#1161 = CARTESIAN_POINT('',(9.629729255313,-33.0677,1.69));
#1162 = DIRECTION('',(-1.,0.,-0.));
#1163 = DIRECTION('',(0.,2.2E-16,-1.));
#1164 = ADVANCED_FACE('',(#1165),#1183,.T.);
#1165 = FACE_BOUND('',#1166,.T.);
#1166 = EDGE_LOOP('',(#1167,#1168,#1176,#1182));
#1167 = ORIENTED_EDGE('',*,*,#331,.F.);
#1168 = ORIENTED_EDGE('',*,*,#1169,.T.);
#1169 = EDGE_CURVE('',#324,#1170,#1172,.T.);
#1170 = VERTEX_POINT('',#1171);
#1171 = CARTESIAN_POINT('',(8.43422516812,-32.6677,1.69));
#1172 = LINE('',#1173,#1174);
#1173 = CARTESIAN_POINT('',(8.43422516812,-33.0677,1.69));
#1174 = VECTOR('',#1175,1.);
#1175 = DIRECTION('',(0.,1.,0.));
#1176 = ORIENTED_EDGE('',*,*,#1177,.T.);
#1177 = EDGE_CURVE('',#1170,#1139,#1178,.T.);
#1178 = LINE('',#1179,#1180);
#1179 = CARTESIAN_POINT('',(8.43422516812,-32.6677,1.69));
#1180 = VECTOR('',#1181,1.);
#1181 = DIRECTION('',(1.,0.,0.));
#1182 = ORIENTED_EDGE('',*,*,#1138,.F.);
#1183 = PLANE('',#1184);
#1184 = AXIS2_PLACEMENT_3D('',#1185,#1186,#1187);
#1185 = CARTESIAN_POINT('',(8.43422516812,-33.0677,1.69));
#1186 = DIRECTION('',(0.,0.,-1.));
#1187 = DIRECTION('',(1.,0.,0.));
#1188 = ADVANCED_FACE('',(#1189),#1207,.T.);
#1189 = FACE_BOUND('',#1190,.T.);
#1190 = EDGE_LOOP('',(#1191,#1192,#1200,#1206));
#1191 = ORIENTED_EDGE('',*,*,#323,.F.);
#1192 = ORIENTED_EDGE('',*,*,#1193,.T.);
#1193 = EDGE_CURVE('',#316,#1194,#1196,.T.);
#1194 = VERTEX_POINT('',#1195);
#1195 = CARTESIAN_POINT('',(8.43422516812,-32.6677,-6.31));
#1196 = LINE('',#1197,#1198);
#1197 = CARTESIAN_POINT('',(8.43422516812,-33.0677,-6.31));
#1198 = VECTOR('',#1199,1.);
#1199 = DIRECTION('',(0.,1.,0.));
#1200 = ORIENTED_EDGE('',*,*,#1201,.T.);
#1201 = EDGE_CURVE('',#1194,#1170,#1202,.T.);
#1202 = LINE('',#1203,#1204);
#1203 = CARTESIAN_POINT('',(8.43422516812,-32.6677,-6.31));
#1204 = VECTOR('',#1205,1.);
#1205 = DIRECTION('',(0.,-2.2E-16,1.));
#1206 = ORIENTED_EDGE('',*,*,#1169,.F.);
#1207 = PLANE('',#1208);
#1208 = AXIS2_PLACEMENT_3D('',#1209,#1210,#1211);
#1209 = CARTESIAN_POINT('',(8.43422516812,-33.0677,-6.31));
#1210 = DIRECTION('',(1.,0.,0.));
#1211 = DIRECTION('',(0.,-2.2E-16,1.));
#1212 = ADVANCED_FACE('',(#1213),#1224,.T.);
#1213 = FACE_BOUND('',#1214,.T.);
#1214 = EDGE_LOOP('',(#1215,#1216,#1217,#1223));
#1215 = ORIENTED_EDGE('',*,*,#315,.F.);
#1216 = ORIENTED_EDGE('',*,*,#1154,.T.);
#1217 = ORIENTED_EDGE('',*,*,#1218,.T.);
#1218 = EDGE_CURVE('',#1147,#1194,#1219,.T.);
#1219 = LINE('',#1220,#1221);
#1220 = CARTESIAN_POINT('',(9.629729255313,-32.6677,-6.31));
#1221 = VECTOR('',#1222,1.);
#1222 = DIRECTION('',(-1.,0.,0.));
#1223 = ORIENTED_EDGE('',*,*,#1193,.F.);
#1224 = PLANE('',#1225);
#1225 = AXIS2_PLACEMENT_3D('',#1226,#1227,#1228);
#1226 = CARTESIAN_POINT('',(9.629729255313,-33.0677,-6.31));
#1227 = DIRECTION('',(0.,0.,1.));
#1228 = DIRECTION('',(-1.,-0.,0.));
#1229 = ADVANCED_FACE('',(#1230),#1255,.T.);
#1230 = FACE_BOUND('',#1231,.T.);
#1231 = EDGE_LOOP('',(#1232,#1233,#1241,#1249));
#1232 = ORIENTED_EDGE('',*,*,#339,.F.);
#1233 = ORIENTED_EDGE('',*,*,#1234,.T.);
#1234 = EDGE_CURVE('',#340,#1235,#1237,.T.);
#1235 = VERTEX_POINT('',#1236);
#1236 = CARTESIAN_POINT('',(7.811609364305,-32.6677,1.69));
#1237 = LINE('',#1238,#1239);
#1238 = CARTESIAN_POINT('',(7.811609364305,-33.0677,1.69));
#1239 = VECTOR('',#1240,1.);
#1240 = DIRECTION('',(0.,1.,0.));
#1241 = ORIENTED_EDGE('',*,*,#1242,.T.);
#1242 = EDGE_CURVE('',#1235,#1243,#1245,.T.);
#1243 = VERTEX_POINT('',#1244);
#1244 = CARTESIAN_POINT('',(7.811609364305,-32.6677,0.621880108992));
#1245 = LINE('',#1246,#1247);
#1246 = CARTESIAN_POINT('',(7.811609364305,-32.6677,1.69));
#1247 = VECTOR('',#1248,1.);
#1248 = DIRECTION('',(0.,2.2E-16,-1.));
#1249 = ORIENTED_EDGE('',*,*,#1250,.F.);
#1250 = EDGE_CURVE('',#342,#1243,#1251,.T.);
#1251 = LINE('',#1252,#1253);
#1252 = CARTESIAN_POINT('',(7.811609364305,-33.0677,0.621880108992));
#1253 = VECTOR('',#1254,1.);
#1254 = DIRECTION('',(0.,1.,0.));
#1255 = PLANE('',#1256);
#1256 = AXIS2_PLACEMENT_3D('',#1257,#1258,#1259);
#1257 = CARTESIAN_POINT('',(7.811609364305,-33.0677,1.69));
#1258 = DIRECTION('',(-1.,0.,-0.));
#1259 = DIRECTION('',(0.,2.2E-16,-1.));
#1260 = ADVANCED_FACE('',(#1261),#1279,.T.);
#1261 = FACE_BOUND('',#1262,.T.);
#1262 = EDGE_LOOP('',(#1263,#1264,#1272,#1278));
#1263 = ORIENTED_EDGE('',*,*,#397,.F.);
#1264 = ORIENTED_EDGE('',*,*,#1265,.T.);
#1265 = EDGE_CURVE('',#390,#1266,#1268,.T.);
#1266 = VERTEX_POINT('',#1267);
#1267 = CARTESIAN_POINT('',(3.984974486921,-32.6677,1.69));
#1268 = LINE('',#1269,#1270);
#1269 = CARTESIAN_POINT('',(3.984974486921,-33.0677,1.69));
#1270 = VECTOR('',#1271,1.);
#1271 = DIRECTION('',(0.,1.,0.));
#1272 = ORIENTED_EDGE('',*,*,#1273,.T.);
#1273 = EDGE_CURVE('',#1266,#1235,#1274,.T.);
#1274 = LINE('',#1275,#1276);
#1275 = CARTESIAN_POINT('',(3.984974486921,-32.6677,1.69));
#1276 = VECTOR('',#1277,1.);
#1277 = DIRECTION('',(1.,0.,0.));
#1278 = ORIENTED_EDGE('',*,*,#1234,.F.);
#1279 = PLANE('',#1280);
#1280 = AXIS2_PLACEMENT_3D('',#1281,#1282,#1283);
#1281 = CARTESIAN_POINT('',(3.984974486921,-33.0677,1.69));
#1282 = DIRECTION('',(0.,0.,-1.));
#1283 = DIRECTION('',(1.,0.,0.));
#1284 = ADVANCED_FACE('',(#1285),#1303,.T.);
#1285 = FACE_BOUND('',#1286,.T.);
#1286 = EDGE_LOOP('',(#1287,#1288,#1296,#1302));
#1287 = ORIENTED_EDGE('',*,*,#389,.F.);
#1288 = ORIENTED_EDGE('',*,*,#1289,.T.);
#1289 = EDGE_CURVE('',#382,#1290,#1292,.T.);
#1290 = VERTEX_POINT('',#1291);
#1291 = CARTESIAN_POINT('',(3.984974486921,-32.6677,0.621880108992));
#1292 = LINE('',#1293,#1294);
#1293 = CARTESIAN_POINT('',(3.984974486921,-33.0677,0.621880108992));
#1294 = VECTOR('',#1295,1.);
#1295 = DIRECTION('',(0.,1.,0.));
#1296 = ORIENTED_EDGE('',*,*,#1297,.T.);
#1297 = EDGE_CURVE('',#1290,#1266,#1298,.T.);
#1298 = LINE('',#1299,#1300);
#1299 = CARTESIAN_POINT('',(3.984974486921,-32.6677,0.621880108992));
#1300 = VECTOR('',#1301,1.);
#1301 = DIRECTION('',(0.,-2.2E-16,1.));
#1302 = ORIENTED_EDGE('',*,*,#1265,.F.);
#1303 = PLANE('',#1304);
#1304 = AXIS2_PLACEMENT_3D('',#1305,#1306,#1307);
#1305 = CARTESIAN_POINT('',(3.984974486921,-33.0677,0.621880108992));
#1306 = DIRECTION('',(1.,0.,0.));
#1307 = DIRECTION('',(0.,-2.2E-16,1.));
#1308 = ADVANCED_FACE('',(#1309),#1327,.T.);
#1309 = FACE_BOUND('',#1310,.T.);
#1310 = EDGE_LOOP('',(#1311,#1312,#1320,#1326));
#1311 = ORIENTED_EDGE('',*,*,#381,.F.);
#1312 = ORIENTED_EDGE('',*,*,#1313,.T.);
#1313 = EDGE_CURVE('',#374,#1314,#1316,.T.);
#1314 = VERTEX_POINT('',#1315);
#1315 = CARTESIAN_POINT('',(5.303094377929,-32.6677,0.621880108992));
#1316 = LINE('',#1317,#1318);
#1317 = CARTESIAN_POINT('',(5.303094377929,-33.0677,0.621880108992));
#1318 = VECTOR('',#1319,1.);
#1319 = DIRECTION('',(0.,1.,0.));
#1320 = ORIENTED_EDGE('',*,*,#1321,.T.);
#1321 = EDGE_CURVE('',#1314,#1290,#1322,.T.);
#1322 = LINE('',#1323,#1324);
#1323 = CARTESIAN_POINT('',(5.303094377929,-32.6677,0.621880108992));
#1324 = VECTOR('',#1325,1.);
#1325 = DIRECTION('',(-1.,0.,0.));
#1326 = ORIENTED_EDGE('',*,*,#1289,.F.);
#1327 = PLANE('',#1328);
#1328 = AXIS2_PLACEMENT_3D('',#1329,#1330,#1331);
#1329 = CARTESIAN_POINT('',(5.303094377929,-33.0677,0.621880108992));
#1330 = DIRECTION('',(0.,0.,1.));
#1331 = DIRECTION('',(-1.,-0.,0.));
#1332 = ADVANCED_FACE('',(#1333),#1351,.T.);
#1333 = FACE_BOUND('',#1334,.T.);
#1334 = EDGE_LOOP('',(#1335,#1336,#1344,#1350));
#1335 = ORIENTED_EDGE('',*,*,#373,.F.);
#1336 = ORIENTED_EDGE('',*,*,#1337,.T.);
#1337 = EDGE_CURVE('',#366,#1338,#1340,.T.);
#1338 = VERTEX_POINT('',#1339);
#1339 = CARTESIAN_POINT('',(5.303094377929,-32.6677,-6.31));
#1340 = LINE('',#1341,#1342);
#1341 = CARTESIAN_POINT('',(5.303094377929,-33.0677,-6.31));
#1342 = VECTOR('',#1343,1.);
#1343 = DIRECTION('',(0.,1.,0.));
#1344 = ORIENTED_EDGE('',*,*,#1345,.T.);
#1345 = EDGE_CURVE('',#1338,#1314,#1346,.T.);
#1346 = LINE('',#1347,#1348);
#1347 = CARTESIAN_POINT('',(5.303094377929,-32.6677,-6.31));
#1348 = VECTOR('',#1349,1.);
#1349 = DIRECTION('',(0.,-2.2E-16,1.));
#1350 = ORIENTED_EDGE('',*,*,#1313,.F.);
#1351 = PLANE('',#1352);
#1352 = AXIS2_PLACEMENT_3D('',#1353,#1354,#1355);
#1353 = CARTESIAN_POINT('',(5.303094377929,-33.0677,-6.31));
#1354 = DIRECTION('',(1.,0.,0.));
#1355 = DIRECTION('',(0.,-2.2E-16,1.));
#1356 = ADVANCED_FACE('',(#1357),#1375,.T.);
#1357 = FACE_BOUND('',#1358,.T.);
#1358 = EDGE_LOOP('',(#1359,#1360,#1368,#1374));
#1359 = ORIENTED_EDGE('',*,*,#365,.F.);
#1360 = ORIENTED_EDGE('',*,*,#1361,.T.);
#1361 = EDGE_CURVE('',#358,#1362,#1364,.T.);
#1362 = VERTEX_POINT('',#1363);
#1363 = CARTESIAN_POINT('',(6.493489473297,-32.6677,-6.31));
#1364 = LINE('',#1365,#1366);
#1365 = CARTESIAN_POINT('',(6.493489473297,-33.0677,-6.31));
#1366 = VECTOR('',#1367,1.);
#1367 = DIRECTION('',(0.,1.,0.));
#1368 = ORIENTED_EDGE('',*,*,#1369,.T.);
#1369 = EDGE_CURVE('',#1362,#1338,#1370,.T.);
#1370 = LINE('',#1371,#1372);
#1371 = CARTESIAN_POINT('',(6.493489473297,-32.6677,-6.31));
#1372 = VECTOR('',#1373,1.);
#1373 = DIRECTION('',(-1.,0.,0.));
#1374 = ORIENTED_EDGE('',*,*,#1337,.F.);
#1375 = PLANE('',#1376);
#1376 = AXIS2_PLACEMENT_3D('',#1377,#1378,#1379);
#1377 = CARTESIAN_POINT('',(6.493489473297,-33.0677,-6.31));
#1378 = DIRECTION('',(0.,0.,1.));
#1379 = DIRECTION('',(-1.,-0.,0.));
#1380 = ADVANCED_FACE('',(#1381),#1399,.T.);
#1381 = FACE_BOUND('',#1382,.T.);
#1382 = EDGE_LOOP('',(#1383,#1384,#1392,#1398));
#1383 = ORIENTED_EDGE('',*,*,#357,.F.);
#1384 = ORIENTED_EDGE('',*,*,#1385,.T.);
#1385 = EDGE_CURVE('',#350,#1386,#1388,.T.);
#1386 = VERTEX_POINT('',#1387);
#1387 = CARTESIAN_POINT('',(6.493489473297,-32.6677,0.621880108992));
#1388 = LINE('',#1389,#1390);
#1389 = CARTESIAN_POINT('',(6.493489473297,-33.0677,0.621880108992));
#1390 = VECTOR('',#1391,1.);
#1391 = DIRECTION('',(0.,1.,0.));
#1392 = ORIENTED_EDGE('',*,*,#1393,.T.);
#1393 = EDGE_CURVE('',#1386,#1362,#1394,.T.);
#1394 = LINE('',#1395,#1396);
#1395 = CARTESIAN_POINT('',(6.493489473297,-32.6677,0.621880108992));
#1396 = VECTOR('',#1397,1.);
#1397 = DIRECTION('',(0.,2.2E-16,-1.));
#1398 = ORIENTED_EDGE('',*,*,#1361,.F.);
#1399 = PLANE('',#1400);
#1400 = AXIS2_PLACEMENT_3D('',#1401,#1402,#1403);
#1401 = CARTESIAN_POINT('',(6.493489473297,-33.0677,0.621880108992));
#1402 = DIRECTION('',(-1.,0.,-0.));
#1403 = DIRECTION('',(0.,2.2E-16,-1.));
#1404 = ADVANCED_FACE('',(#1405),#1416,.T.);
#1405 = FACE_BOUND('',#1406,.T.);
#1406 = EDGE_LOOP('',(#1407,#1408,#1409,#1415));
#1407 = ORIENTED_EDGE('',*,*,#349,.F.);
#1408 = ORIENTED_EDGE('',*,*,#1250,.T.);
#1409 = ORIENTED_EDGE('',*,*,#1410,.T.);
#1410 = EDGE_CURVE('',#1243,#1386,#1411,.T.);
#1411 = LINE('',#1412,#1413);
#1412 = CARTESIAN_POINT('',(7.811609364305,-32.6677,0.621880108992));
#1413 = VECTOR('',#1414,1.);
#1414 = DIRECTION('',(-1.,0.,0.));
#1415 = ORIENTED_EDGE('',*,*,#1385,.F.);
#1416 = PLANE('',#1417);
#1417 = AXIS2_PLACEMENT_3D('',#1418,#1419,#1420);
#1418 = CARTESIAN_POINT('',(7.811609364305,-33.0677,0.621880108992));
#1419 = DIRECTION('',(0.,0.,1.));
#1420 = DIRECTION('',(-1.,-0.,0.));
#1421 = ADVANCED_FACE('',(#1422),#1447,.T.);
#1422 = FACE_BOUND('',#1423,.T.);
#1423 = EDGE_LOOP('',(#1424,#1425,#1433,#1441));
#1424 = ORIENTED_EDGE('',*,*,#405,.T.);
#1425 = ORIENTED_EDGE('',*,*,#1426,.T.);
#1426 = EDGE_CURVE('',#408,#1427,#1429,.T.);
#1427 = VERTEX_POINT('',#1428);
#1428 = CARTESIAN_POINT('',(3.376663860218,-32.6677,-5.676485013624));
#1429 = LINE('',#1430,#1431);
#1430 = CARTESIAN_POINT('',(3.376663860218,-33.0677,-5.676485013624));
#1431 = VECTOR('',#1432,1.);
#1432 = DIRECTION('',(0.,1.,0.));
#1433 = ORIENTED_EDGE('',*,*,#1434,.T.);
#1434 = EDGE_CURVE('',#1427,#1435,#1437,.T.);
#1435 = VERTEX_POINT('',#1436);
#1436 = CARTESIAN_POINT('',(2.651187020981,-32.6677,-6.31));
#1437 = B_SPLINE_CURVE_WITH_KNOTS('',2,(#1438,#1439,#1440),
  .UNSPECIFIED.,.F.,.F.,(3,3),(0.,1.),.PIECEWISE_BEZIER_KNOTS.);
#1438 = CARTESIAN_POINT('',(3.376663860218,-32.6677,-5.676485013624));
#1439 = CARTESIAN_POINT('',(3.376663860218,-32.6677,-6.31));
#1440 = CARTESIAN_POINT('',(2.651187020981,-32.6677,-6.31));
#1441 = ORIENTED_EDGE('',*,*,#1442,.F.);
#1442 = EDGE_CURVE('',#406,#1435,#1443,.T.);
#1443 = LINE('',#1444,#1445);
#1444 = CARTESIAN_POINT('',(2.651187020981,-33.0677,-6.31));
#1445 = VECTOR('',#1446,1.);
#1446 = DIRECTION('',(0.,1.,0.));
#1447 = SURFACE_OF_LINEAR_EXTRUSION('',#1448,#1452);
#1448 = B_SPLINE_CURVE_WITH_KNOTS('',2,(#1449,#1450,#1451),
  .UNSPECIFIED.,.F.,.F.,(3,3),(0.,1.),.PIECEWISE_BEZIER_KNOTS.);
#1449 = CARTESIAN_POINT('',(3.376663860218,-33.0677,-5.676485013624));
#1450 = CARTESIAN_POINT('',(3.376663860218,-33.0677,-6.31));
#1451 = CARTESIAN_POINT('',(2.651187020981,-33.0677,-6.31));
#1452 = VECTOR('',#1453,1.);
#1453 = DIRECTION('',(0.,-1.,0.));
#1454 = ADVANCED_FACE('',(#1455),#1473,.T.);
#1455 = FACE_BOUND('',#1456,.T.);
#1456 = EDGE_LOOP('',(#1457,#1458,#1466,#1472));
#1457 = ORIENTED_EDGE('',*,*,#555,.F.);
#1458 = ORIENTED_EDGE('',*,*,#1459,.T.);
#1459 = EDGE_CURVE('',#525,#1460,#1462,.T.);
#1460 = VERTEX_POINT('',#1461);
#1461 = CARTESIAN_POINT('',(3.376663860218,-32.6677,1.056485013624));
#1462 = LINE('',#1463,#1464);
#1463 = CARTESIAN_POINT('',(3.376663860218,-33.0677,1.056485013624));
#1464 = VECTOR('',#1465,1.);
#1465 = DIRECTION('',(0.,1.,0.));
#1466 = ORIENTED_EDGE('',*,*,#1467,.T.);
#1467 = EDGE_CURVE('',#1460,#1427,#1468,.T.);
#1468 = LINE('',#1469,#1470);
#1469 = CARTESIAN_POINT('',(3.376663860218,-32.6677,1.056485013624));
#1470 = VECTOR('',#1471,1.);
#1471 = DIRECTION('',(0.,2.2E-16,-1.));
#1472 = ORIENTED_EDGE('',*,*,#1426,.F.);
#1473 = PLANE('',#1474);
#1474 = AXIS2_PLACEMENT_3D('',#1475,#1476,#1477);
#1475 = CARTESIAN_POINT('',(3.376663860218,-33.0677,1.056485013624));
#1476 = DIRECTION('',(-1.,0.,-0.));
#1477 = DIRECTION('',(0.,2.2E-16,-1.));
#1478 = ADVANCED_FACE('',(#1479),#1497,.T.);
#1479 = FACE_BOUND('',#1480,.T.);
#1480 = EDGE_LOOP('',(#1481,#1482,#1490,#1496));
#1481 = ORIENTED_EDGE('',*,*,#524,.T.);
#1482 = ORIENTED_EDGE('',*,*,#1483,.T.);
#1483 = EDGE_CURVE('',#517,#1484,#1486,.T.);
#1484 = VERTEX_POINT('',#1485);
#1485 = CARTESIAN_POINT('',(2.651187020981,-32.6677,1.69));
#1486 = LINE('',#1487,#1488);
#1487 = CARTESIAN_POINT('',(2.651187020981,-33.0677,1.69));
#1488 = VECTOR('',#1489,1.);
#1489 = DIRECTION('',(0.,1.,0.));
#1490 = ORIENTED_EDGE('',*,*,#1491,.T.);
#1491 = EDGE_CURVE('',#1484,#1460,#1492,.T.);
#1492 = B_SPLINE_CURVE_WITH_KNOTS('',2,(#1493,#1494,#1495),
  .UNSPECIFIED.,.F.,.F.,(3,3),(0.,1.),.PIECEWISE_BEZIER_KNOTS.);
#1493 = CARTESIAN_POINT('',(2.651187020981,-32.6677,1.69));
#1494 = CARTESIAN_POINT('',(3.376663860218,-32.6677,1.69));
#1495 = CARTESIAN_POINT('',(3.376663860218,-32.6677,1.056485013624));
#1496 = ORIENTED_EDGE('',*,*,#1459,.F.);
#1497 = SURFACE_OF_LINEAR_EXTRUSION('',#1498,#1502);
#1498 = B_SPLINE_CURVE_WITH_KNOTS('',2,(#1499,#1500,#1501),
  .UNSPECIFIED.,.F.,.F.,(3,3),(0.,1.),.PIECEWISE_BEZIER_KNOTS.);
#1499 = CARTESIAN_POINT('',(2.651187020981,-33.0677,1.69));
#1500 = CARTESIAN_POINT('',(3.376663860218,-33.0677,1.69));
#1501 = CARTESIAN_POINT('',(3.376663860218,-33.0677,1.056485013624));
#1502 = VECTOR('',#1503,1.);
#1503 = DIRECTION('',(0.,-1.,0.));
#1504 = ADVANCED_FACE('',(#1505),#1523,.T.);
#1505 = FACE_BOUND('',#1506,.T.);
#1506 = EDGE_LOOP('',(#1507,#1508,#1516,#1522));
#1507 = ORIENTED_EDGE('',*,*,#516,.F.);
#1508 = ORIENTED_EDGE('',*,*,#1509,.T.);
#1509 = EDGE_CURVE('',#486,#1510,#1512,.T.);
#1510 = VERTEX_POINT('',#1511);
#1511 = CARTESIAN_POINT('',(5.581917356948E-02,-32.6677,1.69));
#1512 = LINE('',#1513,#1514);
#1513 = CARTESIAN_POINT('',(5.581917356948E-02,-33.0677,1.69));
#1514 = VECTOR('',#1515,1.);
#1515 = DIRECTION('',(0.,1.,0.));
#1516 = ORIENTED_EDGE('',*,*,#1517,.T.);
#1517 = EDGE_CURVE('',#1510,#1484,#1518,.T.);
#1518 = LINE('',#1519,#1520);
#1519 = CARTESIAN_POINT('',(5.581917356948E-02,-32.6677,1.69));
#1520 = VECTOR('',#1521,1.);
#1521 = DIRECTION('',(1.,0.,0.));
#1522 = ORIENTED_EDGE('',*,*,#1483,.F.);
#1523 = PLANE('',#1524);
#1524 = AXIS2_PLACEMENT_3D('',#1525,#1526,#1527);
#1525 = CARTESIAN_POINT('',(5.581917356948E-02,-33.0677,1.69));
#1526 = DIRECTION('',(0.,0.,-1.));
#1527 = DIRECTION('',(1.,0.,0.));
#1528 = ADVANCED_FACE('',(#1529),#1547,.T.);
#1529 = FACE_BOUND('',#1530,.T.);
#1530 = EDGE_LOOP('',(#1531,#1532,#1540,#1546));
#1531 = ORIENTED_EDGE('',*,*,#485,.T.);
#1532 = ORIENTED_EDGE('',*,*,#1533,.T.);
#1533 = EDGE_CURVE('',#478,#1534,#1536,.T.);
#1534 = VERTEX_POINT('',#1535);
#1535 = CARTESIAN_POINT('',(-0.654330690191,-32.6677,1.056485013624));
#1536 = LINE('',#1537,#1538);
#1537 = CARTESIAN_POINT('',(-0.654330690191,-33.0677,1.056485013624));
#1538 = VECTOR('',#1539,1.);
#1539 = DIRECTION('',(0.,1.,0.));
#1540 = ORIENTED_EDGE('',*,*,#1541,.T.);
#1541 = EDGE_CURVE('',#1534,#1510,#1542,.T.);
#1542 = B_SPLINE_CURVE_WITH_KNOTS('',2,(#1543,#1544,#1545),
  .UNSPECIFIED.,.F.,.F.,(3,3),(0.,1.),.PIECEWISE_BEZIER_KNOTS.);
#1543 = CARTESIAN_POINT('',(-0.654330690191,-32.6677,1.056485013624));
#1544 = CARTESIAN_POINT('',(-0.654330690191,-32.6677,1.69));
#1545 = CARTESIAN_POINT('',(5.581917356948E-02,-32.6677,1.69));
#1546 = ORIENTED_EDGE('',*,*,#1509,.F.);
#1547 = SURFACE_OF_LINEAR_EXTRUSION('',#1548,#1552);
#1548 = B_SPLINE_CURVE_WITH_KNOTS('',2,(#1549,#1550,#1551),
  .UNSPECIFIED.,.F.,.F.,(3,3),(0.,1.),.PIECEWISE_BEZIER_KNOTS.);
#1549 = CARTESIAN_POINT('',(-0.654330690191,-33.0677,1.056485013624));
#1550 = CARTESIAN_POINT('',(-0.654330690191,-33.0677,1.69));
#1551 = CARTESIAN_POINT('',(5.581917356948E-02,-33.0677,1.69));
#1552 = VECTOR('',#1553,1.);
#1553 = DIRECTION('',(0.,-1.,0.));
#1554 = ADVANCED_FACE('',(#1555),#1573,.T.);
#1555 = FACE_BOUND('',#1556,.T.);
#1556 = EDGE_LOOP('',(#1557,#1558,#1566,#1572));
#1557 = ORIENTED_EDGE('',*,*,#477,.F.);
#1558 = ORIENTED_EDGE('',*,*,#1559,.T.);
#1559 = EDGE_CURVE('',#447,#1560,#1562,.T.);
#1560 = VERTEX_POINT('',#1561);
#1561 = CARTESIAN_POINT('',(-0.654330690191,-32.6677,-5.676485013624));
#1562 = LINE('',#1563,#1564);
#1563 = CARTESIAN_POINT('',(-0.654330690191,-33.0677,-5.676485013624));
#1564 = VECTOR('',#1565,1.);
#1565 = DIRECTION('',(0.,1.,0.));
#1566 = ORIENTED_EDGE('',*,*,#1567,.T.);
#1567 = EDGE_CURVE('',#1560,#1534,#1568,.T.);
#1568 = LINE('',#1569,#1570);
#1569 = CARTESIAN_POINT('',(-0.654330690191,-32.6677,-5.676485013624));
#1570 = VECTOR('',#1571,1.);
#1571 = DIRECTION('',(0.,-2.2E-16,1.));
#1572 = ORIENTED_EDGE('',*,*,#1533,.F.);
#1573 = PLANE('',#1574);
#1574 = AXIS2_PLACEMENT_3D('',#1575,#1576,#1577);
#1575 = CARTESIAN_POINT('',(-0.654330690191,-33.0677,-5.676485013624));
#1576 = DIRECTION('',(1.,0.,0.));
#1577 = DIRECTION('',(0.,-2.2E-16,1.));
#1578 = ADVANCED_FACE('',(#1579),#1597,.T.);
#1579 = FACE_BOUND('',#1580,.T.);
#1580 = EDGE_LOOP('',(#1581,#1582,#1590,#1596));
#1581 = ORIENTED_EDGE('',*,*,#446,.T.);
#1582 = ORIENTED_EDGE('',*,*,#1583,.T.);
#1583 = EDGE_CURVE('',#439,#1584,#1586,.T.);
#1584 = VERTEX_POINT('',#1585);
#1585 = CARTESIAN_POINT('',(5.581917356948E-02,-32.6677,-6.31));
#1586 = LINE('',#1587,#1588);
#1587 = CARTESIAN_POINT('',(5.581917356948E-02,-33.0677,-6.31));
#1588 = VECTOR('',#1589,1.);
#1589 = DIRECTION('',(0.,1.,0.));
#1590 = ORIENTED_EDGE('',*,*,#1591,.T.);
#1591 = EDGE_CURVE('',#1584,#1560,#1592,.T.);
#1592 = B_SPLINE_CURVE_WITH_KNOTS('',2,(#1593,#1594,#1595),
  .UNSPECIFIED.,.F.,.F.,(3,3),(0.,1.),.PIECEWISE_BEZIER_KNOTS.);
#1593 = CARTESIAN_POINT('',(5.581917356948E-02,-32.6677,-6.31));
#1594 = CARTESIAN_POINT('',(-0.654330690191,-32.6677,-6.31));
#1595 = CARTESIAN_POINT('',(-0.654330690191,-32.6677,-5.676485013624));
#1596 = ORIENTED_EDGE('',*,*,#1559,.F.);
#1597 = SURFACE_OF_LINEAR_EXTRUSION('',#1598,#1602);
#1598 = B_SPLINE_CURVE_WITH_KNOTS('',2,(#1599,#1600,#1601),
  .UNSPECIFIED.,.F.,.F.,(3,3),(0.,1.),.PIECEWISE_BEZIER_KNOTS.);
#1599 = CARTESIAN_POINT('',(5.581917356948E-02,-33.0677,-6.31));
#1600 = CARTESIAN_POINT('',(-0.654330690191,-33.0677,-6.31));
#1601 = CARTESIAN_POINT('',(-0.654330690191,-33.0677,-5.676485013624));
#1602 = VECTOR('',#1603,1.);
#1603 = DIRECTION('',(0.,-1.,0.));
#1604 = ADVANCED_FACE('',(#1605),#1616,.T.);
#1605 = FACE_BOUND('',#1606,.T.);
#1606 = EDGE_LOOP('',(#1607,#1608,#1609,#1615));
#1607 = ORIENTED_EDGE('',*,*,#438,.F.);
#1608 = ORIENTED_EDGE('',*,*,#1442,.T.);
#1609 = ORIENTED_EDGE('',*,*,#1610,.T.);
#1610 = EDGE_CURVE('',#1435,#1584,#1611,.T.);
#1611 = LINE('',#1612,#1613);
#1612 = CARTESIAN_POINT('',(2.651187020981,-32.6677,-6.31));
#1613 = VECTOR('',#1614,1.);
#1614 = DIRECTION('',(-1.,0.,0.));
#1615 = ORIENTED_EDGE('',*,*,#1583,.F.);
#1616 = PLANE('',#1617);
#1617 = AXIS2_PLACEMENT_3D('',#1618,#1619,#1620);
#1618 = CARTESIAN_POINT('',(2.651187020981,-33.0677,-6.31));
#1619 = DIRECTION('',(0.,0.,1.));
#1620 = DIRECTION('',(-1.,-0.,0.));
#1621 = ADVANCED_FACE('',(#1622),#1647,.T.);
#1622 = FACE_BOUND('',#1623,.T.);
#1623 = EDGE_LOOP('',(#1624,#1625,#1633,#1641));
#1624 = ORIENTED_EDGE('',*,*,#563,.T.);
#1625 = ORIENTED_EDGE('',*,*,#1626,.T.);
#1626 = EDGE_CURVE('',#566,#1627,#1629,.T.);
#1627 = VERTEX_POINT('',#1628);
#1628 = CARTESIAN_POINT('',(-1.603240771935,-32.6677,-5.676485013624));
#1629 = LINE('',#1630,#1631);
#1630 = CARTESIAN_POINT('',(-1.603240771935,-33.0677,-5.676485013624));
#1631 = VECTOR('',#1632,1.);
#1632 = DIRECTION('',(0.,1.,0.));
#1633 = ORIENTED_EDGE('',*,*,#1634,.T.);
#1634 = EDGE_CURVE('',#1627,#1635,#1637,.T.);
#1635 = VERTEX_POINT('',#1636);
#1636 = CARTESIAN_POINT('',(-2.333826602997,-32.6677,-6.31));
#1637 = B_SPLINE_CURVE_WITH_KNOTS('',2,(#1638,#1639,#1640),
  .UNSPECIFIED.,.F.,.F.,(3,3),(0.,1.),.PIECEWISE_BEZIER_KNOTS.);
#1638 = CARTESIAN_POINT('',(-1.603240771935,-32.6677,-5.676485013624));
#1639 = CARTESIAN_POINT('',(-1.603240771935,-32.6677,-6.31));
#1640 = CARTESIAN_POINT('',(-2.333826602997,-32.6677,-6.31));
#1641 = ORIENTED_EDGE('',*,*,#1642,.F.);
#1642 = EDGE_CURVE('',#564,#1635,#1643,.T.);
#1643 = LINE('',#1644,#1645);
#1644 = CARTESIAN_POINT('',(-2.333826602997,-33.0677,-6.31));
#1645 = VECTOR('',#1646,1.);
#1646 = DIRECTION('',(0.,1.,0.));
#1647 = SURFACE_OF_LINEAR_EXTRUSION('',#1648,#1652);
#1648 = B_SPLINE_CURVE_WITH_KNOTS('',2,(#1649,#1650,#1651),
  .UNSPECIFIED.,.F.,.F.,(3,3),(0.,1.),.PIECEWISE_BEZIER_KNOTS.);
#1649 = CARTESIAN_POINT('',(-1.603240771935,-33.0677,-5.676485013624));
#1650 = CARTESIAN_POINT('',(-1.603240771935,-33.0677,-6.31));
#1651 = CARTESIAN_POINT('',(-2.333826602997,-33.0677,-6.31));
#1652 = VECTOR('',#1653,1.);
#1653 = DIRECTION('',(0.,-1.,0.));
#1654 = ADVANCED_FACE('',(#1655),#1673,.T.);
#1655 = FACE_BOUND('',#1656,.T.);
#1656 = EDGE_LOOP('',(#1657,#1658,#1666,#1672));
#1657 = ORIENTED_EDGE('',*,*,#789,.F.);
#1658 = ORIENTED_EDGE('',*,*,#1659,.T.);
#1659 = EDGE_CURVE('',#782,#1660,#1662,.T.);
#1660 = VERTEX_POINT('',#1661);
#1661 = CARTESIAN_POINT('',(-1.603240771935,-32.6677,-3.607002724796));
#1662 = LINE('',#1663,#1664);
#1663 = CARTESIAN_POINT('',(-1.603240771935,-33.0677,-3.607002724796));
#1664 = VECTOR('',#1665,1.);
#1665 = DIRECTION('',(0.,1.,0.));
#1666 = ORIENTED_EDGE('',*,*,#1667,.T.);
#1667 = EDGE_CURVE('',#1660,#1627,#1668,.T.);
#1668 = LINE('',#1669,#1670);
#1669 = CARTESIAN_POINT('',(-1.603240771935,-32.6677,-3.607002724796));
#1670 = VECTOR('',#1671,1.);
#1671 = DIRECTION('',(0.,2.2E-16,-1.));
#1672 = ORIENTED_EDGE('',*,*,#1626,.F.);
#1673 = PLANE('',#1674);
#1674 = AXIS2_PLACEMENT_3D('',#1675,#1676,#1677);
#1675 = CARTESIAN_POINT('',(-1.603240771935,-33.0677,-3.607002724796));
#1676 = DIRECTION('',(-1.,0.,-0.));
#1677 = DIRECTION('',(0.,2.2E-16,-1.));
#1678 = ADVANCED_FACE('',(#1679),#1697,.T.);
#1679 = FACE_BOUND('',#1680,.T.);
#1680 = EDGE_LOOP('',(#1681,#1682,#1690,#1696));
#1681 = ORIENTED_EDGE('',*,*,#781,.F.);
#1682 = ORIENTED_EDGE('',*,*,#1683,.T.);
#1683 = EDGE_CURVE('',#774,#1684,#1686,.T.);
#1684 = VERTEX_POINT('',#1685);
#1685 = CARTESIAN_POINT('',(-2.793635867302,-32.6677,-3.607002724796));
#1686 = LINE('',#1687,#1688);
#1687 = CARTESIAN_POINT('',(-2.793635867302,-33.0677,-3.607002724796));
#1688 = VECTOR('',#1689,1.);
#1689 = DIRECTION('',(0.,1.,0.));
#1690 = ORIENTED_EDGE('',*,*,#1691,.T.);
#1691 = EDGE_CURVE('',#1684,#1660,#1692,.T.);
#1692 = LINE('',#1693,#1694);
#1693 = CARTESIAN_POINT('',(-2.793635867302,-32.6677,-3.607002724796));
#1694 = VECTOR('',#1695,1.);
#1695 = DIRECTION('',(1.,0.,0.));
#1696 = ORIENTED_EDGE('',*,*,#1659,.F.);
#1697 = PLANE('',#1698);
#1698 = AXIS2_PLACEMENT_3D('',#1699,#1700,#1701);
#1699 = CARTESIAN_POINT('',(-2.793635867302,-33.0677,-3.607002724796));
#1700 = DIRECTION('',(0.,0.,-1.));
#1701 = DIRECTION('',(1.,0.,0.));
#1702 = ADVANCED_FACE('',(#1703),#1721,.T.);
#1703 = FACE_BOUND('',#1704,.T.);
#1704 = EDGE_LOOP('',(#1705,#1706,#1714,#1720));
#1705 = ORIENTED_EDGE('',*,*,#773,.F.);
#1706 = ORIENTED_EDGE('',*,*,#1707,.T.);
#1707 = EDGE_CURVE('',#766,#1708,#1710,.T.);
#1708 = VERTEX_POINT('',#1709);
#1709 = CARTESIAN_POINT('',(-2.793635867302,-32.6677,-5.285476839237));
#1710 = LINE('',#1711,#1712);
#1711 = CARTESIAN_POINT('',(-2.793635867302,-33.0677,-5.285476839237));
#1712 = VECTOR('',#1713,1.);
#1713 = DIRECTION('',(0.,1.,0.));
#1714 = ORIENTED_EDGE('',*,*,#1715,.T.);
#1715 = EDGE_CURVE('',#1708,#1684,#1716,.T.);
#1716 = LINE('',#1717,#1718);
#1717 = CARTESIAN_POINT('',(-2.793635867302,-32.6677,-5.285476839237));
#1718 = VECTOR('',#1719,1.);
#1719 = DIRECTION('',(0.,-2.2E-16,1.));
#1720 = ORIENTED_EDGE('',*,*,#1683,.F.);
#1721 = PLANE('',#1722);
#1722 = AXIS2_PLACEMENT_3D('',#1723,#1724,#1725);
#1723 = CARTESIAN_POINT('',(-2.793635867302,-33.0677,-5.285476839237));
#1724 = DIRECTION('',(1.,0.,0.));
#1725 = DIRECTION('',(0.,-2.2E-16,1.));
#1726 = ADVANCED_FACE('',(#1727),#1745,.T.);
#1727 = FACE_BOUND('',#1728,.T.);
#1728 = EDGE_LOOP('',(#1729,#1730,#1738,#1744));
#1729 = ORIENTED_EDGE('',*,*,#765,.F.);
#1730 = ORIENTED_EDGE('',*,*,#1731,.T.);
#1731 = EDGE_CURVE('',#758,#1732,#1734,.T.);
#1732 = VERTEX_POINT('',#1733);
#1733 = CARTESIAN_POINT('',(-4.341660390463,-32.6677,-5.285476839237));
#1734 = LINE('',#1735,#1736);
#1735 = CARTESIAN_POINT('',(-4.341660390463,-33.0677,-5.285476839237));
#1736 = VECTOR('',#1737,1.);
#1737 = DIRECTION('',(0.,1.,0.));
#1738 = ORIENTED_EDGE('',*,*,#1739,.T.);
#1739 = EDGE_CURVE('',#1732,#1708,#1740,.T.);
#1740 = LINE('',#1741,#1742);
#1741 = CARTESIAN_POINT('',(-4.341660390463,-32.6677,-5.285476839237));
#1742 = VECTOR('',#1743,1.);
#1743 = DIRECTION('',(1.,0.,0.));
#1744 = ORIENTED_EDGE('',*,*,#1707,.F.);
#1745 = PLANE('',#1746);
#1746 = AXIS2_PLACEMENT_3D('',#1747,#1748,#1749);
#1747 = CARTESIAN_POINT('',(-4.341660390463,-33.0677,-5.285476839237));
#1748 = DIRECTION('',(0.,0.,-1.));
#1749 = DIRECTION('',(1.,0.,0.));
#1750 = ADVANCED_FACE('',(#1751),#1769,.T.);
#1751 = FACE_BOUND('',#1752,.T.);
#1752 = EDGE_LOOP('',(#1753,#1754,#1762,#1768));
#1753 = ORIENTED_EDGE('',*,*,#757,.F.);
#1754 = ORIENTED_EDGE('',*,*,#1755,.T.);
#1755 = EDGE_CURVE('',#750,#1756,#1758,.T.);
#1756 = VERTEX_POINT('',#1757);
#1757 = CARTESIAN_POINT('',(-4.341660390463,-32.6677,0.665476839237));
#1758 = LINE('',#1759,#1760);
#1759 = CARTESIAN_POINT('',(-4.341660390463,-33.0677,0.665476839237));
#1760 = VECTOR('',#1761,1.);
#1761 = DIRECTION('',(0.,1.,0.));
#1762 = ORIENTED_EDGE('',*,*,#1763,.T.);
#1763 = EDGE_CURVE('',#1756,#1732,#1764,.T.);
#1764 = LINE('',#1765,#1766);
#1765 = CARTESIAN_POINT('',(-4.341660390463,-32.6677,0.665476839237));
#1766 = VECTOR('',#1767,1.);
#1767 = DIRECTION('',(0.,2.2E-16,-1.));
#1768 = ORIENTED_EDGE('',*,*,#1731,.F.);
#1769 = PLANE('',#1770);
#1770 = AXIS2_PLACEMENT_3D('',#1771,#1772,#1773);
#1771 = CARTESIAN_POINT('',(-4.341660390463,-33.0677,0.665476839237));
#1772 = DIRECTION('',(-1.,0.,-0.));
#1773 = DIRECTION('',(0.,2.2E-16,-1.));
#1774 = ADVANCED_FACE('',(#1775),#1793,.T.);
#1775 = FACE_BOUND('',#1776,.T.);
#1776 = EDGE_LOOP('',(#1777,#1778,#1786,#1792));
#1777 = ORIENTED_EDGE('',*,*,#749,.F.);
#1778 = ORIENTED_EDGE('',*,*,#1779,.T.);
#1779 = EDGE_CURVE('',#742,#1780,#1782,.T.);
#1780 = VERTEX_POINT('',#1781);
#1781 = CARTESIAN_POINT('',(-2.793635867302,-32.6677,0.665476839237));
#1782 = LINE('',#1783,#1784);
#1783 = CARTESIAN_POINT('',(-2.793635867302,-33.0677,0.665476839237));
#1784 = VECTOR('',#1785,1.);
#1785 = DIRECTION('',(0.,1.,0.));
#1786 = ORIENTED_EDGE('',*,*,#1787,.T.);
#1787 = EDGE_CURVE('',#1780,#1756,#1788,.T.);
#1788 = LINE('',#1789,#1790);
#1789 = CARTESIAN_POINT('',(-2.793635867302,-32.6677,0.665476839237));
#1790 = VECTOR('',#1791,1.);
#1791 = DIRECTION('',(-1.,0.,0.));
#1792 = ORIENTED_EDGE('',*,*,#1755,.F.);
#1793 = PLANE('',#1794);
#1794 = AXIS2_PLACEMENT_3D('',#1795,#1796,#1797);
#1795 = CARTESIAN_POINT('',(-2.793635867302,-33.0677,0.665476839237));
#1796 = DIRECTION('',(0.,0.,1.));
#1797 = DIRECTION('',(-1.,-0.,0.));
#1798 = ADVANCED_FACE('',(#1799),#1817,.T.);
#1799 = FACE_BOUND('',#1800,.T.);
#1800 = EDGE_LOOP('',(#1801,#1802,#1810,#1816));
#1801 = ORIENTED_EDGE('',*,*,#741,.F.);
#1802 = ORIENTED_EDGE('',*,*,#1803,.T.);
#1803 = EDGE_CURVE('',#734,#1804,#1806,.T.);
#1804 = VERTEX_POINT('',#1805);
#1805 = CARTESIAN_POINT('',(-2.793635867302,-32.6677,-0.925803814714));
#1806 = LINE('',#1807,#1808);
#1807 = CARTESIAN_POINT('',(-2.793635867302,-33.0677,-0.925803814714));
#1808 = VECTOR('',#1809,1.);
#1809 = DIRECTION('',(0.,1.,0.));
#1810 = ORIENTED_EDGE('',*,*,#1811,.T.);
#1811 = EDGE_CURVE('',#1804,#1780,#1812,.T.);
#1812 = LINE('',#1813,#1814);
#1813 = CARTESIAN_POINT('',(-2.793635867302,-32.6677,-0.925803814714));
#1814 = VECTOR('',#1815,1.);
#1815 = DIRECTION('',(0.,-2.2E-16,1.));
#1816 = ORIENTED_EDGE('',*,*,#1779,.F.);
#1817 = PLANE('',#1818);
#1818 = AXIS2_PLACEMENT_3D('',#1819,#1820,#1821);
#1819 = CARTESIAN_POINT('',(-2.793635867302,-33.0677,-0.925803814714));
#1820 = DIRECTION('',(1.,0.,0.));
#1821 = DIRECTION('',(0.,-2.2E-16,1.));
#1822 = ADVANCED_FACE('',(#1823),#1841,.T.);
#1823 = FACE_BOUND('',#1824,.T.);
#1824 = EDGE_LOOP('',(#1825,#1826,#1834,#1840));
#1825 = ORIENTED_EDGE('',*,*,#733,.F.);
#1826 = ORIENTED_EDGE('',*,*,#1827,.T.);
#1827 = EDGE_CURVE('',#726,#1828,#1830,.T.);
#1828 = VERTEX_POINT('',#1829);
#1829 = CARTESIAN_POINT('',(-1.603240771935,-32.6677,-0.925803814714));
#1830 = LINE('',#1831,#1832);
#1831 = CARTESIAN_POINT('',(-1.603240771935,-33.0677,-0.925803814714));
#1832 = VECTOR('',#1833,1.);
#1833 = DIRECTION('',(0.,1.,0.));
#1834 = ORIENTED_EDGE('',*,*,#1835,.T.);
#1835 = EDGE_CURVE('',#1828,#1804,#1836,.T.);
#1836 = LINE('',#1837,#1838);
#1837 = CARTESIAN_POINT('',(-1.603240771935,-32.6677,-0.925803814714));
#1838 = VECTOR('',#1839,1.);
#1839 = DIRECTION('',(-1.,0.,0.));
#1840 = ORIENTED_EDGE('',*,*,#1803,.F.);
#1841 = PLANE('',#1842);
#1842 = AXIS2_PLACEMENT_3D('',#1843,#1844,#1845);
#1843 = CARTESIAN_POINT('',(-1.603240771935,-33.0677,-0.925803814714));
#1844 = DIRECTION('',(0.,0.,1.));
#1845 = DIRECTION('',(-1.,-0.,0.));
#1846 = ADVANCED_FACE('',(#1847),#1865,.T.);
#1847 = FACE_BOUND('',#1848,.T.);
#1848 = EDGE_LOOP('',(#1849,#1850,#1858,#1864));
#1849 = ORIENTED_EDGE('',*,*,#725,.F.);
#1850 = ORIENTED_EDGE('',*,*,#1851,.T.);
#1851 = EDGE_CURVE('',#689,#1852,#1854,.T.);
#1852 = VERTEX_POINT('',#1853);
#1853 = CARTESIAN_POINT('',(-1.603240771935,-32.6677,1.056485013624));
#1854 = LINE('',#1855,#1856);
#1855 = CARTESIAN_POINT('',(-1.603240771935,-33.0677,1.056485013624));
#1856 = VECTOR('',#1857,1.);
#1857 = DIRECTION('',(0.,1.,0.));
#1858 = ORIENTED_EDGE('',*,*,#1859,.T.);
#1859 = EDGE_CURVE('',#1852,#1828,#1860,.T.);
#1860 = LINE('',#1861,#1862);
#1861 = CARTESIAN_POINT('',(-1.603240771935,-32.6677,1.056485013624));
#1862 = VECTOR('',#1863,1.);
#1863 = DIRECTION('',(0.,2.2E-16,-1.));
#1864 = ORIENTED_EDGE('',*,*,#1827,.F.);
#1865 = PLANE('',#1866);
#1866 = AXIS2_PLACEMENT_3D('',#1867,#1868,#1869);
#1867 = CARTESIAN_POINT('',(-1.603240771935,-33.0677,1.056485013624));
#1868 = DIRECTION('',(-1.,0.,-0.));
#1869 = DIRECTION('',(0.,2.2E-16,-1.));
#1870 = ADVANCED_FACE('',(#1871),#1889,.T.);
#1871 = FACE_BOUND('',#1872,.T.);
#1872 = EDGE_LOOP('',(#1873,#1874,#1882,#1888));
#1873 = ORIENTED_EDGE('',*,*,#688,.T.);
#1874 = ORIENTED_EDGE('',*,*,#1875,.T.);
#1875 = EDGE_CURVE('',#681,#1876,#1878,.T.);
#1876 = VERTEX_POINT('',#1877);
#1877 = CARTESIAN_POINT('',(-2.333826602997,-32.6677,1.69));
#1878 = LINE('',#1879,#1880);
#1879 = CARTESIAN_POINT('',(-2.333826602997,-33.0677,1.69));
#1880 = VECTOR('',#1881,1.);
#1881 = DIRECTION('',(0.,1.,0.));
#1882 = ORIENTED_EDGE('',*,*,#1883,.T.);
#1883 = EDGE_CURVE('',#1876,#1852,#1884,.T.);
#1884 = B_SPLINE_CURVE_WITH_KNOTS('',2,(#1885,#1886,#1887),
  .UNSPECIFIED.,.F.,.F.,(3,3),(0.,1.),.PIECEWISE_BEZIER_KNOTS.);
#1885 = CARTESIAN_POINT('',(-2.333826602997,-32.6677,1.69));
#1886 = CARTESIAN_POINT('',(-1.603240771935,-32.6677,1.69));
#1887 = CARTESIAN_POINT('',(-1.603240771935,-32.6677,1.056485013624));
#1888 = ORIENTED_EDGE('',*,*,#1851,.F.);
#1889 = SURFACE_OF_LINEAR_EXTRUSION('',#1890,#1894);
#1890 = B_SPLINE_CURVE_WITH_KNOTS('',2,(#1891,#1892,#1893),
  .UNSPECIFIED.,.F.,.F.,(3,3),(0.,1.),.PIECEWISE_BEZIER_KNOTS.);
#1891 = CARTESIAN_POINT('',(-2.333826602997,-33.0677,1.69));
#1892 = CARTESIAN_POINT('',(-1.603240771935,-33.0677,1.69));
#1893 = CARTESIAN_POINT('',(-1.603240771935,-33.0677,1.056485013624));
#1894 = VECTOR('',#1895,1.);
#1895 = DIRECTION('',(0.,-1.,0.));
#1896 = ADVANCED_FACE('',(#1897),#1915,.T.);
#1897 = FACE_BOUND('',#1898,.T.);
#1898 = EDGE_LOOP('',(#1899,#1900,#1908,#1914));
#1899 = ORIENTED_EDGE('',*,*,#680,.F.);
#1900 = ORIENTED_EDGE('',*,*,#1901,.T.);
#1901 = EDGE_CURVE('',#650,#1902,#1904,.T.);
#1902 = VERTEX_POINT('',#1903);
#1903 = CARTESIAN_POINT('',(-4.827014613896,-32.6677,1.69));
#1904 = LINE('',#1905,#1906);
#1905 = CARTESIAN_POINT('',(-4.827014613896,-33.0677,1.69));
#1906 = VECTOR('',#1907,1.);
#1907 = DIRECTION('',(0.,1.,0.));
#1908 = ORIENTED_EDGE('',*,*,#1909,.T.);
#1909 = EDGE_CURVE('',#1902,#1876,#1910,.T.);
#1910 = LINE('',#1911,#1912);
#1911 = CARTESIAN_POINT('',(-4.827014613896,-32.6677,1.69));
#1912 = VECTOR('',#1913,1.);
#1913 = DIRECTION('',(1.,0.,0.));
#1914 = ORIENTED_EDGE('',*,*,#1875,.F.);
#1915 = PLANE('',#1916);
#1916 = AXIS2_PLACEMENT_3D('',#1917,#1918,#1919);
#1917 = CARTESIAN_POINT('',(-4.827014613896,-33.0677,1.69));
#1918 = DIRECTION('',(0.,0.,-1.));
#1919 = DIRECTION('',(1.,0.,0.));
#1920 = ADVANCED_FACE('',(#1921),#1939,.T.);
#1921 = FACE_BOUND('',#1922,.T.);
#1922 = EDGE_LOOP('',(#1923,#1924,#1932,#1938));
#1923 = ORIENTED_EDGE('',*,*,#649,.T.);
#1924 = ORIENTED_EDGE('',*,*,#1925,.T.);
#1925 = EDGE_CURVE('',#642,#1926,#1928,.T.);
#1926 = VERTEX_POINT('',#1927);
#1927 = CARTESIAN_POINT('',(-5.537164477657,-32.6677,1.056485013624));
#1928 = LINE('',#1929,#1930);
#1929 = CARTESIAN_POINT('',(-5.537164477657,-33.0677,1.056485013624));
#1930 = VECTOR('',#1931,1.);
#1931 = DIRECTION('',(0.,1.,0.));
#1932 = ORIENTED_EDGE('',*,*,#1933,.T.);
#1933 = EDGE_CURVE('',#1926,#1902,#1934,.T.);
#1934 = B_SPLINE_CURVE_WITH_KNOTS('',2,(#1935,#1936,#1937),
  .UNSPECIFIED.,.F.,.F.,(3,3),(0.,1.),.PIECEWISE_BEZIER_KNOTS.);
#1935 = CARTESIAN_POINT('',(-5.537164477657,-32.6677,1.056485013624));
#1936 = CARTESIAN_POINT('',(-5.537164477657,-32.6677,1.69));
#1937 = CARTESIAN_POINT('',(-4.827014613896,-32.6677,1.69));
#1938 = ORIENTED_EDGE('',*,*,#1901,.F.);
#1939 = SURFACE_OF_LINEAR_EXTRUSION('',#1940,#1944);
#1940 = B_SPLINE_CURVE_WITH_KNOTS('',2,(#1941,#1942,#1943),
  .UNSPECIFIED.,.F.,.F.,(3,3),(0.,1.),.PIECEWISE_BEZIER_KNOTS.);
#1941 = CARTESIAN_POINT('',(-5.537164477657,-33.0677,1.056485013624));
#1942 = CARTESIAN_POINT('',(-5.537164477657,-33.0677,1.69));
#1943 = CARTESIAN_POINT('',(-4.827014613896,-33.0677,1.69));
#1944 = VECTOR('',#1945,1.);
#1945 = DIRECTION('',(0.,-1.,0.));
#1946 = ADVANCED_FACE('',(#1947),#1965,.T.);
#1947 = FACE_BOUND('',#1948,.T.);
#1948 = EDGE_LOOP('',(#1949,#1950,#1958,#1964));
#1949 = ORIENTED_EDGE('',*,*,#641,.F.);
#1950 = ORIENTED_EDGE('',*,*,#1951,.T.);
#1951 = EDGE_CURVE('',#611,#1952,#1954,.T.);
#1952 = VERTEX_POINT('',#1953);
#1953 = CARTESIAN_POINT('',(-5.537164477657,-32.6677,-5.676485013624));
#1954 = LINE('',#1955,#1956);
#1955 = CARTESIAN_POINT('',(-5.537164477657,-33.0677,-5.676485013624));
#1956 = VECTOR('',#1957,1.);
#1957 = DIRECTION('',(0.,1.,0.));
#1958 = ORIENTED_EDGE('',*,*,#1959,.T.);
#1959 = EDGE_CURVE('',#1952,#1926,#1960,.T.);
#1960 = LINE('',#1961,#1962);
#1961 = CARTESIAN_POINT('',(-5.537164477657,-32.6677,-5.676485013624));
#1962 = VECTOR('',#1963,1.);
#1963 = DIRECTION('',(0.,-2.2E-16,1.));
#1964 = ORIENTED_EDGE('',*,*,#1925,.F.);
#1965 = PLANE('',#1966);
#1966 = AXIS2_PLACEMENT_3D('',#1967,#1968,#1969);
#1967 = CARTESIAN_POINT('',(-5.537164477657,-33.0677,-5.676485013624));
#1968 = DIRECTION('',(1.,0.,0.));
#1969 = DIRECTION('',(0.,-2.2E-16,1.));
#1970 = ADVANCED_FACE('',(#1971),#1989,.T.);
#1971 = FACE_BOUND('',#1972,.T.);
#1972 = EDGE_LOOP('',(#1973,#1974,#1982,#1988));
#1973 = ORIENTED_EDGE('',*,*,#610,.T.);
#1974 = ORIENTED_EDGE('',*,*,#1975,.T.);
#1975 = EDGE_CURVE('',#603,#1976,#1978,.T.);
#1976 = VERTEX_POINT('',#1977);
#1977 = CARTESIAN_POINT('',(-4.827014613896,-32.6677,-6.31));
#1978 = LINE('',#1979,#1980);
#1979 = CARTESIAN_POINT('',(-4.827014613896,-33.0677,-6.31));
#1980 = VECTOR('',#1981,1.);
#1981 = DIRECTION('',(0.,1.,0.));
#1982 = ORIENTED_EDGE('',*,*,#1983,.T.);
#1983 = EDGE_CURVE('',#1976,#1952,#1984,.T.);
#1984 = B_SPLINE_CURVE_WITH_KNOTS('',2,(#1985,#1986,#1987),
  .UNSPECIFIED.,.F.,.F.,(3,3),(0.,1.),.PIECEWISE_BEZIER_KNOTS.);
#1985 = CARTESIAN_POINT('',(-4.827014613896,-32.6677,-6.31));
#1986 = CARTESIAN_POINT('',(-5.537164477657,-32.6677,-6.31));
#1987 = CARTESIAN_POINT('',(-5.537164477657,-32.6677,-5.676485013624));
#1988 = ORIENTED_EDGE('',*,*,#1951,.F.);
#1989 = SURFACE_OF_LINEAR_EXTRUSION('',#1990,#1994);
#1990 = B_SPLINE_CURVE_WITH_KNOTS('',2,(#1991,#1992,#1993),
  .UNSPECIFIED.,.F.,.F.,(3,3),(0.,1.),.PIECEWISE_BEZIER_KNOTS.);
#1991 = CARTESIAN_POINT('',(-4.827014613896,-33.0677,-6.31));
#1992 = CARTESIAN_POINT('',(-5.537164477657,-33.0677,-6.31));
#1993 = CARTESIAN_POINT('',(-5.537164477657,-33.0677,-5.676485013624));
#1994 = VECTOR('',#1995,1.);
#1995 = DIRECTION('',(0.,-1.,0.));
#1996 = ADVANCED_FACE('',(#1997),#2008,.T.);
#1997 = FACE_BOUND('',#1998,.T.);
#1998 = EDGE_LOOP('',(#1999,#2000,#2001,#2007));
#1999 = ORIENTED_EDGE('',*,*,#602,.F.);
#2000 = ORIENTED_EDGE('',*,*,#1642,.T.);
#2001 = ORIENTED_EDGE('',*,*,#2002,.T.);
#2002 = EDGE_CURVE('',#1635,#1976,#2003,.T.);
#2003 = LINE('',#2004,#2005);
#2004 = CARTESIAN_POINT('',(-2.333826602997,-32.6677,-6.31));
#2005 = VECTOR('',#2006,1.);
#2006 = DIRECTION('',(-1.,0.,0.));
#2007 = ORIENTED_EDGE('',*,*,#1975,.F.);
#2008 = PLANE('',#2009);
#2009 = AXIS2_PLACEMENT_3D('',#2010,#2011,#2012);
#2010 = CARTESIAN_POINT('',(-2.333826602997,-33.0677,-6.31));
#2011 = DIRECTION('',(0.,0.,1.));
#2012 = DIRECTION('',(-1.,-0.,0.));
#2013 = ADVANCED_FACE('',(#2014),#2039,.T.);
#2014 = FACE_BOUND('',#2015,.T.);
#2015 = EDGE_LOOP('',(#2016,#2017,#2025,#2033));
#2016 = ORIENTED_EDGE('',*,*,#797,.T.);
#2017 = ORIENTED_EDGE('',*,*,#2018,.T.);
#2018 = EDGE_CURVE('',#800,#2019,#2021,.T.);
#2019 = VERTEX_POINT('',#2020);
#2020 = CARTESIAN_POINT('',(-6.474494177929,-32.6677,-5.676485013624));
#2021 = LINE('',#2022,#2023);
#2022 = CARTESIAN_POINT('',(-6.474494177929,-33.0677,-5.676485013624));
#2023 = VECTOR('',#2024,1.);
#2024 = DIRECTION('',(0.,1.,0.));
#2025 = ORIENTED_EDGE('',*,*,#2026,.T.);
#2026 = EDGE_CURVE('',#2019,#2027,#2029,.T.);
#2027 = VERTEX_POINT('',#2028);
#2028 = CARTESIAN_POINT('',(-7.205080008992,-32.6677,-6.31));
#2029 = B_SPLINE_CURVE_WITH_KNOTS('',2,(#2030,#2031,#2032),
  .UNSPECIFIED.,.F.,.F.,(3,3),(0.,1.),.PIECEWISE_BEZIER_KNOTS.);
#2030 = CARTESIAN_POINT('',(-6.474494177929,-32.6677,-5.676485013624));
#2031 = CARTESIAN_POINT('',(-6.474494177929,-32.6677,-6.31));
#2032 = CARTESIAN_POINT('',(-7.205080008992,-32.6677,-6.31));
#2033 = ORIENTED_EDGE('',*,*,#2034,.F.);
#2034 = EDGE_CURVE('',#798,#2027,#2035,.T.);
#2035 = LINE('',#2036,#2037);
#2036 = CARTESIAN_POINT('',(-7.205080008992,-33.0677,-6.31));
#2037 = VECTOR('',#2038,1.);
#2038 = DIRECTION('',(0.,1.,0.));
#2039 = SURFACE_OF_LINEAR_EXTRUSION('',#2040,#2044);
#2040 = B_SPLINE_CURVE_WITH_KNOTS('',2,(#2041,#2042,#2043),
  .UNSPECIFIED.,.F.,.F.,(3,3),(0.,1.),.PIECEWISE_BEZIER_KNOTS.);
#2041 = CARTESIAN_POINT('',(-6.474494177929,-33.0677,-5.676485013624));
#2042 = CARTESIAN_POINT('',(-6.474494177929,-33.0677,-6.31));
#2043 = CARTESIAN_POINT('',(-7.205080008992,-33.0677,-6.31));
#2044 = VECTOR('',#2045,1.);
#2045 = DIRECTION('',(0.,-1.,0.));
#2046 = ADVANCED_FACE('',(#2047),#2065,.T.);
#2047 = FACE_BOUND('',#2048,.T.);
#2048 = EDGE_LOOP('',(#2049,#2050,#2058,#2064));
#2049 = ORIENTED_EDGE('',*,*,#971,.F.);
#2050 = ORIENTED_EDGE('',*,*,#2051,.T.);
#2051 = EDGE_CURVE('',#955,#2052,#2054,.T.);
#2052 = VERTEX_POINT('',#2053);
#2053 = CARTESIAN_POINT('',(-6.474494177929,-32.6677,-3.241539509537));
#2054 = LINE('',#2055,#2056);
#2055 = CARTESIAN_POINT('',(-6.474494177929,-33.0677,-3.241539509537));
#2056 = VECTOR('',#2057,1.);
#2057 = DIRECTION('',(0.,1.,0.));
#2058 = ORIENTED_EDGE('',*,*,#2059,.T.);
#2059 = EDGE_CURVE('',#2052,#2019,#2060,.T.);
#2060 = LINE('',#2061,#2062);
#2061 = CARTESIAN_POINT('',(-6.474494177929,-32.6677,-3.241539509537));
#2062 = VECTOR('',#2063,1.);
#2063 = DIRECTION('',(0.,2.2E-16,-1.));
#2064 = ORIENTED_EDGE('',*,*,#2018,.F.);
#2065 = PLANE('',#2066);
#2066 = AXIS2_PLACEMENT_3D('',#2067,#2068,#2069);
#2067 = CARTESIAN_POINT('',(-6.474494177929,-33.0677,-3.241539509537));
#2068 = DIRECTION('',(-1.,0.,-0.));
#2069 = DIRECTION('',(0.,2.2E-16,-1.));
#2070 = ADVANCED_FACE('',(#2071),#2089,.T.);
#2071 = FACE_BOUND('',#2072,.T.);
#2072 = EDGE_LOOP('',(#2073,#2074,#2082,#2088));
#2073 = ORIENTED_EDGE('',*,*,#954,.T.);
#2074 = ORIENTED_EDGE('',*,*,#2075,.T.);
#2075 = EDGE_CURVE('',#936,#2076,#2078,.T.);
#2076 = VERTEX_POINT('',#2077);
#2077 = CARTESIAN_POINT('',(-6.750379736512,-32.6677,-2.565790190736));
#2078 = LINE('',#2079,#2080);
#2079 = CARTESIAN_POINT('',(-6.750379736512,-33.0677,-2.565790190736));
#2080 = VECTOR('',#2081,1.);
#2081 = DIRECTION('',(0.,1.,0.));
#2082 = ORIENTED_EDGE('',*,*,#2083,.T.);
#2083 = EDGE_CURVE('',#2076,#2052,#2084,.T.);
#2084 = B_SPLINE_CURVE_WITH_KNOTS('',2,(#2085,#2086,#2087),
  .UNSPECIFIED.,.F.,.F.,(3,3),(0.,1.),.PIECEWISE_BEZIER_KNOTS.);
#2085 = CARTESIAN_POINT('',(-6.750379736512,-32.6677,-2.565790190736));
#2086 = CARTESIAN_POINT('',(-6.474494177929,-32.6677,-2.81204359673));
#2087 = CARTESIAN_POINT('',(-6.474494177929,-32.6677,-3.241539509537));
#2088 = ORIENTED_EDGE('',*,*,#2051,.F.);
#2089 = SURFACE_OF_LINEAR_EXTRUSION('',#2090,#2094);
#2090 = B_SPLINE_CURVE_WITH_KNOTS('',2,(#2091,#2092,#2093),
  .UNSPECIFIED.,.F.,.F.,(3,3),(0.,1.),.PIECEWISE_BEZIER_KNOTS.);
#2091 = CARTESIAN_POINT('',(-6.750379736512,-33.0677,-2.565790190736));
#2092 = CARTESIAN_POINT('',(-6.474494177929,-33.0677,-2.81204359673));
#2093 = CARTESIAN_POINT('',(-6.474494177929,-33.0677,-3.241539509537));
#2094 = VECTOR('',#2095,1.);
#2095 = DIRECTION('',(0.,-1.,0.));
#2096 = ADVANCED_FACE('',(#2097),#2115,.T.);
#2097 = FACE_BOUND('',#2098,.T.);
#2098 = EDGE_LOOP('',(#2099,#2100,#2108,#2114));
#2099 = ORIENTED_EDGE('',*,*,#935,.T.);
#2100 = ORIENTED_EDGE('',*,*,#2101,.T.);
#2101 = EDGE_CURVE('',#917,#2102,#2104,.T.);
#2102 = VERTEX_POINT('',#2103);
#2103 = CARTESIAN_POINT('',(-7.39411270654,-32.6677,-2.14651226158));
#2104 = LINE('',#2105,#2106);
#2105 = CARTESIAN_POINT('',(-7.39411270654,-33.0677,-2.14651226158));
#2106 = VECTOR('',#2107,1.);
#2107 = DIRECTION('',(0.,1.,0.));
#2108 = ORIENTED_EDGE('',*,*,#2109,.T.);
#2109 = EDGE_CURVE('',#2102,#2076,#2110,.T.);
#2110 = B_SPLINE_CURVE_WITH_KNOTS('',2,(#2111,#2112,#2113),
  .UNSPECIFIED.,.F.,.F.,(3,3),(0.,1.),.PIECEWISE_BEZIER_KNOTS.);
#2111 = CARTESIAN_POINT('',(-7.39411270654,-32.6677,-2.14651226158));
#2112 = CARTESIAN_POINT('',(-6.786142679292,-32.6677,-2.529005449591));
#2113 = CARTESIAN_POINT('',(-6.750379736512,-32.6677,-2.565790190736));
#2114 = ORIENTED_EDGE('',*,*,#2075,.F.);
#2115 = SURFACE_OF_LINEAR_EXTRUSION('',#2116,#2120);
#2116 = B_SPLINE_CURVE_WITH_KNOTS('',2,(#2117,#2118,#2119),
  .UNSPECIFIED.,.F.,.F.,(3,3),(0.,1.),.PIECEWISE_BEZIER_KNOTS.);
#2117 = CARTESIAN_POINT('',(-7.39411270654,-33.0677,-2.14651226158));
#2118 = CARTESIAN_POINT('',(-6.786142679292,-33.0677,-2.529005449591));
#2119 = CARTESIAN_POINT('',(-6.750379736512,-33.0677,-2.565790190736));
#2120 = VECTOR('',#2121,1.);
#2121 = DIRECTION('',(0.,-1.,0.));
#2122 = ADVANCED_FACE('',(#2123),#2141,.T.);
#2123 = FACE_BOUND('',#2124,.T.);
#2124 = EDGE_LOOP('',(#2125,#2126,#2134,#2140));
#2125 = ORIENTED_EDGE('',*,*,#916,.T.);
#2126 = ORIENTED_EDGE('',*,*,#2127,.T.);
#2127 = EDGE_CURVE('',#900,#2128,#2130,.T.);
#2128 = VERTEX_POINT('',#2129);
#2129 = CARTESIAN_POINT('',(-6.770815703815,-32.6677,-1.743583106267));
#2130 = LINE('',#2131,#2132);
#2131 = CARTESIAN_POINT('',(-6.770815703815,-33.0677,-1.743583106267));
#2132 = VECTOR('',#2133,1.);
#2133 = DIRECTION('',(0.,1.,0.));
#2134 = ORIENTED_EDGE('',*,*,#2135,.T.);
#2135 = EDGE_CURVE('',#2128,#2102,#2136,.T.);
#2136 = B_SPLINE_CURVE_WITH_KNOTS('',2,(#2137,#2138,#2139),
  .UNSPECIFIED.,.F.,.F.,(3,3),(0.,1.),.PIECEWISE_BEZIER_KNOTS.);
#2137 = CARTESIAN_POINT('',(-6.770815703815,-32.6677,-1.743583106267));
#2138 = CARTESIAN_POINT('',(-6.806578646594,-32.6677,-1.775258855586));
#2139 = CARTESIAN_POINT('',(-7.39411270654,-32.6677,-2.14651226158));
#2140 = ORIENTED_EDGE('',*,*,#2101,.F.);
#2141 = SURFACE_OF_LINEAR_EXTRUSION('',#2142,#2146);
#2142 = B_SPLINE_CURVE_WITH_KNOTS('',2,(#2143,#2144,#2145),
  .UNSPECIFIED.,.F.,.F.,(3,3),(0.,1.),.PIECEWISE_BEZIER_KNOTS.);
#2143 = CARTESIAN_POINT('',(-6.770815703815,-33.0677,-1.743583106267));
#2144 = CARTESIAN_POINT('',(-6.806578646594,-33.0677,-1.775258855586));
#2145 = CARTESIAN_POINT('',(-7.39411270654,-33.0677,-2.14651226158));
#2146 = VECTOR('',#2147,1.);
#2147 = DIRECTION('',(0.,-1.,0.));
#2148 = ADVANCED_FACE('',(#2149),#2167,.T.);
#2149 = FACE_BOUND('',#2150,.T.);
#2150 = EDGE_LOOP('',(#2151,#2152,#2160,#2166));
#2151 = ORIENTED_EDGE('',*,*,#899,.T.);
#2152 = ORIENTED_EDGE('',*,*,#2153,.T.);
#2153 = EDGE_CURVE('',#892,#2154,#2156,.T.);
#2154 = VERTEX_POINT('',#2155);
#2155 = CARTESIAN_POINT('',(-6.515366112534,-32.6677,-1.095081743869));
#2156 = LINE('',#2157,#2158);
#2157 = CARTESIAN_POINT('',(-6.515366112534,-33.0677,-1.095081743869));
#2158 = VECTOR('',#2159,1.);
#2159 = DIRECTION('',(0.,1.,0.));
#2160 = ORIENTED_EDGE('',*,*,#2161,.T.);
#2161 = EDGE_CURVE('',#2154,#2128,#2162,.T.);
#2162 = B_SPLINE_CURVE_WITH_KNOTS('',2,(#2163,#2164,#2165),
  .UNSPECIFIED.,.F.,.F.,(3,3),(0.,1.),.PIECEWISE_BEZIER_KNOTS.);
#2163 = CARTESIAN_POINT('',(-6.515366112534,-32.6677,-1.095081743869));
#2164 = CARTESIAN_POINT('',(-6.515366112534,-32.6677,-1.513678474114));
#2165 = CARTESIAN_POINT('',(-6.770815703815,-32.6677,-1.743583106267));
#2166 = ORIENTED_EDGE('',*,*,#2127,.F.);
#2167 = SURFACE_OF_LINEAR_EXTRUSION('',#2168,#2172);
#2168 = B_SPLINE_CURVE_WITH_KNOTS('',2,(#2169,#2170,#2171),
  .UNSPECIFIED.,.F.,.F.,(3,3),(0.,1.),.PIECEWISE_BEZIER_KNOTS.);
#2169 = CARTESIAN_POINT('',(-6.515366112534,-33.0677,-1.095081743869));
#2170 = CARTESIAN_POINT('',(-6.515366112534,-33.0677,-1.513678474114));
#2171 = CARTESIAN_POINT('',(-6.770815703815,-33.0677,-1.743583106267));
#2172 = VECTOR('',#2173,1.);
#2173 = DIRECTION('',(0.,-1.,0.));
#2174 = ADVANCED_FACE('',(#2175),#2193,.T.);
#2175 = FACE_BOUND('',#2176,.T.);
#2176 = EDGE_LOOP('',(#2177,#2178,#2186,#2192));
#2177 = ORIENTED_EDGE('',*,*,#891,.F.);
#2178 = ORIENTED_EDGE('',*,*,#2179,.T.);
#2179 = EDGE_CURVE('',#861,#2180,#2182,.T.);
#2180 = VERTEX_POINT('',#2181);
#2181 = CARTESIAN_POINT('',(-6.515366112534,-32.6677,1.056485013624));
#2182 = LINE('',#2183,#2184);
#2183 = CARTESIAN_POINT('',(-6.515366112534,-33.0677,1.056485013624));
#2184 = VECTOR('',#2185,1.);
#2185 = DIRECTION('',(0.,1.,0.));
#2186 = ORIENTED_EDGE('',*,*,#2187,.T.);
#2187 = EDGE_CURVE('',#2180,#2154,#2188,.T.);
#2188 = LINE('',#2189,#2190);
#2189 = CARTESIAN_POINT('',(-6.515366112534,-32.6677,1.056485013624));
#2190 = VECTOR('',#2191,1.);
#2191 = DIRECTION('',(0.,2.2E-16,-1.));
#2192 = ORIENTED_EDGE('',*,*,#2153,.F.);
#2193 = PLANE('',#2194);
#2194 = AXIS2_PLACEMENT_3D('',#2195,#2196,#2197);
#2195 = CARTESIAN_POINT('',(-6.515366112534,-33.0677,1.056485013624));
#2196 = DIRECTION('',(-1.,0.,-0.));
#2197 = DIRECTION('',(0.,2.2E-16,-1.));
#2198 = ADVANCED_FACE('',(#2199),#2217,.T.);
#2199 = FACE_BOUND('',#2200,.T.);
#2200 = EDGE_LOOP('',(#2201,#2202,#2210,#2216));
#2201 = ORIENTED_EDGE('',*,*,#860,.T.);
#2202 = ORIENTED_EDGE('',*,*,#2203,.T.);
#2203 = EDGE_CURVE('',#853,#2204,#2206,.T.);
#2204 = VERTEX_POINT('',#2205);
#2205 = CARTESIAN_POINT('',(-7.225515976294,-32.6677,1.69));
#2206 = LINE('',#2207,#2208);
#2207 = CARTESIAN_POINT('',(-7.225515976294,-33.0677,1.69));
#2208 = VECTOR('',#2209,1.);
#2209 = DIRECTION('',(0.,1.,0.));
#2210 = ORIENTED_EDGE('',*,*,#2211,.T.);
#2211 = EDGE_CURVE('',#2204,#2180,#2212,.T.);
#2212 = B_SPLINE_CURVE_WITH_KNOTS('',2,(#2213,#2214,#2215),
  .UNSPECIFIED.,.F.,.F.,(3,3),(0.,1.),.PIECEWISE_BEZIER_KNOTS.);
#2213 = CARTESIAN_POINT('',(-7.225515976294,-32.6677,1.69));
#2214 = CARTESIAN_POINT('',(-6.515366112534,-32.6677,1.69));
#2215 = CARTESIAN_POINT('',(-6.515366112534,-32.6677,1.056485013624));
#2216 = ORIENTED_EDGE('',*,*,#2179,.F.);
#2217 = SURFACE_OF_LINEAR_EXTRUSION('',#2218,#2222);
#2218 = B_SPLINE_CURVE_WITH_KNOTS('',2,(#2219,#2220,#2221),
  .UNSPECIFIED.,.F.,.F.,(3,3),(0.,1.),.PIECEWISE_BEZIER_KNOTS.);
#2219 = CARTESIAN_POINT('',(-7.225515976294,-33.0677,1.69));
#2220 = CARTESIAN_POINT('',(-6.515366112534,-33.0677,1.69));
#2221 = CARTESIAN_POINT('',(-6.515366112534,-33.0677,1.056485013624));
#2222 = VECTOR('',#2223,1.);
#2223 = DIRECTION('',(0.,-1.,0.));
#2224 = ADVANCED_FACE('',(#2225),#2243,.T.);
#2225 = FACE_BOUND('',#2226,.T.);
#2226 = EDGE_LOOP('',(#2227,#2228,#2236,#2242));
#2227 = ORIENTED_EDGE('',*,*,#852,.F.);
#2228 = ORIENTED_EDGE('',*,*,#2229,.T.);
#2229 = EDGE_CURVE('',#845,#2230,#2232,.T.);
#2230 = VERTEX_POINT('',#2231);
#2231 = CARTESIAN_POINT('',(-10.3981999,-32.6677,1.69));
#2232 = LINE('',#2233,#2234);
#2233 = CARTESIAN_POINT('',(-10.3981999,-33.0677,1.69));
#2234 = VECTOR('',#2235,1.);
#2235 = DIRECTION('',(0.,1.,0.));
#2236 = ORIENTED_EDGE('',*,*,#2237,.T.);
#2237 = EDGE_CURVE('',#2230,#2204,#2238,.T.);
#2238 = LINE('',#2239,#2240);
#2239 = CARTESIAN_POINT('',(-10.3981999,-32.6677,1.69));
#2240 = VECTOR('',#2241,1.);
#2241 = DIRECTION('',(1.,0.,0.));
#2242 = ORIENTED_EDGE('',*,*,#2203,.F.);
#2243 = PLANE('',#2244);
#2244 = AXIS2_PLACEMENT_3D('',#2245,#2246,#2247);
#2245 = CARTESIAN_POINT('',(-10.3981999,-33.0677,1.69));
#2246 = DIRECTION('',(0.,0.,-1.));
#2247 = DIRECTION('',(1.,0.,0.));
#2248 = ADVANCED_FACE('',(#2249),#2267,.T.);
#2249 = FACE_BOUND('',#2250,.T.);
#2250 = EDGE_LOOP('',(#2251,#2252,#2260,#2266));
#2251 = ORIENTED_EDGE('',*,*,#844,.F.);
#2252 = ORIENTED_EDGE('',*,*,#2253,.T.);
#2253 = EDGE_CURVE('',#837,#2254,#2256,.T.);
#2254 = VERTEX_POINT('',#2255);
#2255 = CARTESIAN_POINT('',(-10.3981999,-32.6677,-6.31));
#2256 = LINE('',#2257,#2258);
#2257 = CARTESIAN_POINT('',(-10.3981999,-33.0677,-6.31));
#2258 = VECTOR('',#2259,1.);
#2259 = DIRECTION('',(0.,1.,0.));
#2260 = ORIENTED_EDGE('',*,*,#2261,.T.);
#2261 = EDGE_CURVE('',#2254,#2230,#2262,.T.);
#2262 = LINE('',#2263,#2264);
#2263 = CARTESIAN_POINT('',(-10.3981999,-32.6677,-6.31));
#2264 = VECTOR('',#2265,1.);
#2265 = DIRECTION('',(0.,-2.2E-16,1.));
#2266 = ORIENTED_EDGE('',*,*,#2229,.F.);
#2267 = PLANE('',#2268);
#2268 = AXIS2_PLACEMENT_3D('',#2269,#2270,#2271);
#2269 = CARTESIAN_POINT('',(-10.3981999,-33.0677,-6.31));
#2270 = DIRECTION('',(1.,0.,0.));
#2271 = DIRECTION('',(0.,-2.2E-16,1.));
#2272 = ADVANCED_FACE('',(#2273),#2284,.T.);
#2273 = FACE_BOUND('',#2274,.T.);
#2274 = EDGE_LOOP('',(#2275,#2276,#2277,#2283));
#2275 = ORIENTED_EDGE('',*,*,#836,.F.);
#2276 = ORIENTED_EDGE('',*,*,#2034,.T.);
#2277 = ORIENTED_EDGE('',*,*,#2278,.T.);
#2278 = EDGE_CURVE('',#2027,#2254,#2279,.T.);
#2279 = LINE('',#2280,#2281);
#2280 = CARTESIAN_POINT('',(-7.205080008992,-32.6677,-6.31));
#2281 = VECTOR('',#2282,1.);
#2282 = DIRECTION('',(-1.,0.,0.));
#2283 = ORIENTED_EDGE('',*,*,#2253,.F.);
#2284 = PLANE('',#2285);
#2285 = AXIS2_PLACEMENT_3D('',#2286,#2287,#2288);
#2286 = CARTESIAN_POINT('',(-7.205080008992,-33.0677,-6.31));
#2287 = DIRECTION('',(0.,0.,1.));
#2288 = DIRECTION('',(-1.,-0.,0.));
#2289 = ADVANCED_FACE('',(#2290),#2293,.T.);
#2290 = FACE_BOUND('',#2291,.F.);
#2291 = EDGE_LOOP('',(#2292));
#2292 = ORIENTED_EDGE('',*,*,#1103,.T.);
#2293 = PLANE('',#2294);
#2294 = AXIS2_PLACEMENT_3D('',#2295,#2296,#2297);
#2295 = CARTESIAN_POINT('',(-2.5E-16,-31.,-2.25));
#2296 = DIRECTION('',(0.,1.,2.2E-16));
#2297 = DIRECTION('',(0.,-2.2E-16,1.));
#2298 = ADVANCED_FACE('',(#2299),#2305,.T.);
#2299 = FACE_BOUND('',#2300,.T.);
#2300 = EDGE_LOOP('',(#2301,#2302,#2303,#2304));
#2301 = ORIENTED_EDGE('',*,*,#1218,.F.);
#2302 = ORIENTED_EDGE('',*,*,#1146,.F.);
#2303 = ORIENTED_EDGE('',*,*,#1177,.F.);
#2304 = ORIENTED_EDGE('',*,*,#1201,.F.);
#2305 = PLANE('',#2306);
#2306 = AXIS2_PLACEMENT_3D('',#2307,#2308,#2309);
#2307 = CARTESIAN_POINT('',(9.031977211717,-32.6677,-2.31));
#2308 = DIRECTION('',(0.,-1.,-2.2E-16));
#2309 = DIRECTION('',(1.,0.,0.));
#2310 = ADVANCED_FACE('',(#2311),#2321,.T.);
#2311 = FACE_BOUND('',#2312,.T.);
#2312 = EDGE_LOOP('',(#2313,#2314,#2315,#2316,#2317,#2318,#2319,#2320));
#2313 = ORIENTED_EDGE('',*,*,#1410,.F.);
#2314 = ORIENTED_EDGE('',*,*,#1242,.F.);
#2315 = ORIENTED_EDGE('',*,*,#1273,.F.);
#2316 = ORIENTED_EDGE('',*,*,#1297,.F.);
#2317 = ORIENTED_EDGE('',*,*,#1321,.F.);
#2318 = ORIENTED_EDGE('',*,*,#1345,.F.);
#2319 = ORIENTED_EDGE('',*,*,#1369,.F.);
#2320 = ORIENTED_EDGE('',*,*,#1393,.F.);
#2321 = PLANE('',#2322);
#2322 = AXIS2_PLACEMENT_3D('',#2323,#2324,#2325);
#2323 = CARTESIAN_POINT('',(5.898291925613,-32.6677,-1.537417676416));
#2324 = DIRECTION('',(0.,-1.,-2.2E-16));
#2325 = DIRECTION('',(1.,0.,0.));
#2326 = ADVANCED_FACE('',(#2327,#2337),#2371,.T.);
#2327 = FACE_BOUND('',#2328,.T.);
#2328 = EDGE_LOOP('',(#2329,#2330,#2331,#2332,#2333,#2334,#2335,#2336));
#2329 = ORIENTED_EDGE('',*,*,#1434,.F.);
#2330 = ORIENTED_EDGE('',*,*,#1467,.F.);
#2331 = ORIENTED_EDGE('',*,*,#1491,.F.);
#2332 = ORIENTED_EDGE('',*,*,#1517,.F.);
#2333 = ORIENTED_EDGE('',*,*,#1541,.F.);
#2334 = ORIENTED_EDGE('',*,*,#1567,.F.);
#2335 = ORIENTED_EDGE('',*,*,#1591,.F.);
#2336 = ORIENTED_EDGE('',*,*,#1610,.F.);
#2337 = FACE_BOUND('',#2338,.T.);
#2338 = EDGE_LOOP('',(#2339,#2349,#2357,#2365));
#2339 = ORIENTED_EDGE('',*,*,#2340,.F.);
#2340 = EDGE_CURVE('',#2341,#2343,#2345,.T.);
#2341 = VERTEX_POINT('',#2342);
#2342 = CARTESIAN_POINT('',(2.181159773025,-32.6677,-5.285476839237));
#2343 = VERTEX_POINT('',#2344);
#2344 = CARTESIAN_POINT('',(2.181159773025,-32.6677,0.665476839237));
#2345 = LINE('',#2346,#2347);
#2346 = CARTESIAN_POINT('',(2.181159773025,-32.6677,-5.285476839237));
#2347 = VECTOR('',#2348,1.);
#2348 = DIRECTION('',(0.,-2.2E-16,1.));
#2349 = ORIENTED_EDGE('',*,*,#2350,.F.);
#2350 = EDGE_CURVE('',#2351,#2341,#2353,.T.);
#2351 = VERTEX_POINT('',#2352);
#2352 = CARTESIAN_POINT('',(0.541173397003,-32.6677,-5.285476839237));
#2353 = LINE('',#2354,#2355);
#2354 = CARTESIAN_POINT('',(0.541173397003,-32.6677,-5.285476839237));
#2355 = VECTOR('',#2356,1.);
#2356 = DIRECTION('',(1.,0.,0.));
#2357 = ORIENTED_EDGE('',*,*,#2358,.F.);
#2358 = EDGE_CURVE('',#2359,#2351,#2361,.T.);
#2359 = VERTEX_POINT('',#2360);
#2360 = CARTESIAN_POINT('',(0.541173397003,-32.6677,0.665476839237));
#2361 = LINE('',#2362,#2363);
#2362 = CARTESIAN_POINT('',(0.541173397003,-32.6677,0.665476839237));
#2363 = VECTOR('',#2364,1.);
#2364 = DIRECTION('',(0.,2.2E-16,-1.));
#2365 = ORIENTED_EDGE('',*,*,#2366,.F.);
#2366 = EDGE_CURVE('',#2343,#2359,#2367,.T.);
#2367 = LINE('',#2368,#2369);
#2368 = CARTESIAN_POINT('',(2.181159773025,-32.6677,0.665476839237));
#2369 = VECTOR('',#2370,1.);
#2370 = DIRECTION('',(-1.,0.,0.));
#2371 = PLANE('',#2372);
#2372 = AXIS2_PLACEMENT_3D('',#2373,#2374,#2375);
#2373 = CARTESIAN_POINT('',(1.360833278935,-32.6677,-2.31));
#2374 = DIRECTION('',(0.,-1.,-2.2E-16));
#2375 = DIRECTION('',(1.,0.,0.));
#2376 = ADVANCED_FACE('',(#2377),#2395,.T.);
#2377 = FACE_BOUND('',#2378,.T.);
#2378 = EDGE_LOOP('',(#2379,#2380,#2381,#2382,#2383,#2384,#2385,#2386,
    #2387,#2388,#2389,#2390,#2391,#2392,#2393,#2394));
#2379 = ORIENTED_EDGE('',*,*,#1634,.F.);
#2380 = ORIENTED_EDGE('',*,*,#1667,.F.);
#2381 = ORIENTED_EDGE('',*,*,#1691,.F.);
#2382 = ORIENTED_EDGE('',*,*,#1715,.F.);
#2383 = ORIENTED_EDGE('',*,*,#1739,.F.);
#2384 = ORIENTED_EDGE('',*,*,#1763,.F.);
#2385 = ORIENTED_EDGE('',*,*,#1787,.F.);
#2386 = ORIENTED_EDGE('',*,*,#1811,.F.);
#2387 = ORIENTED_EDGE('',*,*,#1835,.F.);
#2388 = ORIENTED_EDGE('',*,*,#1859,.F.);
#2389 = ORIENTED_EDGE('',*,*,#1883,.F.);
#2390 = ORIENTED_EDGE('',*,*,#1909,.F.);
#2391 = ORIENTED_EDGE('',*,*,#1933,.F.);
#2392 = ORIENTED_EDGE('',*,*,#1959,.F.);
#2393 = ORIENTED_EDGE('',*,*,#1983,.F.);
#2394 = ORIENTED_EDGE('',*,*,#2002,.F.);
#2395 = PLANE('',#2396);
#2396 = AXIS2_PLACEMENT_3D('',#2397,#2398,#2399);
#2397 = CARTESIAN_POINT('',(-3.68726413908,-32.6677,-2.313740323458));
#2398 = DIRECTION('',(0.,-1.,-2.2E-16));
#2399 = DIRECTION('',(1.,0.,0.));
#2400 = ADVANCED_FACE('',(#2401,#2414,#2456),#2498,.T.);
#2401 = FACE_BOUND('',#2402,.T.);
#2402 = EDGE_LOOP('',(#2403,#2404,#2405,#2406,#2407,#2408,#2409,#2410,
    #2411,#2412,#2413));
#2403 = ORIENTED_EDGE('',*,*,#2026,.F.);
#2404 = ORIENTED_EDGE('',*,*,#2059,.F.);
#2405 = ORIENTED_EDGE('',*,*,#2083,.F.);
#2406 = ORIENTED_EDGE('',*,*,#2109,.F.);
#2407 = ORIENTED_EDGE('',*,*,#2135,.F.);
#2408 = ORIENTED_EDGE('',*,*,#2161,.F.);
#2409 = ORIENTED_EDGE('',*,*,#2187,.F.);
#2410 = ORIENTED_EDGE('',*,*,#2211,.F.);
#2411 = ORIENTED_EDGE('',*,*,#2237,.F.);
#2412 = ORIENTED_EDGE('',*,*,#2261,.F.);
#2413 = ORIENTED_EDGE('',*,*,#2278,.F.);
#2414 = FACE_BOUND('',#2415,.T.);
#2415 = EDGE_LOOP('',(#2416,#2426,#2434,#2442,#2450));
#2416 = ORIENTED_EDGE('',*,*,#2417,.F.);
#2417 = EDGE_CURVE('',#2418,#2420,#2422,.T.);
#2418 = VERTEX_POINT('',#2419);
#2419 = CARTESIAN_POINT('',(-7.675107256948,-32.6677,-5.30727520436));
#2420 = VERTEX_POINT('',#2421);
#2421 = CARTESIAN_POINT('',(-7.675107256948,-32.6677,-3.035136239782));
#2422 = LINE('',#2423,#2424);
#2423 = CARTESIAN_POINT('',(-7.675107256948,-32.6677,-5.30727520436));
#2424 = VECTOR('',#2425,1.);
#2425 = DIRECTION('',(0.,-2.2E-16,1.));
#2426 = ORIENTED_EDGE('',*,*,#2427,.F.);
#2427 = EDGE_CURVE('',#2428,#2418,#2430,.T.);
#2428 = VERTEX_POINT('',#2429);
#2429 = CARTESIAN_POINT('',(-9.202695812807,-32.6677,-5.30727520436));
#2430 = LINE('',#2431,#2432);
#2431 = CARTESIAN_POINT('',(-9.202695812807,-32.6677,-5.30727520436));
#2432 = VECTOR('',#2433,1.);
#2433 = DIRECTION('',(1.,0.,0.));
#2434 = ORIENTED_EDGE('',*,*,#2435,.F.);
#2435 = EDGE_CURVE('',#2436,#2428,#2438,.T.);
#2436 = VERTEX_POINT('',#2437);
#2437 = CARTESIAN_POINT('',(-9.202695812807,-32.6677,-2.647874659401));
#2438 = LINE('',#2439,#2440);
#2439 = CARTESIAN_POINT('',(-9.202695812807,-32.6677,-2.647874659401));
#2440 = VECTOR('',#2441,1.);
#2441 = DIRECTION('',(0.,2.2E-16,-1.));
#2442 = ORIENTED_EDGE('',*,*,#2443,.F.);
#2443 = EDGE_CURVE('',#2444,#2436,#2446,.T.);
#2444 = VERTEX_POINT('',#2445);
#2445 = CARTESIAN_POINT('',(-8.262641316894,-32.6677,-2.647874659401));
#2446 = LINE('',#2447,#2448);
#2447 = CARTESIAN_POINT('',(-8.262641316894,-32.6677,-2.647874659401));
#2448 = VECTOR('',#2449,1.);
#2449 = DIRECTION('',(-1.,0.,0.));
#2450 = ORIENTED_EDGE('',*,*,#2451,.F.);
#2451 = EDGE_CURVE('',#2420,#2444,#2452,.T.);
#2452 = LINE('',#2453,#2454);
#2453 = CARTESIAN_POINT('',(-7.675107256948,-32.6677,-3.035136239782));
#2454 = VECTOR('',#2455,1.);
#2455 = DIRECTION('',(-0.834943040392,-1.2E-16,0.550336369233));
#2456 = FACE_BOUND('',#2457,.T.);
#2457 = EDGE_LOOP('',(#2458,#2468,#2476,#2484,#2492));
#2458 = ORIENTED_EDGE('',*,*,#2459,.F.);
#2459 = EDGE_CURVE('',#2460,#2462,#2464,.T.);
#2460 = VERTEX_POINT('',#2461);
#2461 = CARTESIAN_POINT('',(-7.705761207902,-32.6677,-1.256525885559));
#2462 = VERTEX_POINT('',#2463);
#2463 = CARTESIAN_POINT('',(-7.705761207902,-32.6677,0.68727520436));
#2464 = LINE('',#2465,#2466);
#2465 = CARTESIAN_POINT('',(-7.705761207902,-32.6677,-1.256525885559));
#2466 = VECTOR('',#2467,1.);
#2467 = DIRECTION('',(0.,-2.2E-16,1.));
#2468 = ORIENTED_EDGE('',*,*,#2469,.F.);
#2469 = EDGE_CURVE('',#2470,#2460,#2472,.T.);
#2470 = VERTEX_POINT('',#2471);
#2471 = CARTESIAN_POINT('',(-8.283077284196,-32.6677,-1.666948228883));
#2472 = LINE('',#2473,#2474);
#2473 = CARTESIAN_POINT('',(-8.283077284196,-32.6677,-1.666948228883));
#2474 = VECTOR('',#2475,1.);
#2475 = DIRECTION('',(0.815031016286,-1.3E-16,0.579417330162));
#2476 = ORIENTED_EDGE('',*,*,#2477,.F.);
#2477 = EDGE_CURVE('',#2478,#2470,#2480,.T.);
#2478 = VERTEX_POINT('',#2479);
#2479 = CARTESIAN_POINT('',(-9.202695812807,-32.6677,-1.666948228883));
#2480 = LINE('',#2481,#2482);
#2481 = CARTESIAN_POINT('',(-9.202695812807,-32.6677,-1.666948228883));
#2482 = VECTOR('',#2483,1.);
#2483 = DIRECTION('',(1.,0.,0.));
#2484 = ORIENTED_EDGE('',*,*,#2485,.F.);
#2485 = EDGE_CURVE('',#2486,#2478,#2488,.T.);
#2486 = VERTEX_POINT('',#2487);
#2487 = CARTESIAN_POINT('',(-9.202695812807,-32.6677,0.68727520436));
#2488 = LINE('',#2489,#2490);
#2489 = CARTESIAN_POINT('',(-9.202695812807,-32.6677,0.68727520436));
#2490 = VECTOR('',#2491,1.);
#2491 = DIRECTION('',(0.,2.2E-16,-1.));
#2492 = ORIENTED_EDGE('',*,*,#2493,.F.);
#2493 = EDGE_CURVE('',#2462,#2486,#2494,.T.);
#2494 = LINE('',#2495,#2496);
#2495 = CARTESIAN_POINT('',(-7.705761207902,-32.6677,0.68727520436));
#2496 = VECTOR('',#2497,1.);
#2497 = DIRECTION('',(-1.,0.,0.));
#2498 = PLANE('',#2499);
#2499 = AXIS2_PLACEMENT_3D('',#2500,#2501,#2502);
#2500 = CARTESIAN_POINT('',(-8.47350597842,-32.6677,-2.311357412449));
#2501 = DIRECTION('',(0.,-1.,-2.2E-16));
#2502 = DIRECTION('',(1.,0.,0.));
#2503 = ADVANCED_FACE('',(#2504),#2529,.T.);
#2504 = FACE_BOUND('',#2505,.T.);
#2505 = EDGE_LOOP('',(#2506,#2516,#2522,#2523));
#2506 = ORIENTED_EDGE('',*,*,#2507,.F.);
#2507 = EDGE_CURVE('',#2508,#2510,#2512,.T.);
#2508 = VERTEX_POINT('',#2509);
#2509 = CARTESIAN_POINT('',(2.181159773025,-33.,-5.285476839237));
#2510 = VERTEX_POINT('',#2511);
#2511 = CARTESIAN_POINT('',(2.181159773025,-33.,0.665476839237));
#2512 = LINE('',#2513,#2514);
#2513 = CARTESIAN_POINT('',(2.181159773025,-33.,-3.767738419619));
#2514 = VECTOR('',#2515,1.);
#2515 = DIRECTION('',(0.,2.3E-16,1.));
#2516 = ORIENTED_EDGE('',*,*,#2517,.T.);
#2517 = EDGE_CURVE('',#2508,#2341,#2518,.T.);
#2518 = LINE('',#2519,#2520);
#2519 = CARTESIAN_POINT('',(2.181159773025,-33.0677,-5.285476839237));
#2520 = VECTOR('',#2521,1.);
#2521 = DIRECTION('',(0.,1.,0.));
#2522 = ORIENTED_EDGE('',*,*,#2340,.T.);
#2523 = ORIENTED_EDGE('',*,*,#2524,.F.);
#2524 = EDGE_CURVE('',#2510,#2343,#2525,.T.);
#2525 = LINE('',#2526,#2527);
#2526 = CARTESIAN_POINT('',(2.181159773025,-33.0677,0.665476839237));
#2527 = VECTOR('',#2528,1.);
#2528 = DIRECTION('',(0.,1.,0.));
#2529 = PLANE('',#2530);
#2530 = AXIS2_PLACEMENT_3D('',#2531,#2532,#2533);
#2531 = CARTESIAN_POINT('',(2.181159773025,-33.0677,-5.285476839237));
#2532 = DIRECTION('',(1.,0.,0.));
#2533 = DIRECTION('',(0.,-2.2E-16,1.));
#2534 = ADVANCED_FACE('',(#2535),#2553,.T.);
#2535 = FACE_BOUND('',#2536,.T.);
#2536 = EDGE_LOOP('',(#2537,#2545,#2551,#2552));
#2537 = ORIENTED_EDGE('',*,*,#2538,.F.);
#2538 = EDGE_CURVE('',#2539,#2508,#2541,.T.);
#2539 = VERTEX_POINT('',#2540);
#2540 = CARTESIAN_POINT('',(0.541173397003,-33.,-5.285476839237));
#2541 = LINE('',#2542,#2543);
#2542 = CARTESIAN_POINT('',(0.270586698501,-33.,-5.285476839237));
#2543 = VECTOR('',#2544,1.);
#2544 = DIRECTION('',(1.,0.,0.));
#2545 = ORIENTED_EDGE('',*,*,#2546,.T.);
#2546 = EDGE_CURVE('',#2539,#2351,#2547,.T.);
#2547 = LINE('',#2548,#2549);
#2548 = CARTESIAN_POINT('',(0.541173397003,-33.0677,-5.285476839237));
#2549 = VECTOR('',#2550,1.);
#2550 = DIRECTION('',(0.,1.,0.));
#2551 = ORIENTED_EDGE('',*,*,#2350,.T.);
#2552 = ORIENTED_EDGE('',*,*,#2517,.F.);
#2553 = PLANE('',#2554);
#2554 = AXIS2_PLACEMENT_3D('',#2555,#2556,#2557);
#2555 = CARTESIAN_POINT('',(0.541173397003,-33.0677,-5.285476839237));
#2556 = DIRECTION('',(0.,0.,-1.));
#2557 = DIRECTION('',(1.,0.,0.));
#2558 = ADVANCED_FACE('',(#2559),#2577,.T.);
#2559 = FACE_BOUND('',#2560,.T.);
#2560 = EDGE_LOOP('',(#2561,#2569,#2575,#2576));
#2561 = ORIENTED_EDGE('',*,*,#2562,.F.);
#2562 = EDGE_CURVE('',#2563,#2539,#2565,.T.);
#2563 = VERTEX_POINT('',#2564);
#2564 = CARTESIAN_POINT('',(0.541173397003,-33.,0.665476839237));
#2565 = LINE('',#2566,#2567);
#2566 = CARTESIAN_POINT('',(0.541173397003,-33.,-0.792261580381));
#2567 = VECTOR('',#2568,1.);
#2568 = DIRECTION('',(0.,-2.3E-16,-1.));
#2569 = ORIENTED_EDGE('',*,*,#2570,.T.);
#2570 = EDGE_CURVE('',#2563,#2359,#2571,.T.);
#2571 = LINE('',#2572,#2573);
#2572 = CARTESIAN_POINT('',(0.541173397003,-33.0677,0.665476839237));
#2573 = VECTOR('',#2574,1.);
#2574 = DIRECTION('',(0.,1.,0.));
#2575 = ORIENTED_EDGE('',*,*,#2358,.T.);
#2576 = ORIENTED_EDGE('',*,*,#2546,.F.);
#2577 = PLANE('',#2578);
#2578 = AXIS2_PLACEMENT_3D('',#2579,#2580,#2581);
#2579 = CARTESIAN_POINT('',(0.541173397003,-33.0677,0.665476839237));
#2580 = DIRECTION('',(-1.,0.,-0.));
#2581 = DIRECTION('',(0.,2.2E-16,-1.));
#2582 = ADVANCED_FACE('',(#2583),#2594,.T.);
#2583 = FACE_BOUND('',#2584,.T.);
#2584 = EDGE_LOOP('',(#2585,#2591,#2592,#2593));
#2585 = ORIENTED_EDGE('',*,*,#2586,.F.);
#2586 = EDGE_CURVE('',#2510,#2563,#2587,.T.);
#2587 = LINE('',#2588,#2589);
#2588 = CARTESIAN_POINT('',(1.090579886512,-33.,0.665476839237));
#2589 = VECTOR('',#2590,1.);
#2590 = DIRECTION('',(-1.,-0.,0.));
#2591 = ORIENTED_EDGE('',*,*,#2524,.T.);
#2592 = ORIENTED_EDGE('',*,*,#2366,.T.);
#2593 = ORIENTED_EDGE('',*,*,#2570,.F.);
#2594 = PLANE('',#2595);
#2595 = AXIS2_PLACEMENT_3D('',#2596,#2597,#2598);
#2596 = CARTESIAN_POINT('',(2.181159773025,-33.0677,0.665476839237));
#2597 = DIRECTION('',(0.,0.,1.));
#2598 = DIRECTION('',(-1.,-0.,0.));
#2599 = ADVANCED_FACE('',(#2600),#2625,.T.);
#2600 = FACE_BOUND('',#2601,.T.);
#2601 = EDGE_LOOP('',(#2602,#2612,#2618,#2619));
#2602 = ORIENTED_EDGE('',*,*,#2603,.F.);
#2603 = EDGE_CURVE('',#2604,#2606,#2608,.T.);
#2604 = VERTEX_POINT('',#2605);
#2605 = CARTESIAN_POINT('',(-7.675107256948,-33.,-5.30727520436));
#2606 = VERTEX_POINT('',#2607);
#2607 = CARTESIAN_POINT('',(-7.675107256948,-33.,-3.035136239782));
#2608 = LINE('',#2609,#2610);
#2609 = CARTESIAN_POINT('',(-7.675107256948,-33.,-3.77863760218));
#2610 = VECTOR('',#2611,1.);
#2611 = DIRECTION('',(0.,2.3E-16,1.));
#2612 = ORIENTED_EDGE('',*,*,#2613,.T.);
#2613 = EDGE_CURVE('',#2604,#2418,#2614,.T.);
#2614 = LINE('',#2615,#2616);
#2615 = CARTESIAN_POINT('',(-7.675107256948,-33.0677,-5.30727520436));
#2616 = VECTOR('',#2617,1.);
#2617 = DIRECTION('',(0.,1.,0.));
#2618 = ORIENTED_EDGE('',*,*,#2417,.T.);
#2619 = ORIENTED_EDGE('',*,*,#2620,.F.);
#2620 = EDGE_CURVE('',#2606,#2420,#2621,.T.);
#2621 = LINE('',#2622,#2623);
#2622 = CARTESIAN_POINT('',(-7.675107256948,-33.0677,-3.035136239782));
#2623 = VECTOR('',#2624,1.);
#2624 = DIRECTION('',(0.,1.,0.));
#2625 = PLANE('',#2626);
#2626 = AXIS2_PLACEMENT_3D('',#2627,#2628,#2629);
#2627 = CARTESIAN_POINT('',(-7.675107256948,-33.0677,-5.30727520436));
#2628 = DIRECTION('',(1.,0.,0.));
#2629 = DIRECTION('',(0.,-2.2E-16,1.));
#2630 = ADVANCED_FACE('',(#2631),#2649,.T.);
#2631 = FACE_BOUND('',#2632,.T.);
#2632 = EDGE_LOOP('',(#2633,#2641,#2647,#2648));
#2633 = ORIENTED_EDGE('',*,*,#2634,.F.);
#2634 = EDGE_CURVE('',#2635,#2604,#2637,.T.);
#2635 = VERTEX_POINT('',#2636);
#2636 = CARTESIAN_POINT('',(-9.202695812807,-33.,-5.30727520436));
#2637 = LINE('',#2638,#2639);
#2638 = CARTESIAN_POINT('',(-4.601347906403,-33.,-5.30727520436));
#2639 = VECTOR('',#2640,1.);
#2640 = DIRECTION('',(1.,0.,0.));
#2641 = ORIENTED_EDGE('',*,*,#2642,.T.);
#2642 = EDGE_CURVE('',#2635,#2428,#2643,.T.);
#2643 = LINE('',#2644,#2645);
#2644 = CARTESIAN_POINT('',(-9.202695812807,-33.0677,-5.30727520436));
#2645 = VECTOR('',#2646,1.);
#2646 = DIRECTION('',(0.,1.,0.));
#2647 = ORIENTED_EDGE('',*,*,#2427,.T.);
#2648 = ORIENTED_EDGE('',*,*,#2613,.F.);
#2649 = PLANE('',#2650);
#2650 = AXIS2_PLACEMENT_3D('',#2651,#2652,#2653);
#2651 = CARTESIAN_POINT('',(-9.202695812807,-33.0677,-5.30727520436));
#2652 = DIRECTION('',(0.,0.,-1.));
#2653 = DIRECTION('',(1.,0.,0.));
#2654 = ADVANCED_FACE('',(#2655),#2673,.T.);
#2655 = FACE_BOUND('',#2656,.T.);
#2656 = EDGE_LOOP('',(#2657,#2665,#2671,#2672));
#2657 = ORIENTED_EDGE('',*,*,#2658,.F.);
#2658 = EDGE_CURVE('',#2659,#2635,#2661,.T.);
#2659 = VERTEX_POINT('',#2660);
#2660 = CARTESIAN_POINT('',(-9.202695812807,-33.,-2.647874659401));
#2661 = LINE('',#2662,#2663);
#2662 = CARTESIAN_POINT('',(-9.202695812807,-33.,-2.4489373297));
#2663 = VECTOR('',#2664,1.);
#2664 = DIRECTION('',(0.,-2.3E-16,-1.));
#2665 = ORIENTED_EDGE('',*,*,#2666,.T.);
#2666 = EDGE_CURVE('',#2659,#2436,#2667,.T.);
#2667 = LINE('',#2668,#2669);
#2668 = CARTESIAN_POINT('',(-9.202695812807,-33.0677,-2.647874659401));
#2669 = VECTOR('',#2670,1.);
#2670 = DIRECTION('',(0.,1.,0.));
#2671 = ORIENTED_EDGE('',*,*,#2435,.T.);
#2672 = ORIENTED_EDGE('',*,*,#2642,.F.);
#2673 = PLANE('',#2674);
#2674 = AXIS2_PLACEMENT_3D('',#2675,#2676,#2677);
#2675 = CARTESIAN_POINT('',(-9.202695812807,-33.0677,-2.647874659401));
#2676 = DIRECTION('',(-1.,0.,-0.));
#2677 = DIRECTION('',(0.,2.2E-16,-1.));
#2678 = ADVANCED_FACE('',(#2679),#2697,.T.);
#2679 = FACE_BOUND('',#2680,.T.);
#2680 = EDGE_LOOP('',(#2681,#2689,#2695,#2696));
#2681 = ORIENTED_EDGE('',*,*,#2682,.F.);
#2682 = EDGE_CURVE('',#2683,#2659,#2685,.T.);
#2683 = VERTEX_POINT('',#2684);
#2684 = CARTESIAN_POINT('',(-8.262641316894,-33.,-2.647874659401));
#2685 = LINE('',#2686,#2687);
#2686 = CARTESIAN_POINT('',(-4.131320658447,-33.,-2.647874659401));
#2687 = VECTOR('',#2688,1.);
#2688 = DIRECTION('',(-1.,-0.,0.));
#2689 = ORIENTED_EDGE('',*,*,#2690,.T.);
#2690 = EDGE_CURVE('',#2683,#2444,#2691,.T.);
#2691 = LINE('',#2692,#2693);
#2692 = CARTESIAN_POINT('',(-8.262641316894,-33.0677,-2.647874659401));
#2693 = VECTOR('',#2694,1.);
#2694 = DIRECTION('',(0.,1.,0.));
#2695 = ORIENTED_EDGE('',*,*,#2443,.T.);
#2696 = ORIENTED_EDGE('',*,*,#2666,.F.);
#2697 = PLANE('',#2698);
#2698 = AXIS2_PLACEMENT_3D('',#2699,#2700,#2701);
#2699 = CARTESIAN_POINT('',(-8.262641316894,-33.0677,-2.647874659401));
#2700 = DIRECTION('',(0.,0.,1.));
#2701 = DIRECTION('',(-1.,-0.,0.));
#2702 = ADVANCED_FACE('',(#2703),#2714,.T.);
#2703 = FACE_BOUND('',#2704,.T.);
#2704 = EDGE_LOOP('',(#2705,#2711,#2712,#2713));
#2705 = ORIENTED_EDGE('',*,*,#2706,.F.);
#2706 = EDGE_CURVE('',#2606,#2683,#2707,.T.);
#2707 = LINE('',#2708,#2709);
#2708 = CARTESIAN_POINT('',(-5.180218816944,-33.,-4.679593141976));
#2709 = VECTOR('',#2710,1.);
#2710 = DIRECTION('',(-0.834943040392,1.3E-16,0.550336369233));
#2711 = ORIENTED_EDGE('',*,*,#2620,.T.);
#2712 = ORIENTED_EDGE('',*,*,#2451,.T.);
#2713 = ORIENTED_EDGE('',*,*,#2690,.F.);
#2714 = PLANE('',#2715);
#2715 = AXIS2_PLACEMENT_3D('',#2716,#2717,#2718);
#2716 = CARTESIAN_POINT('',(-7.675107256948,-33.0677,-3.035136239782));
#2717 = DIRECTION('',(0.550336369233,0.,0.834943040392));
#2718 = DIRECTION('',(-0.834943040392,-1.2E-16,0.550336369233));
#2719 = ADVANCED_FACE('',(#2720),#2745,.T.);
#2720 = FACE_BOUND('',#2721,.T.);
#2721 = EDGE_LOOP('',(#2722,#2732,#2738,#2739));
#2722 = ORIENTED_EDGE('',*,*,#2723,.F.);
#2723 = EDGE_CURVE('',#2724,#2726,#2728,.T.);
#2724 = VERTEX_POINT('',#2725);
#2725 = CARTESIAN_POINT('',(-7.705761207902,-33.,-1.256525885559));
#2726 = VERTEX_POINT('',#2727);
#2727 = CARTESIAN_POINT('',(-7.705761207902,-33.,0.68727520436));
#2728 = LINE('',#2729,#2730);
#2729 = CARTESIAN_POINT('',(-7.705761207902,-33.,-1.753262942779));
#2730 = VECTOR('',#2731,1.);
#2731 = DIRECTION('',(0.,2.3E-16,1.));
#2732 = ORIENTED_EDGE('',*,*,#2733,.T.);
#2733 = EDGE_CURVE('',#2724,#2460,#2734,.T.);
#2734 = LINE('',#2735,#2736);
#2735 = CARTESIAN_POINT('',(-7.705761207902,-33.0677,-1.256525885559));
#2736 = VECTOR('',#2737,1.);
#2737 = DIRECTION('',(0.,1.,0.));
#2738 = ORIENTED_EDGE('',*,*,#2459,.T.);
#2739 = ORIENTED_EDGE('',*,*,#2740,.F.);
#2740 = EDGE_CURVE('',#2726,#2462,#2741,.T.);
#2741 = LINE('',#2742,#2743);
#2742 = CARTESIAN_POINT('',(-7.705761207902,-33.0677,0.68727520436));
#2743 = VECTOR('',#2744,1.);
#2744 = DIRECTION('',(0.,1.,0.));
#2745 = PLANE('',#2746);
#2746 = AXIS2_PLACEMENT_3D('',#2747,#2748,#2749);
#2747 = CARTESIAN_POINT('',(-7.705761207902,-33.0677,-1.256525885559));
#2748 = DIRECTION('',(1.,0.,0.));
#2749 = DIRECTION('',(0.,-2.2E-16,1.));
#2750 = ADVANCED_FACE('',(#2751),#2769,.T.);
#2751 = FACE_BOUND('',#2752,.T.);
#2752 = EDGE_LOOP('',(#2753,#2761,#2767,#2768));
#2753 = ORIENTED_EDGE('',*,*,#2754,.F.);
#2754 = EDGE_CURVE('',#2755,#2724,#2757,.T.);
#2755 = VERTEX_POINT('',#2756);
#2756 = CARTESIAN_POINT('',(-8.283077284196,-33.,-1.666948228883));
#2757 = LINE('',#2758,#2759);
#2758 = CARTESIAN_POINT('',(-5.669625480377,-33.,0.190992434009));
#2759 = VECTOR('',#2760,1.);
#2760 = DIRECTION('',(0.815031016286,1.3E-16,0.579417330162));
#2761 = ORIENTED_EDGE('',*,*,#2762,.T.);
#2762 = EDGE_CURVE('',#2755,#2470,#2763,.T.);
#2763 = LINE('',#2764,#2765);
#2764 = CARTESIAN_POINT('',(-8.283077284196,-33.0677,-1.666948228883));
#2765 = VECTOR('',#2766,1.);
#2766 = DIRECTION('',(0.,1.,0.));
#2767 = ORIENTED_EDGE('',*,*,#2469,.T.);
#2768 = ORIENTED_EDGE('',*,*,#2733,.F.);
#2769 = PLANE('',#2770);
#2770 = AXIS2_PLACEMENT_3D('',#2771,#2772,#2773);
#2771 = CARTESIAN_POINT('',(-8.283077284196,-33.0677,-1.666948228883));
#2772 = DIRECTION('',(0.579417330162,0.,-0.815031016286));
#2773 = DIRECTION('',(0.815031016286,-1.3E-16,0.579417330162));
#2774 = ADVANCED_FACE('',(#2775),#2793,.T.);
#2775 = FACE_BOUND('',#2776,.T.);
#2776 = EDGE_LOOP('',(#2777,#2785,#2791,#2792));
#2777 = ORIENTED_EDGE('',*,*,#2778,.F.);
#2778 = EDGE_CURVE('',#2779,#2755,#2781,.T.);
#2779 = VERTEX_POINT('',#2780);
#2780 = CARTESIAN_POINT('',(-9.202695812807,-33.,-1.666948228883));
#2781 = LINE('',#2782,#2783);
#2782 = CARTESIAN_POINT('',(-4.601347906403,-33.,-1.666948228883));
#2783 = VECTOR('',#2784,1.);
#2784 = DIRECTION('',(1.,0.,0.));
#2785 = ORIENTED_EDGE('',*,*,#2786,.T.);
#2786 = EDGE_CURVE('',#2779,#2478,#2787,.T.);
#2787 = LINE('',#2788,#2789);
#2788 = CARTESIAN_POINT('',(-9.202695812807,-33.0677,-1.666948228883));
#2789 = VECTOR('',#2790,1.);
#2790 = DIRECTION('',(0.,1.,0.));
#2791 = ORIENTED_EDGE('',*,*,#2477,.T.);
#2792 = ORIENTED_EDGE('',*,*,#2762,.F.);
#2793 = PLANE('',#2794);
#2794 = AXIS2_PLACEMENT_3D('',#2795,#2796,#2797);
#2795 = CARTESIAN_POINT('',(-9.202695812807,-33.0677,-1.666948228883));
#2796 = DIRECTION('',(0.,0.,-1.));
#2797 = DIRECTION('',(1.,0.,0.));
#2798 = ADVANCED_FACE('',(#2799),#2817,.T.);
#2799 = FACE_BOUND('',#2800,.T.);
#2800 = EDGE_LOOP('',(#2801,#2809,#2815,#2816));
#2801 = ORIENTED_EDGE('',*,*,#2802,.F.);
#2802 = EDGE_CURVE('',#2803,#2779,#2805,.T.);
#2803 = VERTEX_POINT('',#2804);
#2804 = CARTESIAN_POINT('',(-9.202695812807,-33.,0.68727520436));
#2805 = LINE('',#2806,#2807);
#2806 = CARTESIAN_POINT('',(-9.202695812807,-33.,-0.78136239782));
#2807 = VECTOR('',#2808,1.);
#2808 = DIRECTION('',(0.,-2.3E-16,-1.));
#2809 = ORIENTED_EDGE('',*,*,#2810,.T.);
#2810 = EDGE_CURVE('',#2803,#2486,#2811,.T.);
#2811 = LINE('',#2812,#2813);
#2812 = CARTESIAN_POINT('',(-9.202695812807,-33.0677,0.68727520436));
#2813 = VECTOR('',#2814,1.);
#2814 = DIRECTION('',(0.,1.,0.));
#2815 = ORIENTED_EDGE('',*,*,#2485,.T.);
#2816 = ORIENTED_EDGE('',*,*,#2786,.F.);
#2817 = PLANE('',#2818);
#2818 = AXIS2_PLACEMENT_3D('',#2819,#2820,#2821);
#2819 = CARTESIAN_POINT('',(-9.202695812807,-33.0677,0.68727520436));
#2820 = DIRECTION('',(-1.,0.,-0.));
#2821 = DIRECTION('',(0.,2.2E-16,-1.));
#2822 = ADVANCED_FACE('',(#2823),#2834,.T.);
#2823 = FACE_BOUND('',#2824,.T.);
#2824 = EDGE_LOOP('',(#2825,#2831,#2832,#2833));
#2825 = ORIENTED_EDGE('',*,*,#2826,.F.);
#2826 = EDGE_CURVE('',#2726,#2803,#2827,.T.);
#2827 = LINE('',#2828,#2829);
#2828 = CARTESIAN_POINT('',(-3.852880603951,-33.,0.68727520436));
#2829 = VECTOR('',#2830,1.);
#2830 = DIRECTION('',(-1.,-0.,0.));
#2831 = ORIENTED_EDGE('',*,*,#2740,.T.);
#2832 = ORIENTED_EDGE('',*,*,#2493,.T.);
#2833 = ORIENTED_EDGE('',*,*,#2810,.F.);
#2834 = PLANE('',#2835);
#2835 = AXIS2_PLACEMENT_3D('',#2836,#2837,#2838);
#2836 = CARTESIAN_POINT('',(-7.705761207902,-33.0677,0.68727520436));
#2837 = DIRECTION('',(0.,0.,1.));
#2838 = DIRECTION('',(-1.,-0.,0.));
#2839 = ADVANCED_FACE('',(#2840),#2846,.T.);
#2840 = FACE_BOUND('',#2841,.T.);
#2841 = EDGE_LOOP('',(#2842,#2843,#2844,#2845));
#2842 = ORIENTED_EDGE('',*,*,#2538,.T.);
#2843 = ORIENTED_EDGE('',*,*,#2507,.T.);
#2844 = ORIENTED_EDGE('',*,*,#2586,.T.);
#2845 = ORIENTED_EDGE('',*,*,#2562,.T.);
#2846 = PLANE('',#2847);
#2847 = AXIS2_PLACEMENT_3D('',#2848,#2849,#2850);
#2848 = CARTESIAN_POINT('',(4.E-17,-33.,-2.25));
#2849 = DIRECTION('',(0.,-1.,2.3E-16));
#2850 = DIRECTION('',(0.,2.3E-16,1.));
#2851 = ADVANCED_FACE('',(#2852),#2859,.T.);
#2852 = FACE_BOUND('',#2853,.T.);
#2853 = EDGE_LOOP('',(#2854,#2855,#2856,#2857,#2858));
#2854 = ORIENTED_EDGE('',*,*,#2634,.T.);
#2855 = ORIENTED_EDGE('',*,*,#2603,.T.);
#2856 = ORIENTED_EDGE('',*,*,#2706,.T.);
#2857 = ORIENTED_EDGE('',*,*,#2682,.T.);
#2858 = ORIENTED_EDGE('',*,*,#2658,.T.);
#2859 = PLANE('',#2860);
#2860 = AXIS2_PLACEMENT_3D('',#2861,#2862,#2863);
#2861 = CARTESIAN_POINT('',(4.E-17,-33.,-2.25));
#2862 = DIRECTION('',(0.,-1.,2.3E-16));
#2863 = DIRECTION('',(0.,2.3E-16,1.));
#2864 = ADVANCED_FACE('',(#2865),#2872,.T.);
#2865 = FACE_BOUND('',#2866,.T.);
#2866 = EDGE_LOOP('',(#2867,#2868,#2869,#2870,#2871));
#2867 = ORIENTED_EDGE('',*,*,#2754,.T.);
#2868 = ORIENTED_EDGE('',*,*,#2723,.T.);
#2869 = ORIENTED_EDGE('',*,*,#2826,.T.);
#2870 = ORIENTED_EDGE('',*,*,#2802,.T.);
#2871 = ORIENTED_EDGE('',*,*,#2778,.T.);
#2872 = PLANE('',#2873);
#2873 = AXIS2_PLACEMENT_3D('',#2874,#2875,#2876);
#2874 = CARTESIAN_POINT('',(4.E-17,-33.,-2.25));
#2875 = DIRECTION('',(0.,-1.,2.3E-16));
#2876 = DIRECTION('',(0.,2.3E-16,1.));
#2877 = ( GEOMETRIC_REPRESENTATION_CONTEXT(3) 
GLOBAL_UNCERTAINTY_ASSIGNED_CONTEXT((#2881)) 
GLOBAL_UNIT_ASSIGNED_CONTEXT((#2878,#2879,#2880)) REPRESENTATION_CONTEXT
('Context #1','3D Context with UNIT and UNCERTAINTY') );
#2878 = ( LENGTH_UNIT() NAMED_UNIT(*) SI_UNIT(.MILLI.,.METRE.) );
#2879 = ( NAMED_UNIT(*) PLANE_ANGLE_UNIT() SI_UNIT($,.RADIAN.) );
#2880 = ( NAMED_UNIT(*) SI_UNIT($,.STERADIAN.) SOLID_ANGLE_UNIT() );
#2881 = UNCERTAINTY_MEASURE_WITH_UNIT(LENGTH_MEASURE(1.E-05),#2878,
  'distance_accuracy_value','confusion accuracy');
#2882 = PRODUCT_RELATED_PRODUCT_CATEGORY('part',$,(#7));
#2883 = MECHANICAL_DESIGN_GEOMETRIC_PRESENTATION_REPRESENTATION('',(
    #2884),#2877);
#2884 = STYLED_ITEM('color',(#2885),#15);
#2885 = PRESENTATION_STYLE_ASSIGNMENT((#2886,#2892));
#2886 = SURFACE_STYLE_USAGE(.BOTH.,#2887);
#2887 = SURFACE_SIDE_STYLE('',(#2888));
#2888 = SURFACE_STYLE_FILL_AREA(#2889);
#2889 = FILL_AREA_STYLE('',(#2890));
#2890 = FILL_AREA_STYLE_COLOUR('',#2891);
#2891 = COLOUR_RGB('',0.447058818107,0.474509808674,0.501960817233);
#2892 = CURVE_STYLE('',#2893,POSITIVE_LENGTH_MEASURE(0.1),#2894);
#2893 = DRAUGHTING_PRE_DEFINED_CURVE_FONT('continuous');
#2894 = COLOUR_RGB('',9.803921802644E-02,9.803921802644E-02,
  9.803921802644E-02);
ENDSEC;
END-ISO-10303-21;
